zyxesxzbyyh	子曰：学而时习之，不亦说乎？	论语·学而 1.1	1
xesxzbyyh	学而时习之，不亦说乎？	论语·学而 1.1	2
byyh	不亦说乎？	论语·学而 1.1	2
ypzyflbylh	有朋自远方来，不亦乐乎？	论语·学而 1.1	1
bylh	不亦乐乎？	论语·学而 1.1	2
rbzebybyjzh	人不知而不愠，不亦君子乎？	论语·学而 1.1	1
byjzh	不亦君子乎？	论语·学而 1.1	2
yzyqwryxdehfszxybhfsehzlzwzyy	有子曰：其为人也孝弟，而好犯上者，鲜矣；不好犯上而好作乱者，未之有也。	论语·学而 1.2	1
qwryxdehfszxybhfsehzlzwzyy	其为人也孝弟，而好犯上者，鲜矣；不好犯上而好作乱者，未之有也。	论语·学而 1.2	2
ehfszxybhfsehzlzwzyy	而好犯上者，鲜矣；不好犯上而好作乱者，未之有也。	论语·学而 1.2	2
xybhfsehzlzwzyy	鲜矣；不好犯上而好作乱者，未之有也。	论语·学而 1.2	2
bhfsehzlzwzyy	不好犯上而好作乱者，未之有也。	论语·学而 1.2	2
wzyy	未之有也。	论语·学而 1.2	2
jzwbbleds	君子务本，本立而道生。	论语·学而 1.2	1
bleds	本立而道生。	论语·学而 1.2	2
xdyzqwrzby	孝弟也者，其为仁之本与！	论语·学而 1.2	1
qwrzby	其为仁之本与！	论语·学而 1.2	2
zyqylsxyr	子曰：“巧言令色，鲜矣仁！”	论语·学而 1.3	1
qylsxyr	“巧言令色，鲜矣仁！”	论语·学而 1.3	2
xyr	鲜矣仁！	论语·学而 1.3	2
czywrsxwswrmebzh	曾子曰：吾日三省吾身：为人谋而不忠乎？	论语·学而 1.4	1
wrsxwswrmebzh	吾日三省吾身：为人谋而不忠乎？	论语·学而 1.4	2
wrmebzh	为人谋而不忠乎？	论语·学而 1.4	2
ypyjebxh	与朋友交而不信乎？	论语·学而 1.4	1
cbxh	传不习乎？	论语·学而 1.4	1
zydqszgjsexjyearsmys	子曰：“道千乘之国，敬事而信，节用而爱人，使民以时。”	论语·学而 1.5	1
dqszgjsexjyearsmys	“道千乘之国，敬事而信，节用而爱人，使民以时。”	论语·学而 1.5	2
jsexjyearsmys	敬事而信，节用而爱人，使民以时。	论语·学而 1.5	2
jyearsmys	节用而爱人，使民以时。	论语·学而 1.5	2
smys	使民以时。	论语·学而 1.5	2
zydzrzxczdjexfazeqrxyylzyxw	子曰：“弟子入则孝，出则弟，谨而信，泛爱众，而亲仁，行有余力，则以学文。”	论语·学而 1.6	1
dzrzxczdjexfazeqrxyylzyxw	“弟子入则孝，出则弟，谨而信，泛爱众，而亲仁，行有余力，则以学文。”	论语·学而 1.6	2
czdjexfazeqrxyylzyxw	出则弟，谨而信，泛爱众，而亲仁，行有余力，则以学文。	论语·学而 1.6	2
jexfazeqrxyylzyxw	谨而信，泛爱众，而亲仁，行有余力，则以学文。	论语·学而 1.6	2
fazeqrxyylzyxw	泛爱众，而亲仁，行有余力，则以学文。	论语·学而 1.6	2
eqrxyylzyxw	而亲仁，行有余力，则以学文。	论语·学而 1.6	2
xyylzyxw	行有余力，则以学文。	论语·学而 1.6	2
zyxw	则以学文。	论语·学而 1.6	2
zxyxxyssfmnjqlsjnzqsypyjyeyx	子夏曰：贤贤易色；事父母，能竭其力；事君，能致其身；与朋友交，言而有信。	论语·学而 1.7	1
xxyssfmnjqlsjnzqsypyjyeyx	贤贤易色；事父母，能竭其力；事君，能致其身；与朋友交，言而有信。	论语·学而 1.7	2
sfmnjqlsjnzqsypyjyeyx	事父母，能竭其力；事君，能致其身；与朋友交，言而有信。	论语·学而 1.7	2
njqlsjnzqsypyjyeyx	能竭其力；事君，能致其身；与朋友交，言而有信。	论语·学而 1.7	2
sjnzqsypyjyeyx	事君，能致其身；与朋友交，言而有信。	论语·学而 1.7	2
nzqsypyjyeyx	能致其身；与朋友交，言而有信。	论语·学而 1.7	2
ypyjyeyx	与朋友交，言而有信。	论语·学而 1.7	2
yeyx	言而有信。	论语·学而 1.7	2
sywxwbwzxy	虽曰未学，吾必谓之学矣。	论语·学而 1.7	1
wbwzxy	吾必谓之学矣。	论语·学而 1.7	2
zyjzbzzbwxzbg	子曰：君子不重则不威，学则不固。	论语·学而 1.8	1
jzbzzbwxzbg	君子不重则不威，学则不固。	论语·学而 1.8	2
xzbg	学则不固。	论语·学而 1.8	2
zzxwybrjzgzwdg	主忠信，无友不如己者，过，则勿惮改。	论语·学而 1.8	1
wybrjzgzwdg	无友不如己者，过，则勿惮改。	论语·学而 1.8	2
gzwdg	过，则勿惮改。	论语·学而 1.8	2
zwdg	则勿惮改。	论语·学而 1.8	2
czyszzymdghy	曾子曰：“慎终追远，民德归厚矣。”	论语·学而 1.9	1
szzymdghy	“慎终追远，民德归厚矣。”	论语·学而 1.9	2
mdghy	民德归厚矣。	论语·学而 1.9	2
zqwyzgyfzzysbybwqzqzyyyzy	子禽问于子贡曰：“夫子至于是邦也，必闻其政，求之与，抑与之与？”	论语·学而 1.10	1
fzzysbybwqzqzyyyzy	“夫子至于是邦也，必闻其政，求之与，抑与之与？”	论语·学而 1.10	2
bwqzqzyyyzy	必闻其政，求之与，抑与之与？	论语·学而 1.10	2
qzyyyzy	求之与，抑与之与？	论语·学而 1.10	2
yyzy	抑与之与？	论语·学而 1.10	2
zgyfzwlgjrydz	子贡曰：夫子温、良、恭、俭、让以得之。	论语·学而 1.10	1
fzwlgjrydz	夫子温、良、恭、俭、让以得之。	论语·学而 1.10	2
lgjrydz	良、恭、俭、让以得之。	论语·学而 1.10	2
gjrydz	恭、俭、让以得之。	论语·学而 1.10	2
jrydz	俭、让以得之。	论语·学而 1.10	2
rydz	让以得之。	论语·学而 1.10	2
fzzqzyqzyhrzqzy	夫子之求之也，其诸异乎人之求之与？	论语·学而 1.10	1
qzyhrzqzy	其诸异乎人之求之与？	论语·学而 1.10	2
zyfzgqzfmgqxsnwgyfzdkwxy	子曰：“父在，观其志；父没，观其行；三年无改于父之道，可谓孝矣。”	论语·学而 1.11	1
fzgqzfmgqxsnwgyfzdkwxy	“父在，观其志；父没，观其行；三年无改于父之道，可谓孝矣。”	论语·学而 1.11	2
gqzfmgqxsnwgyfzdkwxy	观其志；父没，观其行；三年无改于父之道，可谓孝矣。	论语·学而 1.11	2
fmgqxsnwgyfzdkwxy	父没，观其行；三年无改于父之道，可谓孝矣。	论语·学而 1.11	2
gqxsnwgyfzdkwxy	观其行；三年无改于父之道，可谓孝矣。	论语·学而 1.11	2
snwgyfzdkwxy	三年无改于父之道，可谓孝矣。	论语·学而 1.11	2
kwxy	可谓孝矣。	论语·学而 1.11	2
yzylzyhwg	有子曰：礼之用，和为贵。	论语·学而 1.12	1
lzyhwg	礼之用，和为贵。	论语·学而 1.12	2
hwg	和为贵。	论语·学而 1.12	2
xwzdswmxdyz	先王之道，斯为美，小大由之。	论语·学而 1.12	1
swmxdyz	斯为美，小大由之。	论语·学而 1.12	2
xdyz	小大由之。	论语·学而 1.12	2
ysbxzhehbyljzybkxy	有所不行，知和而和，不以礼节之，亦不可行也。	论语·学而 1.12	1
zhehbyljzybkxy	知和而和，不以礼节之，亦不可行也。	论语·学而 1.12	2
byljzybkxy	不以礼节之，亦不可行也。	论语·学而 1.12	2
ybkxy	亦不可行也。	论语·学而 1.12	2
yzyxjyyykfy	有子曰：信近于义，言可复也。	论语·学而 1.13	1
xjyyykfy	信近于义，言可复也。	论语·学而 1.13	2
ykfy	言可复也。	论语·学而 1.13	2
gjylycry	恭近于礼，远耻辱也。	论语·学而 1.13	1
ycry	远耻辱也。	论语·学而 1.13	2
ybsqqykzy	因不失其亲，亦可宗也。	论语·学而 1.13	1
ykzy	亦可宗也。	论语·学而 1.13	2
zyjzswqbjwqamysesyyjydezy	子曰：君子食无求饱，居无求安，敏于事而慎于言，就有道而正焉。	论语·学而 1.14	1
jzswqbjwqamysesyyjydezy	君子食无求饱，居无求安，敏于事而慎于言，就有道而正焉。	论语·学而 1.14	2
jwqamysesyyjydezy	居无求安，敏于事而慎于言，就有道而正焉。	论语·学而 1.14	2
mysesyyjydezy	敏于事而慎于言，就有道而正焉。	论语·学而 1.14	2
jydezy	就有道而正焉。	论语·学而 1.14	2
kwhxyy	可谓好学也已。	论语·学而 1.14	1
zgypewcfewjhr	子贡曰：“贫而无谄，富而无骄，何如？”	论语·学而 1.15	1
pewcfewjhr	“贫而无谄，富而无骄，何如？”	论语·学而 1.15	2
fewjhr	富而无骄，何如？	论语·学而 1.15	2
hr	何如？	论语·学而 1.15	2
zyky	子曰：可也。	论语·学而 1.15	1
ky	可也。	论语·学而 1.15	2
wrpelfehlzy	未若贫而乐，富而好礼者也。	论语·学而 1.15	1
fehlzy	富而好礼者也。	论语·学而 1.15	2
zgysyrqrcrzrmqszwy	子贡曰：“《诗》云：‘如切如磋，如琢如磨’，其斯之谓与？”	论语·学而 1.15	1
syrqrcrzrmqszwy	“《诗》云：‘如切如磋，如琢如磨’，其斯之谓与？”	论语·学而 1.15	2
rqrcrzrmqszwy	‘如切如磋，如琢如磨’，其斯之谓与？	论语·学而 1.15	2
rzrmqszwy	如琢如磨，其斯之谓与？	论语·学而 1.15	2
qszwy	其斯之谓与？	论语·学而 1.15	2
zycyskyysyygzwezlz	子曰：“赐也，始可与言《诗》已矣，告诸往而知来者。”	论语·学而 1.15	1
cyskyysyygzwezlz	“赐也，始可与言《诗》已矣，告诸往而知来者。”	论语·学而 1.15	2
skyysyygzwezlz	始可与言《诗》已矣，告诸往而知来者。	论语·学而 1.15	2
gzwezlz	告诸往而知来者。	论语·学而 1.15	2
zybhrzbjzhbzry	子曰：“不患人之不己知，患不知人也。”	论语·学而 1.16	1
bhrzbjzhbzry	“不患人之不己知，患不知人也。”	论语·学而 1.16	2
hbzry	患不知人也。	论语·学而 1.16	2
zywzydprbcjqsezxgz	子曰：“为政以德，譬如北辰，居其所而众星共之。”	论语·为政 2.1	1
wzydprbcjqsezxgz	“为政以德，譬如北辰，居其所而众星共之。”	论语·为政 2.1	2
prbcjqsezxgz	譬如北辰，居其所而众星共之。	论语·为政 2.1	2
jqsezxgz	居其所而众星共之。	论语·为政 2.1	2
zyssbyyybzyswx	子曰：“《诗》三百，一言以蔽之，曰：‘思无邪’。”	论语·为政 2.2	1
ssbyyybzyswx	“《诗》三百，一言以蔽之，曰：‘思无邪’。”	论语·为政 2.2	2
yyybzyswx	一言以蔽之，曰：‘思无邪’。	论语·为政 2.2	2
yswx	曰：‘思无邪’。	论语·为政 2.2	2
swx	‘思无邪’。	论语·为政 2.2	2
zydzyzqzyxmmewc	子曰：道之以政，齐之以刑，民免而无耻。	论语·为政 2.3	1
dzyzqzyxmmewc	道之以政，齐之以刑，民免而无耻。	论语·为政 2.3	2
qzyxmmewc	齐之以刑，民免而无耻。	论语·为政 2.3	2
mmewc	民免而无耻。	论语·为政 2.3	2
dzydqzylycqg	道之以德，齐之以礼，有耻且格。	论语·为政 2.3	1
qzylycqg	齐之以礼，有耻且格。	论语·为政 2.3	2
ycqg	有耻且格。	论语·为政 2.3	2
zywsywezyxsselssebhwseztmlseesqsecxsybyj	子曰：“吾十有五而志于学，三十而立，四十而不惑，五十而知天命，六十而耳顺，七十而从心所欲，不逾矩。”	论语·为政 2.4	1
wsywezyxsselssebhwseztmlseesqsecxsybyj	“吾十有五而志于学，三十而立，四十而不惑，五十而知天命，六十而耳顺，七十而从心所欲，不逾矩。”	论语·为政 2.4	2
sselssebhwseztmlseesqsecxsybyj	三十而立，四十而不惑，五十而知天命，六十而耳顺，七十而从心所欲，不逾矩。	论语·为政 2.4	2
ssebhwseztmlseesqsecxsybyj	四十而不惑，五十而知天命，六十而耳顺，七十而从心所欲，不逾矩。	论语·为政 2.4	2
wseztmlseesqsecxsybyj	五十而知天命，六十而耳顺，七十而从心所欲，不逾矩。	论语·为政 2.4	2
lseesqsecxsybyj	六十而耳顺，七十而从心所欲，不逾矩。	论语·为政 2.4	2
qsecxsybyj	七十而从心所欲，不逾矩。	论语·为政 2.4	2
byj	不逾矩。	论语·为政 2.4	2
myzwxzyww	孟懿子问孝，子曰：“无违。”	论语·为政 2.5	1
zyww	子曰：“无违。”	论语·为政 2.5	2
ww	“无违。”	论语·为政 2.5	2
fcyzgzymswxywwdyww	樊迟御，子告之曰：“孟孙问孝于我，我对曰‘无违’。”	论语·为政 2.5	1
zgzymswxywwdyww	子告之曰：“孟孙问孝于我，我对曰‘无违’。”	论语·为政 2.5	2
mswxywwdyww	“孟孙问孝于我，我对曰‘无违’。”	论语·为政 2.5	2
wdyww	我对曰‘无违’。	论语·为政 2.5	2
fcyhwy	樊迟曰：“何谓也？”	论语·为政 2.5	1
hwy	“何谓也？”	论语·为政 2.5	2
zysszylszzyljzyl	子曰：“生，事之以礼；死，葬之以礼，祭之以礼。”	论语·为政 2.5	1
sszylszzyljzyl	“生，事之以礼；死，葬之以礼，祭之以礼。”	论语·为政 2.5	2
szylszzyljzyl	事之以礼；死，葬之以礼，祭之以礼。	论语·为政 2.5	2
szzyljzyl	死，葬之以礼，祭之以礼。	论语·为政 2.5	2
zzyljzyl	葬之以礼，祭之以礼。	论语·为政 2.5	2
jzyl	祭之以礼。	论语·为政 2.5	2
mwbwx	孟武伯问孝。	论语·为政 2.6	1
zyfmwqjzy	子曰：“父母唯其疾之忧。”	论语·为政 2.6	1
fmwqjzy	“父母唯其疾之忧。”	论语·为政 2.6	2
zywx	子游问孝。	论语·为政 2.7	1
zyjzxzswny	子曰：今之孝者，是谓能养。	论语·为政 2.7	1
jzxzswny	今之孝者，是谓能养。	论语·为政 2.7	2
swny	是谓能养。	论语·为政 2.7	2
zyqmjnyybjhybh	至于犬马皆能有养；不敬，何以别乎？	论语·为政 2.7	1
bjhybh	不敬，何以别乎？	论语·为政 2.7	2
hybh	何以别乎？	论语·为政 2.7	2
zxwx	子夏问孝。	论语·为政 2.8	1
zysn	子曰：色难。	论语·为政 2.8	1
sn	色难。	论语·为政 2.8	2
ysdzfqlyjsxszcsywxh	有事，弟子服其劳；有酒食，先生馔，曾是以为孝乎？	论语·为政 2.8	1
dzfqlyjsxszcsywxh	弟子服其劳；有酒食，先生馔，曾是以为孝乎？	论语·为政 2.8	2
yjsxszcsywxh	有酒食，先生馔，曾是以为孝乎？	论语·为政 2.8	2
xszcsywxh	先生馔，曾是以为孝乎？	论语·为政 2.8	2
csywxh	曾是以为孝乎？	论语·为政 2.8	2
zywyhyzrbwry	子曰：吾与回言终日，不违，如愚。	论语·为政 2.9	1
wyhyzrbwry	吾与回言终日，不违，如愚。	论语·为政 2.9	2
bwry	不违，如愚。	论语·为政 2.9	2
ry	如愚。	论语·为政 2.9	2
tesqsyzyfhyby	退而省其私，亦足以发，回也不愚。	论语·为政 2.9	1
yzyfhyby	亦足以发，回也不愚。	论语·为政 2.9	2
hyby	回也不愚。	论语·为政 2.9	2
zysqsygqsycqsarysz	子曰：视其所以，观其所由，察其所安，人焉廋哉？	论语·为政 2.10	1
sqsygqsycqsarysz	视其所以，观其所由，察其所安，人焉廋哉？	论语·为政 2.10	2
gqsycqsarysz	观其所由，察其所安，人焉廋哉？	论语·为政 2.10	2
cqsarysz	察其所安，人焉廋哉？	论语·为政 2.10	2
rysz	人焉廋哉？	论语·为政 2.10	2
zywgezxkywsy	子曰：“温故而知新，可以为师矣。”	论语·为政 2.11	1
wgezxkywsy	“温故而知新，可以为师矣。”	论语·为政 2.11	2
kywsy	可以为师矣。	论语·为政 2.11	2
zyjzbq	子曰：“君子不器。”	论语·为政 2.12	1
jzbq	“君子不器。”	论语·为政 2.12	2
zgwjz	子贡问君子。	论语·为政 2.13	1
zyxxqyehcz	子曰：“先行其言而后从之。”	论语·为政 2.13	1
xxqyehcz	“先行其言而后从之。”	论语·为政 2.13	2
zyjzzebbxrbebz	子曰：“君子周而不比，小人比而不周。”	论语·为政 2.14	1
jzzebbxrbebz	“君子周而不比，小人比而不周。”	论语·为政 2.14	2
xrbebz	小人比而不周。	论语·为政 2.14	2
zyxebszwsebxzd	子曰：“学而不思则罔，思而不学则殆。”	论语·为政 2.15	1
xebszwsebxzd	“学而不思则罔，思而不学则殆。”	论语·为政 2.15	2
sebxzd	思而不学则殆。	论语·为政 2.15	2
zyghydshyy	子曰：“攻乎异端，斯害也已！”	论语·为政 2.16	1
ghydshyy	“攻乎异端，斯害也已！”	论语·为政 2.16	2
shyy	斯害也已！	论语·为政 2.16	2
zyyhrzzh	子曰：由，诲汝知之乎！	论语·为政 2.17	1
yhrzzh	由，诲汝知之乎！	论语·为政 2.17	2
hrzzh	诲汝知之乎！	论语·为政 2.17	2
zzwzzbzwbzszy	知之为知之，不知为不知，是知也。	论语·为政 2.17	1
bzwbzszy	不知为不知，是知也。	论语·为政 2.17	2
szy	是知也。	论语·为政 2.17	2
zzxgl	子张学干禄。	论语·为政 2.18	1
zydwqysyqyzgydjqdsxqyzgh	子曰：多闻阙疑，慎言其余，则寡尤；多见阙殆，慎行其余，则寡悔。	论语·为政 2.18	1
dwqysyqyzgydjqdsxqyzgh	多闻阙疑，慎言其余，则寡尤；多见阙殆，慎行其余，则寡悔。	论语·为政 2.18	2
syqyzgydjqdsxqyzgh	慎言其余，则寡尤；多见阙殆，慎行其余，则寡悔。	论语·为政 2.18	2
zgydjqdsxqyzgh	则寡尤；多见阙殆，慎行其余，则寡悔。	论语·为政 2.18	2
djqdsxqyzgh	多见阙殆，慎行其余，则寡悔。	论语·为政 2.18	2
sxqyzgh	慎行其余，则寡悔。	论语·为政 2.18	2
zgh	则寡悔。	论语·为政 2.18	2
ygyxghlzqzy	言寡尤，行寡悔，禄在其中矣。	论语·为政 2.18	1
xghlzqzy	行寡悔，禄在其中矣。	论语·为政 2.18	2
lzqzy	禄在其中矣。	论语·为政 2.18	2
agwyhwzmf	哀公问曰：“何为则民服？”	论语·为政 2.19	1
hwzmf	“何为则民服？”	论语·为政 2.19	2
kzdyjzczwzmfjwczzzmbf	孔子对曰：“举直错诸枉，则民服；举枉错诸直，则民不服。”	论语·为政 2.19	1
jzczwzmfjwczzzmbf	“举直错诸枉，则民服；举枉错诸直，则民不服。”	论语·为政 2.19	2
zmfjwczzzmbf	则民服；举枉错诸直，则民不服。	论语·为政 2.19	2
jwczzzmbf	举枉错诸直，则民不服。	论语·为政 2.19	2
zmbf	则民不服。	论语·为政 2.19	2
jkzwsmjzyqrzh	季康子问：“使民敬、忠以劝，如之何？”	论语·为政 2.20	1
smjzyqrzh	“使民敬、忠以劝，如之何？”	论语·为政 2.20	2
zyqrzh	忠以劝，如之何？	论语·为政 2.20	2
rzh	如之何？	论语·为政 2.20	2
zylzyzzjxczzjsejbnzq	子曰：“临之以庄，则敬；孝慈，则忠；举善而教不能，则劝。”	论语·为政 2.20	1
lzyzzjxczzjsejbnzq	“临之以庄，则敬；孝慈，则忠；举善而教不能，则劝。”	论语·为政 2.20	2
zjxczzjsejbnzq	则敬；孝慈，则忠；举善而教不能，则劝。	论语·为政 2.20	2
xczzjsejbnzq	孝慈，则忠；举善而教不能，则劝。	论语·为政 2.20	2
zzjsejbnzq	则忠；举善而教不能，则劝。	论语·为政 2.20	2
jsejbnzq	举善而教不能，则劝。	论语·为政 2.20	2
zq	则劝。	论语·为政 2.20	2
hwkzyzxbwz	或谓孔子曰：“子奚不为政？”	论语·为政 2.21	1
zxbwz	“子奚不为政？”	论语·为政 2.21	2
zysyxhwxyyxdsyyz	子曰：《书》云：‘孝乎惟孝，友于兄弟，施于有政。’	论语·为政 2.21	1
syxhwxyyxdsyyz	《书》云：‘孝乎惟孝，友于兄弟，施于有政。’	论语·为政 2.21	2
xhwxyyxdsyyz	‘孝乎惟孝，友于兄弟，施于有政。’	论语·为政 2.21	2
yyxdsyyz	友于兄弟，施于有政。	论语·为政 2.21	2
syyz	施于有政。	论语·为政 2.21	2
sywzxqwwz	是亦为政，奚其为为政？	论语·为政 2.21	1
xqwwz	奚其为为政？	论语·为政 2.21	2
zyrewxbzqky	子曰：人而无信，不知其可也。	论语·为政 2.22	1
rewxbzqky	人而无信，不知其可也。	论语·为政 2.22	2
bzqky	不知其可也。	论语·为政 2.22	2
dcwnxcwyqhyxzz	大车无𫐐，小车无𫐄，其何以行之哉？	论语·为政 2.22	1
xcwyqhyxzz	小车无𫐄，其何以行之哉？	论语·为政 2.22	2
qhyxzz	其何以行之哉？	论语·为政 2.22	2
zzwsskzy	子张问：“十世可知也？”	论语·为政 2.23	1
sskzy	“十世可知也？”	论语·为政 2.23	2
zyyyyxlssykzyzyyylssykzy	子曰：殷因于夏礼，所损益，可知也；周因于殷礼，所损益，可知也。	论语·为政 2.23	1
yyyxlssykzyzyyylssykzy	殷因于夏礼，所损益，可知也；周因于殷礼，所损益，可知也。	论语·为政 2.23	2
ssykzyzyyylssykzy	所损益，可知也；周因于殷礼，所损益，可知也。	论语·为政 2.23	2
kzyzyyylssykzy	可知也；周因于殷礼，所损益，可知也。	论语·为政 2.23	2
zyyylssykzy	周因于殷礼，所损益，可知也。	论语·为政 2.23	2
ssykzy	所损益，可知也。	论语·为政 2.23	2
kzy	可知也。	论语·为政 2.23	2
qhjzzsbskzy	其或继周者，虽百世，可知也。	论语·为政 2.23	1
sbskzy	虽百世，可知也。	论语·为政 2.23	2
zyfqgejzcyjybwwyy	子曰：“非其鬼而祭之，谄也；见义不为，无勇也。”	论语·为政 2.24	1
fqgejzcyjybwwyy	“非其鬼而祭之，谄也；见义不为，无勇也。”	论语·为政 2.24	2
cyjybwwyy	谄也；见义不为，无勇也。	论语·为政 2.24	2
jybwwyy	见义不为，无勇也。	论语·为政 2.24	2
wyy	无勇也。	论语·为政 2.24	2
kzwjsbywytskrysbkry	孔子谓季氏:“八佾舞于庭，是可忍也，孰不可忍也?”	论语·八佾 3.1	1
skrysbkry	是可忍也，孰不可忍也?	论语·八佾 3.1	2
sbkry	孰不可忍也?	论语·八佾 3.1	2
sjzyyczyxwpgtzmmxqysjzt	三家者以《雍》彻,子曰：“‘相维辟公，天子穆穆’，奚取于三家之堂？”	论语·八佾 3.2	1
xwpgtzmmxqysjzt	“‘相维辟公，天子穆穆’，奚取于三家之堂？”	论语·八佾 3.2	2
tzmmxqysjzt	天子穆穆，奚取于三家之堂？	论语·八佾 3.2	2
xqysjzt	奚取于三家之堂？	论语·八佾 3.2	2
zyrebrrlh	子曰：人而不仁，如礼何？	论语·八佾 3.3	1
rebrrlh	人而不仁，如礼何？	论语·八佾 3.3	2
rlh	如礼何？	论语·八佾 3.3	2
rebrrlh	人而不仁，如乐何？	论语·八佾 3.3	1
rlh	如乐何？	论语·八佾 3.3	2
lfwlzbzydzw	林放问礼之本,子曰：大哉问！	论语·八佾 3.4	1
dzw	大哉问！	论语·八佾 3.4	2
lyqsynjsyqyynq	礼，与其奢也，宁俭；丧，与其易也，宁戚。	论语·八佾 3.4	1
yqsynjsyqyynq	与其奢也，宁俭；丧，与其易也，宁戚。	论语·八佾 3.4	2
njsyqyynq	宁俭；丧，与其易也，宁戚。	论语·八佾 3.4	2
syqyynq	丧，与其易也，宁戚。	论语·八佾 3.4	2
yqyynq	与其易也，宁戚。	论语·八佾 3.4	2
nq	宁戚。	论语·八佾 3.4	2
zyydzyjbrzxzwy	子曰：“夷狄之有君，不如诸夏之亡也。”	论语·八佾 3.5	1
ydzyjbrzxzwy	“夷狄之有君，不如诸夏之亡也。”	论语·八佾 3.5	2
brzxzwy	不如诸夏之亡也。	论语·八佾 3.5	2
jslyts	季氏旅于泰山。	论语·八佾 3.6	1
zwryynfnjy	子谓冉有曰：“女弗能救与？”	论语·八佾 3.6	1
nfnjy	“女弗能救与？”	论语·八佾 3.6	2
dybn	对曰：“不能。”	论语·八佾 3.6	1
bn	“不能。”	论语·八佾 3.6	2
zywh	子曰：呜呼！	论语·八佾 3.6	1
wh	呜呼！	论语·八佾 3.6	2
cwtsbrlfh	曾谓泰山不如林放乎？	论语·八佾 3.6	1
zyjzwszbysh	子曰：君子无所争，必也射乎！	论语·八佾 3.7	1
jzwszbysh	君子无所争，必也射乎！	论语·八佾 3.7	2
bysh	必也射乎！	论语·八佾 3.7	2
yresxey	揖让而升，下而饮。	论语·八佾 3.7	1
xey	下而饮。	论语·八佾 3.7	2
qzyjz	其争也君子。	论语·八佾 3.7	1
zxwyqxqxmmpxsywxxhwy	子夏问曰：“‘巧笑倩兮，美目盼兮，素以为绚兮’何谓也？”	论语·八佾 3.8	1
qxqxmmpxsywxxhwy	“‘巧笑倩兮，美目盼兮，素以为绚兮’何谓也？”	论语·八佾 3.8	2
mmpxsywxxhwy	美目盼兮，素以为绚兮何谓也？	论语·八佾 3.8	2
sywxxhwy	素以为绚兮何谓也？	论语·八佾 3.8	2
zyhshs	子曰：“绘事后素。”	论语·八佾 3.8	1
hshs	“绘事后素。”	论语·八佾 3.8	2
ylhh	曰：“礼后乎？”	论语·八佾 3.8	1
lhh	“礼后乎？”	论语·八佾 3.8	2
zyqyzsyskyysyy	子曰：“起予者商也，始可与言《诗》已矣。”	论语·八佾 3.8	1
qyzsyskyysyy	“起予者商也，始可与言《诗》已矣。”	论语·八佾 3.8	2
skyysyy	始可与言《诗》已矣。	论语·八佾 3.8	2
zyxlwnyzqbzzyylwnyzsbzzy	子曰：夏礼吾能言之，杞不足征也；殷礼吾能言之，宋不足征也。	论语·八佾 3.9	1
xlwnyzqbzzyylwnyzsbzzy	夏礼吾能言之，杞不足征也；殷礼吾能言之，宋不足征也。	论语·八佾 3.9	2
qbzzyylwnyzsbzzy	杞不足征也；殷礼吾能言之，宋不足征也。	论语·八佾 3.9	2
ylwnyzsbzzy	殷礼吾能言之，宋不足征也。	论语·八佾 3.9	2
sbzzy	宋不足征也。	论语·八佾 3.9	2
wxbzgyzzwnzzy	文献不足故也，足则吾能征之矣。	论语·八佾 3.9	1
zzwnzzy	足则吾能征之矣。	论语·八佾 3.9	2
zydzjgewzwbygzy	子曰：“禘自既灌而往者，吾不欲观之矣。”	论语·八佾 3.10	1
dzjgewzwbygzy	“禘自既灌而往者，吾不欲观之矣。”	论语·八佾 3.10	2
wbygzy	吾不欲观之矣。	论语·八佾 3.10	2
hwdzs	或问禘之说。	论语·八佾 3.11	1
zybzy	子曰：不知也。	论语·八佾 3.11	1
bzy	不知也。	论语·八佾 3.11	2
zqszzytxyqrszsh	知其说者之于天下也，其如示诸斯乎！	论语·八佾 3.11	1
qrszsh	其如示诸斯乎！	论语·八佾 3.11	2
zqz	指其掌。	论语·八佾 3.11	1
jrzjsrsz	祭如在，祭神如神在。	论语·八佾 3.12	1
jsrsz	祭神如神在。	论语·八佾 3.12	2
zywbyjrbj	子曰：“吾不与祭，如不祭。”	论语·八佾 3.12	1
wbyjrbj	“吾不与祭，如不祭。”	论语·八佾 3.12	2
rbj	如不祭。	论语·八佾 3.12	2
wsjwyyqmyanmyzhwy	王孙贾问曰：“‘与其媚于奥，宁媚于灶’，何谓也？”	论语·八佾 3.13	1
yqmyanmyzhwy	“‘与其媚于奥，宁媚于灶’，何谓也？”	论语·八佾 3.13	2
nmyzhwy	宁媚于灶，何谓也？	论语·八佾 3.13	2
hwy	何谓也？	论语·八佾 3.13	2
zybrhzytwsdy	子曰：“不然，获罪于天，无所祷也。”	论语·八佾 3.13	1
brhzytwsdy	“不然，获罪于天，无所祷也。”	论语·八佾 3.13	2
hzytwsdy	获罪于天，无所祷也。	论语·八佾 3.13	2
wsdy	无所祷也。	论语·八佾 3.13	2
zyzjyedyyhwz	子曰：周监于二代，郁郁乎文哉！	论语·八佾 3.14	1
zjyedyyhwz	周监于二代，郁郁乎文哉！	论语·八佾 3.14	2
yyhwz	郁郁乎文哉！	论语·八佾 3.14	2
wcz	吾从周。	论语·八佾 3.14	1
zrtmmsw	子入太庙，每事问。	论语·八佾 3.15	1
msw	每事问。	论语·八佾 3.15	2
hyswzrzzzlh	或曰：孰谓鄹人之子知礼乎？	论语·八佾 3.15	1
swzrzzzlh	孰谓鄹人之子知礼乎？	论语·八佾 3.15	2
rtmmsw	入太庙，每事问。	论语·八佾 3.15	1
zwzysly	子闻之，曰：“是礼也。”	论语·八佾 3.15	1
ysly	曰：“是礼也。”	论语·八佾 3.15	2
sly	“是礼也。”	论语·八佾 3.15	2
zysbzpwlbtkgzdy	子曰：“射不主皮，为力不同科，古之道也。”	论语·八佾 3.16	1
sbzpwlbtkgzdy	“射不主皮，为力不同科，古之道也。”	论语·八佾 3.16	2
wlbtkgzdy	为力不同科，古之道也。	论语·八佾 3.16	2
gzdy	古之道也。	论语·八佾 3.16	2
zgyqgszxyzycy	子贡欲去告朔之饩羊，子曰：赐也！	论语·八佾 3.17	1
zycy	子曰：赐也！	论语·八佾 3.17	2
cy	赐也！	论语·八佾 3.17	2
eaqywaql	尔爱其羊，我爱其礼。	论语·八佾 3.17	1
waql	我爱其礼。	论语·八佾 3.17	2
zysjjlrywcy	子曰：“事君尽礼，人以为谄也。”	论语·八佾 3.18	1
sjjlrywcy	“事君尽礼，人以为谄也。”	论语·八佾 3.18	2
rywcy	人以为谄也。	论语·八佾 3.18	2
dgwjsccsjrzh	定公问：“君使臣，臣事君，如之何？”	论语·八佾 3.19	1
jsccsjrzh	“君使臣，臣事君，如之何？”	论语·八佾 3.19	2
csjrzh	臣事君，如之何？	论语·八佾 3.19	2
kzdyjscylcsjyz	孔子对曰：“君使臣以礼，臣事君以忠。”	论语·八佾 3.19	1
jscylcsjyz	“君使臣以礼，臣事君以忠。”	论语·八佾 3.19	2
csjyz	臣事君以忠。	论语·八佾 3.19	2
zygslebyaebs	子曰：“《关睢》，乐而不淫，哀而不伤。”	论语·八佾 3.20	1
gslebyaebs	“《关睢》，乐而不淫，哀而不伤。”	论语·八佾 3.20	2
lebyaebs	乐而不淫，哀而不伤。	论语·八佾 3.20	2
aebs	哀而不伤。	论语·八佾 3.20	2
agwsyzwzwdyxhsysyrybzrylysmzl	哀公问社于宰我，宰我对曰：“夏后氏以松，殷人以柏，周人以栗，曰使民战栗。”	论语·八佾 3.21	1
zwdyxhsysyrybzrylysmzl	宰我对曰：“夏后氏以松，殷人以柏，周人以栗，曰使民战栗。”	论语·八佾 3.21	2
xhsysyrybzrylysmzl	“夏后氏以松，殷人以柏，周人以栗，曰使民战栗。”	论语·八佾 3.21	2
yrybzrylysmzl	殷人以柏，周人以栗，曰使民战栗。	论语·八佾 3.21	2
zrylysmzl	周人以栗，曰使民战栗。	论语·八佾 3.21	2
ysmzl	曰使民战栗。	论语·八佾 3.21	2
zwzycsbsssbjjwbj	子闻之，曰：“成事不说，遂事不谏，既往不咎。”	论语·八佾 3.21	1
ycsbsssbjjwbj	曰：“成事不说，遂事不谏，既往不咎。”	论语·八佾 3.21	2
csbsssbjjwbj	“成事不说，遂事不谏，既往不咎。”	论语·八佾 3.21	2
ssbjjwbj	遂事不谏，既往不咎。	论语·八佾 3.21	2
jwbj	既往不咎。	论语·八佾 3.21	2
zygzzqxz	子曰：“管仲之器小哉！”	论语·八佾 3.22	1
gzzqxz	“管仲之器小哉！”	论语·八佾 3.22	2
hygzjh	或曰：“管仲俭乎？”	论语·八佾 3.22	1
gzjh	“管仲俭乎？”	论语·八佾 3.22	2
ygsysggsbsydj	曰：“管氏有三归，官事不摄，焉得俭？”	论语·八佾 3.22	1
gsysggsbsydj	“管氏有三归，官事不摄，焉得俭？”	论语·八佾 3.22	2
gsbsydj	官事不摄，焉得俭？	论语·八佾 3.22	2
ydj	焉得俭？	论语·八佾 3.22	2
rzgzzlh	“然则管仲知礼乎？”	论语·八佾 3.22	1
ybjssmgsyssmbjwljzhyfd	曰：邦君树塞门，管氏亦树塞门；邦君为两君之好，有反坫。	论语·八佾 3.22	1
bjssmgsyssmbjwljzhyfd	邦君树塞门，管氏亦树塞门；邦君为两君之好，有反坫。	论语·八佾 3.22	2
gsyssmbjwljzhyfd	管氏亦树塞门；邦君为两君之好，有反坫。	论语·八佾 3.22	2
bjwljzhyfd	邦君为两君之好，有反坫。	论语·八佾 3.22	2
yfd	有反坫。	论语·八佾 3.22	2
gsyyfdgsezlsbzl	管氏亦有反坫，管氏而知礼，孰不知礼？	论语·八佾 3.22	1
gsezlsbzl	管氏而知礼，孰不知礼？	论语·八佾 3.22	2
sbzl	孰不知礼？	论语·八佾 3.22	2
zyldslylqkzy	子语鲁大师乐，曰：乐其可知也。	论语·八佾 3.23	1
ylqkzy	曰：乐其可知也。	论语·八佾 3.23	2
lqkzy	乐其可知也。	论语·八佾 3.23	2
szxryczcryjryyryyc	始作，翕如也；从之，纯如也，皦如也，绎如也，以成。	论语·八佾 3.23	1
xryczcryjryyryyc	翕如也；从之，纯如也，皦如也，绎如也，以成。	论语·八佾 3.23	2
czcryjryyryyc	从之，纯如也，皦如也，绎如也，以成。	论语·八佾 3.23	2
cryjryyryyc	纯如也，皦如也，绎如也，以成。	论语·八佾 3.23	2
jryyryyc	皦如也，绎如也，以成。	论语·八佾 3.23	2
yryyc	绎如也，以成。	论语·八佾 3.23	2
yc	以成。	论语·八佾 3.23	2
yfrqjyjzzzysywwcbdjy	仪封人请见，曰：“君子之至于斯也，吾未尝不得见也。”	论语·八佾 3.24	1
yjzzzysywwcbdjy	曰：“君子之至于斯也，吾未尝不得见也。”	论语·八佾 3.24	2
jzzzysywwcbdjy	“君子之至于斯也，吾未尝不得见也。”	论语·八佾 3.24	2
wwcbdjy	吾未尝不得见也。	论语·八佾 3.24	2
czjz	从者见之。	论语·八佾 3.24	1
cyeszhhysh	出曰：二三子何患于丧乎？	论语·八佾 3.24	1
eszhhysh	二三子何患于丧乎？	论语·八佾 3.24	2
txzwdyjytjyfzwmd	天下之无道也久矣，天将以夫子为木铎。	论语·八佾 3.24	1
tjyfzwmd	天将以夫子为木铎。	论语·八佾 3.24	2
zwsjmyyjsy	子谓《韶》：“尽美矣，又尽善也。”	论语·八佾 3.25	1
jmyyjsy	“尽美矣，又尽善也。”	论语·八佾 3.25	2
yjsy	又尽善也。	论语·八佾 3.25	2
wwjmywjsy	谓《武》：“尽美矣，未尽善也。”	论语·八佾 3.25	1
jmywjsy	“尽美矣，未尽善也。”	论语·八佾 3.25	2
wjsy	未尽善也。	论语·八佾 3.25	2
zyjsbkwlbjlsbawhygzz	子曰：“居上不宽，为礼不敬，临丧不哀，吾何以观之哉？”	论语·八佾 3.26	1
jsbkwlbjlsbawhygzz	“居上不宽，为礼不敬，临丧不哀，吾何以观之哉？”	论语·八佾 3.26	2
wlbjlsbawhygzz	为礼不敬，临丧不哀，吾何以观之哉？	论语·八佾 3.26	2
lsbawhygzz	临丧不哀，吾何以观之哉？	论语·八佾 3.26	2
whygzz	吾何以观之哉？	论语·八佾 3.26	2
zylrwm	子曰：里仁为美。	论语·里仁 4.1	1
lrwm	里仁为美。	论语·里仁 4.1	2
zbcrydz	择不处仁，焉得知？	论语·里仁 4.1	1
ydz	焉得知？	论语·里仁 4.1	2
zybrzbkyjcybkyccl	子曰：不仁者不可以久处约，不可以长处乐。	论语·里仁 4.2	1
brzbkyjcybkyccl	不仁者不可以久处约，不可以长处乐。	论语·里仁 4.2	2
bkyccl	不可以长处乐。	论语·里仁 4.2	2
rzarzzlr	仁者安仁，知者利仁。	论语·里仁 4.2	1
zzlr	知者利仁。	论语·里仁 4.2	2
zywrznhrner	子曰：“唯仁者能好人，能恶人。”	论语·里仁 4.3	1
wrznhrner	“唯仁者能好人，能恶人。”	论语·里仁 4.3	2
ner	能恶人。	论语·里仁 4.3	2
zygzyrywey	子曰：“苟志于仁矣，无恶也。”	论语·里仁 4.4	1
gzyrywey	“苟志于仁矣，无恶也。”	论语·里仁 4.4	2
wey	无恶也。	论语·里仁 4.4	2
zyfygsrzsyybyqddzbcy	子曰：富与贵，是人之所欲也；不以其道得之，不处也。	论语·里仁 4.5	1
fygsrzsyybyqddzbcy	富与贵，是人之所欲也；不以其道得之，不处也。	论语·里仁 4.5	2
srzsyybyqddzbcy	是人之所欲也；不以其道得之，不处也。	论语·里仁 4.5	2
byqddzbcy	不以其道得之，不处也。	论语·里仁 4.5	2
bcy	不处也。	论语·里仁 4.5	2
pyjsrzseybyqddzbqy	贫与贱，是人之所恶也；不以其道得之，不去也。	论语·里仁 4.5	1
srzseybyqddzbqy	是人之所恶也；不以其道得之，不去也。	论语·里仁 4.5	2
byqddzbqy	不以其道得之，不去也。	论语·里仁 4.5	2
bqy	不去也。	论语·里仁 4.5	2
jzqrehcm	君子去仁，恶乎成名？	论语·里仁 4.5	1
ehcm	恶乎成名？	论语·里仁 4.5	2
jzwzszjwrzcbysdpbys	君子无终食之间违仁，造次必于是，颠沛必于是。	论语·里仁 4.5	1
zcbysdpbys	造次必于是，颠沛必于是。	论语·里仁 4.5	2
dpbys	颠沛必于是。	论语·里仁 4.5	2
zywwjhrzebrz	子曰：我未见好仁者，恶不仁者。	论语·里仁 4.6	1
wwjhrzebrz	我未见好仁者，恶不仁者。	论语·里仁 4.6	2
ebrz	恶不仁者。	论语·里仁 4.6	2
hrzwyszebrzqwrybsbrzjhqs	好仁者，无以尚之；恶不仁者，其为仁矣，不使不仁者加乎其身。	论语·里仁 4.6	1
wyszebrzqwrybsbrzjhqs	无以尚之；恶不仁者，其为仁矣，不使不仁者加乎其身。	论语·里仁 4.6	2
ebrzqwrybsbrzjhqs	恶不仁者，其为仁矣，不使不仁者加乎其身。	论语·里仁 4.6	2
qwrybsbrzjhqs	其为仁矣，不使不仁者加乎其身。	论语·里仁 4.6	2
bsbrzjhqs	不使不仁者加乎其身。	论语·里仁 4.6	2
ynyryqlyryh	有能一日用其力于仁矣乎？	论语·里仁 4.6	1
wwjlbzz	我未见力不足者。	论语·里仁 4.6	1
gyzywwjy	盖有之矣，我未见也。	论语·里仁 4.6	1
wwjy	我未见也。	论语·里仁 4.6	2
zyrzgygyqd	子曰：人之过也，各于其党。	论语·里仁 4.7	1
rzgygyqd	人之过也，各于其党。	论语·里仁 4.7	2
gyqd	各于其党。	论语·里仁 4.7	2
ggszry	观过，斯知仁矣。	论语·里仁 4.7	1
szry	斯知仁矣。	论语·里仁 4.7	2
zyzwdxsky	子曰：“朝闻道，夕死可矣。”	论语·里仁 4.8	1
zwdxsky	“朝闻道，夕死可矣。”	论语·里仁 4.8	2
xsky	夕死可矣。	论语·里仁 4.8	2
zyszydeceyeszwzyyy	子曰：“士志于道，而耻恶衣恶食者，未足与议也。”	论语·里仁 4.9	1
szydeceyeszwzyyy	“士志于道，而耻恶衣恶食者，未足与议也。”	论语·里仁 4.9	2
eceyeszwzyyy	而耻恶衣恶食者，未足与议也。	论语·里仁 4.9	2
wzyyy	未足与议也。	论语·里仁 4.9	2
zyjzzytxywsywmyyzyb	子曰：“君子之于天下也，无适也，无莫也，义之与比。”	论语·里仁 4.10	1
jzzytxywsywmyyzyb	“君子之于天下也，无适也，无莫也，义之与比。”	论语·里仁 4.10	2
wsywmyyzyb	无适也，无莫也，义之与比。	论语·里仁 4.10	2
wmyyzyb	无莫也，义之与比。	论语·里仁 4.10	2
yzyb	义之与比。	论语·里仁 4.10	2
zyjzhdxrhtjzhxxrhh	子曰：“君子怀德，小人怀土；君子怀刑，小人怀惠。”	论语·里仁 4.11	1
jzhdxrhtjzhxxrhh	“君子怀德，小人怀土；君子怀刑，小人怀惠。”	论语·里仁 4.11	2
xrhtjzhxxrhh	小人怀土；君子怀刑，小人怀惠。	论语·里仁 4.11	2
jzhxxrhh	君子怀刑，小人怀惠。	论语·里仁 4.11	2
xrhh	小人怀惠。	论语·里仁 4.11	2
zyfylexdy	子曰：“放于利而行，多怨。”	论语·里仁 4.12	1
fylexdy	“放于利而行，多怨。”	论语·里仁 4.12	2
dy	多怨。	论语·里仁 4.12	2
zynylrwgh	子曰：能以礼让为国乎？	论语·里仁 4.13	1
nylrwgh	能以礼让为国乎？	论语·里仁 4.13	2
hy	何有？	论语·里仁 4.13	1
bnylrwgrlh	不能以礼让为国，如礼何？	论语·里仁 4.13	1
zybhwwhsyl	子曰：不患无位，患所以立。	论语·里仁 4.14	1
bhwwhsyl	不患无位，患所以立。	论语·里仁 4.14	2
hsyl	患所以立。	论语·里仁 4.14	2
bhmjzqwkzy	不患莫己知，求为可知也。	论语·里仁 4.14	1
qwkzy	求为可知也。	论语·里仁 4.14	2
zych	子曰：参乎！	论语·里仁 4.15	1
ch	参乎！	论语·里仁 4.15	2
wdyygz	吾道一以贯之。	论语·里仁 4.15	1
czyw	曾子曰：“唯。”	论语·里仁 4.15	1
zcmrwyhwy	子出，门人问曰：“何谓也？”	论语·里仁 4.15	1
mrwyhwy	门人问曰：“何谓也？”	论语·里仁 4.15	2
czyfzzdzseyy	曾子曰：“夫子之道，忠恕而已矣。”	论语·里仁 4.15	1
fzzdzseyy	“夫子之道，忠恕而已矣。”	论语·里仁 4.15	2
zseyy	忠恕而已矣。	论语·里仁 4.15	2
zyjzyyyxryyl	子曰：“君子喻于义，小人喻于利。”	论语·里仁 4.16	1
jzyyyxryyl	“君子喻于义，小人喻于利。”	论语·里仁 4.16	2
xryyl	小人喻于利。	论语·里仁 4.16	2
zyjxsqyjbxenzxy	子曰：“见贤思齐焉，见不贤而内自省也。”	论语·里仁 4.17	1
jxsqyjbxenzxy	“见贤思齐焉，见不贤而内自省也。”	论语·里仁 4.17	2
jbxenzxy	见不贤而内自省也。	论语·里仁 4.17	2
zysfmjjjzbcyjbwleby	子曰：“事父母，几谏，谏志不从，又敬不违，劳而不怨。”	论语·里仁 4.18	1
sfmjjjzbcyjbwleby	“事父母，几谏，谏志不从，又敬不违，劳而不怨。”	论语·里仁 4.18	2
jjjzbcyjbwleby	几谏，谏志不从，又敬不违，劳而不怨。	论语·里仁 4.18	2
jzbcyjbwleby	谏志不从，又敬不违，劳而不怨。	论语·里仁 4.18	2
yjbwleby	又敬不违，劳而不怨。	论语·里仁 4.18	2
leby	劳而不怨。	论语·里仁 4.18	2
zyfmzbyyybyf	子曰：“父母在，不远游，游必有方。”	论语·里仁 4.19	1
fmzbyyybyf	“父母在，不远游，游必有方。”	论语·里仁 4.19	2
byyybyf	不远游，游必有方。	论语·里仁 4.19	2
ybyf	游必有方。	论语·里仁 4.19	2
zysnwgyfzdkwxy	子曰：“三年无改于父之道，可谓孝矣。”	论语·里仁 4.20	1
snwgyfzdkwxy	“三年无改于父之道，可谓孝矣。”	论语·里仁 4.20	2
zyfmznbkbzyyzyxyzyj	子曰：“父母之年，不可不知也，一则以喜，一则以惧。”	论语·里仁 4.21	1
fmznbkbzyyzyxyzyj	“父母之年，不可不知也，一则以喜，一则以惧。”	论语·里仁 4.21	2
bkbzyyzyxyzyj	不可不知也，一则以喜，一则以惧。	论语·里仁 4.21	2
yzyxyzyj	一则以喜，一则以惧。	论语·里仁 4.21	2
yzyj	一则以惧。	论语·里仁 4.21	2
zygzyzbccgzbdy	子曰：“古者言之不出，耻躬之不逮也。”	论语·里仁 4.22	1
gzyzbccgzbdy	“古者言之不出，耻躬之不逮也。”	论语·里仁 4.22	2
cgzbdy	耻躬之不逮也。	论语·里仁 4.22	2
zyyyszzxy	子曰：“以约失之者鲜矣。”	论语·里仁 4.23	1
yyszzxy	“以约失之者鲜矣。”	论语·里仁 4.23	2
zyjzynyyemyx	子曰：“君子欲讷于言而敏于行。”	论语·里仁 4.24	1
jzynyyemyx	“君子欲讷于言而敏于行。”	论语·里仁 4.24	2
zydbgbyl	子曰：“德不孤，必有邻。”	论语·里仁 4.25	1
dbgbyl	“德不孤，必有邻。”	论语·里仁 4.25	2
byl	必有邻。	论语·里仁 4.25	2
zyysjssrypysssy	子游曰：“事君数，斯辱矣；朋友数，斯疏矣。”	论语·里仁 4.26	1
sjssrypysssy	“事君数，斯辱矣；朋友数，斯疏矣。”	论语·里仁 4.26	2
srypysssy	斯辱矣；朋友数，斯疏矣。	论语·里仁 4.26	2
pysssy	朋友数，斯疏矣。	论语·里仁 4.26	2
ssy	斯疏矣。	论语·里仁 4.26	2
zwgyzkqyszlxzzfqzy	子谓公冶长：“可妻也，虽在缧绁之中，非其罪也！”	论语·公冶长 5.1	1
kqyszlxzzfqzy	“可妻也，虽在缧绁之中，非其罪也！”	论语·公冶长 5.1	2
szlxzzfqzy	虽在缧绁之中，非其罪也！	论语·公冶长 5.1	2
fqzy	非其罪也！	论语·公冶长 5.1	2
yqzqz	以其子妻之。	论语·公冶长 5.1	1
zwnrbydbfbwdmyxl	子谓南容：“邦有道不废；邦无道免于刑戮。”	论语·公冶长 5.2	1
bydbfbwdmyxl	“邦有道不废；邦无道免于刑戮。”	论语·公冶长 5.2	2
bwdmyxl	邦无道免于刑戮。	论语·公冶长 5.2	2
yqxzzqz	以其兄之子妻之。	论语·公冶长 5.2	1
zwzjjzzrr	子谓子贱：君子哉若人！	论语·公冶长 5.3	1
jzzrr	君子哉若人！	论语·公冶长 5.3	2
lwjzzsyqs	鲁无君子者，斯焉取斯？	论语·公冶长 5.3	1
syqs	斯焉取斯？	论语·公冶长 5.3	2
zgwycyhr	子贡问曰：“赐也何如？”	论语·公冶长 5.4	1
cyhr	“赐也何如？”	论语·公冶长 5.4	2
zynqy	子曰：“女器也。”	论语·公冶长 5.4	1
nqy	“女器也。”	论语·公冶长 5.4	2
yhqy	曰：“何器也？”	论语·公冶长 5.4	1
hqy	“何器也？”	论语·公冶长 5.4	2
yhly	曰：“瑚琏也。”	论语·公冶长 5.4	1
hly	“瑚琏也。”	论语·公冶长 5.4	2
hyyyrebn	或曰：“雍也仁而不佞。”	论语·公冶长 5.5	1
yyrebn	“雍也仁而不佞。”	论语·公冶长 5.5	2
zyyyn	子曰：焉用佞？	论语·公冶长 5.5	1
yyn	焉用佞？	论语·公冶长 5.5	2
yrykglzyr	御人以口给，屡憎于人。	论语·公冶长 5.5	1
lzyr	屡憎于人。	论语·公冶长 5.5	2
bzqryyn	不知其仁，焉用佞？	论语·公冶长 5.5	1
zsqdksdywszwnx	子使漆雕开仕，对曰：“吾斯之未能信。”	论语·公冶长 5.6	1
dywszwnx	对曰：“吾斯之未能信。”	论语·公冶长 5.6	2
wszwnx	“吾斯之未能信。”	论语·公冶长 5.6	2
zs	子说。	论语·公冶长 5.6	1
zydbxcffyhcwzqyy	子曰：“道不行，乘桴浮于海，从我者其由与？”	论语·公冶长 5.7	1
dbxcffyhcwzqyy	“道不行，乘桴浮于海，从我者其由与？”	论语·公冶长 5.7	2
cffyhcwzqyy	乘桴浮于海，从我者其由与？	论语·公冶长 5.7	2
cwzqyy	从我者其由与？	论语·公冶长 5.7	2
zlwzxzyyyhygwwsqc	子路闻之喜，子曰：“由也好勇过我，无所取材。”	论语·公冶长 5.7	1
zyyyhygwwsqc	子曰：“由也好勇过我，无所取材。”	论语·公冶长 5.7	2
yyhygwwsqc	“由也好勇过我，无所取材。”	论语·公冶长 5.7	2
wsqc	无所取材。	论语·公冶长 5.7	2
mwbwzlrh	孟武伯问：“子路仁乎？”	论语·公冶长 5.8	1
zlrh	“子路仁乎？”	论语·公冶长 5.8	2
zybzy	子曰：“不知也。”	论语·公冶长 5.8	1
bzy	“不知也。”	论语·公冶长 5.8	2
ywzyyyqszgkszqfybzqry	又问，子曰：“由也，千乘之国，可使治其赋也，不知其仁也。”	论语·公冶长 5.8	1
zyyyqszgkszqfybzqry	子曰：“由也，千乘之国，可使治其赋也，不知其仁也。”	论语·公冶长 5.8	2
yyqszgkszqfybzqry	“由也，千乘之国，可使治其赋也，不知其仁也。”	论语·公冶长 5.8	2
qszgkszqfybzqry	千乘之国，可使治其赋也，不知其仁也。	论语·公冶长 5.8	2
kszqfybzqry	可使治其赋也，不知其仁也。	论语·公冶长 5.8	2
bzqry	不知其仁也。	论语·公冶长 5.8	2
qyhr	“求也何如？”	论语·公冶长 5.8	1
zyqyqszybczjkswzzybzqry	子曰：“求也，千室之邑、百乘之家，可使为之宰也，不知其仁也。”	论语·公冶长 5.8	1
qyqszybczjkswzzybzqry	“求也，千室之邑、百乘之家，可使为之宰也，不知其仁也。”	论语·公冶长 5.8	2
qszybczjkswzzybzqry	千室之邑、百乘之家，可使为之宰也，不知其仁也。	论语·公冶长 5.8	2
bczjkswzzybzqry	百乘之家，可使为之宰也，不知其仁也。	论语·公冶长 5.8	2
kswzzybzqry	可使为之宰也，不知其仁也。	论语·公冶长 5.8	2
cyhr	“赤也何如？”	论语·公冶长 5.8	1
zycysdlycksybkyybzqry	子曰：“赤也，束带立于朝，可使与宾客言也，不知其仁也。”	论语·公冶长 5.8	1
cysdlycksybkyybzqry	“赤也，束带立于朝，可使与宾客言也，不知其仁也。”	论语·公冶长 5.8	2
sdlycksybkyybzqry	束带立于朝，可使与宾客言也，不知其仁也。	论语·公冶长 5.8	2
ksybkyybzqry	可使与宾客言也，不知其仁也。	论语·公冶长 5.8	2
zwzgynyhysy	子谓子贡曰：“女与回也孰愈？”	论语·公冶长 5.9	1
nyhysy	“女与回也孰愈？”	论语·公冶长 5.9	2
dycyhgwh	对曰：赐也何敢望回？	论语·公冶长 5.9	1
cyhgwh	赐也何敢望回？	论语·公冶长 5.9	2
hywyyzscywyyze	回也闻一以知十，赐也闻一以知二。	论语·公冶长 5.9	1
cywyyze	赐也闻一以知二。	论语·公冶长 5.9	2
zyfrywynfry	子曰：“弗如也，吾与女弗如也！”	论语·公冶长 5.9	1
frywynfry	“弗如也，吾与女弗如也！”	论语·公冶长 5.9	2
wynfry	吾与女弗如也！	论语·公冶长 5.9	2
zyzqzyxmbkdyftzqbkwyyyyhz	宰予昼寝，子曰：“朽木不可雕也，粪土之墙不可杇也，于予与何诛？”	论语·公冶长 5.10	1
zyxmbkdyftzqbkwyyyyhz	子曰：“朽木不可雕也，粪土之墙不可杇也，于予与何诛？”	论语·公冶长 5.10	2
xmbkdyftzqbkwyyyyhz	“朽木不可雕也，粪土之墙不可杇也，于予与何诛？”	论语·公冶长 5.10	2
ftzqbkwyyyyhz	粪土之墙不可杇也，于予与何诛？	论语·公冶长 5.10	2
yyyhz	于予与何诛？	论语·公冶长 5.10	2
zyswyrytqyexqxjwyrytqyegqx	子曰：始吾于人也，听其言而信其行；今吾于人也，听其言而观其行。	论语·公冶长 5.10	1
swyrytqyexqxjwyrytqyegqx	始吾于人也，听其言而信其行；今吾于人也，听其言而观其行。	论语·公冶长 5.10	2
tqyexqxjwyrytqyegqx	听其言而信其行；今吾于人也，听其言而观其行。	论语·公冶长 5.10	2
jwyrytqyegqx	今吾于人也，听其言而观其行。	论语·公冶长 5.10	2
tqyegqx	听其言而观其行。	论语·公冶长 5.10	2
yyygs	于予与改是。	论语·公冶长 5.10	1
zywwjgz	子曰：“吾未见刚者。”	论语·公冶长 5.11	1
wwjgz	“吾未见刚者。”	论语·公冶长 5.11	2
hdysc	或对曰：“申枨。”	论语·公冶长 5.11	1
sc	“申枨。”	论语·公冶长 5.11	2
zycyyydg	子曰：“枨也欲，焉得刚。”	论语·公冶长 5.11	1
cyyydg	“枨也欲，焉得刚。”	论语·公冶长 5.11	2
ydg	焉得刚。	论语·公冶长 5.11	2
zgywbyrzjzwywyywjzr	子贡曰：“我不欲人之加诸我也，吾亦欲无加诸人。”	论语·公冶长 5.12	1
wbyrzjzwywyywjzr	“我不欲人之加诸我也，吾亦欲无加诸人。”	论语·公冶长 5.12	2
wyywjzr	吾亦欲无加诸人。	论语·公冶长 5.12	2
zycyfesjy	子曰：“赐也，非尔所及也。”	论语·公冶长 5.12	1
cyfesjy	“赐也，非尔所及也。”	论语·公冶长 5.12	2
fesjy	非尔所及也。	论语·公冶长 5.12	2
zgyfzzwzkdewyfzzyxytdbkdewy	子贡曰：“夫子之文章，可得而闻也；夫子之言性与天道，不可得而闻也。”	论语·公冶长 5.13	1
fzzwzkdewyfzzyxytdbkdewy	“夫子之文章，可得而闻也；夫子之言性与天道，不可得而闻也。”	论语·公冶长 5.13	2
kdewyfzzyxytdbkdewy	可得而闻也；夫子之言性与天道，不可得而闻也。	论语·公冶长 5.13	2
fzzyxytdbkdewy	夫子之言性与天道，不可得而闻也。	论语·公冶长 5.13	2
bkdewy	不可得而闻也。	论语·公冶长 5.13	2
zlywwznxwkyw	子路有闻，未之能行，唯恐有闻。	论语·公冶长 5.14	1
wznxwkyw	未之能行，唯恐有闻。	论语·公冶长 5.14	2
wkyw	唯恐有闻。	论语·公冶长 5.14	2
zgwykwzhywzwy	子贡问曰：“孔文子何以谓之文也？”	论语·公冶长 5.15	1
kwzhywzwy	“孔文子何以谓之文也？”	论语·公冶长 5.15	2
zymehxbcxwsywzwy	子曰：“敏而好学，不耻下问，是以谓之文也。”	论语·公冶长 5.15	1
mehxbcxwsywzwy	“敏而好学，不耻下问，是以谓之文也。”	论语·公冶长 5.15	2
bcxwsywzwy	不耻下问，是以谓之文也。	论语·公冶长 5.15	2
sywzwy	是以谓之文也。	论语·公冶长 5.15	2
zwzcyjzzdsyqxjygqssyjqymyhqsmyy	子谓子产：“有君子之道四焉：其行己也恭，其事上也敬，其养民也惠，其使民也义。”	论语·公冶长 5.16	1
yjzzdsyqxjygqssyjqymyhqsmyy	“有君子之道四焉：其行己也恭，其事上也敬，其养民也惠，其使民也义。”	论语·公冶长 5.16	2
qxjygqssyjqymyhqsmyy	其行己也恭，其事上也敬，其养民也惠，其使民也义。	论语·公冶长 5.16	2
qssyjqymyhqsmyy	其事上也敬，其养民也惠，其使民也义。	论语·公冶长 5.16	2
qymyhqsmyy	其养民也惠，其使民也义。	论语·公冶长 5.16	2
qsmyy	其使民也义。	论语·公冶长 5.16	2
zyypzsyrjjejz	子曰：“晏平仲善与人交，久而敬之。”	论语·公冶长 5.17	1
ypzsyrjjejz	“晏平仲善与人交，久而敬之。”	论语·公冶长 5.17	2
jejz	久而敬之。	论语·公冶长 5.17	2
zyzwzjcsjzzhrqzy	子曰：“臧文仲居蔡，山节藻棁，何如其知也？”	论语·公冶长 5.18	1
zwzjcsjzzhrqzy	“臧文仲居蔡，山节藻棁，何如其知也？”	论语·公冶长 5.18	2
sjzzhrqzy	山节藻棁，何如其知也？	论语·公冶长 5.18	2
hrqzy	何如其知也？	论语·公冶长 5.18	2
zzwylyzwsswlywxssyzwysjlyzzbygxlyhr	子张问曰：“令尹子文三仕为令尹，无喜色，三已之无愠色，旧令尹之政必以告新令尹，何如？”	论语·公冶长 5.19	1
lyzwsswlywxssyzwysjlyzzbygxlyhr	“令尹子文三仕为令尹，无喜色，三已之无愠色，旧令尹之政必以告新令尹，何如？”	论语·公冶长 5.19	2
wxssyzwysjlyzzbygxlyhr	无喜色，三已之无愠色，旧令尹之政必以告新令尹，何如？	论语·公冶长 5.19	2
syzwysjlyzzbygxlyhr	三已之无愠色，旧令尹之政必以告新令尹，何如？	论语·公冶长 5.19	2
jlyzzbygxlyhr	旧令尹之政必以告新令尹，何如？	论语·公冶长 5.19	2
zyzy	子曰：“忠矣。”	论语·公冶长 5.19	1
zy	“忠矣。”	论语·公冶长 5.19	2
yryh	曰：“仁矣乎？”	论语·公冶长 5.19	1
ryh	“仁矣乎？”	论语·公冶长 5.19	2
ywzydr	曰：“未知，焉得仁？”	论语·公冶长 5.19	1
wzydr	“未知，焉得仁？”	论语·公冶长 5.19	2
ydr	焉得仁？	论语·公冶长 5.19	2
czsqjcwzymscqewz	崔子弑齐君，陈文子有马十乘，弃而违之。	论语·公冶长 5.19	1
cwzymscqewz	陈文子有马十乘，弃而违之。	论语·公冶长 5.19	2
qewz	弃而违之。	论语·公冶长 5.19	2
zytbzyywdfczy	至于他邦，则曰：‘犹吾大夫崔子也。’	论语·公冶长 5.19	1
zyywdfczy	则曰：‘犹吾大夫崔子也。’	论语·公冶长 5.19	2
ywdfczy	‘犹吾大夫崔子也。’	论语·公冶长 5.19	2
wz	违之。	论语·公冶长 5.19	1
zybzyyywdfczy	之一邦，则又曰：‘犹吾大夫崔子也。’	论语·公冶长 5.19	1
zyyywdfczy	则又曰：‘犹吾大夫崔子也。’	论语·公冶长 5.19	2
wzhr	违之，何如？	论语·公冶长 5.19	1
zyqy	子曰：“清矣。”	论语·公冶长 5.19	1
qy	“清矣。”	论语·公冶长 5.19	2
jwzssehxzwzyzsky	季文子三思而后行，子闻之曰：“再斯可矣。”	论语·公冶长 5.20	1
zwzyzsky	子闻之曰：“再斯可矣。”	论语·公冶长 5.20	2
zsky	“再斯可矣。”	论语·公冶长 5.20	2
zynwzbydzzbwdzy	子曰：宁武子，邦有道则知，邦无道则愚。	论语·公冶长 5.21	1
nwzbydzzbwdzy	宁武子，邦有道则知，邦无道则愚。	论语·公冶长 5.21	2
bydzzbwdzy	邦有道则知，邦无道则愚。	论语·公冶长 5.21	2
bwdzy	邦无道则愚。	论语·公冶长 5.21	2
qzkjyqybkjy	其知可及也，其愚不可及也。	论语·公冶长 5.21	1
qybkjy	其愚不可及也。	论语·公冶长 5.21	2
zzcygy	子在陈，曰：归与！	论语·公冶长 5.22	1
ygy	曰：归与！	论语·公冶长 5.22	2
gy	归与！	论语·公冶长 5.22	2
wdzxzkjfrczbzsycz	吾党之小子狂简，斐然成章，不知所以裁之。	论语·公冶长 5.22	1
frczbzsycz	斐然成章，不知所以裁之。	论语·公冶长 5.22	2
bzsycz	不知所以裁之。	论语·公冶长 5.22	2
zybysqbnjeysyx	子曰：“伯夷、叔齐不念旧恶，怨是用希。”	论语·公冶长 5.23	1
bysqbnjeysyx	“伯夷、叔齐不念旧恶，怨是用希。”	论语·公冶长 5.23	2
sqbnjeysyx	叔齐不念旧恶，怨是用希。	论语·公冶长 5.23	2
ysyx	怨是用希。	论语·公冶长 5.23	2
zyswwsgz	子曰：孰谓微生高直？	论语·公冶长 5.24	1
swwsgz	孰谓微生高直？	论语·公冶长 5.24	2
hqxyqzqleyz	或乞醯焉，乞诸其邻而与之。	论语·公冶长 5.24	1
qzqleyz	乞诸其邻而与之。	论语·公冶长 5.24	2
zyqylszgzqmczqycz	子曰：巧言、令色、足恭，左丘明耻之，丘亦耻之。	论语·公冶长 5.25	1
qylszgzqmczqycz	巧言、令色、足恭，左丘明耻之，丘亦耻之。	论语·公冶长 5.25	2
lszgzqmczqycz	令色、足恭，左丘明耻之，丘亦耻之。	论语·公冶长 5.25	2
zgzqmczqycz	足恭，左丘明耻之，丘亦耻之。	论语·公冶长 5.25	2
zqmczqycz	左丘明耻之，丘亦耻之。	论语·公冶长 5.25	2
qycz	丘亦耻之。	论语·公冶长 5.25	2
nyeyqrzqmczqycz	匿怨而友其人，左丘明耻之，丘亦耻之。	论语·公冶长 5.25	1
yyjlszyhgyez	颜渊、季路侍，子曰：“盍各言尔志？”	论语·公冶长 5.26	1
jlszyhgyez	季路侍，子曰：“盍各言尔志？”	论语·公冶长 5.26	2
zyhgyez	子曰：“盍各言尔志？”	论语·公冶长 5.26	2
hgyez	“盍各言尔志？”	论语·公冶长 5.26	2
zlyycmyqqypygbzewh	子路曰：“愿车马、衣轻裘与朋友共，敝之而无憾。”	论语·公冶长 5.26	1
ycmyqqypygbzewh	“愿车马、衣轻裘与朋友共，敝之而无憾。”	论语·公冶长 5.26	2
yqqypygbzewh	衣轻裘与朋友共，敝之而无憾。	论语·公冶长 5.26	2
bzewh	敝之而无憾。	论语·公冶长 5.26	2
yyyywfswsl	颜渊曰：“愿无伐善，无施劳。”	论语·公冶长 5.26	1
ywfswsl	“愿无伐善，无施劳。”	论语·公冶长 5.26	2
wsl	无施劳。	论语·公冶长 5.26	2
zlyywzzz	子路曰：“愿闻子之志。”	论语·公冶长 5.26	1
ywzzz	“愿闻子之志。”	论语·公冶长 5.26	2
zylzazpyxzszhz	子曰：“老者安之，朋友信之，少者怀之。”	论语·公冶长 5.26	1
lzazpyxzszhz	“老者安之，朋友信之，少者怀之。”	论语·公冶长 5.26	2
pyxzszhz	朋友信之，少者怀之。	论语·公冶长 5.26	2
szhz	少者怀之。	论语·公冶长 5.26	2
zyyyh	子曰：已矣乎！	论语·公冶长 5.27	1
yyh	已矣乎！	论语·公冶长 5.27	2
wwjnjqgenzszy	吾未见能见其过而内自讼者也。	论语·公冶长 5.27	1
zysszybyzxrqzybrqzhxy	子曰：“十室之邑，必有忠信如丘者焉，不如丘之好学也。”	论语·公冶长 5.28	1
sszybyzxrqzybrqzhxy	“十室之邑，必有忠信如丘者焉，不如丘之好学也。”	论语·公冶长 5.28	2
byzxrqzybrqzhxy	必有忠信如丘者焉，不如丘之好学也。	论语·公冶长 5.28	2
brqzhxy	不如丘之好学也。	论语·公冶长 5.28	2
zyyyksnm	子曰：“雍也可使南面。”	论语·雍也 6.1	1
yyksnm	“雍也可使南面。”	论语·雍也 6.1	2
zgwzsbzzykyj	仲弓问子桑伯子，子曰：“可也简。”	论语·雍也 6.2	1
zykyj	子曰：“可也简。”	论语·雍也 6.2	2
kyj	“可也简。”	论语·雍也 6.2	2
zgyjjexjylqmbykh	仲弓曰：居敬而行简，以临其民，不亦可乎？	论语·雍也 6.2	1
jjexjylqmbykh	居敬而行简，以临其民，不亦可乎？	论语·雍也 6.2	2
ylqmbykh	以临其民，不亦可乎？	论语·雍也 6.2	2
bykh	不亦可乎？	论语·雍也 6.2	2
jjexjwndjh	居简而行简，无乃大简乎？	论语·雍也 6.2	1
wndjh	无乃大简乎？	论语·雍也 6.2	2
zyyzyr	子曰：“雍之言然。”	论语·雍也 6.2	1
yzyr	“雍之言然。”	论语·雍也 6.2	2
agwdzswhx	哀公问：“弟子孰为好学？”	论语·雍也 6.3	1
dzswhx	“弟子孰为好学？”	论语·雍也 6.3	2
kzdyyyhzhxbqnbegbxdmsyjyzwwwhxzy	孔子对曰：“有颜回者好学，不迁怒，不贰过，不幸短命死矣，今也则亡，未闻好学者也。”	论语·雍也 6.3	1
yyhzhxbqnbegbxdmsyjyzwwwhxzy	“有颜回者好学，不迁怒，不贰过，不幸短命死矣，今也则亡，未闻好学者也。”	论语·雍也 6.3	2
bqnbegbxdmsyjyzwwwhxzy	不迁怒，不贰过，不幸短命死矣，今也则亡，未闻好学者也。	论语·雍也 6.3	2
begbxdmsyjyzwwwhxzy	不贰过，不幸短命死矣，今也则亡，未闻好学者也。	论语·雍也 6.3	2
bxdmsyjyzwwwhxzy	不幸短命死矣，今也则亡，未闻好学者也。	论语·雍也 6.3	2
jyzwwwhxzy	今也则亡，未闻好学者也。	论语·雍也 6.3	2
wwhxzy	未闻好学者也。	论语·雍也 6.3	2
zhsyqrzwqmqszyyzf	子华使于齐，冉子为其母请粟，子曰：“与之釜。”	论语·雍也 6.4	1
rzwqmqszyyzf	冉子为其母请粟，子曰：“与之釜。”	论语·雍也 6.4	2
zyyzf	子曰：“与之釜。”	论语·雍也 6.4	2
yzf	“与之釜。”	论语·雍也 6.4	2
qyyyzy	请益，曰：“与之庾。”	论语·雍也 6.4	1
yyzy	曰：“与之庾。”	论语·雍也 6.4	2
yzy	“与之庾。”	论语·雍也 6.4	2
rzyzswb	冉子与之粟五秉。	论语·雍也 6.4	1
zyczsqycfmyqq	子曰：赤之适齐也，乘肥马，衣轻裘。	论语·雍也 6.4	1
czsqycfmyqq	赤之适齐也，乘肥马，衣轻裘。	论语·雍也 6.4	2
cfmyqq	乘肥马，衣轻裘。	论语·雍也 6.4	2
yqq	衣轻裘。	论语·雍也 6.4	2
wwzyjzzjbjf	吾闻之也，君子周急不继富。	论语·雍也 6.4	1
jzzjbjf	君子周急不继富。	论语·雍也 6.4	2
yswzzyzsjbc	原思为之宰，与之粟九百，辞。	论语·雍也 6.5	1
yzsjbc	与之粟九百，辞。	论语·雍也 6.5	2
zywyyellxdh	子曰：“毋，以与尔邻里乡党乎！”	论语·雍也 6.5	1
wyyellxdh	“毋，以与尔邻里乡党乎！”	论语·雍也 6.5	2
yyellxdh	以与尔邻里乡党乎！	论语·雍也 6.5	2
zwzgylnzzxqjsywyscqsz	子谓仲弓曰：“犁牛之子骍且角，虽欲勿用，山川其舍诸？”	论语·雍也 6.6	1
lnzzxqjsywyscqsz	“犁牛之子骍且角，虽欲勿用，山川其舍诸？”	论语·雍也 6.6	2
sywyscqsz	虽欲勿用，山川其舍诸？	论语·雍也 6.6	2
scqsz	山川其舍诸？	论语·雍也 6.6	2
zyhyqxsybwrqyzryzyeyy	子曰：“回也，其心三月不违仁，其余则日月至焉而已矣。”	论语·雍也 6.7	1
hyqxsybwrqyzryzyeyy	“回也，其心三月不违仁，其余则日月至焉而已矣。”	论语·雍也 6.7	2
qxsybwrqyzryzyeyy	其心三月不违仁，其余则日月至焉而已矣。	论语·雍也 6.7	2
qyzryzyeyy	其余则日月至焉而已矣。	论语·雍也 6.7	2
jkzwzyksczyy	季康子问：“仲由可使从政也与？”	论语·雍也 6.8	1
zyksczyy	“仲由可使从政也与？”	论语·雍也 6.8	2
zyyygyczhhy	子曰：“由也果，于从政乎何有？”	论语·雍也 6.8	1
yygyczhhy	“由也果，于从政乎何有？”	论语·雍也 6.8	2
yczhhy	于从政乎何有？	论语·雍也 6.8	2
ycyksczyy	曰：“赐也可使从政也与？”	论语·雍也 6.8	1
cyksczyy	“赐也可使从政也与？”	论语·雍也 6.8	2
ycydyczhhy	曰：“赐也达，于从政乎何有？”	论语·雍也 6.8	1
cydyczhhy	“赐也达，于从政乎何有？”	论语·雍也 6.8	2
yqyksczyy	曰：“求也可使从政也与？”	论语·雍也 6.8	1
qyksczyy	“求也可使从政也与？”	论语·雍也 6.8	2
yqyyyczhhy	曰：“求也艺，于从政乎何有？”	论语·雍也 6.8	1
qyyyczhhy	“求也艺，于从政乎何有？”	论语·雍也 6.8	2
jssmzqwfzmzqyswwcy	季氏使闵子骞为费宰，闵子骞曰：善为我辞焉。	论语·雍也 6.9	1
mzqyswwcy	闵子骞曰：善为我辞焉。	论语·雍也 6.9	2
swwcy	善为我辞焉。	论语·雍也 6.9	2
ryfwzzwbzwsy	如有复我者，则吾必在汶上矣。	论语·雍也 6.9	1
zwbzwsy	则吾必在汶上矣。	论语·雍也 6.9	2
bnyjzwzzyzqsywzmyf	伯牛有疾，子问之，自牖执其手，曰：亡之，命矣夫！	论语·雍也 6.10	1
zwzzyzqsywzmyf	子问之，自牖执其手，曰：亡之，命矣夫！	论语·雍也 6.10	2
zyzqsywzmyf	自牖执其手，曰：亡之，命矣夫！	论语·雍也 6.10	2
ywzmyf	曰：亡之，命矣夫！	论语·雍也 6.10	2
wzmyf	亡之，命矣夫！	论语·雍也 6.10	2
myf	命矣夫！	论语·雍也 6.10	2
sryeysjy	斯人也而有斯疾也！	论语·雍也 6.10	1
zyxzhy	子曰：贤哉回也！	论语·雍也 6.11	1
xzhy	贤哉回也！	论语·雍也 6.11	2
ydsypyzlxrbkqyhybgql	一箪食，一瓢饮，在陋巷，人不堪其忧，回也不改其乐。	论语·雍也 6.11	1
ypyzlxrbkqyhybgql	一瓢饮，在陋巷，人不堪其忧，回也不改其乐。	论语·雍也 6.11	2
zlxrbkqyhybgql	在陋巷，人不堪其忧，回也不改其乐。	论语·雍也 6.11	2
rbkqyhybgql	人不堪其忧，回也不改其乐。	论语·雍也 6.11	2
hybgql	回也不改其乐。	论语·雍也 6.11	2
xzhy	贤哉，回也！	论语·雍也 6.11	1
hy	回也！	论语·雍也 6.11	2
rqyfbszzdlbzy	冉求曰：“非不说子之道，力不足也。”	论语·雍也 6.12	1
fbszzdlbzy	“非不说子之道，力不足也。”	论语·雍也 6.12	2
lbzy	力不足也。	论语·雍也 6.12	2
zylbzzzdefjnh	子曰：“力不足者，中道而废，今女画。”	论语·雍也 6.12	1
lbzzzdefjnh	“力不足者，中道而废，今女画。”	论语·雍也 6.12	2
zdefjnh	中道而废，今女画。	论语·雍也 6.12	2
jnh	今女画。	论语·雍也 6.12	2
zwzxynwjzrwwxrr	子谓子夏曰：“女为君子儒，无为小人儒。”	论语·雍也 6.13	1
nwjzrwwxrr	“女为君子儒，无为小人儒。”	论语·雍也 6.13	2
wwxrr	无为小人儒。	论语·雍也 6.13	2
zywwczzyndryeh	子游为武城宰，子曰：“女得人焉尔乎？”	论语·雍也 6.14	1
zyndryeh	子曰：“女得人焉尔乎？”	论语·雍也 6.14	2
ndryeh	“女得人焉尔乎？”	论语·雍也 6.14	2
yyttmmzxbyjfgswczyyzsy	曰：“有澹台灭明者，行不由径，非公事，未尝至于偃之室也。”	论语·雍也 6.14	1
yttmmzxbyjfgswczyyzsy	“有澹台灭明者，行不由径，非公事，未尝至于偃之室也。”	论语·雍也 6.14	2
xbyjfgswczyyzsy	行不由径，非公事，未尝至于偃之室也。	论语·雍也 6.14	2
fgswczyyzsy	非公事，未尝至于偃之室也。	论语·雍也 6.14	2
wczyyzsy	未尝至于偃之室也。	论语·雍也 6.14	2
zymzfbfbedjrmcqmyfghymbjy	子曰：“孟之反不伐，奔而殿，将入门，策其马曰：‘非敢后也，马不进也。’”	论语·雍也 6.15	1
mzfbfbedjrmcqmyfghymbjy	“孟之反不伐，奔而殿，将入门，策其马曰：‘非敢后也，马不进也。’”	论语·雍也 6.15	2
bedjrmcqmyfghymbjy	奔而殿，将入门，策其马曰：‘非敢后也，马不进也。’	论语·雍也 6.15	2
jrmcqmyfghymbjy	将入门，策其马曰：‘非敢后也，马不进也。’	论语·雍也 6.15	2
cqmyfghymbjy	策其马曰：‘非敢后也，马不进也。’	论语·雍也 6.15	2
fghymbjy	‘非敢后也，马不进也。’	论语·雍也 6.15	2
mbjy	马不进也。	论语·雍也 6.15	2
zybyztzneysczmnhmyjzsy	子曰：“不有祝𬶍之佞，而有宋朝之美，难乎免于今之世矣。”	论语·雍也 6.16	1
byztzneysczmnhmyjzsy	“不有祝𬶍之佞，而有宋朝之美，难乎免于今之世矣。”	论语·雍也 6.16	2
eysczmnhmyjzsy	而有宋朝之美，难乎免于今之世矣。	论语·雍也 6.16	2
nhmyjzsy	难乎免于今之世矣。	论语·雍也 6.16	2
zysncbyh	子曰：谁能出不由户？	论语·雍也 6.17	1
sncbyh	谁能出不由户？	论语·雍也 6.17	2
hmysdy	何莫由斯道也？	论语·雍也 6.17	1
zyzswzywszzs	子曰：质胜文则野，文胜质则史。	论语·雍也 6.18	1
zswzywszzs	质胜文则野，文胜质则史。	论语·雍也 6.18	2
wszzs	文胜质则史。	论语·雍也 6.18	2
wzbbrhjz	文质彬彬，然后君子。	论语·雍也 6.18	1
rhjz	然后君子。	论语·雍也 6.18	2
zyrzsyzwzsyxem	子曰：“人之生也直，罔之生也幸而免。”	论语·雍也 6.19	1
rzsyzwzsyxem	“人之生也直，罔之生也幸而免。”	论语·雍也 6.19	2
wzsyxem	罔之生也幸而免。	论语·雍也 6.19	2
zyzzzbrhzzhzzbrlzz	子曰：“知之者不如好之者；好之者不如乐之者。”	论语·雍也 6.20	1
zzzbrhzzhzzbrlzz	“知之者不如好之者；好之者不如乐之者。”	论语·雍也 6.20	2
hzzbrlzz	好之者不如乐之者。	论语·雍也 6.20	2
zyzryskyysyzryxbkyysy	子曰：“中人以上，可以语上也；中人以下，不可以语上也。”	论语·雍也 6.21	1
zryskyysyzryxbkyysy	“中人以上，可以语上也；中人以下，不可以语上也。”	论语·雍也 6.21	2
kyysyzryxbkyysy	可以语上也；中人以下，不可以语上也。	论语·雍也 6.21	2
zryxbkyysy	中人以下，不可以语上也。	论语·雍也 6.21	2
bkyysy	不可以语上也。	论语·雍也 6.21	2
fcwzzywmzyjgseyzkwzy	樊迟问知，子曰：“务民之义，敬鬼神而远之，可谓知矣。”	论语·雍也 6.22	1
zywmzyjgseyzkwzy	子曰：“务民之义，敬鬼神而远之，可谓知矣。”	论语·雍也 6.22	2
wmzyjgseyzkwzy	“务民之义，敬鬼神而远之，可谓知矣。”	论语·雍也 6.22	2
jgseyzkwzy	敬鬼神而远之，可谓知矣。	论语·雍也 6.22	2
kwzy	可谓知矣。	论语·雍也 6.22	2
wryrzxnehhkwry	问仁，曰：“仁者先难而后获，可谓仁矣。”	论语·雍也 6.22	1
yrzxnehhkwry	曰：“仁者先难而后获，可谓仁矣。”	论语·雍也 6.22	2
rzxnehhkwry	“仁者先难而后获，可谓仁矣。”	论语·雍也 6.22	2
kwry	可谓仁矣。	论语·雍也 6.22	2
zyzzlsrzls	子曰：知者乐水，仁者乐山。	论语·雍也 6.23	1
zzlsrzls	知者乐水，仁者乐山。	论语·雍也 6.23	2
rzls	仁者乐山。	论语·雍也 6.23	2
zzdrzj	知者动，仁者静。	论语·雍也 6.23	1
rzj	仁者静。	论语·雍也 6.23	2
zzlrzs	知者乐，仁者寿。	论语·雍也 6.23	1
rzs	仁者寿。	论语·雍也 6.23	2
zyqybzyllybzyd	子曰：“齐一变至于鲁，鲁一变至于道。”	论语·雍也 6.24	1
qybzyllybzyd	“齐一变至于鲁，鲁一变至于道。”	论语·雍也 6.24	2
lybzyd	鲁一变至于道。	论语·雍也 6.24	2
zygbggz	子曰：觚不觚，觚哉！	论语·雍也 6.25	1
gbggz	觚不觚，觚哉！	论语·雍也 6.25	2
gz	觚哉！	论语·雍也 6.25	2
zwwyrzsgzyjyry	宰我问曰：仁者，虽告之曰：‘井有仁焉。’	论语·雍也 6.26	1
rzsgzyjyry	仁者，虽告之曰：‘井有仁焉。’	论语·雍也 6.26	2
sgzyjyry	虽告之曰：‘井有仁焉。’	论语·雍也 6.26	2
jyry	‘井有仁焉。’	论语·雍也 6.26	2
qczy	其从之也？	论语·雍也 6.26	1
zyhwqry	子曰：何为其然也？	论语·雍也 6.26	1
hwqry	何为其然也？	论语·雍也 6.26	2
jzksybkxykqybkwy	君子可逝也，不可陷也；可欺也，不可罔也。	论语·雍也 6.26	1
bkxykqybkwy	不可陷也；可欺也，不可罔也。	论语·雍也 6.26	2
kqybkwy	可欺也，不可罔也。	论语·雍也 6.26	2
bkwy	不可罔也。	论语·雍也 6.26	2
zyjzbxywyzylykyfpyf	子曰：“君子博学于文，约之以礼，亦可以弗畔矣夫。”	论语·雍也 6.27	1
jzbxywyzylykyfpyf	“君子博学于文，约之以礼，亦可以弗畔矣夫。”	论语·雍也 6.27	2
yzylykyfpyf	约之以礼，亦可以弗畔矣夫。	论语·雍也 6.27	2
ykyfpyf	亦可以弗畔矣夫。	论语·雍也 6.27	2
zjnzzlbsfzszyysfztyz	子见南子，子路不说，夫子矢之曰：予所否者，天厌之！	论语·雍也 6.28	1
zlbsfzszyysfztyz	子路不说，夫子矢之曰：予所否者，天厌之！	论语·雍也 6.28	2
fzszyysfztyz	夫子矢之曰：予所否者，天厌之！	论语·雍也 6.28	2
ysfztyz	予所否者，天厌之！	论语·雍也 6.28	2
tyz	天厌之！	论语·雍也 6.28	2
zyzyzwdyqzyh	子曰：中庸之为德也，其至矣乎！	论语·雍也 6.29	1
zyzwdyqzyh	中庸之为德也，其至矣乎！	论语·雍也 6.29	2
qzyh	其至矣乎！	论语·雍也 6.29	2
mxjy	民鲜久矣。	论语·雍也 6.29	1
zgyrybsymenjzhr	子贡曰：如有博施于民而能济众，何如？	论语·雍也 6.30	1
rybsymenjzhr	如有博施于民而能济众，何如？	论语·雍也 6.30	2
kwrh	可谓仁乎？	论语·雍也 6.30	1
zyhsyrbysh	子曰：何事于仁，必也圣乎！	论语·雍也 6.30	1
hsyrbysh	何事于仁，必也圣乎！	论语·雍也 6.30	2
bysh	必也圣乎！	论语·雍也 6.30	2
ysqybz	尧、舜其犹病诸！	论语·雍也 6.30	1
sqybz	舜其犹病诸！	论语·雍也 6.30	2
frzjylelrjydedr	夫仁者，己欲立而立人，己欲达而达人。	论语·雍也 6.30	1
jylelrjydedr	己欲立而立人，己欲达而达人。	论语·雍也 6.30	2
jydedr	己欲达而达人。	论语·雍也 6.30	2
njqpkwrzfyy	能近取譬，可谓仁之方也已。	论语·雍也 6.30	1
kwrzfyy	可谓仁之方也已。	论语·雍也 6.30	2
zysebzxehgqbywlp	子曰：“述而不作，信而好古，窃比于我老彭。”	论语·述而 7.1	1
sebzxehgqbywlp	“述而不作，信而好古，窃比于我老彭。”	论语·述而 7.1	2
xehgqbywlp	信而好古，窃比于我老彭。	论语·述而 7.1	2
qbywlp	窃比于我老彭。	论语·述而 7.1	2
zymeszxebyhrbjhyywz	子曰：“默而识之，学而不厌，诲人不倦，何有于我哉？”	论语·述而 7.2	1
meszxebyhrbjhyywz	“默而识之，学而不厌，诲人不倦，何有于我哉？”	论语·述而 7.2	2
xebyhrbjhyywz	学而不厌，诲人不倦，何有于我哉？	论语·述而 7.2	2
hrbjhyywz	诲人不倦，何有于我哉？	论语·述而 7.2	2
hyywz	何有于我哉？	论语·述而 7.2	2
zydzbxxzbjwybnxbsbngswyy	子曰：“德之不修，学之不讲，闻义不能徙，不善不能改，是吾忧也。”	论语·述而 7.3	1
dzbxxzbjwybnxbsbngswyy	“德之不修，学之不讲，闻义不能徙，不善不能改，是吾忧也。”	论语·述而 7.3	2
xzbjwybnxbsbngswyy	学之不讲，闻义不能徙，不善不能改，是吾忧也。	论语·述而 7.3	2
wybnxbsbngswyy	闻义不能徙，不善不能改，是吾忧也。	论语·述而 7.3	2
bsbngswyy	不善不能改，是吾忧也。	论语·述而 7.3	2
swyy	是吾忧也。	论语·述而 7.3	2
zzyjssryyyry	子之燕居，申申如也，夭夭如也。	论语·述而 7.4	1
ssryyyry	申申如也，夭夭如也。	论语·述而 7.4	2
yyry	夭夭如也。	论语·述而 7.4	2
zysywsy	子曰：甚矣吾衰也！	论语·述而 7.5	1
sywsy	甚矣吾衰也！	论语·述而 7.5	2
jywbfmjzg	久矣吾不复梦见周公。	论语·述而 7.5	1
zyzydjydyyryyy	子曰：“志于道，据于德，依于仁，游于艺。”	论语·述而 7.6	1
zydjydyyryyy	“志于道，据于德，依于仁，游于艺。”	论语·述而 7.6	2
jydyyryyy	据于德，依于仁，游于艺。	论语·述而 7.6	2
yyryyy	依于仁，游于艺。	论语·述而 7.6	2
yyy	游于艺。	论语·述而 7.6	2
zyzxsxyswwcwhy	子曰：“自行束修以上，吾未尝无诲焉。”	论语·述而 7.7	1
zxsxyswwcwhy	“自行束修以上，吾未尝无诲焉。”	论语·述而 7.7	2
wwcwhy	吾未尝无诲焉。	论语·述而 7.7	2
zybfbqbfbfjyybysyfzbfy	子曰：“不愤不启，不悱不发，举一隅不以三隅反，则不复也。”	论语·述而 7.8	1
bfbqbfbfjyybysyfzbfy	“不愤不启，不悱不发，举一隅不以三隅反，则不复也。”	论语·述而 7.8	2
bfbfjyybysyfzbfy	不悱不发，举一隅不以三隅反，则不复也。	论语·述而 7.8	2
jyybysyfzbfy	举一隅不以三隅反，则不复也。	论语·述而 7.8	2
zbfy	则不复也。	论语·述而 7.8	2
zsyyszzcwcby	子食于有丧者之侧，未尝饱也。	论语·述而 7.9	1
wcby	未尝饱也。	论语·述而 7.9	2
zysrkzbg	子于是日哭，则不歌。	论语·述而 7.10	1
zbg	则不歌。	论语·述而 7.10	2
zwyyyyzzxszzcwwyeysf	子谓颜渊曰：“用之则行，舍之则藏，惟我与尔有是夫！”	论语·述而 7.11	1
yzzxszzcwwyeysf	“用之则行，舍之则藏，惟我与尔有是夫！”	论语·述而 7.11	2
szzcwwyeysf	舍之则藏，惟我与尔有是夫！	论语·述而 7.11	2
wwyeysf	惟我与尔有是夫！	论语·述而 7.11	2
zlyzxsjzsy	子路曰：“子行三军，则谁与？”	论语·述而 7.11	1
zxsjzsy	“子行三军，则谁与？”	论语·述而 7.11	2
zsy	则谁与？	论语·述而 7.11	2
zybhphsewhzwbyy	子曰：暴虎冯河，死而无悔者，吾不与也。	论语·述而 7.11	1
bhphsewhzwbyy	暴虎冯河，死而无悔者，吾不与也。	论语·述而 7.11	2
sewhzwbyy	死而无悔者，吾不与也。	论语·述而 7.11	2
wbyy	吾不与也。	论语·述而 7.11	2
bylsejhmeczy	必也临事而惧，好谋而成者也。	论语·述而 7.11	1
hmeczy	好谋而成者也。	论语·述而 7.11	2
zyfekqyszbzswywz	子曰：富而可求也，虽执鞭之士，吾亦为之。	论语·述而 7.12	1
fekqyszbzswywz	富而可求也，虽执鞭之士，吾亦为之。	论语·述而 7.12	2
szbzswywz	虽执鞭之士，吾亦为之。	论语·述而 7.12	2
wywz	吾亦为之。	论语·述而 7.12	2
rbkqcwsh	如不可求，从吾所好。	论语·述而 7.12	1
cwsh	从吾所好。	论语·述而 7.12	2
zzssqzj	子之所慎：齐，战，疾。	论语·述而 7.13	1
qzj	齐，战，疾。	论语·述而 7.13	2
zj	战，疾。	论语·述而 7.13	2
zzqwssybzrwybtwlzzysy	子在齐闻《韶》，三月不知肉味，曰：“不图为乐之至于斯也。”	论语·述而 7.14	1
sybzrwybtwlzzysy	三月不知肉味，曰：“不图为乐之至于斯也。”	论语·述而 7.14	2
ybtwlzzysy	曰：“不图为乐之至于斯也。”	论语·述而 7.14	2
btwlzzysy	“不图为乐之至于斯也。”	论语·述而 7.14	2
ryyfzwwjh	冉有曰：“夫子为卫君乎？”	论语·述而 7.15	1
fzwwjh	“夫子为卫君乎？”	论语·述而 7.15	2
zgynwjwz	子贡曰：“诺，吾将问之。”	论语·述而 7.15	1
nwjwz	“诺，吾将问之。”	论语·述而 7.15	2
wjwz	吾将问之。	论语·述而 7.15	2
rybysqhry	入，曰：“伯夷、叔齐何人也？”	论语·述而 7.15	1
ybysqhry	曰：“伯夷、叔齐何人也？”	论语·述而 7.15	2
bysqhry	“伯夷、叔齐何人也？”	论语·述而 7.15	2
sqhry	叔齐何人也？	论语·述而 7.15	2
ygzxry	曰：“古之贤人也。”	论语·述而 7.15	1
gzxry	“古之贤人也。”	论语·述而 7.15	2
yyh	曰：“怨乎？”	论语·述而 7.15	1
yh	“怨乎？”	论语·述而 7.15	2
yqredryhy	曰：“求仁而得仁，又何怨？”	论语·述而 7.15	1
qredryhy	“求仁而得仁，又何怨？”	论语·述而 7.15	2
yhy	又何怨？	论语·述而 7.15	2
cyfzbwy	出，曰：“夫子不为也。”	论语·述而 7.15	1
yfzbwy	曰：“夫子不为也。”	论语·述而 7.15	2
fzbwy	“夫子不为也。”	论语·述而 7.15	2
zyfssysqgezzlyzqzy	子曰：饭疏食饮水，曲肱而枕之，乐亦在其中矣。	论语·述而 7.16	1
fssysqgezzlyzqzy	饭疏食饮水，曲肱而枕之，乐亦在其中矣。	论语·述而 7.16	2
qgezzlyzqzy	曲肱而枕之，乐亦在其中矣。	论语·述而 7.16	2
lyzqzy	乐亦在其中矣。	论语·述而 7.16	2
byefqgywrfy	不义而富且贵，于我如浮云。	论语·述而 7.16	1
ywrfy	于我如浮云。	论语·述而 7.16	2
zyjwsnwsyxykywdgy	子曰：“加我数年，五十以学《易》，可以无大过矣。”	论语·述而 7.17	1
jwsnwsyxykywdgy	“加我数年，五十以学《易》，可以无大过矣。”	论语·述而 7.17	2
wsyxykywdgy	五十以学《易》，可以无大过矣。	论语·述而 7.17	2
kywdgy	可以无大过矣。	论语·述而 7.17	2
zsyysszljyyy	子所雅言，《诗》、《书》、执礼，皆雅言也。	论语·述而 7.18	1
sszljyyy	《诗》、《书》、执礼，皆雅言也。	论语·述而 7.18	2
szljyyy	《书》、执礼，皆雅言也。	论语·述而 7.18	2
zljyyy	执礼，皆雅言也。	论语·述而 7.18	2
jyyy	皆雅言也。	论语·述而 7.18	2
ygwkzyzlzlbd	叶公问孔子于子路，子路不对。	论语·述而 7.19	1
zlbd	子路不对。	论语·述而 7.19	2
zynxbyqwryffwslywybzlzjzye	子曰：“女奚不曰：其为人也，发愤忘食，乐以忘忧，不知老之将至云尔。”	论语·述而 7.19	1
nxbyqwryffwslywybzlzjzye	“女奚不曰：其为人也，发愤忘食，乐以忘忧，不知老之将至云尔。”	论语·述而 7.19	2
qwryffwslywybzlzjzye	其为人也，发愤忘食，乐以忘忧，不知老之将至云尔。	论语·述而 7.19	2
ffwslywybzlzjzye	发愤忘食，乐以忘忧，不知老之将至云尔。	论语·述而 7.19	2
lywybzlzjzye	乐以忘忧，不知老之将至云尔。	论语·述而 7.19	2
bzlzjzye	不知老之将至云尔。	论语·述而 7.19	2
zywfsezzzhgmyqzzy	子曰：“我非生而知之者，好古，敏以求之者也。”	论语·述而 7.20	1
wfsezzzhgmyqzzy	“我非生而知之者，好古，敏以求之者也。”	论语·述而 7.20	2
hgmyqzzy	好古，敏以求之者也。	论语·述而 7.20	2
myqzzy	敏以求之者也。	论语·述而 7.20	2
zbyglls	子不语怪、力、乱、神。	论语·述而 7.21	1
lls	力、乱、神。	论语·述而 7.21	2
ls	乱、神。	论语·述而 7.21	2
zysrxbywsy	子曰：三人行，必有我师焉。	论语·述而 7.22	1
srxbywsy	三人行，必有我师焉。	论语·述而 7.22	2
bywsy	必有我师焉。	论语·述而 7.22	2
zqszeczqbszegz	择其善者而从之，其不善者而改之。	论语·述而 7.22	1
qbszegz	其不善者而改之。	论语·述而 7.22	2
zytsdyyhtqryh	子曰：“天生德于予，桓魋其如予何？”	论语·述而 7.23	1
tsdyyhtqryh	“天生德于予，桓魋其如予何？”	论语·述而 7.23	2
htqryh	桓魋其如予何？	论语·述而 7.23	2
zyeszywwyh	子曰：二三子以我为隐乎？	论语·述而 7.24	1
eszywwyh	二三子以我为隐乎？	论语·述而 7.24	2
wwyhe	吾无隐乎尔！	论语·述而 7.24	1
wwxebyeszzsqy	吾无行而不与二三子者，是丘也。	论语·述而 7.24	1
sqy	是丘也。	论语·述而 7.24	2
zysjwxzx	子以四教：文，行，忠，信。	论语·述而 7.25	1
wxzx	文，行，忠，信。	论语·述而 7.25	2
xzx	行，忠，信。	论语·述而 7.25	2
zx	忠，信。	论语·述而 7.25	2
zysrwbdejzydjjzzsky	子曰：“圣人，吾不得而见之矣；得见君子者斯可矣。”	论语·述而 7.26	1
srwbdejzydjjzzsky	“圣人，吾不得而见之矣；得见君子者斯可矣。”	论语·述而 7.26	2
wbdejzydjjzzsky	吾不得而见之矣；得见君子者斯可矣。	论语·述而 7.26	2
djjzzsky	得见君子者斯可矣。	论语·述而 7.26	2
zysrwbdejzydjyhzsky	子曰：善人，吾不得而见之矣，得见有恒者斯可矣。	论语·述而 7.26	1
srwbdejzydjyhzsky	善人，吾不得而见之矣，得见有恒者斯可矣。	论语·述而 7.26	2
wbdejzydjyhzsky	吾不得而见之矣，得见有恒者斯可矣。	论语·述而 7.26	2
djyhzsky	得见有恒者斯可矣。	论语·述而 7.26	2
wewyxewyyewtnhyhh	亡而为有，虚而为盈，约而为泰，难乎有恒乎。	论语·述而 7.26	1
xewyyewtnhyhh	虚而为盈，约而为泰，难乎有恒乎。	论语·述而 7.26	2
yewtnhyhh	约而为泰，难乎有恒乎。	论语·述而 7.26	2
nhyhh	难乎有恒乎。	论语·述而 7.26	2
zdebgybss	子钓而不纲，弋不射宿。	论语·述而 7.27	1
ybss	弋不射宿。	论语·述而 7.27	2
zygybzezzzwwsy	子曰：盖有不知而作之者，我无是也。	论语·述而 7.28	1
gybzezzzwwsy	盖有不知而作之者，我无是也。	论语·述而 7.28	2
wwsy	我无是也。	论语·述而 7.28	2
dwzqszeczdjeszzzcy	多闻，择其善者而从之；多见而识之，知之次也。	论语·述而 7.28	1
zqszeczdjeszzzcy	择其善者而从之；多见而识之，知之次也。	论语·述而 7.28	2
djeszzzcy	多见而识之，知之次也。	论语·述而 7.28	2
zzcy	知之次也。	论语·述而 7.28	2
hxnyytzjmrh	互乡难与言，童子见，门人惑。	论语·述而 7.29	1
tzjmrh	童子见，门人惑。	论语·述而 7.29	2
mrh	门人惑。	论语·述而 7.29	2
zyyqjybyqtywhs	子曰：与其进也，不与其退也，唯何甚？	论语·述而 7.29	1
yqjybyqtywhs	与其进也，不与其退也，唯何甚？	论语·述而 7.29	2
byqtywhs	不与其退也，唯何甚？	论语·述而 7.29	2
whs	唯何甚？	论语·述而 7.29	2
rjjyjyqjybbqwy	人洁己以进，与其洁也，不保其往也。	论语·述而 7.29	1
yqjybbqwy	与其洁也，不保其往也。	论语·述而 7.29	2
bbqwy	不保其往也。	论语·述而 7.29	2
zyryhz	子曰：仁远乎哉？	论语·述而 7.30	1
ryhz	仁远乎哉？	论语·述而 7.30	2
wyrsrzy	我欲仁，斯仁至矣。	论语·述而 7.30	1
srzy	斯仁至矣。	论语·述而 7.30	2
csbwzgzlh	陈司败问：“昭公知礼乎？”	论语·述而 7.31	1
zgzlh	“昭公知礼乎？”	论语·述而 7.31	2
kzyzl	孔子曰：“知礼。”	论语·述而 7.31	1
zl	“知礼。”	论语·述而 7.31	2
kztywmqejzywwjzbdjzydh	孔子退，揖巫马期而进之，曰：吾闻君子不党，君子亦党乎？	论语·述而 7.31	1
ywmqejzywwjzbdjzydh	揖巫马期而进之，曰：吾闻君子不党，君子亦党乎？	论语·述而 7.31	2
ywwjzbdjzydh	曰：吾闻君子不党，君子亦党乎？	论语·述而 7.31	2
wwjzbdjzydh	吾闻君子不党，君子亦党乎？	论语·述而 7.31	2
jzydh	君子亦党乎？	论语·述而 7.31	2
jqywwtxwzwmz	君取于吴，为同姓，谓之吴孟子。	论语·述而 7.31	1
wtxwzwmz	为同姓，谓之吴孟子。	论语·述而 7.31	2
wzwmz	谓之吴孟子。	论语·述而 7.31	2
jezlsbzl	君而知礼，孰不知礼？	论语·述而 7.31	1
wmqygzyqyxgygrbzz	巫马期以告，子曰：“丘也幸，苟有过，人必知之。”	论语·述而 7.31	1
zyqyxgygrbzz	子曰：“丘也幸，苟有过，人必知之。”	论语·述而 7.31	2
qyxgygrbzz	“丘也幸，苟有过，人必知之。”	论语·述而 7.31	2
gygrbzz	苟有过，人必知之。	论语·述而 7.31	2
rbzz	人必知之。	论语·述而 7.31	2
zyrgesbsfzehhz	子与人歌而善，必使反之，而后和之。	论语·述而 7.32	1
bsfzehhz	必使反之，而后和之。	论语·述而 7.32	2
ehhz	而后和之。	论语·述而 7.32	2
zywmwyry	子曰：文，莫吾犹人也。	论语·述而 7.33	1
wmwyry	文，莫吾犹人也。	论语·述而 7.33	2
mwyry	莫吾犹人也。	论语·述而 7.33	2
gxjzzwwzyd	躬行君子，则吾未之有得。	论语·述而 7.33	1
zwwzyd	则吾未之有得。	论语·述而 7.33	2
zyrsyrzwqg	子曰：若圣与仁，则吾岂敢？	论语·述而 7.34	1
rsyrzwqg	若圣与仁，则吾岂敢？	论语·述而 7.34	2
zwqg	则吾岂敢？	论语·述而 7.34	2
ywzbyhrbjzkwyeyy	抑为之不厌，诲人不倦，则可谓云尔已矣。	论语·述而 7.34	1
hrbjzkwyeyy	诲人不倦，则可谓云尔已矣。	论语·述而 7.34	2
zkwyeyy	则可谓云尔已矣。	论语·述而 7.34	2
gxhyzwdzbnxy	公西华曰：“正唯弟子不能学也。”	论语·述而 7.34	1
zwdzbnxy	“正唯弟子不能学也。”	论语·述而 7.34	2
zjbzlqd	子疾病，子路请祷。	论语·述而 7.35	1
zlqd	子路请祷。	论语·述而 7.35	2
zyyz	子曰：“有诸？”	论语·述而 7.35	1
yz	“有诸？”	论语·述而 7.35	2
zldyyz	子路对曰：有之。	论语·述而 7.35	1
yz	有之。	论语·述而 7.35	2
lydeysxsq	《诔》曰：‘祷尔于上下神祇。’	论语·述而 7.35	1
deysxsq	‘祷尔于上下神祇。’	论语·述而 7.35	2
zyqzdjy	子曰：“丘之祷久矣。”	论语·述而 7.35	1
qzdjy	“丘之祷久矣。”	论语·述而 7.35	2
zyszbsjzg	子曰：奢则不孙，俭则固。	论语·述而 7.36	1
szbsjzg	奢则不孙，俭则固。	论语·述而 7.36	2
jzg	俭则固。	论语·述而 7.36	2
yqbsyng	与其不孙也，宁固。	论语·述而 7.36	1
ng	宁固。	论语·述而 7.36	2
zyjztddxrzqq	子曰：“君子坦荡荡，小人长戚戚。”	论语·述而 7.37	1
jztddxrzqq	“君子坦荡荡，小人长戚戚。”	论语·述而 7.37	2
xrzqq	小人长戚戚。	论语·述而 7.37	2
zwelwebmgea	子温而厉，威而不猛，恭而安。	论语·述而 7.38	1
webmgea	威而不猛，恭而安。	论语·述而 7.38	2
gea	恭而安。	论语·述而 7.38	2
zytbqkwzdyyy	子曰：泰伯，其可谓至德也已矣。	论语·泰伯 8.1	1
tbqkwzdyyy	泰伯，其可谓至德也已矣。	论语·泰伯 8.1	2
qkwzdyyy	其可谓至德也已矣。	论语·泰伯 8.1	2
sytxrmwdecy	三以天下让，民无得而称焉。	论语·泰伯 8.1	1
mwdecy	民无得而称焉。	论语·泰伯 8.1	2
zygewlzlsewlzxyewlzlzewlzj	子曰：恭而无礼则劳；慎而无礼则葸；勇而无礼则乱；直而无礼则绞。	论语·泰伯 8.2	1
gewlzlsewlzxyewlzlzewlzj	恭而无礼则劳；慎而无礼则葸；勇而无礼则乱；直而无礼则绞。	论语·泰伯 8.2	2
sewlzxyewlzlzewlzj	慎而无礼则葸；勇而无礼则乱；直而无礼则绞。	论语·泰伯 8.2	2
yewlzlzewlzj	勇而无礼则乱；直而无礼则绞。	论语·泰伯 8.2	2
zewlzj	直而无礼则绞。	论语·泰伯 8.2	2
jzdyqzmxyrgjbyzmbt	君子笃于亲，则民兴于仁；故旧不遗，则民不偷。	论语·泰伯 8.2	1
zmxyrgjbyzmbt	则民兴于仁；故旧不遗，则民不偷。	论语·泰伯 8.2	2
gjbyzmbt	故旧不遗，则民不偷。	论语·泰伯 8.2	2
zmbt	则民不偷。	论语·泰伯 8.2	2
czyjzmdzyqyzqys	曾子有疾，召门弟子曰：启予足，启予手。	论语·泰伯 8.3	1
zmdzyqyzqys	召门弟子曰：启予足，启予手。	论语·泰伯 8.3	2
qyzqys	启予足，启予手。	论语·泰伯 8.3	2
qys	启予手。	论语·泰伯 8.3	2
syzzjjrlsyrlbb	《诗》云：‘战战兢兢，如临深渊，如履薄冰。’	论语·泰伯 8.3	1
zzjjrlsyrlbb	‘战战兢兢，如临深渊，如履薄冰。’	论语·泰伯 8.3	2
rlsyrlbb	如临深渊，如履薄冰。	论语·泰伯 8.3	2
rlbb	如履薄冰。	论语·泰伯 8.3	2
ejehwzmfxz	而今而后，吾知免夫，小子！	论语·泰伯 8.3	1
wzmfxz	吾知免夫，小子！	论语·泰伯 8.3	2
xz	小子！	论语·泰伯 8.3	2
czyjmjzwz	曾子有疾，孟敬子问之。	论语·泰伯 8.4	1
mjzwz	孟敬子问之。	论语·泰伯 8.4	2
czyynzjsqmyarzjsqyys	曾子言曰：鸟之将死，其鸣也哀；人之将死，其言也善。	论语·泰伯 8.4	1
nzjsqmyarzjsqyys	鸟之将死，其鸣也哀；人之将死，其言也善。	论语·泰伯 8.4	2
qmyarzjsqyys	其鸣也哀；人之将死，其言也善。	论语·泰伯 8.4	2
rzjsqyys	人之将死，其言也善。	论语·泰伯 8.4	2
qyys	其言也善。	论语·泰伯 8.4	2
jzsghdzsdrmsybmyzyssjxyccqsybby	君子所贵乎道者三：动容貌，斯远暴慢矣；正颜色，斯近信矣；出辞气，斯远鄙倍矣。	论语·泰伯 8.4	1
drmsybmyzyssjxyccqsybby	动容貌，斯远暴慢矣；正颜色，斯近信矣；出辞气，斯远鄙倍矣。	论语·泰伯 8.4	2
sybmyzyssjxyccqsybby	斯远暴慢矣；正颜色，斯近信矣；出辞气，斯远鄙倍矣。	论语·泰伯 8.4	2
zyssjxyccqsybby	正颜色，斯近信矣；出辞气，斯远鄙倍矣。	论语·泰伯 8.4	2
sjxyccqsybby	斯近信矣；出辞气，斯远鄙倍矣。	论语·泰伯 8.4	2
ccqsybby	出辞气，斯远鄙倍矣。	论语·泰伯 8.4	2
sybby	斯远鄙倍矣。	论语·泰伯 8.4	2
bdzszysc	笾豆之事，则有司存。	论语·泰伯 8.4	1
zysc	则有司存。	论语·泰伯 8.4	2
czyynwybnydwygyrwsrxfebj	曾子曰：以能问于不能；以多问于寡；有若无，实若虚，犯而不校。	论语·泰伯 8.5	1
ynwybnydwygyrwsrxfebj	以能问于不能；以多问于寡；有若无，实若虚，犯而不校。	论语·泰伯 8.5	2
ydwygyrwsrxfebj	以多问于寡；有若无，实若虚，犯而不校。	论语·泰伯 8.5	2
yrwsrxfebj	有若无，实若虚，犯而不校。	论语·泰伯 8.5	2
srxfebj	实若虚，犯而不校。	论语·泰伯 8.5	2
febj	犯而不校。	论语·泰伯 8.5	2
xzwyccsysy	昔者吾友尝从事于斯矣。	论语·泰伯 8.5	1
czykytlczgkyjblzmldjebkdy	曾子曰：可以托六尺之孤，可以寄百里之命，临大节而不可夺也。	论语·泰伯 8.6	1
kytlczgkyjblzmldjebkdy	可以托六尺之孤，可以寄百里之命，临大节而不可夺也。	论语·泰伯 8.6	2
kyjblzmldjebkdy	可以寄百里之命，临大节而不可夺也。	论语·泰伯 8.6	2
ldjebkdy	临大节而不可夺也。	论语·泰伯 8.6	2
jzry	君子人与？	论语·泰伯 8.6	1
jzry	君子人也。	论语·泰伯 8.6	1
czysbkybhyrzedy	曾子曰：士不可以不弘毅，任重而道远。	论语·泰伯 8.7	1
sbkybhyrzedy	士不可以不弘毅，任重而道远。	论语·泰伯 8.7	2
rzedy	任重而道远。	论语·泰伯 8.7	2
rywjrbyzh	仁以为己任，不亦重乎？	论语·泰伯 8.7	1
byzh	不亦重乎？	论语·泰伯 8.7	2
sehybyyh	死而后已，不亦远乎？	论语·泰伯 8.7	1
byyh	不亦远乎？	论语·泰伯 8.7	2
zyxyslylcyl	子曰：“兴于《诗》，立于礼，成于乐。”	论语·泰伯 8.8	1
xyslylcyl	“兴于《诗》，立于礼，成于乐。”	论语·泰伯 8.8	2
lylcyl	立于礼，成于乐。	论语·泰伯 8.8	2
cyl	成于乐。	论语·泰伯 8.8	2
zymksyzbkszz	子曰：“民可使由之，不可使知之。”	论语·泰伯 8.9	1
mksyzbkszz	“民可使由之，不可使知之。”	论语·泰伯 8.9	2
bkszz	不可使知之。	论语·泰伯 8.9	2
zyhyjply	子曰：好勇疾贫，乱也。	论语·泰伯 8.10	1
hyjply	好勇疾贫，乱也。	论语·泰伯 8.10	2
ly	乱也。	论语·泰伯 8.10	2
rebrjzysly	人而不仁，疾之已甚，乱也。	论语·泰伯 8.10	1
jzysly	疾之已甚，乱也。	论语·泰伯 8.10	2
zyryzgzczmsjqlqybzgyy	子曰：“如有周公之才之美，使骄且吝，其余不足观也已。”	论语·泰伯 8.11	1
ryzgzczmsjqlqybzgyy	“如有周公之才之美，使骄且吝，其余不足观也已。”	论语·泰伯 8.11	2
sjqlqybzgyy	使骄且吝，其余不足观也已。	论语·泰伯 8.11	2
qybzgyy	其余不足观也已。	论语·泰伯 8.11	2
zysnxbzygbydy	子曰：“三年学，不至于谷，不易得也。”	论语·泰伯 8.12	1
snxbzygbydy	“三年学，不至于谷，不易得也。”	论语·泰伯 8.12	2
bzygbydy	不至于谷，不易得也。	论语·泰伯 8.12	2
bydy	不易得也。	论语·泰伯 8.12	2
zydxhxsssd	子曰：笃信好学，守死善道。	论语·泰伯 8.13	1
dxhxsssd	笃信好学，守死善道。	论语·泰伯 8.13	2
sssd	守死善道。	论语·泰伯 8.13	2
wbbrlbbj	危邦不入，乱邦不居。	论语·泰伯 8.13	1
lbbj	乱邦不居。	论语·泰伯 8.13	2
txydzjwdzy	天下有道则见，无道则隐。	论语·泰伯 8.13	1
wdzy	无道则隐。	论语·泰伯 8.13	2
bydpqjycybwdfqgycy	邦有道，贫且贱焉，耻也；邦无道，富且贵焉，耻也。	论语·泰伯 8.13	1
pqjycybwdfqgycy	贫且贱焉，耻也；邦无道，富且贵焉，耻也。	论语·泰伯 8.13	2
cybwdfqgycy	耻也；邦无道，富且贵焉，耻也。	论语·泰伯 8.13	2
bwdfqgycy	邦无道，富且贵焉，耻也。	论语·泰伯 8.13	2
fqgycy	富且贵焉，耻也。	论语·泰伯 8.13	2
cy	耻也。	论语·泰伯 8.13	2
zybzqwbmqz	子曰：“不在其位，不谋其政。”	论语·泰伯 8.14	1
bzqwbmqz	“不在其位，不谋其政。”	论语·泰伯 8.14	2
bmqz	不谋其政。	论语·泰伯 8.14	2
zyszzsgjzlyyhyez	子曰：“师挚之始，《关雎》之乱，洋洋乎盈耳哉！”	论语·泰伯 8.15	1
szzsgjzlyyhyez	“师挚之始，《关雎》之乱，洋洋乎盈耳哉！”	论语·泰伯 8.15	2
gjzlyyhyez	《关雎》之乱，洋洋乎盈耳哉！	论语·泰伯 8.15	2
yyhyez	洋洋乎盈耳哉！	论语·泰伯 8.15	2
zykebzdebykkebxwbzzy	子曰：“狂而不直，侗而不愿，悾悾而不信，吾不知之矣。”	论语·泰伯 8.16	1
kebzdebykkebxwbzzy	“狂而不直，侗而不愿，悾悾而不信，吾不知之矣。”	论语·泰伯 8.16	2
debykkebxwbzzy	侗而不愿，悾悾而不信，吾不知之矣。	论语·泰伯 8.16	2
kkebxwbzzy	悾悾而不信，吾不知之矣。	论语·泰伯 8.16	2
wbzzy	吾不知之矣。	论语·泰伯 8.16	2
zyxrbjyksz	子曰：“学如不及，犹恐失之。”	论语·泰伯 8.17	1
xrbjyksz	“学如不及，犹恐失之。”	论语·泰伯 8.17	2
yksz	犹恐失之。	论语·泰伯 8.17	2
zywwh	子曰：巍巍乎！	论语·泰伯 8.18	1
wwh	巍巍乎！	论语·泰伯 8.18	2
syzytxyebyy	舜、禹之有天下也而不与焉。	论语·泰伯 8.18	1
yzytxyebyy	禹之有天下也而不与焉。	论语·泰伯 8.18	2
zydzyzwjy	子曰：大哉尧之为君也！	论语·泰伯 8.19	1
dzyzwjy	大哉尧之为君也！	论语·泰伯 8.19	2
wwhwtwdwyzz	巍巍乎，唯天为大，唯尧则之。	论语·泰伯 8.19	1
wtwdwyzz	唯天为大，唯尧则之。	论语·泰伯 8.19	2
wyzz	唯尧则之。	论语·泰伯 8.19	2
ddhmwnmy	荡荡乎，民无能名焉。	论语·泰伯 8.19	1
mwnmy	民无能名焉。	论语·泰伯 8.19	2
wwhqycgyhhqywz	巍巍乎其有成功也，焕乎其有文章！	论语·泰伯 8.19	1
hhqywz	焕乎其有文章！	论语·泰伯 8.19	2
sycwretxz	舜有臣五人而天下治。	论语·泰伯 8.20	1
wwyyylcsr	武王曰：“予有乱臣十人。”	论语·泰伯 8.20	1
yylcsr	“予有乱臣十人。”	论语·泰伯 8.20	2
kzycnbqrh	孔子曰：才难，不其然乎？	论语·泰伯 8.20	1
cnbqrh	才难，不其然乎？	论语·泰伯 8.20	2
bqrh	不其然乎？	论语·泰伯 8.20	2
tyzjyswsyfryjrey	唐虞之际，于斯为盛；有妇人焉，九人而已。	论语·泰伯 8.20	1
yswsyfryjrey	于斯为盛；有妇人焉，九人而已。	论语·泰伯 8.20	2
yfryjrey	有妇人焉，九人而已。	论语·泰伯 8.20	2
jrey	九人而已。	论语·泰伯 8.20	2
sftxyqeyfsy	三分天下有其二，以服事殷。	论语·泰伯 8.20	1
yfsy	以服事殷。	论语·泰伯 8.20	2
zzdqkwzdyyy	周之德，其可谓至德也已矣。	论语·泰伯 8.20	1
zyywwjry	子曰：禹，吾无间然矣。	论语·泰伯 8.21	1
ywwjry	禹，吾无间然矣。	论语·泰伯 8.21	2
wwjry	吾无间然矣。	论语·泰伯 8.21	2
fysezxhgseyfezmhfmbgsejlhgx	菲饮食而致孝乎鬼神，恶衣服而致美乎黼冕，卑宫室而尽力乎沟洫。	论语·泰伯 8.21	1
eyfezmhfmbgsejlhgx	恶衣服而致美乎黼冕，卑宫室而尽力乎沟洫。	论语·泰伯 8.21	2
bgsejlhgx	卑宫室而尽力乎沟洫。	论语·泰伯 8.21	2
zhylymyr	子罕言利与命与仁。	论语·子罕 9.1	1
dxdrydzkz	达巷党人曰：大哉孔子！	论语·子罕 9.2	1
dzkz	大哉孔子！	论语·子罕 9.2	2
bxewscm	博学而无所成名。	论语·子罕 9.2	1
zwzwmdzywhz	子闻之，谓门弟子曰：吾何执？	论语·子罕 9.2	1
wmdzywhz	谓门弟子曰：吾何执？	论语·子罕 9.2	2
whz	吾何执？	论语·子罕 9.2	2
zyhzsh	执御乎，执射乎？	论语·子罕 9.2	1
zsh	执射乎？	论语·子罕 9.2	2
wzyy	吾执御矣。	论语·子罕 9.2	1
zymmlyjycjwcz	子曰：麻冕，礼也；今也纯，俭，吾从众。	论语·子罕 9.3	1
mmlyjycjwcz	麻冕，礼也；今也纯，俭，吾从众。	论语·子罕 9.3	2
lyjycjwcz	礼也；今也纯，俭，吾从众。	论语·子罕 9.3	2
jycjwcz	今也纯，俭，吾从众。	论语·子罕 9.3	2
jwcz	俭，吾从众。	论语·子罕 9.3	2
wcz	吾从众。	论语·子罕 9.3	2
bxlyjbhstyswzwcx	拜下，礼也；今拜乎上，泰也；虽违众，吾从下。	论语·子罕 9.3	1
lyjbhstyswzwcx	礼也；今拜乎上，泰也；虽违众，吾从下。	论语·子罕 9.3	2
jbhstyswzwcx	今拜乎上，泰也；虽违众，吾从下。	论语·子罕 9.3	2
tyswzwcx	泰也；虽违众，吾从下。	论语·子罕 9.3	2
swzwcx	虽违众，吾从下。	论语·子罕 9.3	2
wcx	吾从下。	论语·子罕 9.3	2
zjswywbwgww	子绝四：毋意、毋必、毋固、毋我。	论语·子罕 9.4	1
wywbwgww	毋意、毋必、毋固、毋我。	论语·子罕 9.4	2
wbwgww	毋必、毋固、毋我。	论语·子罕 9.4	2
wgww	毋固、毋我。	论语·子罕 9.4	2
ww	毋我。	论语·子罕 9.4	2
zwykywwjmwbzzh	子畏于匡，曰：文王既没，文不在兹乎？	论语·子罕 9.5	1
ywwjmwbzzh	曰：文王既没，文不在兹乎？	论语·子罕 9.5	2
wwjmwbzzh	文王既没，文不在兹乎？	论语·子罕 9.5	2
wbzzh	文不在兹乎？	论语·子罕 9.5	2
tzjsswyhszbdyyswytzwsswykrqryh	天之将丧斯文也，后死者不得与于斯文也；天之未丧斯文也，匡人其如予何？	论语·子罕 9.5	1
hszbdyyswytzwsswykrqryh	后死者不得与于斯文也；天之未丧斯文也，匡人其如予何？	论语·子罕 9.5	2
tzwsswykrqryh	天之未丧斯文也，匡人其如予何？	论语·子罕 9.5	2
krqryh	匡人其如予何？	论语·子罕 9.5	2
tzwyzgyfzszyhqdny	太宰问于子贡曰：“夫子圣者与，何其多能也？”	论语·子罕 9.6	1
fzszyhqdny	“夫子圣者与，何其多能也？”	论语·子罕 9.6	2
hqdny	何其多能也？	论语·子罕 9.6	2
zgygtzzjsydny	子贡曰：“固天纵之将圣，又多能也。”	论语·子罕 9.6	1
gtzzjsydny	“固天纵之将圣，又多能也。”	论语·子罕 9.6	2
ydny	又多能也。	论语·子罕 9.6	2
zwzytzzwh	子闻之，曰：太宰知我乎？	论语·子罕 9.6	1
ytzzwh	曰：太宰知我乎？	论语·子罕 9.6	2
tzzwh	太宰知我乎？	论语·子罕 9.6	2
wsyjgdnbs	吾少也贱，故多能鄙事。	论语·子罕 9.6	1
gdnbs	故多能鄙事。	论语·子罕 9.6	2
jzdhz	君子多乎哉？	论语·子罕 9.6	1
bdy	不多也。	论语·子罕 9.6	1
lyzywbsgy	牢曰：“子云：‘吾不试，故艺。’”	论语·子罕 9.7	1
zywbsgy	“子云：‘吾不试，故艺。’”	论语·子罕 9.7	2
wbsgy	‘吾不试，故艺。’	论语·子罕 9.7	2
gy	故艺。	论语·子罕 9.7	2
zywyzhz	子曰：吾有知乎哉？	论语·子罕 9.8	1
wyzhz	吾有知乎哉？	论语·子罕 9.8	2
wzy	无知也。	论语·子罕 9.8	1
ybfwywkkry	有鄙夫问于我，空空如也。	论语·子罕 9.8	1
kkry	空空如也。	论语·子罕 9.8	2
wkqldejy	我叩其两端而竭焉。	论语·子罕 9.8	1
zyfnbzhbctwyyf	子曰：“凤鸟不至，河不出图，吾已矣夫！”	论语·子罕 9.9	1
fnbzhbctwyyf	“凤鸟不至，河不出图，吾已矣夫！”	论语·子罕 9.9	2
hbctwyyf	河不出图，吾已矣夫！	论语·子罕 9.9	2
wyyf	吾已矣夫！	论语·子罕 9.9	2
zjqszmyszygzjzssbzgzbq	子见齐衰者、冕衣裳者与瞽者，见之，虽少，必作，过之必趋。	论语·子罕 9.10	1
myszygzjzssbzgzbq	冕衣裳者与瞽者，见之，虽少，必作，过之必趋。	论语·子罕 9.10	2
jzssbzgzbq	见之，虽少，必作，过之必趋。	论语·子罕 9.10	2
ssbzgzbq	虽少，必作，过之必趋。	论语·子罕 9.10	2
bzgzbq	必作，过之必趋。	论语·子罕 9.10	2
gzbq	过之必趋。	论语·子罕 9.10	2
yykrtyyzmgzzmj	颜渊喟然叹曰：仰之弥高，钻之弥坚。	论语·子罕 9.11	1
yzmgzzmj	仰之弥高，钻之弥坚。	论语·子罕 9.11	2
zzmj	钻之弥坚。	论语·子罕 9.11	2
zzzqhyzh	瞻之在前，忽焉在后。	论语·子罕 9.11	1
hyzh	忽焉在后。	论语·子罕 9.11	2
fzxxrsyrbwywywylybbn	夫子循循然善诱人，博我以文，约我以礼，欲罢不能。	论语·子罕 9.11	1
bwywywylybbn	博我以文，约我以礼，欲罢不能。	论语·子罕 9.11	2
ywylybbn	约我以礼，欲罢不能。	论语·子罕 9.11	2
ybbn	欲罢不能。	论语·子罕 9.11	2
jjwcryslzesyczmyyy	既竭吾才，如有所立卓尔，虽欲从之，末由也已。	论语·子罕 9.11	1
ryslzesyczmyyy	如有所立卓尔，虽欲从之，末由也已。	论语·子罕 9.11	2
syczmyyy	虽欲从之，末由也已。	论语·子罕 9.11	2
myyy	末由也已。	论语·子罕 9.11	2
zjbzlsmrwc	子疾病，子路使门人为臣。	论语·子罕 9.12	1
zlsmrwc	子路使门人为臣。	论语·子罕 9.12	2
bjyjyzyzxzy	病间，曰：久矣哉，由之行诈也！	论语·子罕 9.12	1
yjyzyzxzy	曰：久矣哉，由之行诈也！	论语·子罕 9.12	2
jyzyzxzy	久矣哉，由之行诈也！	论语·子罕 9.12	2
yzxzy	由之行诈也！	论语·子罕 9.12	2
wcewycwsq	无臣而为有臣，吾谁欺？	论语·子罕 9.12	1
wsq	吾谁欺？	论语·子罕 9.12	2
qth	欺天乎？	论语·子罕 9.12	1
qyyqsyczsywnsyeszzsh	且予与其死于臣之手也，无宁死于二三子之手乎！	论语·子罕 9.12	1
wnsyeszzsh	无宁死于二三子之手乎！	论语·子罕 9.12	2
qyzbddzysydlh	且予纵不得大葬，予死于道路乎？	论语·子罕 9.12	1
ysydlh	予死于道路乎？	论语·子罕 9.12	2
zgyymyysydecz	子贡曰：有美玉于斯，韫椟而藏诸？	论语·子罕 9.13	1
ymyysydecz	有美玉于斯，韫椟而藏诸？	论语·子罕 9.13	2
ydecz	韫椟而藏诸？	论语·子罕 9.13	2
qsgegz	求善贾而沽诸？	论语·子罕 9.13	1
zygzzgzz	子曰：沽之哉，沽之哉！	论语·子罕 9.13	1
gzzgzz	沽之哉，沽之哉！	论语·子罕 9.13	2
gzz	沽之哉！	论语·子罕 9.13	2
wdjzy	我待贾者也。	论语·子罕 9.13	1
zyjjy	子欲居九夷。	论语·子罕 9.14	1
hylrzh	或曰：“陋，如之何？”	论语·子罕 9.14	1
lrzh	“陋，如之何？”	论语·子罕 9.14	2
zyjzjzhlzy	子曰：“君子居之，何陋之有！”	论语·子罕 9.14	1
jzjzhlzy	“君子居之，何陋之有！”	论语·子罕 9.14	2
hlzy	何陋之有！	论语·子罕 9.14	2
zywzwflrhlzysgdqs	子曰：“吾自卫反鲁，然后乐正，《雅》、《颂》各得其所。”	论语·子罕 9.15	1
wzwflrhlzysgdqs	“吾自卫反鲁，然后乐正，《雅》、《颂》各得其所。”	论语·子罕 9.15	2
rhlzysgdqs	然后乐正，《雅》、《颂》各得其所。	论语·子罕 9.15	2
ysgdqs	《雅》、《颂》各得其所。	论语·子罕 9.15	2
sgdqs	《颂》各得其所。	论语·子罕 9.15	2
zyczsgqrzsfxssbgbmbwjkhyywz	子曰：“出则事公卿，入则事父兄，丧事不敢不勉，不为酒困，何有于我哉？”	论语·子罕 9.16	1
czsgqrzsfxssbgbmbwjkhyywz	“出则事公卿，入则事父兄，丧事不敢不勉，不为酒困，何有于我哉？”	论语·子罕 9.16	2
rzsfxssbgbmbwjkhyywz	入则事父兄，丧事不敢不勉，不为酒困，何有于我哉？	论语·子罕 9.16	2
ssbgbmbwjkhyywz	丧事不敢不勉，不为酒困，何有于我哉？	论语·子罕 9.16	2
bwjkhyywz	不为酒困，何有于我哉？	论语·子罕 9.16	2
zzcsyszrsf	子在川上曰：逝者如斯夫！	论语·子罕 9.17	1
szrsf	逝者如斯夫！	论语·子罕 9.17	2
bszy	不舍昼夜。	论语·子罕 9.17	1
zywwjhdrhszy	子曰：“吾未见好德如好色者也。”	论语·子罕 9.18	1
wwjhdrhszy	“吾未见好德如好色者也。”	论语·子罕 9.18	2
zyprwswcykzwzyprpdsfykjwwy	子曰：“譬如为山，未成一篑，止，吾止也；譬如平地，虽覆一篑，进，吾往也。”	论语·子罕 9.19	1
prwswcykzwzyprpdsfykjwwy	“譬如为山，未成一篑，止，吾止也；譬如平地，虽覆一篑，进，吾往也。”	论语·子罕 9.19	2
wcykzwzyprpdsfykjwwy	未成一篑，止，吾止也；譬如平地，虽覆一篑，进，吾往也。	论语·子罕 9.19	2
zwzyprpdsfykjwwy	止，吾止也；譬如平地，虽覆一篑，进，吾往也。	论语·子罕 9.19	2
wzyprpdsfykjwwy	吾止也；譬如平地，虽覆一篑，进，吾往也。	论语·子罕 9.19	2
prpdsfykjwwy	譬如平地，虽覆一篑，进，吾往也。	论语·子罕 9.19	2
sfykjwwy	虽覆一篑，进，吾往也。	论语·子罕 9.19	2
jwwy	进，吾往也。	论语·子罕 9.19	2
wwy	吾往也。	论语·子罕 9.19	2
zyyzebdzqhyy	子曰：“语之而不惰者，其回也与！”	论语·子罕 9.20	1
yzebdzqhyy	“语之而不惰者，其回也与！”	论语·子罕 9.20	2
qhyy	其回也与！	论语·子罕 9.20	2
zwyyyxh	子谓颜渊，曰：惜乎！	论语·子罕 9.21	1
yxh	曰：惜乎！	论语·子罕 9.21	2
xh	惜乎！	论语·子罕 9.21	2
wjqjywjqzy	吾见其进也，未见其止也。	论语·子罕 9.21	1
wjqzy	未见其止也。	论语·子罕 9.21	2
zymebxzyyfxebszyyf	子曰：“苗而不秀者有矣夫，秀而不实者有矣夫。”	论语·子罕 9.22	1
mebxzyyfxebszyyf	“苗而不秀者有矣夫，秀而不实者有矣夫。”	论语·子罕 9.22	2
xebszyyf	秀而不实者有矣夫。	论语·子罕 9.22	2
zyhskwyzlzzbrjy	子曰：后生可畏，焉知来者之不如今也？	论语·子罕 9.23	1
hskwyzlzzbrjy	后生可畏，焉知来者之不如今也？	论语·子罕 9.23	2
yzlzzbrjy	焉知来者之不如今也？	论语·子罕 9.23	2
sswsewwysybzwyy	四十、五十而无闻焉，斯亦不足畏也已。	论语·子罕 9.23	1
wsewwysybzwyy	五十而无闻焉，斯亦不足畏也已。	论语·子罕 9.23	2
sybzwyy	斯亦不足畏也已。	论语·子罕 9.23	2
zyfyzynwch	子曰：法语之言，能无从乎？	论语·子罕 9.24	1
fyzynwch	法语之言，能无从乎？	论语·子罕 9.24	2
nwch	能无从乎？	论语·子罕 9.24	2
gzwg	改之为贵。	论语·子罕 9.24	1
xyzynwsh	巽与之言，能无说乎？	论语·子罕 9.24	1
nwsh	能无说乎？	论语·子罕 9.24	2
yzwg	绎之为贵。	论语·子罕 9.24	1
sebycebgwmrzhyyy	说而不绎，从而不改，吾末如之何也已矣。	论语·子罕 9.24	1
cebgwmrzhyyy	从而不改，吾末如之何也已矣。	论语·子罕 9.24	2
wmrzhyyy	吾末如之何也已矣。	论语·子罕 9.24	2
zyzzx	子曰：主忠信。	论语·子罕 9.25	1
zzx	主忠信。	论语·子罕 9.25	2
wybrjzgzwdg	毋友不如己者，过，则勿惮改。	论语·子罕 9.25	1
zysjkdsypfbkdzy	子曰：“三军可夺帅也，匹夫不可夺志也。”	论语·子罕 9.26	1
sjkdsypfbkdzy	“三军可夺帅也，匹夫不可夺志也。”	论语·子罕 9.26	2
pfbkdzy	匹夫不可夺志也。	论语·子罕 9.26	2
zyybypyyhhzlebczqyyy	子曰：衣敝缊袍，与衣狐貉者立而不耻者，其由也与！	论语·子罕 9.27	1
ybypyyhhzlebczqyyy	衣敝缊袍，与衣狐貉者立而不耻者，其由也与！	论语·子罕 9.27	2
yyhhzlebczqyyy	与衣狐貉者立而不耻者，其由也与！	论语·子罕 9.27	2
qyyy	其由也与！	论语·子罕 9.27	2
bzbqhybz	‘不忮不求，何用不臧？’	论语·子罕 9.27	1
hybz	何用不臧？	论语·子罕 9.27	2
zlzsszzysdyhzyz	子路终身诵之，子曰：“是道也，何足以臧？”	论语·子罕 9.27	1
zysdyhzyz	子曰：“是道也，何足以臧？”	论语·子罕 9.27	2
sdyhzyz	“是道也，何足以臧？”	论语·子罕 9.27	2
hzyz	何足以臧？	论语·子罕 9.27	2
zyshrhzsbzhdy	子曰：“岁寒，然后知松柏之后凋也。”	论语·子罕 9.28	1
shrhzsbzhdy	“岁寒，然后知松柏之后凋也。”	论语·子罕 9.28	2
rhzsbzhdy	然后知松柏之后凋也。	论语·子罕 9.28	2
zyzzbhrzbyyzbj	子曰：“知者不惑，仁者不忧，勇者不惧。”	论语·子罕 9.29	1
zzbhrzbyyzbj	“知者不惑，仁者不忧，勇者不惧。”	论语·子罕 9.29	2
rzbyyzbj	仁者不忧，勇者不惧。	论语·子罕 9.29	2
yzbj	勇者不惧。	论语·子罕 9.29	2
zykygxwkysdkysdwkylkylwkyq	子曰：“可与共学，未可与适道；可与适道，未可与立；可与立，未可与权。”	论语·子罕 9.30	1
kygxwkysdkysdwkylkylwkyq	“可与共学，未可与适道；可与适道，未可与立；可与立，未可与权。”	论语·子罕 9.30	2
wkysdkysdwkylkylwkyq	未可与适道；可与适道，未可与立；可与立，未可与权。	论语·子罕 9.30	2
kysdwkylkylwkyq	可与适道，未可与立；可与立，未可与权。	论语·子罕 9.30	2
wkylkylwkyq	未可与立；可与立，未可与权。	论语·子罕 9.30	2
kylwkyq	可与立，未可与权。	论语·子罕 9.30	2
wkyq	未可与权。	论语·子罕 9.30	2
tdzhpqfe	唐棣之华，偏其反而。	论语·子罕 9.31	1
pqfe	偏其反而。	论语·子罕 9.31	2
qbes	岂不尔思？	论语·子罕 9.31	1
ssye	室是远尔。	论语·子罕 9.31	1
zywzsyfhyzy	子曰：“未之思也，夫何远之有。”	论语·子罕 9.31	1
wzsyfhyzy	“未之思也，夫何远之有。”	论语·子罕 9.31	2
fhyzy	夫何远之有。	论语·子罕 9.31	2
kzyxdxxrysbnyzqzzmctbbywje	孔子于乡党，恂恂如也，似不能言者；其在宗庙朝庭，便便言，唯谨尔。	论语·乡党 10.1	1
xxrysbnyzqzzmctbbywje	恂恂如也，似不能言者；其在宗庙朝庭，便便言，唯谨尔。	论语·乡党 10.1	2
sbnyzqzzmctbbywje	似不能言者；其在宗庙朝庭，便便言，唯谨尔。	论语·乡党 10.1	2
qzzmctbbywje	其在宗庙朝庭，便便言，唯谨尔。	论语·乡党 10.1	2
bbywje	便便言，唯谨尔。	论语·乡党 10.1	2
wje	唯谨尔。	论语·乡党 10.1	2
cyxdfykkryysdfyyyry	朝，与下大夫言，侃侃如也；与上大夫言，訚訚如也。	论语·乡党 10.2	1
yxdfykkryysdfyyyry	与下大夫言，侃侃如也；与上大夫言，訚訚如也。	论语·乡党 10.2	2
kkryysdfyyyry	侃侃如也；与上大夫言，訚訚如也。	论语·乡党 10.2	2
ysdfyyyry	与上大夫言，訚訚如也。	论语·乡党 10.2	2
yyry	訚訚如也。	论语·乡党 10.2	2
jzcjryyyry	君在，踧踖如也，与与如也。	论语·乡党 10.2	1
cjryyyry	踧踖如也，与与如也。	论语·乡党 10.2	2
yyry	与与如也。	论语·乡党 10.2	2
jzsbsbryzjry	君召使摈，色勃如也，足躩如也。	论语·乡党 10.3	1
sbryzjry	色勃如也，足躩如也。	论语·乡党 10.3	2
zjry	足躩如也。	论语·乡党 10.3	2
ysylzysyqhcry	揖所与立，左右手，衣前后襜如也。	论语·乡党 10.3	1
zysyqhcry	左右手，衣前后襜如也。	论语·乡党 10.3	2
yqhcry	衣前后襜如也。	论语·乡党 10.3	2
qjyry	趋进，翼如也。	论语·乡党 10.3	1
yry	翼如也。	论语·乡党 10.3	2
btbfmybbgy	宾退，必复命曰：“宾不顾矣。”	论语·乡党 10.3	1
bfmybbgy	必复命曰：“宾不顾矣。”	论语·乡党 10.3	2
bbgy	“宾不顾矣。”	论语·乡党 10.3	2
rgmjgryrbr	入公门，鞠躬如也，如不容。	论语·乡党 10.4	1
jgryrbr	鞠躬如也，如不容。	论语·乡党 10.4	2
rbr	如不容。	论语·乡党 10.4	2
lbzmxbly	立不中门，行不履阈。	论语·乡党 10.4	1
xbly	行不履阈。	论语·乡党 10.4	2
gwsbryzjryqysbzz	过位，色勃如也，足躩如也，其言似不足者。	论语·乡党 10.4	1
sbryzjryqysbzz	色勃如也，足躩如也，其言似不足者。	论语·乡党 10.4	2
zjryqysbzz	足躩如也，其言似不足者。	论语·乡党 10.4	2
qysbzz	其言似不足者。	论语·乡党 10.4	2
sqstjgrybqsbxz	摄齐升堂，鞠躬如也，屏气似不息者。	论语·乡党 10.4	1
jgrybqsbxz	鞠躬如也，屏气似不息者。	论语·乡党 10.4	2
bqsbxz	屏气似不息者。	论语·乡党 10.4	2
cjydcysyyrymjqjyryfqwcjry	出，降一等，逞颜色，怡怡如也；没阶，趋进，翼如也；复其位，踧踖如也。	论语·乡党 10.4	1
jydcysyyrymjqjyryfqwcjry	降一等，逞颜色，怡怡如也；没阶，趋进，翼如也；复其位，踧踖如也。	论语·乡党 10.4	2
cysyyrymjqjyryfqwcjry	逞颜色，怡怡如也；没阶，趋进，翼如也；复其位，踧踖如也。	论语·乡党 10.4	2
yyrymjqjyryfqwcjry	怡怡如也；没阶，趋进，翼如也；复其位，踧踖如也。	论语·乡党 10.4	2
mjqjyryfqwcjry	没阶，趋进，翼如也；复其位，踧踖如也。	论语·乡党 10.4	2
qjyryfqwcjry	趋进，翼如也；复其位，踧踖如也。	论语·乡党 10.4	2
yryfqwcjry	翼如也；复其位，踧踖如也。	论语·乡党 10.4	2
fqwcjry	复其位，踧踖如也。	论语·乡党 10.4	2
cjry	踧踖如也。	论语·乡党 10.4	2
zgjgryrbs	执圭，鞠躬如也，如不胜。	论语·乡党 10.5	1
jgryrbs	鞠躬如也，如不胜。	论语·乡党 10.5	2
rbs	如不胜。	论语·乡党 10.5	2
sryxrs	上如揖，下如授。	论语·乡党 10.5	1
xrs	下如授。	论语·乡党 10.5	2
brzszssryx	勃如战色，足蹜蹜如有循。	论语·乡党 10.5	1
zssryx	足蹜蹜如有循。	论语·乡党 10.5	2
xlyrs	享礼，有容色。	论语·乡党 10.5	1
yrs	有容色。	论语·乡党 10.5	2
sdyyry	私觌，愉愉如也。	论语·乡党 10.5	1
yyry	愉愉如也。	论语·乡党 10.5	2
jzbygzshzbywxf	君子不以绀緅饰，红紫不以为亵服。	论语·乡党 10.6	1
hzbywxf	红紫不以为亵服。	论语·乡党 10.6	2
dszcxbbecz	当暑袗𫄨绤，必表而出之。	论语·乡党 10.6	1
bbecz	必表而出之。	论语·乡党 10.6	2
zygqsynqhyhq	缁衣羔裘，素衣麑裘，黄衣狐裘。	论语·乡党 10.6	1
synqhyhq	素衣麑裘，黄衣狐裘。	论语·乡党 10.6	2
hyhq	黄衣狐裘。	论语·乡党 10.6	2
xqcdym	亵裘长，短右袂。	论语·乡党 10.6	1
dym	短右袂。	论语·乡党 10.6	2
byqyzysyb	必有寝衣，长一身有半。	论语·乡党 10.6	1
zysyb	长一身有半。	论语·乡党 10.6	2
hhzhyj	狐貉之厚以居。	论语·乡党 10.6	1
qswsbp	去丧，无所不佩。	论语·乡党 10.6	1
wsbp	无所不佩。	论语·乡党 10.6	2
fwsbsz	非帷裳，必杀之。	论语·乡党 10.6	1
bsz	必杀之。	论语·乡党 10.6	2
gqxgbyd	羔裘玄冠不以吊。	论语·乡党 10.6	1
jybcfec	吉月，必朝服而朝。	论语·乡党 10.6	1
bcfec	必朝服而朝。	论语·乡党 10.6	2
qbymyb	齐，必有明衣，布。	论语·乡党 10.7	1
bymyb	必有明衣，布。	论语·乡党 10.7	2
qbbsjbqz	齐必变食，居必迁坐。	论语·乡党 10.7	1
jbqz	居必迁坐。	论语·乡党 10.7	2
sbyjkbyx	食不厌精，脍不厌细。	论语·乡党 10.8	1
kbyx	脍不厌细。	论语·乡党 10.8	2
syeaynerbbssebscebssrbsbsbsgbzbsbdqjbs	食饐而餲，鱼馁而肉败，不食；色恶，不食；臭恶，不食；失饪，不食；不时，不食；割不正，不食；不得其酱，不食。	论语·乡党 10.8	1
ynerbbssebscebssrbsbsbsgbzbsbdqjbs	鱼馁而肉败，不食；色恶，不食；臭恶，不食；失饪，不食；不时，不食；割不正，不食；不得其酱，不食。	论语·乡党 10.8	2
bssebscebssrbsbsbsgbzbsbdqjbs	不食；色恶，不食；臭恶，不食；失饪，不食；不时，不食；割不正，不食；不得其酱，不食。	论语·乡党 10.8	2
sebscebssrbsbsbsgbzbsbdqjbs	色恶，不食；臭恶，不食；失饪，不食；不时，不食；割不正，不食；不得其酱，不食。	论语·乡党 10.8	2
bscebssrbsbsbsgbzbsbdqjbs	不食；臭恶，不食；失饪，不食；不时，不食；割不正，不食；不得其酱，不食。	论语·乡党 10.8	2
cebssrbsbsbsgbzbsbdqjbs	臭恶，不食；失饪，不食；不时，不食；割不正，不食；不得其酱，不食。	论语·乡党 10.8	2
bssrbsbsbsgbzbsbdqjbs	不食；失饪，不食；不时，不食；割不正，不食；不得其酱，不食。	论语·乡党 10.8	2
srbsbsbsgbzbsbdqjbs	失饪，不食；不时，不食；割不正，不食；不得其酱，不食。	论语·乡党 10.8	2
bsbsbsgbzbsbdqjbs	不食；不时，不食；割不正，不食；不得其酱，不食。	论语·乡党 10.8	2
bsbsgbzbsbdqjbs	不时，不食；割不正，不食；不得其酱，不食。	论语·乡党 10.8	2
bsgbzbsbdqjbs	不食；割不正，不食；不得其酱，不食。	论语·乡党 10.8	2
gbzbsbdqjbs	割不正，不食；不得其酱，不食。	论语·乡党 10.8	2
bsbdqjbs	不食；不得其酱，不食。	论语·乡党 10.8	2
bdqjbs	不得其酱，不食。	论语·乡党 10.8	2
bs	不食。	论语·乡党 10.8	2
rsdbsssq	肉虽多，不使胜食气。	论语·乡党 10.8	1
bsssq	不使胜食气。	论语·乡党 10.8	2
wjwlbjl	唯酒无量，不及乱。	论语·乡党 10.8	1
bjl	不及乱。	论语·乡党 10.8	2
gjspbs	沽酒市脯，不食。	论语·乡党 10.8	1
bcjsbds	不撤姜食，不多食。	论语·乡党 10.8	1
bds	不多食。	论语·乡党 10.8	2
jygbsr	祭于公，不宿肉。	论语·乡党 10.9	1
bsr	不宿肉。	论语·乡党 10.9	2
jrbcsrcsrbszy	祭肉不出三日，出三日不食之矣。	论语·乡党 10.9	1
csrbszy	出三日不食之矣。	论语·乡党 10.9	2
sbyqby	食不语，寝不言。	论语·乡党 10.10	1
qby	寝不言。	论语·乡党 10.10	2
ssscgbjbqry	虽疏食菜羹，必祭，必齐如也。	论语·乡党 10.11	1
bjbqry	必祭，必齐如也。	论语·乡党 10.11	2
bqry	必齐如也。	论语·乡党 10.11	2
xbzbz	席不正，不坐。	论语·乡党 10.12	1
bz	不坐。	论语·乡党 10.12	2
xryjzzcscy	乡人饮酒，杖者出，斯出矣。	论语·乡党 10.13	1
zzcscy	杖者出，斯出矣。	论语·乡党 10.13	2
scy	斯出矣。	论语·乡党 10.13	2
xrncfelyzj	乡人傩，朝服而立于阼阶。	论语·乡党 10.14	1
cfelyzj	朝服而立于阼阶。	论语·乡党 10.14	2
wrytbzbesz	问人于他邦，再拜而送之。	论语·乡党 10.15	1
zbesz	再拜而送之。	论语·乡党 10.15	2
kzkybesz	康子馈药，拜而受之。	论语·乡党 10.16	1
besz	拜而受之。	论语·乡党 10.16	2
yqwdbgc	曰：“丘未达，不敢尝。”	论语·乡党 10.16	1
qwdbgc	“丘未达，不敢尝。”	论语·乡党 10.16	2
bgc	不敢尝。	论语·乡党 10.16	2
jfztcysrh	厩焚，子退朝，曰：“伤人乎？”	论语·乡党 10.17	1
ztcysrh	子退朝，曰：“伤人乎？”	论语·乡党 10.17	2
ysrh	曰：“伤人乎？”	论语·乡党 10.17	2
srh	“伤人乎？”	论语·乡党 10.17	2
bwm	不问马。	论语·乡党 10.17	1
jcsbzxxczjcxbsejzjcsbcz	君赐食，必正席先尝之；君赐腥，必熟而荐之；君赐生，必畜之。	论语·乡党 10.18	1
bzxxczjcxbsejzjcsbcz	必正席先尝之；君赐腥，必熟而荐之；君赐生，必畜之。	论语·乡党 10.18	2
jcxbsejzjcsbcz	君赐腥，必熟而荐之；君赐生，必畜之。	论语·乡党 10.18	2
bsejzjcsbcz	必熟而荐之；君赐生，必畜之。	论语·乡党 10.18	2
jcsbcz	君赐生，必畜之。	论语·乡党 10.18	2
bcz	必畜之。	论语·乡党 10.18	2
ssyjjjxf	侍食于君，君祭，先饭。	论语·乡党 10.18	1
jjxf	君祭，先饭。	论语·乡党 10.18	2
xf	先饭。	论语·乡党 10.18	2
jjszdsjcfts	疾，君视之，东首，加朝服，拖绅。	论语·乡党 10.19	1
jszdsjcfts	君视之，东首，加朝服，拖绅。	论语·乡党 10.19	2
dsjcfts	东首，加朝服，拖绅。	论语·乡党 10.19	2
jcfts	加朝服，拖绅。	论语·乡党 10.19	2
ts	拖绅。	论语·乡党 10.19	2
jmzbqjxy	君命召，不俟驾行矣。	论语·乡党 10.20	1
bqjxy	不俟驾行矣。	论语·乡党 10.20	2
pyswsgyywb	朋友死，无所归，曰：“于我殡。”	论语·乡党 10.22	1
wsgyywb	无所归，曰：“于我殡。”	论语·乡党 10.22	2
yywb	曰：“于我殡。”	论语·乡党 10.22	2
ywb	“于我殡。”	论语·乡党 10.22	2
pyzkscmfjrbb	朋友之馈，虽车马，非祭肉，不拜。	论语·乡党 10.23	1
scmfjrbb	虽车马，非祭肉，不拜。	论语·乡党 10.23	2
fjrbb	非祭肉，不拜。	论语·乡党 10.23	2
bb	不拜。	论语·乡党 10.23	2
qbsjbk	寝不尸，居不客。	论语·乡党 10.24	1
jbk	居不客。	论语·乡党 10.24	2
jqszsxbb	见齐衰者，虽狎，必变。	论语·乡党 10.25	1
sxbb	虽狎，必变。	论语·乡党 10.25	2
bb	必变。	论语·乡党 10.25	2
jmzygzsxbym	见冕者与瞽者，虽亵，必以貌。	论语·乡党 10.25	1
sxbym	虽亵，必以貌。	论语·乡党 10.25	2
bym	必以貌。	论语·乡党 10.25	2
xfzszsfbz	凶服者式之，式负版者。	论语·乡党 10.25	1
sfbz	式负版者。	论语·乡党 10.25	2
yszbbsez	有盛馔，必变色而作。	论语·乡党 10.25	1
bbsez	必变色而作。	论语·乡党 10.25	2
xlflbb	迅雷风烈，必变。	论语·乡党 10.25	1
scbzlzs	升车，必正立，执绥。	论语·乡党 10.26	1
bzlzs	必正立，执绥。	论语·乡党 10.26	2
zs	执绥。	论语·乡党 10.26	2
czbngbjybqz	车中不内顾，不疾言，不亲指。	论语·乡党 10.26	1
bjybqz	不疾言，不亲指。	论语·乡党 10.26	2
bqz	不亲指。	论语·乡党 10.26	2
ssjyxehj	色斯举矣，翔而后集。	论语·乡党 10.27	1
xehj	翔而后集。	论语·乡党 10.27	2
yslczszsz	曰：“山梁雌雉，时哉时哉！”	论语·乡党 10.27	1
slczszsz	“山梁雌雉，时哉时哉！”	论语·乡党 10.27	2
szsz	时哉时哉！	论语·乡党 10.27	2
zlgzsxez	子路共之，三嗅而作。	论语·乡党 10.27	1
sxez	三嗅而作。	论语·乡党 10.27	2
zyxjylyyryhjylyjzy	子曰：先进于礼乐，野人也；后进于礼乐，君子也。	论语·先进 11.1	1
xjylyyryhjylyjzy	先进于礼乐，野人也；后进于礼乐，君子也。	论语·先进 11.1	2
yryhjylyjzy	野人也；后进于礼乐，君子也。	论语·先进 11.1	2
hjylyjzy	后进于礼乐，君子也。	论语·先进 11.1	2
jzy	君子也。	论语·先进 11.1	2
ryzzwcxj	如用之，则吾从先进。	论语·先进 11.1	1
zwcxj	则吾从先进。	论语·先进 11.1	2
zycwycczjbjmy	子曰：“从我于陈、蔡者，皆不及门也。”	论语·先进 11.2	1
cwycczjbjmy	“从我于陈、蔡者，皆不及门也。”	论语·先进 11.2	2
czjbjmy	蔡者，皆不及门也。	论语·先进 11.2	2
jbjmy	皆不及门也。	论语·先进 11.2	2
dxyymzqrbnzg	德行：颜渊，闵子骞，冉伯牛，仲弓。	论语·先进 11.3	1
yymzqrbnzg	颜渊，闵子骞，冉伯牛，仲弓。	论语·先进 11.3	2
mzqrbnzg	闵子骞，冉伯牛，仲弓。	论语·先进 11.3	2
rbnzg	冉伯牛，仲弓。	论语·先进 11.3	2
zg	仲弓。	论语·先进 11.3	2
yyzwzg	言语：宰我，子贡。	论语·先进 11.3	1
zwzg	宰我，子贡。	论语·先进 11.3	2
zg	子贡。	论语·先进 11.3	2
zsryjl	政事：冉有，季路。	论语·先进 11.3	1
ryjl	冉有，季路。	论语·先进 11.3	2
jl	季路。	论语·先进 11.3	2
wxzyzx	文学：子游，子夏。	论语·先进 11.3	1
zyzx	子游，子夏。	论语·先进 11.3	2
zx	子夏。	论语·先进 11.3	2
zyhyfzwzyywywsbs	子曰：“回也非助我者也，于吾言无所不说。”	论语·先进 11.4	1
hyfzwzyywywsbs	“回也非助我者也，于吾言无所不说。”	论语·先进 11.4	2
ywywsbs	于吾言无所不说。	论语·先进 11.4	2
zyxzmzq	子曰：孝哉闵子骞！	论语·先进 11.5	1
xzmzq	孝哉闵子骞！	论语·先进 11.5	2
rbjyqfmkdzy	人不间于其父母昆弟之言。	论语·先进 11.5	1
nrsfbgkzyqxzzqz	南容三复白圭，孔子以其兄之子妻之。	论语·先进 11.6	1
kzyqxzzqz	孔子以其兄之子妻之。	论语·先进 11.6	2
jkzwdzswhx	季康子问：“弟子孰为好学？”	论语·先进 11.7	1
kzdyyyhzhxbxdmsyjyzw	孔子对曰：“有颜回者好学，不幸短命死矣，今也则亡。”	论语·先进 11.7	1
yyhzhxbxdmsyjyzw	“有颜回者好学，不幸短命死矣，今也则亡。”	论语·先进 11.7	2
bxdmsyjyzw	不幸短命死矣，今也则亡。	论语·先进 11.7	2
jyzw	今也则亡。	论语·先进 11.7	2
yysylqzzcywzg	颜渊死，颜路请子之车以为之椁。	论语·先进 11.8	1
ylqzzcywzg	颜路请子之车以为之椁。	论语·先进 11.8	2
zycbcygyqzy	子曰：才不才，亦各言其子也。	论语·先进 11.8	1
cbcygyqzy	才不才，亦各言其子也。	论语·先进 11.8	2
ygyqzy	亦各言其子也。	论语·先进 11.8	2
lysygewgwbtxywzg	鲤也死，有棺而无椁，吾不徒行以为之椁。	论语·先进 11.8	1
ygewgwbtxywzg	有棺而无椁，吾不徒行以为之椁。	论语·先进 11.8	2
wbtxywzg	吾不徒行以为之椁。	论语·先进 11.8	2
ywcdfzhbktxy	以吾从大夫之后，不可徒行也。	论语·先进 11.8	1
bktxy	不可徒行也。	论语·先进 11.8	2
yys	颜渊死。	论语·先进 11.9	1
zyy	子曰：噫！	论语·先进 11.9	1
tsy	天丧予！	论语·先进 11.9	1
yyszkztczyzty	颜渊死，子哭之恸，从者曰：“子恸矣！”	论语·先进 11.10	1
zkztczyzty	子哭之恸，从者曰：“子恸矣！”	论语·先进 11.10	2
czyzty	从者曰：“子恸矣！”	论语·先进 11.10	2
zty	“子恸矣！”	论语·先进 11.10	2
yyth	曰：有恸乎？	论语·先进 11.10	1
yth	有恸乎？	论语·先进 11.10	2
ffrzwtesw	非夫人之为恸而谁为？	论语·先进 11.10	1
yysmryhzzzybk	颜渊死，门人欲厚葬之，子曰：“不可。”	论语·先进 11.11	1
mryhzzzybk	门人欲厚葬之，子曰：“不可。”	论语·先进 11.11	2
zybk	子曰：“不可。”	论语·先进 11.11	2
bk	“不可。”	论语·先进 11.11	2
mrhzzzyhysyyfyybdsyzy	门人厚葬之，子曰：回也视予犹父也，予不得视犹子也。	论语·先进 11.11	1
zyhysyyfyybdsyzy	子曰：回也视予犹父也，予不得视犹子也。	论语·先进 11.11	2
hysyyfyybdsyzy	回也视予犹父也，予不得视犹子也。	论语·先进 11.11	2
ybdsyzy	予不得视犹子也。	论语·先进 11.11	2
fwyfeszy	非我也，夫二三子也！	论语·先进 11.11	1
feszy	夫二三子也！	论语·先进 11.11	2
jlwsgszywnsrynsg	季路问事鬼神，子曰：“未能事人，焉能事鬼？”	论语·先进 11.12	1
zywnsrynsg	子曰：“未能事人，焉能事鬼？”	论语·先进 11.12	2
wnsrynsg	“未能事人，焉能事鬼？”	论语·先进 11.12	2
ynsg	焉能事鬼？	论语·先进 11.12	2
ygws	,曰：“敢问死。”	论语·先进 11.12	1
gws	“敢问死。”	论语·先进 11.12	2
ywzsyzs	曰：“未知生，焉知死？”	论语·先进 11.12	1
wzsyzs	“未知生，焉知死？”	论语·先进 11.12	2
yzs	焉知死？	论语·先进 11.12	2
mzscyyryzlxxryryzgkkry	闵子侍侧，訚訚如也；子路，行行如也；冉有、子贡，侃侃如也。	论语·先进 11.13	1
yyryzlxxryryzgkkry	訚訚如也；子路，行行如也；冉有、子贡，侃侃如也。	论语·先进 11.13	2
zlxxryryzgkkry	子路，行行如也；冉有、子贡，侃侃如也。	论语·先进 11.13	2
xxryryzgkkry	行行如也；冉有、子贡，侃侃如也。	论语·先进 11.13	2
ryzgkkry	冉有、子贡，侃侃如也。	论语·先进 11.13	2
zgkkry	子贡，侃侃如也。	论语·先进 11.13	2
kkry	侃侃如也。	论语·先进 11.13	2
zl	子乐。	论语·先进 11.13	1
ryybdqsr	“若由也，不得其死然。”	论语·先进 11.13	1
bdqsr	不得其死然。	论语·先进 11.13	2
lrwzfmzqyrjgrzh	鲁人为长府，闵子骞曰：仍旧贯如之何？	论语·先进 11.14	1
mzqyrjgrzh	闵子骞曰：仍旧贯如之何？	论语·先进 11.14	2
rjgrzh	仍旧贯如之何？	论语·先进 11.14	2
hbgz	何必改作？	论语·先进 11.14	1
zyfrbyybyz	子曰：“夫人不言，言必有中。”	论语·先进 11.14	1
frbyybyz	“夫人不言，言必有中。”	论语·先进 11.14	2
ybyz	言必有中。	论语·先进 11.14	2
zyyzsxwyqzm	子曰：“由之瑟奚为于丘之门？”	论语·先进 11.15	1
yzsxwyqzm	“由之瑟奚为于丘之门？”	论语·先进 11.15	2
mrbjzlzyyystywrysy	门人不敬子路，子曰：“由也升堂矣，未入于室也。”	论语·先进 11.15	1
zyyystywrysy	子曰：“由也升堂矣，未入于室也。”	论语·先进 11.15	2
yystywrysy	“由也升堂矣，未入于室也。”	论语·先进 11.15	2
wrysy	未入于室也。	论语·先进 11.15	2
zgwsysysx	子贡问：“师与商也孰贤？”	论语·先进 11.16	1
sysysx	“师与商也孰贤？”	论语·先进 11.16	2
zysygsybj	子曰：“师也过，商也不及。”	论语·先进 11.16	1
sygsybj	“师也过，商也不及。”	论语·先进 11.16	2
sybj	商也不及。	论语·先进 11.16	2
yrzsyy	曰：“然则师愈与？”	论语·先进 11.16	1
rzsyy	“然则师愈与？”	论语·先进 11.16	2
zygybj	子曰：“过犹不及。”	论语·先进 11.16	1
gybj	“过犹不及。”	论语·先进 11.16	2
jsfyzgeqywzjlefyz	季氏富于周公，而求也为之聚敛而附益之。	论语·先进 11.17	1
eqywzjlefyz	而求也为之聚敛而附益之。	论语·先进 11.17	2
zyfwtyxzmgegzky	子曰：“非吾徒也，小子鸣鼓而攻之可也。”	论语·先进 11.17	1
fwtyxzmgegzky	“非吾徒也，小子鸣鼓而攻之可也。”	论语·先进 11.17	2
xzmgegzky	小子鸣鼓而攻之可也。	论语·先进 11.17	2
cyycylsypyyy	柴也愚，参也鲁，师也辟，由也喭。	论语·先进 11.18	1
cylsypyyy	参也鲁，师也辟，由也喭。	论语·先进 11.18	2
sypyyy	师也辟，由也喭。	论语·先进 11.18	2
yyy	由也喭。	论语·先进 11.18	2
zyhyqshlk	子曰：回也其庶乎，屡空。	论语·先进 11.19	1
hyqshlk	回也其庶乎，屡空。	论语·先进 11.19	2
lk	屡空。	论语·先进 11.19	2
cbsmehzyyzlz	赐不受命而货殖焉，亿则屡中。	论语·先进 11.19	1
yzlz	亿则屡中。	论语·先进 11.19	2
zzwsrzdzybjjybrys	子张问善人之道，子曰：“不践迹，亦不入于室。”	论语·先进 11.20	1
zybjjybrys	子曰：“不践迹，亦不入于室。”	论语·先进 11.20	2
bjjybrys	“不践迹，亦不入于室。”	论语·先进 11.20	2
ybrys	亦不入于室。	论语·先进 11.20	2
zyldsyjzzhszzh	子曰：“论笃是与，君子者乎，色庄者乎？”	论语·先进 11.21	1
ldsyjzzhszzh	“论笃是与，君子者乎，色庄者乎？”	论语·先进 11.21	2
jzzhszzh	君子者乎，色庄者乎？	论语·先进 11.21	2
szzh	色庄者乎？	论语·先进 11.21	2
zlwwsxz	子路问：“闻斯行诸？”	论语·先进 11.22	1
wsxz	“闻斯行诸？”	论语·先进 11.22	2
zyyfxzrzhqwsxz	子曰：“有父兄在，如之何其闻斯行之？”	论语·先进 11.22	1
yfxzrzhqwsxz	“有父兄在，如之何其闻斯行之？”	论语·先进 11.22	2
rzhqwsxz	如之何其闻斯行之？	论语·先进 11.22	2
rywwsxz	冉有问：“闻斯行诸？”	论语·先进 11.22	1
zywsxz	子曰：闻斯行之。	论语·先进 11.22	1
wsxz	闻斯行之。	论语·先进 11.22	2
gxhyyywwsxzzyyfxzqywwsxzzywsxz	公西华曰：由也问闻斯行诸，子曰‘有父兄在’；求也问闻斯行诸，子曰‘闻斯行之’。	论语·先进 11.22	1
yywwsxzzyyfxzqywwsxzzywsxz	由也问闻斯行诸，子曰‘有父兄在’；求也问闻斯行诸，子曰‘闻斯行之’。	论语·先进 11.22	2
zyyfxzqywwsxzzywsxz	子曰‘有父兄在’；求也问闻斯行诸，子曰‘闻斯行之’。	论语·先进 11.22	2
qywwsxzzywsxz	求也问闻斯行诸，子曰‘闻斯行之’。	论语·先进 11.22	2
zywsxz	子曰‘闻斯行之’。	论语·先进 11.22	2
cyhgw	赤也惑，敢问。	论语·先进 11.22	1
gw	敢问。	论语·先进 11.22	2
zyqytgjzyyjrgtz	子曰：“求也退，故进之；由也兼人，故退之。”	论语·先进 11.22	1
qytgjzyyjrgtz	“求也退，故进之；由也兼人，故退之。”	论语·先进 11.22	2
gjzyyjrgtz	故进之；由也兼人，故退之。	论语·先进 11.22	2
yyjrgtz	由也兼人，故退之。	论语·先进 11.22	2
gtz	故退之。	论语·先进 11.22	2
zwykyyh	子畏于匡，颜渊后。	论语·先进 11.23	1
yyh	颜渊后。	论语·先进 11.23	2
zywynwsy	子曰：“吾以女为死矣！”	论语·先进 11.23	1
wynwsy	“吾以女为死矣！”	论语·先进 11.23	2
yzzhhgs	曰：“子在，回何敢死！”	论语·先进 11.23	1
zzhhgs	“子在，回何敢死！”	论语·先进 11.23	2
hhgs	回何敢死！	论语·先进 11.23	2
jzrwzyrqkwdcy	季子然问：“仲由、冉求可谓大臣与？”	论语·先进 11.24	1
zyrqkwdcy	“仲由、冉求可谓大臣与？”	论语·先进 11.24	2
rqkwdcy	冉求可谓大臣与？	论语·先进 11.24	2
zywyzwyzwcyyqzw	子曰：吾以子为异之问，曾由与求之问。	论语·先进 11.24	1
wyzwyzwcyyqzw	吾以子为异之问，曾由与求之问。	论语·先进 11.24	2
cyyqzw	曾由与求之问。	论语·先进 11.24	2
swdczydsjbkzz	所谓大臣者，以道事君，不可则止。	论语·先进 11.24	1
ydsjbkzz	以道事君，不可则止。	论语·先进 11.24	2
bkzz	不可则止。	论语·先进 11.24	2
jyyqykwjcy	今由与求也，可谓具臣矣。	论语·先进 11.24	1
kwjcy	可谓具臣矣。	论语·先进 11.24	2
yrzczzy	曰：“然则从之者与？”	论语·先进 11.24	1
rzczzy	“然则从之者与？”	论语·先进 11.24	2
zysfyjybcy	子曰：“弑父与君，亦不从也。”	论语·先进 11.24	1
sfyjybcy	“弑父与君，亦不从也。”	论语·先进 11.24	2
ybcy	亦不从也。	论语·先进 11.24	2
zlszgwfzzyzfrzz	子路使子羔为费宰，子曰：“贼夫人之子。”	论语·先进 11.25	1
zyzfrzz	子曰：“贼夫人之子。”	论语·先进 11.25	2
zfrzz	“贼夫人之子。”	论语·先进 11.25	2
zlyymryysjyhbdsrhwx	子路曰：“有民人焉，有社稷焉，何必读书然后为学。”	论语·先进 11.25	1
ymryysjyhbdsrhwx	“有民人焉，有社稷焉，何必读书然后为学。”	论语·先进 11.25	2
ysjyhbdsrhwx	有社稷焉，何必读书然后为学。	论语·先进 11.25	2
hbdsrhwx	何必读书然后为学。	论语·先进 11.25	2
zysgefnz	子曰：“是故恶夫佞者。”	论语·先进 11.25	1
sgefnz	“是故恶夫佞者。”	论语·先进 11.25	2
zlcxrygxhszzyywyrzhewwyy	子路、曾皙、冉有、公西华侍坐，子曰：以吾一日长乎尔，毋吾以也。	论语·先进 11.26	1
cxrygxhszzyywyrzhewwyy	曾皙、冉有、公西华侍坐，子曰：以吾一日长乎尔，毋吾以也。	论语·先进 11.26	2
rygxhszzyywyrzhewwyy	冉有、公西华侍坐，子曰：以吾一日长乎尔，毋吾以也。	论语·先进 11.26	2
gxhszzyywyrzhewwyy	公西华侍坐，子曰：以吾一日长乎尔，毋吾以也。	论语·先进 11.26	2
zyywyrzhewwyy	子曰：以吾一日长乎尔，毋吾以也。	论语·先进 11.26	2
ywyrzhewwyy	以吾一日长乎尔，毋吾以也。	论语·先进 11.26	2
wwyy	毋吾以也。	论语·先进 11.26	2
jzybwzyrhzezhyz	居则曰‘不吾知也’如或知尔，则何以哉？	论语·先进 11.26	1
zhyz	则何以哉？	论语·先进 11.26	2
zlseedyqszgshdgzjjzyslyzyjjyywzbjsnksyyqzfy	子路率尔而对曰：“千乘之国，摄乎大国之间，加之以师旅，因之以饥馑，由也为之，比及三年，可使有勇，且知方也。”	论语·先进 11.26	1
qszgshdgzjjzyslyzyjjyywzbjsnksyyqzfy	“千乘之国，摄乎大国之间，加之以师旅，因之以饥馑，由也为之，比及三年，可使有勇，且知方也。”	论语·先进 11.26	2
shdgzjjzyslyzyjjyywzbjsnksyyqzfy	摄乎大国之间，加之以师旅，因之以饥馑，由也为之，比及三年，可使有勇，且知方也。	论语·先进 11.26	2
jzyslyzyjjyywzbjsnksyyqzfy	加之以师旅，因之以饥馑，由也为之，比及三年，可使有勇，且知方也。	论语·先进 11.26	2
yzyjjyywzbjsnksyyqzfy	因之以饥馑，由也为之，比及三年，可使有勇，且知方也。	论语·先进 11.26	2
yywzbjsnksyyqzfy	由也为之，比及三年，可使有勇，且知方也。	论语·先进 11.26	2
bjsnksyyqzfy	比及三年，可使有勇，且知方也。	论语·先进 11.26	2
ksyyqzfy	可使有勇，且知方也。	论语·先进 11.26	2
qzfy	且知方也。	论语·先进 11.26	2
fzsz	夫子哂之。	论语·先进 11.26	1
qehr	“求，尔何如？”	论语·先进 11.26	1
ehr	尔何如？	论语·先进 11.26	2
dyflqsrwlsqywzbjsnkszm	对曰：方六七十，如五六十，求也为之，比及三年，可使足民。	论语·先进 11.26	1
flqsrwlsqywzbjsnkszm	方六七十，如五六十，求也为之，比及三年，可使足民。	论语·先进 11.26	2
rwlsqywzbjsnkszm	如五六十，求也为之，比及三年，可使足民。	论语·先进 11.26	2
qywzbjsnkszm	求也为之，比及三年，可使足民。	论语·先进 11.26	2
bjsnkszm	比及三年，可使足民。	论语·先进 11.26	2
kszm	可使足民。	论语·先进 11.26	2
rqlyyqjz	如其礼乐，以俟君子。	论语·先进 11.26	1
yqjz	以俟君子。	论语·先进 11.26	2
dyfynzyxy	对曰：非曰能之，愿学焉。	论语·先进 11.26	1
fynzyxy	非曰能之，愿学焉。	论语·先进 11.26	2
yxy	愿学焉。	论语·先进 11.26	2
zmzsrhtdzfywxxy	宗庙之事，如会同，端章甫，愿为小相焉。	论语·先进 11.26	1
rhtdzfywxxy	如会同，端章甫，愿为小相焉。	论语·先进 11.26	2
dzfywxxy	端章甫，愿为小相焉。	论语·先进 11.26	2
ywxxy	愿为小相焉。	论语·先进 11.26	2
dehr	“点，尔何如？”	论语·先进 11.26	1
gsxkessezdyyhszzzz	鼓瑟希，铿尔，舍瑟而作，对曰：“异乎三子者之撰。”	论语·先进 11.26	1
kessezdyyhszzzz	铿尔，舍瑟而作，对曰：“异乎三子者之撰。”	论语·先进 11.26	2
ssezdyyhszzzz	舍瑟而作，对曰：“异乎三子者之撰。”	论语·先进 11.26	2
dyyhszzzz	对曰：“异乎三子者之撰。”	论语·先进 11.26	2
yhszzzz	“异乎三子者之撰。”	论语·先进 11.26	2
zyhsh	子曰：何伤乎？	论语·先进 11.26	1
hsh	何伤乎？	论语·先进 11.26	2
ygyqzy	亦各言其志也。	论语·先进 11.26	1
ymczcfjcgzwlrtzlqryhyfhwyyeg	曰：“暮春者，春服既成，冠者五六人，童子六七人，浴乎沂，风乎舞雩，咏而归。”	论语·先进 11.26	1
mczcfjcgzwlrtzlqryhyfhwyyeg	“暮春者，春服既成，冠者五六人，童子六七人，浴乎沂，风乎舞雩，咏而归。”	论语·先进 11.26	2
cfjcgzwlrtzlqryhyfhwyyeg	春服既成，冠者五六人，童子六七人，浴乎沂，风乎舞雩，咏而归。	论语·先进 11.26	2
gzwlrtzlqryhyfhwyyeg	冠者五六人，童子六七人，浴乎沂，风乎舞雩，咏而归。	论语·先进 11.26	2
tzlqryhyfhwyyeg	童子六七人，浴乎沂，风乎舞雩，咏而归。	论语·先进 11.26	2
yhyfhwyyeg	浴乎沂，风乎舞雩，咏而归。	论语·先进 11.26	2
fhwyyeg	风乎舞雩，咏而归。	论语·先进 11.26	2
yeg	咏而归。	论语·先进 11.26	2
fzkrtywydy	夫子喟然叹曰：“吾与点也！”	论语·先进 11.26	1
wydy	“吾与点也！”	论语·先进 11.26	2
szzccxh	三子者出，曾皙后。	论语·先进 11.26	1
cxh	曾皙后。	论语·先进 11.26	2
cxyfszzzyhr	曾皙曰：“夫三子者之言何如？”	论语·先进 11.26	1
fszzzyhr	“夫三子者之言何如？”	论语·先进 11.26	2
zyygyqzyyy	子曰：“亦各言其志也已矣。”	论语·先进 11.26	1
ygyqzyyy	“亦各言其志也已矣。”	论语·先进 11.26	2
yfzhsyy	曰：“夫子何哂由也？”	论语·先进 11.26	1
fzhsyy	“夫子何哂由也？”	论语·先进 11.26	2
ywgylqybrsgsz	曰：“为国以礼，其言不让，是故哂之。”	论语·先进 11.26	1
wgylqybrsgsz	“为国以礼，其言不让，是故哂之。”	论语·先进 11.26	2
qybrsgsz	其言不让，是故哂之。	论语·先进 11.26	2
sgsz	是故哂之。	论语·先进 11.26	2
wqzfbyy	“唯求则非邦也与？”	论语·先进 11.26	1
ajflqsrwlsefbyz	“安见方六七十、如五六十而非邦也者？”	论语·先进 11.26	1
rwlsefbyz	如五六十而非邦也者？	论语·先进 11.26	2
wczfbyy	“唯赤则非邦也与？”	论语·先进 11.26	1
zmhtfzheh	宗庙会同，非诸侯而何？	论语·先进 11.26	1
fzheh	非诸侯而何？	论语·先进 11.26	2
cywzxsnwzd	赤也为之小，孰能为之大？	论语·先进 11.26	1
snwzd	孰能为之大？	论语·先进 11.26	2
yywrzykjflwr	颜渊问仁，子曰：克己复礼为仁。	论语·颜渊 12.1	1
zykjflwr	子曰：克己复礼为仁。	论语·颜渊 12.1	2
kjflwr	克己复礼为仁。	论语·颜渊 12.1	2
yrkjfltxgry	一日克己复礼，天下归仁焉。	论语·颜渊 12.1	1
txgry	天下归仁焉。	论语·颜渊 12.1	2
wryjeyrhz	为仁由己，而由人乎哉？	论语·颜渊 12.1	1
eyrhz	而由人乎哉？	论语·颜渊 12.1	2
yyyqwqm	颜渊曰：“请问其目？”	论语·颜渊 12.1	1
qwqm	“请问其目？”	论语·颜渊 12.1	2
zyflwsflwtflwyflwd	子曰：“非礼勿视，非礼勿听，非礼勿言，非礼勿动。”	论语·颜渊 12.1	1
flwsflwtflwyflwd	“非礼勿视，非礼勿听，非礼勿言，非礼勿动。”	论语·颜渊 12.1	2
flwtflwyflwd	非礼勿听，非礼勿言，非礼勿动。	论语·颜渊 12.1	2
flwyflwd	非礼勿言，非礼勿动。	论语·颜渊 12.1	2
flwd	非礼勿动。	论语·颜渊 12.1	2
yyyhsbmqssyy	颜渊曰：“回虽不敏，请事斯语矣。”	论语·颜渊 12.1	1
hsbmqssyy	“回虽不敏，请事斯语矣。”	论语·颜渊 12.1	2
qssyy	请事斯语矣。	论语·颜渊 12.1	2
zgwrzycmrjdbsmrcdj	仲弓问仁，子曰：出门如见大宾，使民如承大祭。	论语·颜渊 12.2	1
zycmrjdbsmrcdj	子曰：出门如见大宾，使民如承大祭。	论语·颜渊 12.2	2
cmrjdbsmrcdj	出门如见大宾，使民如承大祭。	论语·颜渊 12.2	2
smrcdj	使民如承大祭。	论语·颜渊 12.2	2
jsbywsyr	己所不欲，勿施于人。	论语·颜渊 12.2	1
wsyr	勿施于人。	论语·颜渊 12.2	2
zbwyzjwy	在邦无怨，在家无怨。	论语·颜渊 12.2	1
zjwy	在家无怨。	论语·颜渊 12.2	2
zgyysbmqssyy	仲弓曰：“雍虽不敏，请事斯语矣。”	论语·颜渊 12.2	1
ysbmqssyy	“雍虽不敏，请事斯语矣。”	论语·颜渊 12.2	2
smnwrzyrzqyyr	司马牛问仁，子曰：“仁者，其言也讱。”	论语·颜渊 12.3	1
zyrzqyyr	子曰：“仁者，其言也讱。”	论语·颜渊 12.3	2
rzqyyr	“仁者，其言也讱。”	论语·颜渊 12.3	2
qyyr	其言也讱。	论语·颜渊 12.3	2
yqyyrswzryh	曰：“其言也讱，斯谓之仁已乎？”	论语·颜渊 12.3	1
qyyrswzryh	“其言也讱，斯谓之仁已乎？”	论语·颜渊 12.3	2
swzryh	斯谓之仁已乎？	论语·颜渊 12.3	2
zywznyzdwrh	子曰：“为之难，言之得无讱乎？”	论语·颜渊 12.3	1
wznyzdwrh	“为之难，言之得无讱乎？”	论语·颜渊 12.3	2
yzdwrh	言之得无讱乎？	论语·颜渊 12.3	2
smnwjzzyjzbybj	司马牛问君子，子曰：“君子不忧不惧。”	论语·颜渊 12.4	1
zyjzbybj	子曰：“君子不忧不惧。”	论语·颜渊 12.4	2
jzbybj	“君子不忧不惧。”	论语·颜渊 12.4	2
ybybjswzjzyh	曰：“不忧不惧，斯谓之君子已乎？”	论语·颜渊 12.4	1
bybjswzjzyh	“不忧不惧，斯谓之君子已乎？”	论语·颜渊 12.4	2
swzjzyh	斯谓之君子已乎？	论语·颜渊 12.4	2
zynxbjfhyhj	子曰：“内省不疚，夫何忧何惧？”	论语·颜渊 12.4	1
nxbjfhyhj	“内省不疚，夫何忧何惧？”	论语·颜渊 12.4	2
fhyhj	夫何忧何惧？	论语·颜渊 12.4	2
smnyyrjyxdwdw	司马牛忧曰：“人皆有兄弟，我独亡。”	论语·颜渊 12.5	1
rjyxdwdw	“人皆有兄弟，我独亡。”	论语·颜渊 12.5	2
wdw	我独亡。	论语·颜渊 12.5	2
zxyswzyssymfgzt	子夏曰：商闻之矣：死生有命，富贵在天。	论语·颜渊 12.5	1
swzyssymfgzt	商闻之矣：死生有命，富贵在天。	论语·颜渊 12.5	2
ssymfgzt	死生有命，富贵在天。	论语·颜渊 12.5	2
fgzt	富贵在天。	论语·颜渊 12.5	2
jzjewsyrgeylshznjxdy	君子敬而无失，与人恭而有礼，四海之内皆兄弟也。	论语·颜渊 12.5	1
yrgeylshznjxdy	与人恭而有礼，四海之内皆兄弟也。	论语·颜渊 12.5	2
shznjxdy	四海之内皆兄弟也。	论语·颜渊 12.5	2
jzhhhwxdy	君子何患乎无兄弟也？	论语·颜渊 12.5	1
zzwmzyjrzzfszsbxykwmyyyjrzzfszsbxykwyyyy	子张问明，子曰：“浸润之谮，肤受之愬，不行焉，可谓明也已矣；浸润之谮、肤受之愬不行焉，可谓远也已矣。”	论语·颜渊 12.6	1
zyjrzzfszsbxykwmyyyjrzzfszsbxykwyyyy	子曰：“浸润之谮，肤受之愬，不行焉，可谓明也已矣；浸润之谮、肤受之愬不行焉，可谓远也已矣。”	论语·颜渊 12.6	2
jrzzfszsbxykwmyyyjrzzfszsbxykwyyyy	“浸润之谮，肤受之愬，不行焉，可谓明也已矣；浸润之谮、肤受之愬不行焉，可谓远也已矣。”	论语·颜渊 12.6	2
fszsbxykwmyyyjrzzfszsbxykwyyyy	肤受之愬，不行焉，可谓明也已矣；浸润之谮、肤受之愬不行焉，可谓远也已矣。	论语·颜渊 12.6	2
bxykwmyyyjrzzfszsbxykwyyyy	不行焉，可谓明也已矣；浸润之谮、肤受之愬不行焉，可谓远也已矣。	论语·颜渊 12.6	2
kwmyyyjrzzfszsbxykwyyyy	可谓明也已矣；浸润之谮、肤受之愬不行焉，可谓远也已矣。	论语·颜渊 12.6	2
jrzzfszsbxykwyyyy	浸润之谮、肤受之愬不行焉，可谓远也已矣。	论语·颜渊 12.6	2
fszsbxykwyyyy	肤受之愬不行焉，可谓远也已矣。	论语·颜渊 12.6	2
kwyyyy	可谓远也已矣。	论语·颜渊 12.6	2
zgwzzyzszbmxzy	子贡问政，子曰：“足食，足兵，民信之矣。”	论语·颜渊 12.7	1
zyzszbmxzy	子曰：“足食，足兵，民信之矣。”	论语·颜渊 12.7	2
zszbmxzy	“足食，足兵，民信之矣。”	论语·颜渊 12.7	2
zbmxzy	足兵，民信之矣。	论语·颜渊 12.7	2
mxzy	民信之矣。	论语·颜渊 12.7	2
zgybbdyeqysszhx	子贡曰：“必不得已而去，于斯三者何先？”	论语·颜渊 12.7	1
bbdyeqysszhx	“必不得已而去，于斯三者何先？”	论语·颜渊 12.7	2
ysszhx	于斯三者何先？	论语·颜渊 12.7	2
yqb	曰：“去兵。”	论语·颜渊 12.7	1
qb	“去兵。”	论语·颜渊 12.7	2
zgybbdyeqysezhx	子贡曰：“必不得已而去，于斯二者何先？”	论语·颜渊 12.7	1
bbdyeqysezhx	“必不得已而去，于斯二者何先？”	论语·颜渊 12.7	2
ysezhx	于斯二者何先？	论语·颜渊 12.7	2
yqs	曰：去食。	论语·颜渊 12.7	1
qs	去食。	论语·颜渊 12.7	2
zgjysmwxbl	自古皆有死，民无信不立。	论语·颜渊 12.7	1
mwxbl	民无信不立。	论语·颜渊 12.7	2
jzcyjzzeyyhyww	棘子成曰：“君子质而已矣，何以文为？”	论语·颜渊 12.8	1
jzzeyyhyww	“君子质而已矣，何以文为？”	论语·颜渊 12.8	2
hyww	何以文为？	论语·颜渊 12.8	2
zgyxhfzzsjzy	子贡曰：惜乎，夫子之说君子也！	论语·颜渊 12.8	1
xhfzzsjzy	惜乎，夫子之说君子也！	论语·颜渊 12.8	2
fzzsjzy	夫子之说君子也！	论语·颜渊 12.8	2
sbjs	驷不及舌。	论语·颜渊 12.8	1
wyzyzywy	文犹质也，质犹文也。	论语·颜渊 12.8	1
zywy	质犹文也。	论语·颜渊 12.8	2
hbzkyqyzk	虎豹之鞟犹犬羊之鞟。	论语·颜渊 12.8	1
agwyyrynjybzrzh	哀公问于有若曰：“年饥，用不足，如之何？”	论语·颜渊 12.9	1
njybzrzh	“年饥，用不足，如之何？”	论语·颜渊 12.9	2
ybzrzh	用不足，如之何？	论语·颜渊 12.9	2
yrdyhch	有若对曰：“盍彻乎？”	论语·颜渊 12.9	1
hch	“盍彻乎？”	论语·颜渊 12.9	2
yewybzrzhqcy	曰：“二，吾犹不足，如之何其彻也？”	论语·颜渊 12.9	1
ewybzrzhqcy	“二，吾犹不足，如之何其彻也？”	论语·颜渊 12.9	2
wybzrzhqcy	吾犹不足，如之何其彻也？	论语·颜渊 12.9	2
rzhqcy	如之何其彻也？	论语·颜渊 12.9	2
dybxzjsybz	对曰：百姓足，君孰与不足？	论语·颜渊 12.9	1
bxzjsybz	百姓足，君孰与不足？	论语·颜渊 12.9	2
jsybz	君孰与不足？	论语·颜渊 12.9	2
bxbzjsyz	百姓不足，君孰与足？	论语·颜渊 12.9	1
jsyz	君孰与足？	论语·颜渊 12.9	2
zzwcdbhzyzzxxycdy	子张问崇德辨惑，子曰：主忠信，徙义，崇德也。	论语·颜渊 12.10	1
zyzzxxycdy	子曰：主忠信，徙义，崇德也。	论语·颜渊 12.10	2
zzxxycdy	主忠信，徙义，崇德也。	论语·颜渊 12.10	2
xycdy	徙义，崇德也。	论语·颜渊 12.10	2
cdy	崇德也。	论语·颜渊 12.10	2
azyqsezyqsjyqsyyqsshy	爱之欲其生，恶之欲其死；既欲其生又欲其死，是惑也。	论语·颜渊 12.10	1
ezyqsjyqsyyqsshy	恶之欲其死；既欲其生又欲其死，是惑也。	论语·颜渊 12.10	2
jyqsyyqsshy	既欲其生又欲其死，是惑也。	论语·颜渊 12.10	2
shy	是惑也。	论语·颜渊 12.10	2
cbyfyzyy	‘诚不以富，亦只以异。’	论语·颜渊 12.10	1
yzyy	亦只以异。	论语·颜渊 12.10	2
qjgwzykzkzdyjjccffzz	齐景公问政于孔子，孔子对曰：“君君，臣臣，父父，子子。”	论语·颜渊 12.11	1
kzdyjjccffzz	孔子对曰：“君君，臣臣，父父，子子。”	论语·颜渊 12.11	2
jjccffzz	“君君，臣臣，父父，子子。”	论语·颜渊 12.11	2
ccffzz	臣臣，父父，子子。	论语·颜渊 12.11	2
ffzz	父父，子子。	论语·颜渊 12.11	2
zz	子子。	论语·颜渊 12.11	2
gysz	公曰：善哉！	论语·颜渊 12.11	1
sz	善哉！	论语·颜渊 12.11	2
xrjbjcbcfbfzbzsyswdesz	信如君不君、臣不臣、父不父、子不子，虽有粟，吾得而食诸？	论语·颜渊 12.11	1
cbcfbfzbzsyswdesz	臣不臣、父不父、子不子，虽有粟，吾得而食诸？	论语·颜渊 12.11	2
fbfzbzsyswdesz	父不父、子不子，虽有粟，吾得而食诸？	论语·颜渊 12.11	2
zbzsyswdesz	子不子，虽有粟，吾得而食诸？	论语·颜渊 12.11	2
syswdesz	虽有粟，吾得而食诸？	论语·颜渊 12.11	2
wdesz	吾得而食诸？	论语·颜渊 12.11	2
zypykyzyzqyyy	子曰：“片言可以折狱者，其由也与？”	论语·颜渊 12.12	1
pykyzyzqyyy	“片言可以折狱者，其由也与？”	论语·颜渊 12.12	2
qyyy	其由也与？	论语·颜渊 12.12	2
zlwsn	子路无宿诺。	论语·颜渊 12.12	1
zytswyry	子曰：听讼，吾犹人也。	论语·颜渊 12.13	1
tswyry	听讼，吾犹人也。	论语·颜渊 12.13	2
wyry	吾犹人也。	论语·颜渊 12.13	2
byswsh	必也使无讼乎。	论语·颜渊 12.13	1
zzwzzyjzwjxzyz	子张问政，子曰：“居之无倦，行之以忠。”	论语·颜渊 12.14	1
zyjzwjxzyz	子曰：“居之无倦，行之以忠。”	论语·颜渊 12.14	2
jzwjxzyz	“居之无倦，行之以忠。”	论语·颜渊 12.14	2
xzyz	行之以忠。	论语·颜渊 12.14	2
zybxywyzylykyfpyf	子曰：“博学于文，约之以礼，亦可以弗畔矣夫。”	论语·颜渊 12.15	1
bxywyzylykyfpyf	“博学于文，约之以礼，亦可以弗畔矣夫。”	论语·颜渊 12.15	2
zyjzcrzmbcrzexrfs	子曰：“君子成人之美，不成人之恶；小人反是。”	论语·颜渊 12.16	1
jzcrzmbcrzexrfs	“君子成人之美，不成人之恶；小人反是。”	论语·颜渊 12.16	2
bcrzexrfs	不成人之恶；小人反是。	论语·颜渊 12.16	2
xrfs	小人反是。	论语·颜渊 12.16	2
jkzwzykzkzdyzzzy	季康子问政于孔子，孔子对曰：政者，正也。	论语·颜渊 12.17	1
kzdyzzzy	孔子对曰：政者，正也。	论语·颜渊 12.17	2
zzzy	政者，正也。	论语·颜渊 12.17	2
zy	正也。	论语·颜渊 12.17	2
zsyzsgbz	子帅以正，孰敢不正？	论语·颜渊 12.17	1
sgbz	孰敢不正？	论语·颜渊 12.17	2
jkzhdwykz	季康子患盗，问于孔子。	论语·颜渊 12.18	1
wykz	问于孔子。	论语·颜渊 12.18	2
kzdygzzbysszbq	孔子对曰：“苟子之不欲，虽赏之不窃。”	论语·颜渊 12.18	1
gzzbysszbq	“苟子之不欲，虽赏之不窃。”	论语·颜渊 12.18	2
sszbq	虽赏之不窃。	论语·颜渊 12.18	2
jkzwzykzyrswdyjydhr	季康子问政于孔子曰：“如杀无道以就有道，何如？”	论语·颜渊 12.19	1
rswdyjydhr	“如杀无道以就有道，何如？”	论语·颜渊 12.19	2
kzdyzwzyys	孔子对曰：子为政，焉用杀？	论语·颜渊 12.19	1
zwzyys	子为政，焉用杀？	论语·颜渊 12.19	2
yys	焉用杀？	论语·颜渊 12.19	2
zysemsy	子欲善而民善矣。	论语·颜渊 12.19	1
jzzdfxrzdccszfby	君子之德风，小人之德草，草上之风必偃。	论语·颜渊 12.19	1
xrzdccszfby	小人之德草，草上之风必偃。	论语·颜渊 12.19	2
cszfby	草上之风必偃。	论语·颜渊 12.19	2
zzwshrskwzdy	子张问：“士何如斯可谓之达矣？”	论语·颜渊 12.20	1
shrskwzdy	“士何如斯可谓之达矣？”	论语·颜渊 12.20	2
zyhzeswdz	子曰：“何哉尔所谓达者？”	论语·颜渊 12.20	1
hzeswdz	“何哉尔所谓达者？”	论语·颜渊 12.20	2
zzdyzbbwzjbw	子张对曰：“在邦必闻，在家必闻。”	论语·颜渊 12.20	1
zbbwzjbw	“在邦必闻，在家必闻。”	论语·颜渊 12.20	2
zjbw	在家必闻。	论语·颜渊 12.20	2
zyswyfdy	子曰：是闻也，非达也。	论语·颜渊 12.20	1
swyfdy	是闻也，非达也。	论语·颜渊 12.20	2
fdy	非达也。	论语·颜渊 12.20	2
fdyzzzehycyegslyxr	夫达也者，质直而好义，察言而观色，虑以下人。	论语·颜渊 12.20	1
zzehycyegslyxr	质直而好义，察言而观色，虑以下人。	论语·颜渊 12.20	2
cyegslyxr	察言而观色，虑以下人。	论语·颜渊 12.20	2
lyxr	虑以下人。	论语·颜渊 12.20	2
zbbdzjbd	在邦必达，在家必达。	论语·颜渊 12.20	1
zjbd	在家必达。	论语·颜渊 12.20	2
fwyzsqrexwjzby	夫闻也者，色取仁而行违，居之不疑。	论语·颜渊 12.20	1
sqrexwjzby	色取仁而行违，居之不疑。	论语·颜渊 12.20	2
jzby	居之不疑。	论语·颜渊 12.20	2
zbbwzjbw	在邦必闻，在家必闻。	论语·颜渊 12.20	1
fccyywyzxygwcdxtbh	樊迟从游于舞雩之下，曰：“敢问崇德、修慝、辨惑。”	论语·颜渊 12.21	1
ygwcdxtbh	曰：“敢问崇德、修慝、辨惑。”	论语·颜渊 12.21	2
gwcdxtbh	“敢问崇德、修慝、辨惑。”	论语·颜渊 12.21	2
xtbh	修慝、辨惑。	论语·颜渊 12.21	2
bh	辨惑。	论语·颜渊 12.21	2
zyszw	子曰：善哉问！	论语·颜渊 12.21	1
szw	善哉问！	论语·颜渊 12.21	2
xshdfcdy	先事后得，非崇德与？	论语·颜渊 12.21	1
fcdy	非崇德与？	论语·颜渊 12.21	2
gqewgrzefxty	攻其恶，无攻人之恶，非修慝与？	论语·颜渊 12.21	1
wgrzefxty	无攻人之恶，非修慝与？	论语·颜渊 12.21	2
fxty	非修慝与？	论语·颜渊 12.21	2
yzzfwqsyjqqfhy	一朝之忿，忘其身，以及其亲，非惑与？	论语·颜渊 12.21	1
wqsyjqqfhy	忘其身，以及其亲，非惑与？	论语·颜渊 12.21	2
yjqqfhy	以及其亲，非惑与？	论语·颜渊 12.21	2
fhy	非惑与？	论语·颜渊 12.21	2
fcwrzyar	樊迟问仁，子曰：“爱人。”	论语·颜渊 12.22	1
zyar	子曰：“爱人。”	论语·颜渊 12.22	2
ar	“爱人。”	论语·颜渊 12.22	2
wzzyzr	问知，子曰：“知人。”	论语·颜渊 12.22	1
zyzr	子曰：“知人。”	论语·颜渊 12.22	2
zr	“知人。”	论语·颜渊 12.22	2
fcwdzyjzczwnswzz	樊迟未达，子曰：“举直错诸枉，能使枉者直。”	论语·颜渊 12.22	1
zyjzczwnswzz	子曰：“举直错诸枉，能使枉者直。”	论语·颜渊 12.22	2
jzczwnswzz	“举直错诸枉，能使枉者直。”	论语·颜渊 12.22	2
nswzz	能使枉者直。	论语·颜渊 12.22	2
fctjzxyxywjyfzewzzyjzczwnswzzhwy	樊迟退，见子夏，曰：“乡也吾见于夫子而问知，子曰：‘举直错诸枉，能使枉者直’，何谓也？”	论语·颜渊 12.22	1
jzxyxywjyfzewzzyjzczwnswzzhwy	见子夏，曰：“乡也吾见于夫子而问知，子曰：‘举直错诸枉，能使枉者直’，何谓也？”	论语·颜渊 12.22	2
yxywjyfzewzzyjzczwnswzzhwy	曰：“乡也吾见于夫子而问知，子曰：‘举直错诸枉，能使枉者直’，何谓也？”	论语·颜渊 12.22	2
xywjyfzewzzyjzczwnswzzhwy	“乡也吾见于夫子而问知，子曰：‘举直错诸枉，能使枉者直’，何谓也？”	论语·颜渊 12.22	2
zyjzczwnswzzhwy	子曰：‘举直错诸枉，能使枉者直’，何谓也？	论语·颜渊 12.22	2
jzczwnswzzhwy	‘举直错诸枉，能使枉者直’，何谓也？	论语·颜渊 12.22	2
nswzzhwy	能使枉者直，何谓也？	论语·颜渊 12.22	2
zxyfzyh	子夏曰：富哉言乎！	论语·颜渊 12.22	1
fzyh	富哉言乎！	论语·颜渊 12.22	2
sytxxyzjgtbrzyy	舜有天下，选于众，举皋陶，不仁者远矣。	论语·颜渊 12.22	1
xyzjgtbrzyy	选于众，举皋陶，不仁者远矣。	论语·颜渊 12.22	2
jgtbrzyy	举皋陶，不仁者远矣。	论语·颜渊 12.22	2
brzyy	不仁者远矣。	论语·颜渊 12.22	2
tytxxyzjyybrzyy	汤有天下，选于众，举伊尹，不仁者远矣。	论语·颜渊 12.22	1
xyzjyybrzyy	选于众，举伊尹，不仁者远矣。	论语·颜渊 12.22	2
jyybrzyy	举伊尹，不仁者远矣。	论语·颜渊 12.22	2
zgwyzyzgesdzbkzzwzry	子贡问友，子曰：“忠告而善道之，不可则止，毋自辱焉。”	论语·颜渊 12.23	1
zyzgesdzbkzzwzry	子曰：“忠告而善道之，不可则止，毋自辱焉。”	论语·颜渊 12.23	2
zgesdzbkzzwzry	“忠告而善道之，不可则止，毋自辱焉。”	论语·颜渊 12.23	2
bkzzwzry	不可则止，毋自辱焉。	论语·颜渊 12.23	2
wzry	毋自辱焉。	论语·颜渊 12.23	2
czyjzywhyyyfr	曾子曰：“君子以文会友，以友辅仁。”	论语·颜渊 12.24	1
jzywhyyyfr	“君子以文会友，以友辅仁。”	论语·颜渊 12.24	2
yyfr	以友辅仁。	论语·颜渊 12.24	2
zlwzzyxzlz	子路问政，子曰：“先之，劳之。”	论语·子路 13.1	1
zyxzlz	子曰：“先之，劳之。”	论语·子路 13.1	2
xzlz	“先之，劳之。”	论语·子路 13.1	2
lz	劳之。	论语·子路 13.1	2
qyywj	请益，曰：“无倦。”	论语·子路 13.1	1
ywj	曰：“无倦。”	论语·子路 13.1	2
wj	“无倦。”	论语·子路 13.1	2
zgwjszwzzyxyssxgjxc	仲弓为季氏宰，问政，子曰：“先有司，赦小过，举贤才。”	论语·子路 13.2	1
wzzyxyssxgjxc	问政，子曰：“先有司，赦小过，举贤才。”	论语·子路 13.2	2
zyxyssxgjxc	子曰：“先有司，赦小过，举贤才。”	论语·子路 13.2	2
xyssxgjxc	“先有司，赦小过，举贤才。”	论语·子路 13.2	2
sxgjxc	赦小过，举贤才。	论语·子路 13.2	2
jxc	举贤才。	论语·子路 13.2	2
yyzxcejz	曰：“焉知贤才而举之？”	论语·子路 13.2	1
yzxcejz	“焉知贤才而举之？”	论语·子路 13.2	2
yjesz	曰：举尔所知。	论语·子路 13.2	1
jesz	举尔所知。	论语·子路 13.2	2
esbzrqsz	尔所不知，人其舍诸？	论语·子路 13.2	1
rqsz	人其舍诸？	论语·子路 13.2	2
zlywjdzewzzjxx	子路曰：“卫君待子而为政，子将奚先？”	论语·子路 13.3	1
wjdzewzzjxx	“卫君待子而为政，子将奚先？”	论语·子路 13.3	2
zjxx	子将奚先？	论语·子路 13.3	2
zybyzmh	子曰：“必也正名乎！”	论语·子路 13.3	1
byzmh	“必也正名乎！”	论语·子路 13.3	2
zlyyszzzyy	子路曰：有是哉，子之迂也！	论语·子路 13.3	1
yszzzyy	有是哉，子之迂也！	论语·子路 13.3	2
zzyy	子之迂也！	论语·子路 13.3	2
xqz	奚其正？	论语·子路 13.3	1
zyyzyy	子曰：野哉由也！	论语·子路 13.3	1
yzyy	野哉由也！	论语·子路 13.3	2
jzyqsbzgqry	君子于其所不知，盖阙如也。	论语·子路 13.3	1
gqry	盖阙如也。	论语·子路 13.3	2
mbzzybsybszsbcsbczlybxlybxzxfbzxfbzzmwscsz	名不正，则言不顺；言不顺，则事不成；事不成，则礼乐不兴；礼乐不兴，则刑罚不中；刑罚不中，则民无所错手足。	论语·子路 13.3	1
zybsybszsbcsbczlybxlybxzxfbzxfbzzmwscsz	则言不顺；言不顺，则事不成；事不成，则礼乐不兴；礼乐不兴，则刑罚不中；刑罚不中，则民无所错手足。	论语·子路 13.3	2
ybszsbcsbczlybxlybxzxfbzxfbzzmwscsz	言不顺，则事不成；事不成，则礼乐不兴；礼乐不兴，则刑罚不中；刑罚不中，则民无所错手足。	论语·子路 13.3	2
zsbcsbczlybxlybxzxfbzxfbzzmwscsz	则事不成；事不成，则礼乐不兴；礼乐不兴，则刑罚不中；刑罚不中，则民无所错手足。	论语·子路 13.3	2
sbczlybxlybxzxfbzxfbzzmwscsz	事不成，则礼乐不兴；礼乐不兴，则刑罚不中；刑罚不中，则民无所错手足。	论语·子路 13.3	2
zlybxlybxzxfbzxfbzzmwscsz	则礼乐不兴；礼乐不兴，则刑罚不中；刑罚不中，则民无所错手足。	论语·子路 13.3	2
lybxzxfbzxfbzzmwscsz	礼乐不兴，则刑罚不中；刑罚不中，则民无所错手足。	论语·子路 13.3	2
zxfbzxfbzzmwscsz	则刑罚不中；刑罚不中，则民无所错手足。	论语·子路 13.3	2
xfbzzmwscsz	刑罚不中，则民无所错手足。	论语·子路 13.3	2
zmwscsz	则民无所错手足。	论语·子路 13.3	2
gjzmzbkyyyzbkxy	故君子名之必可言也，言之必可行也。	论语·子路 13.3	1
yzbkxy	言之必可行也。	论语·子路 13.3	2
jzyqywsgeyy	君子于其言，无所苟而已矣。	论语·子路 13.3	1
wsgeyy	无所苟而已矣。	论语·子路 13.3	2
fcqxjzywbrln	樊迟请学稼，子曰：“吾不如老农。”	论语·子路 13.4	1
zywbrln	子曰：“吾不如老农。”	论语·子路 13.4	2
wbrln	“吾不如老农。”	论语·子路 13.4	2
qxwpywbrlp	请学为圃，曰：“吾不如老圃。”	论语·子路 13.4	1
ywbrlp	曰：“吾不如老圃。”	论语·子路 13.4	2
wbrlp	“吾不如老圃。”	论语·子路 13.4	2
fcczyxrzfxy	樊迟出，子曰：小人哉樊须也！	论语·子路 13.4	1
zyxrzfxy	子曰：小人哉樊须也！	论语·子路 13.4	2
xrzfxy	小人哉樊须也！	论语·子路 13.4	2
shlzmmgbjshyzmmgbfshxzmmgbyq	上好礼，则民莫敢不敬；上好义，则民莫敢不服；上好信，则民莫敢不用情。	论语·子路 13.4	1
zmmgbjshyzmmgbfshxzmmgbyq	则民莫敢不敬；上好义，则民莫敢不服；上好信，则民莫敢不用情。	论语·子路 13.4	2
shyzmmgbfshxzmmgbyq	上好义，则民莫敢不服；上好信，则民莫敢不用情。	论语·子路 13.4	2
zmmgbfshxzmmgbyq	则民莫敢不服；上好信，则民莫敢不用情。	论语·子路 13.4	2
shxzmmgbyq	上好信，则民莫敢不用情。	论语·子路 13.4	2
zmmgbyq	则民莫敢不用情。	论语·子路 13.4	2
frszsfzmqfqzezyyyj	夫如是，则四方之民襁负其子而至矣，焉用稼？	论语·子路 13.4	1
zsfzmqfqzezyyyj	则四方之民襁负其子而至矣，焉用稼？	论语·子路 13.4	2
yyj	焉用稼？	论语·子路 13.4	2
zysssbszyzbdsysfbnzdsdyxyw	子曰：“诵《诗》三百，授之以政，不达；使于四方，不能专对；虽多，亦奚以为？”	论语·子路 13.5	1
sssbszyzbdsysfbnzdsdyxyw	“诵《诗》三百，授之以政，不达；使于四方，不能专对；虽多，亦奚以为？”	论语·子路 13.5	2
szyzbdsysfbnzdsdyxyw	授之以政，不达；使于四方，不能专对；虽多，亦奚以为？	论语·子路 13.5	2
bdsysfbnzdsdyxyw	不达；使于四方，不能专对；虽多，亦奚以为？	论语·子路 13.5	2
sysfbnzdsdyxyw	使于四方，不能专对；虽多，亦奚以为？	论语·子路 13.5	2
bnzdsdyxyw	不能专对；虽多，亦奚以为？	论语·子路 13.5	2
sdyxyw	虽多，亦奚以为？	论语·子路 13.5	2
yxyw	亦奚以为？	论语·子路 13.5	2
zyqszblexqsbzslbc	子曰：“其身正，不令而行；其身不正，虽令不从。”	论语·子路 13.6	1
qszblexqsbzslbc	“其身正，不令而行；其身不正，虽令不从。”	论语·子路 13.6	2
blexqsbzslbc	不令而行；其身不正，虽令不从。	论语·子路 13.6	2
qsbzslbc	其身不正，虽令不从。	论语·子路 13.6	2
slbc	虽令不从。	论语·子路 13.6	2
zylwzzxdy	子曰：“鲁卫之政，兄弟也。”	论语·子路 13.7	1
lwzzxdy	“鲁卫之政，兄弟也。”	论语·子路 13.7	2
xdy	兄弟也。	论语·子路 13.7	2
zwwgzjsjs	子谓卫公子荆，善居室。	论语·子路 13.8	1
sjs	善居室。	论语·子路 13.8	2
syyghy	始有，曰：‘苟合矣。’	论语·子路 13.8	1
yghy	曰：‘苟合矣。’	论语·子路 13.8	2
ghy	‘苟合矣。’	论语·子路 13.8	2
syygwy	少有，曰：‘苟完矣。’	论语·子路 13.8	1
ygwy	曰：‘苟完矣。’	论语·子路 13.8	2
gwy	‘苟完矣。’	论语·子路 13.8	2
fyygmy	富有，曰：‘苟美矣。’	论语·子路 13.8	1
ygmy	曰：‘苟美矣。’	论语·子路 13.8	2
gmy	‘苟美矣。’	论语·子路 13.8	2
zswrypzysyz	子适卫，冉有仆，子曰：“庶矣哉！”	论语·子路 13.9	1
rypzysyz	冉有仆，子曰：“庶矣哉！”	论语·子路 13.9	2
zysyz	子曰：“庶矣哉！”	论语·子路 13.9	2
syz	“庶矣哉！”	论语·子路 13.9	2
ryyjsyyhjy	冉有曰：“既庶矣，又何加焉？”	论语·子路 13.9	1
jsyyhjy	“既庶矣，又何加焉？”	论语·子路 13.9	2
yhjy	又何加焉？	论语·子路 13.9	2
yfz	曰：“富之。”	论语·子路 13.9	1
fz	“富之。”	论语·子路 13.9	2
yjfyyhjy	曰：“既富矣，又何加焉？”	论语·子路 13.9	1
jfyyhjy	“既富矣，又何加焉？”	论语·子路 13.9	2
yjz	曰：“教之。”	论语·子路 13.9	1
jz	“教之。”	论语·子路 13.9	2
zygyywzqyeykysnyc	子曰：“苟有用我者，期月而已可也，三年有成。”	论语·子路 13.10	1
gyywzqyeykysnyc	“苟有用我者，期月而已可也，三年有成。”	论语·子路 13.10	2
qyeykysnyc	期月而已可也，三年有成。	论语·子路 13.10	2
snyc	三年有成。	论语·子路 13.10	2
zysrwbbnykyscqsy	子曰：‘善人为邦百年，亦可以胜残去杀矣。’	论语·子路 13.11	1
srwbbnykyscqsy	‘善人为邦百年，亦可以胜残去杀矣。’	论语·子路 13.11	2
ykyscqsy	亦可以胜残去杀矣。	论语·子路 13.11	2
czsyy	诚哉是言也！	论语·子路 13.11	1
zyrywzbsehr	子曰：“如有王者，必世而后仁。”	论语·子路 13.12	1
rywzbsehr	“如有王者，必世而后仁。”	论语·子路 13.12	2
bsehr	必世而后仁。	论语·子路 13.12	2
zygzqsyyczhhy	子曰：苟正其身矣，于从政乎何有？	论语·子路 13.13	1
gzqsyyczhhy	苟正其身矣，于从政乎何有？	论语·子路 13.13	2
bnzqsrzrh	不能正其身，如正人何？	论语·子路 13.13	1
rzrh	如正人何？	论语·子路 13.13	2
rztczyhyy	冉子退朝，子曰：“何晏也？”	论语·子路 13.14	1
zyhyy	子曰：“何晏也？”	论语·子路 13.14	2
hyy	“何晏也？”	论语·子路 13.14	2
dyyz	对曰：“有政。”	论语·子路 13.14	1
yz	“有政。”	论语·子路 13.14	2
zyqsy	子曰：其事也。	论语·子路 13.14	1
qsy	其事也。	论语·子路 13.14	2
ryzsbwywqywz	如有政，虽不吾以，吾其与闻之。	论语·子路 13.14	1
sbwywqywz	虽不吾以，吾其与闻之。	论语·子路 13.14	2
wqywz	吾其与闻之。	论语·子路 13.14	2
dgwyyekyxbyz	定公问：“一言而可以兴邦，有诸？”	论语·子路 13.15	1
yyekyxbyz	“一言而可以兴邦，有诸？”	论语·子路 13.15	2
yz	有诸？	论语·子路 13.15	2
kzdyybkyrsqjy	孔子对曰：言不可以若是其几也。	论语·子路 13.15	1
ybkyrsqjy	言不可以若是其几也。	论语·子路 13.15	2
rzyywjnwcby	人之言曰：‘为君难，为臣不易。’	论语·子路 13.15	1
wjnwcby	‘为君难，为臣不易。’	论语·子路 13.15	2
wcby	为臣不易。	论语·子路 13.15	2
rzwjznybjhyyexbh	如知为君之难也，不几乎一言而兴邦乎？	论语·子路 13.15	1
bjhyyexbh	不几乎一言而兴邦乎？	论语·子路 13.15	2
yyyesbyz	曰：“一言而丧邦，有诸？”	论语·子路 13.15	1
yyesbyz	“一言而丧邦，有诸？”	论语·子路 13.15	2
rzyyywlhwjwqyemywy	人之言曰：‘予无乐乎为君，唯其言而莫予违也。’	论语·子路 13.15	1
ywlhwjwqyemywy	‘予无乐乎为君，唯其言而莫予违也。’	论语·子路 13.15	2
wqyemywy	唯其言而莫予违也。	论语·子路 13.15	2
rqsemzwybysh	如其善而莫之违也，不亦善乎？	论语·子路 13.15	1
bysh	不亦善乎？	论语·子路 13.15	2
rbsemzwybjhyyesbh	如不善而莫之违也，不几乎一言而丧邦乎？	论语·子路 13.15	1
bjhyyesbh	不几乎一言而丧邦乎？	论语·子路 13.15	2
ygwzzyjzsyzl	叶公问政，子曰：“近者说，远者来。”	论语·子路 13.16	1
zyjzsyzl	子曰：“近者说，远者来。”	论语·子路 13.16	2
jzsyzl	“近者说，远者来。”	论语·子路 13.16	2
yzl	远者来。	论语·子路 13.16	2
zxwjfzwzzywyswjxl	子夏为莒父宰，问政，子曰：无欲速，无见小利。	论语·子路 13.17	1
wzzywyswjxl	问政，子曰：无欲速，无见小利。	论语·子路 13.17	2
zywyswjxl	子曰：无欲速，无见小利。	论语·子路 13.17	2
wyswjxl	无欲速，无见小利。	论语·子路 13.17	2
wjxl	无见小利。	论语·子路 13.17	2
yszbdjxlzdsbc	欲速则不达，见小利则大事不成。	论语·子路 13.17	1
jxlzdsbc	见小利则大事不成。	论语·子路 13.17	2
ygykzywdyzgzqfryezzz	叶公语孔子曰：“吾党有直躬者，其父攘羊，而子证之。”	论语·子路 13.18	1
wdyzgzqfryezzz	“吾党有直躬者，其父攘羊，而子证之。”	论语·子路 13.18	2
qfryezzz	其父攘羊，而子证之。	论语·子路 13.18	2
ezzz	而子证之。	论语·子路 13.18	2
kzywdzzzyys	孔子曰：吾党之直者异于是。	论语·子路 13.18	1
wdzzzyys	吾党之直者异于是。	论语·子路 13.18	2
fwzyzwfyzzqzy	父为子隐，子为父隐，直在其中矣。	论语·子路 13.18	1
zwfyzzqzy	子为父隐，直在其中矣。	论语·子路 13.18	2
zzqzy	直在其中矣。	论语·子路 13.18	2
fcwrzyjcgzsjyrz	樊迟问仁，子曰：居处恭，执事敬，与人忠。	论语·子路 13.19	1
zyjcgzsjyrz	子曰：居处恭，执事敬，与人忠。	论语·子路 13.19	2
jcgzsjyrz	居处恭，执事敬，与人忠。	论语·子路 13.19	2
zsjyrz	执事敬，与人忠。	论语·子路 13.19	2
yrz	与人忠。	论语·子路 13.19	2
szydbkqy	虽之夷狄，不可弃也。	论语·子路 13.19	1
bkqy	不可弃也。	论语·子路 13.19	2
zgwyhrskwzsy	子贡问曰：“何如斯可谓之士矣？”	论语·子路 13.20	1
hrskwzsy	“何如斯可谓之士矣？”	论语·子路 13.20	2
zyxjycsysfbrjmkwsy	子曰：“行己有耻，使于四方不辱君命，可谓士矣。”	论语·子路 13.20	1
xjycsysfbrjmkwsy	“行己有耻，使于四方不辱君命，可谓士矣。”	论语·子路 13.20	2
sysfbrjmkwsy	使于四方不辱君命，可谓士矣。	论语·子路 13.20	2
kwsy	可谓士矣。	论语·子路 13.20	2
ygwqc	曰：“敢问其次。”	论语·子路 13.20	1
gwqc	“敢问其次。”	论语·子路 13.20	2
yzzcxyxdcdy	曰：“宗族称孝焉，乡党称弟焉。”	论语·子路 13.20	1
zzcxyxdcdy	“宗族称孝焉，乡党称弟焉。”	论语·子路 13.20	2
xdcdy	乡党称弟焉。	论语·子路 13.20	2
yybxxbgjjrxrz	曰：言必信，行必果，踁踁然小人哉！	论语·子路 13.20	1
ybxxbgjjrxrz	言必信，行必果，踁踁然小人哉！	论语·子路 13.20	2
xbgjjrxrz	行必果，踁踁然小人哉！	论语·子路 13.20	2
jjrxrz	踁踁然小人哉！	论语·子路 13.20	2
yykywcy	抑亦可以为次矣。	论语·子路 13.20	1
yjzczzhr	曰：“今之从政者何如？”	论语·子路 13.20	1
jzczzhr	“今之从政者何如？”	论语·子路 13.20	2
dszrhzsy	斗筲之人，何足算也！	论语·子路 13.20	1
hzsy	何足算也！	论语·子路 13.20	2
zybdzheyzbykjh	子曰：不得中行而与之，必也狂狷乎！	论语·子路 13.21	1
bdzheyzbykjh	不得中行而与之，必也狂狷乎！	论语·子路 13.21	2
bykjh	必也狂狷乎！	论语·子路 13.21	2
kzjqjzysbwy	狂者进取，狷者有所不为也。	论语·子路 13.21	1
jzysbwy	狷者有所不为也。	论语·子路 13.21	2
zynryyyrewhbkyzwy	子曰：南人有言曰：‘人而无恒，不可以作巫医。’	论语·子路 13.22	1
nryyyrewhbkyzwy	南人有言曰：‘人而无恒，不可以作巫医。’	论语·子路 13.22	2
rewhbkyzwy	‘人而无恒，不可以作巫医。’	论语·子路 13.22	2
bkyzwy	不可以作巫医。	论语·子路 13.22	2
sf	善夫！	论语·子路 13.22	1
bhqdhczx	“不恒其德，或承之羞。”	论语·子路 13.22	1
hczx	或承之羞。	论语·子路 13.22	2
zybzeyy	子曰：“不占而已矣。”	论语·子路 13.22	1
bzeyy	“不占而已矣。”	论语·子路 13.22	2
zyjzhebtxrtebh	子曰：“君子和而不同，小人同而不和。”	论语·子路 13.23	1
jzhebtxrtebh	“君子和而不同，小人同而不和。”	论语·子路 13.23	2
xrtebh	小人同而不和。	论语·子路 13.23	2
zgwyxrjhzhr	子贡问曰：“乡人皆好之，何如？”	论语·子路 13.24	1
xrjhzhr	“乡人皆好之，何如？”	论语·子路 13.24	2
zywky	子曰：“未可也。”	论语·子路 13.24	1
wky	“未可也。”	论语·子路 13.24	2
xrjezhr	“乡人皆恶之，何如？”	论语·子路 13.24	1
zywky	子曰：未可也。	论语·子路 13.24	1
wky	未可也。	论语·子路 13.24	2
brxrzszhzqbszez	不如乡人之善者好之，其不善者恶之。	论语·子路 13.24	1
qbszez	其不善者恶之。	论语·子路 13.24	2
zyjzysensyszbydbsyjqsryqzxrnseysyszsbydsyjqsryqby	子曰：“君子易事而难说也，说之不以道不说也，及其使人也器之；小人难事而易说也，说之虽不以道说也，及其使人也求备焉。”	论语·子路 13.25	1
jzysensyszbydbsyjqsryqzxrnseysyszsbydsyjqsryqby	“君子易事而难说也，说之不以道不说也，及其使人也器之；小人难事而易说也，说之虽不以道说也，及其使人也求备焉。”	论语·子路 13.25	2
szbydbsyjqsryqzxrnseysyszsbydsyjqsryqby	说之不以道不说也，及其使人也器之；小人难事而易说也，说之虽不以道说也，及其使人也求备焉。	论语·子路 13.25	2
jqsryqzxrnseysyszsbydsyjqsryqby	及其使人也器之；小人难事而易说也，说之虽不以道说也，及其使人也求备焉。	论语·子路 13.25	2
xrnseysyszsbydsyjqsryqby	小人难事而易说也，说之虽不以道说也，及其使人也求备焉。	论语·子路 13.25	2
szsbydsyjqsryqby	说之虽不以道说也，及其使人也求备焉。	论语·子路 13.25	2
jqsryqby	及其使人也求备焉。	论语·子路 13.25	2
zyjztebjxrjebt	子曰：“君子泰而不骄，小人骄而不泰。”	论语·子路 13.26	1
jztebjxrjebt	“君子泰而不骄，小人骄而不泰。”	论语·子路 13.26	2
xrjebt	小人骄而不泰。	论语·子路 13.26	2
zygymnjr	子曰：“刚、毅、木、讷近仁。”	论语·子路 13.27	1
gymnjr	“刚、毅、木、讷近仁。”	论语·子路 13.27	2
ymnjr	毅、木、讷近仁。	论语·子路 13.27	2
mnjr	木、讷近仁。	论语·子路 13.27	2
njr	讷近仁。	论语·子路 13.27	2
zlwyhrskwzsy	子路问曰：“何如斯可谓之士矣？”	论语·子路 13.28	1
zyqqccyyrykwsy	子曰：切切偲偲，怡怡如也，可谓士矣。	论语·子路 13.28	1
qqccyyrykwsy	切切偲偲，怡怡如也，可谓士矣。	论语·子路 13.28	2
yyrykwsy	怡怡如也，可谓士矣。	论语·子路 13.28	2
pyqqccxdyy	朋友切切偲偲，兄弟怡怡。	论语·子路 13.28	1
xdyy	兄弟怡怡。	论语·子路 13.28	2
zysrjmqnykyjry	子曰：“善人教民七年，亦可以即戎矣。”	论语·子路 13.29	1
srjmqnykyjry	“善人教民七年，亦可以即戎矣。”	论语·子路 13.29	2
ykyjry	亦可以即戎矣。	论语·子路 13.29	2
zyybjmzswqz	子曰：“以不教民战，是谓弃之。”	论语·子路 13.30	1
ybjmzswqz	“以不教民战，是谓弃之。”	论语·子路 13.30	2
swqz	是谓弃之。	论语·子路 13.30	2
xwczybydgbwdgcy	宪问耻，子曰：“邦有道，谷；邦无道，谷，耻也。”	论语·宪问 14.1	1
zybydgbwdgcy	子曰：“邦有道，谷；邦无道，谷，耻也。”	论语·宪问 14.1	2
bydgbwdgcy	“邦有道，谷；邦无道，谷，耻也。”	论语·宪问 14.1	2
gbwdgcy	谷；邦无道，谷，耻也。	论语·宪问 14.1	2
bwdgcy	邦无道，谷，耻也。	论语·宪问 14.1	2
gcy	谷，耻也。	论语·宪问 14.1	2
kfyybxykywry	“克、伐、怨、欲不行焉，可以为仁矣？”	论语·宪问 14.1	1
fyybxykywry	伐、怨、欲不行焉，可以为仁矣？	论语·宪问 14.1	2
yybxykywry	怨、欲不行焉，可以为仁矣？	论语·宪问 14.1	2
ybxykywry	欲不行焉，可以为仁矣？	论语·宪问 14.1	2
kywry	可以为仁矣？	论语·宪问 14.1	2
zykywnyrzwbzy	子曰：“可以为难矣，仁则吾不知也。”	论语·宪问 14.1	1
kywnyrzwbzy	“可以为难矣，仁则吾不知也。”	论语·宪问 14.1	2
rzwbzy	仁则吾不知也。	论语·宪问 14.1	2
zysehjbzywsy	子曰：“士而怀居，不足以为士矣。”	论语·宪问 14.2	1
sehjbzywsy	“士而怀居，不足以为士矣。”	论语·宪问 14.2	2
bzywsy	不足以为士矣。	论语·宪问 14.2	2
zybydwywxbwdwxys	子曰：“邦有道，危言危行；邦无道，危行言孙。”	论语·宪问 14.3	1
bydwywxbwdwxys	“邦有道，危言危行；邦无道，危行言孙。”	论语·宪问 14.3	2
wywxbwdwxys	危言危行；邦无道，危行言孙。	论语·宪问 14.3	2
bwdwxys	邦无道，危行言孙。	论语·宪问 14.3	2
wxys	危行言孙。	论语·宪问 14.3	2
zyydzbyyyyzbbyd	子曰：有德者必有言，有言者不必有德。	论语·宪问 14.4	1
ydzbyyyyzbbyd	有德者必有言，有言者不必有德。	论语·宪问 14.4	2
yyzbbyd	有言者不必有德。	论语·宪问 14.4	2
rzbyyyzbbyr	仁者必有勇，勇者不必有仁。	论语·宪问 14.4	1
yzbbyr	勇者不必有仁。	论语·宪问 14.4	2
ngswykzyyssadzjbdqsryjgjeytx	南宫适问于孔子曰：“羿善射，奡荡舟，俱不得其死然；禹、稷躬稼而有天下。”	论语·宪问 14.5	1
yssadzjbdqsryjgjeytx	“羿善射，奡荡舟，俱不得其死然；禹、稷躬稼而有天下。”	论语·宪问 14.5	2
adzjbdqsryjgjeytx	奡荡舟，俱不得其死然；禹、稷躬稼而有天下。	论语·宪问 14.5	2
jbdqsryjgjeytx	俱不得其死然；禹、稷躬稼而有天下。	论语·宪问 14.5	2
yjgjeytx	禹、稷躬稼而有天下。	论语·宪问 14.5	2
jgjeytx	稷躬稼而有天下。	论语·宪问 14.5	2
fzbd	夫子不答。	论语·宪问 14.5	1
ngsczyjzzrr	南宫适出，子曰：君子哉若人！	论语·宪问 14.5	1
zyjzzrr	子曰：君子哉若人！	论语·宪问 14.5	2
sdzrr	尚德哉若人！	论语·宪问 14.5	1
zyjzebrzyyfwyxrerzy	子曰：“君子而不仁者有矣夫，未有小人而仁者也。”	论语·宪问 14.6	1
jzebrzyyfwyxrerzy	“君子而不仁者有矣夫，未有小人而仁者也。”	论语·宪问 14.6	2
wyxrerzy	未有小人而仁者也。	论语·宪问 14.6	2
zyaznwlh	子曰：爱之，能勿劳乎？	论语·宪问 14.7	1
aznwlh	爱之，能勿劳乎？	论语·宪问 14.7	2
nwlh	能勿劳乎？	论语·宪问 14.7	2
zynwhh	忠焉，能勿诲乎？	论语·宪问 14.7	1
nwhh	能勿诲乎？	论语·宪问 14.7	2
zywmbccczsstlzxrzyxszdlzcrsz	子曰：“为命，裨谌草创之，世叔讨论之，行人子羽修饰之，东里子产润色之。”	论语·宪问 14.8	1
wmbccczsstlzxrzyxszdlzcrsz	“为命，裨谌草创之，世叔讨论之，行人子羽修饰之，东里子产润色之。”	论语·宪问 14.8	2
bccczsstlzxrzyxszdlzcrsz	裨谌草创之，世叔讨论之，行人子羽修饰之，东里子产润色之。	论语·宪问 14.8	2
sstlzxrzyxszdlzcrsz	世叔讨论之，行人子羽修饰之，东里子产润色之。	论语·宪问 14.8	2
xrzyxszdlzcrsz	行人子羽修饰之，东里子产润色之。	论语·宪问 14.8	2
dlzcrsz	东里子产润色之。	论语·宪问 14.8	2
hwzczyhry	或问子产，子曰：“惠人也。”	论语·宪问 14.9	1
zyhry	子曰：“惠人也。”	论语·宪问 14.9	2
hry	“惠人也。”	论语·宪问 14.9	2
wzxybzbz	问子西，曰：“彼哉，彼哉！”	论语·宪问 14.9	1
ybzbz	曰：“彼哉，彼哉！”	论语·宪问 14.9	2
bzbz	“彼哉，彼哉！”	论语·宪问 14.9	2
bz	彼哉！	论语·宪问 14.9	2
wgzyry	问管仲，曰：人也。	论语·宪问 14.9	1
yry	曰：人也。	论语·宪问 14.9	2
ry	人也。	论语·宪问 14.9	2
dbspysbfssmcwyy	夺伯氏骈邑三百，饭疏食，没齿无怨言。	论语·宪问 14.9	1
fssmcwyy	饭疏食，没齿无怨言。	论语·宪问 14.9	2
mcwyy	没齿无怨言。	论语·宪问 14.9	2
zypewynfewjy	子曰：“贫而无怨难，富而无骄易。”	论语·宪问 14.10	1
pewynfewjy	“贫而无怨难，富而无骄易。”	论语·宪问 14.10	2
fewjy	富而无骄易。	论语·宪问 14.10	2
zymgcwzwlzybkywtxdf	子曰：“孟公绰为赵、魏老则优，不可以为滕、薛大夫。”	论语·宪问 14.11	1
mgcwzwlzybkywtxdf	“孟公绰为赵、魏老则优，不可以为滕、薛大夫。”	论语·宪问 14.11	2
wlzybkywtxdf	魏老则优，不可以为滕、薛大夫。	论语·宪问 14.11	2
bkywtxdf	不可以为滕、薛大夫。	论语·宪问 14.11	2
xdf	薛大夫。	论语·宪问 14.11	2
zlwcrzyrzwzzzgczbybzzzyrqzywzylyykywcry	子路问成人，子曰：“若臧武仲之知、公绰之不欲、卞庄子之勇、冉求之艺，文之以礼乐，亦可以为成人矣。”	论语·宪问 14.12	1
zyrzwzzzgczbybzzzyrqzywzylyykywcry	子曰：“若臧武仲之知、公绰之不欲、卞庄子之勇、冉求之艺，文之以礼乐，亦可以为成人矣。”	论语·宪问 14.12	2
rzwzzzgczbybzzzyrqzywzylyykywcry	“若臧武仲之知、公绰之不欲、卞庄子之勇、冉求之艺，文之以礼乐，亦可以为成人矣。”	论语·宪问 14.12	2
gczbybzzzyrqzywzylyykywcry	公绰之不欲、卞庄子之勇、冉求之艺，文之以礼乐，亦可以为成人矣。	论语·宪问 14.12	2
bzzzyrqzywzylyykywcry	卞庄子之勇、冉求之艺，文之以礼乐，亦可以为成人矣。	论语·宪问 14.12	2
rqzywzylyykywcry	冉求之艺，文之以礼乐，亦可以为成人矣。	论语·宪问 14.12	2
wzylyykywcry	文之以礼乐，亦可以为成人矣。	论语·宪问 14.12	2
ykywcry	亦可以为成人矣。	论语·宪问 14.12	2
yjzcrzhbr	曰：今之成人者何必然？	论语·宪问 14.12	1
jzcrzhbr	今之成人者何必然？	论语·宪问 14.12	2
jlsyjwsmjybwpszyykywcry	见利思义，见危授命，久要不忘平生之言，亦可以为成人矣。	论语·宪问 14.12	1
jwsmjybwpszyykywcry	见危授命，久要不忘平生之言，亦可以为成人矣。	论语·宪问 14.12	2
jybwpszyykywcry	久要不忘平生之言，亦可以为成人矣。	论语·宪问 14.12	2
zwgswzygmjyxhfzbybxbqh	子问公叔文子于公明贾曰：“信乎，夫子不言，不笑，不取乎？”	论语·宪问 14.13	1
xhfzbybxbqh	“信乎，夫子不言，不笑，不取乎？”	论语·宪问 14.13	2
fzbybxbqh	夫子不言，不笑，不取乎？	论语·宪问 14.13	2
bxbqh	不笑，不取乎？	论语·宪问 14.13	2
bqh	不取乎？	论语·宪问 14.13	2
gmjdyygzgy	公明贾对曰：以告者过也。	论语·宪问 14.13	1
ygzgy	以告者过也。	论语·宪问 14.13	2
fzsrhyrbyqylrhxrbyqxyrhqrbyqq	夫子时然后言，人不厌其言；乐然后笑，人不厌其笑；义然后取，人不厌其取。	论语·宪问 14.13	1
rbyqylrhxrbyqxyrhqrbyqq	人不厌其言；乐然后笑，人不厌其笑；义然后取，人不厌其取。	论语·宪问 14.13	2
lrhxrbyqxyrhqrbyqq	乐然后笑，人不厌其笑；义然后取，人不厌其取。	论语·宪问 14.13	2
rbyqxyrhqrbyqq	人不厌其笑；义然后取，人不厌其取。	论语·宪问 14.13	2
yrhqrbyqq	义然后取，人不厌其取。	论语·宪问 14.13	2
rbyqq	人不厌其取。	论语·宪问 14.13	2
zyqr	子曰：其然？	论语·宪问 14.13	1
qr	其然？	论语·宪问 14.13	2
qqrh	岂其然乎？	论语·宪问 14.13	1
zyzwzyfqwhylsybyjwbxy	子曰：“臧武仲以防求为后于鲁，虽曰不要君，吾不信也。”	论语·宪问 14.14	1
zwzyfqwhylsybyjwbxy	“臧武仲以防求为后于鲁，虽曰不要君，吾不信也。”	论语·宪问 14.14	2
sybyjwbxy	虽曰不要君，吾不信也。	论语·宪问 14.14	2
wbxy	吾不信也。	论语·宪问 14.14	2
zyjwgjebzqhgzebj	子曰：“晋文公谲而不正，齐桓公正而不谲。”	论语·宪问 14.15	1
jwgjebzqhgzebj	“晋文公谲而不正，齐桓公正而不谲。”	论语·宪问 14.15	2
qhgzebj	齐桓公正而不谲。	论语·宪问 14.15	2
zlyhgsgzjzhszgzbsywrh	子路曰：“桓公杀公子纠，召忽死之，管仲不死，曰未仁乎？”	论语·宪问 14.16	1
hgsgzjzhszgzbsywrh	“桓公杀公子纠，召忽死之，管仲不死，曰未仁乎？”	论语·宪问 14.16	2
zhszgzbsywrh	召忽死之，管仲不死，曰未仁乎？	论语·宪问 14.16	2
gzbsywrh	管仲不死，曰未仁乎？	论语·宪问 14.16	2
ywrh	曰未仁乎？	论语·宪问 14.16	2
zyhgjhzhbybcgzzly	子曰：桓公九合诸侯不以兵车，管仲之力也。	论语·宪问 14.16	1
hgjhzhbybcgzzly	桓公九合诸侯不以兵车，管仲之力也。	论语·宪问 14.16	2
gzzly	管仲之力也。	论语·宪问 14.16	2
rqrrqr	如其仁，如其仁！	论语·宪问 14.16	1
rqr	如其仁！	论语·宪问 14.16	2
zgygzfrzy	子贡曰：管仲非仁者与？	论语·宪问 14.17	1
gzfrzy	管仲非仁者与？	论语·宪问 14.17	2
hgsgzjbnsyxz	桓公杀公子纠，不能死，又相之。	论语·宪问 14.17	1
bnsyxz	不能死，又相之。	论语·宪问 14.17	2
yxz	又相之。	论语·宪问 14.17	2
zygzxhgbzhyktxmdyjsqc	子曰：管仲相桓公霸诸侯，一匡天下，民到于今受其赐。	论语·宪问 14.17	1
gzxhgbzhyktxmdyjsqc	管仲相桓公霸诸侯，一匡天下，民到于今受其赐。	论语·宪问 14.17	2
yktxmdyjsqc	一匡天下，民到于今受其赐。	论语·宪问 14.17	2
mdyjsqc	民到于今受其赐。	论语·宪问 14.17	2
wgzwqpfzry	微管仲，吾其被发左衽矣。	论语·宪问 14.17	1
wqpfzry	吾其被发左衽矣。	论语·宪问 14.17	2
qrpfpfzwlyzjygdemzzy	岂若匹夫匹妇之为谅也，自经于沟渎而莫之知也。	论语·宪问 14.17	1
zjygdemzzy	自经于沟渎而莫之知也。	论语·宪问 14.17	2
gswzzcdfzywztszgzwzykywwy	公叔文子之臣大夫僎与文子同升诸公，子闻之,曰：“可以为‘文’矣。”	论语·宪问 14.18	1
zwzykywwy	子闻之,曰：“可以为‘文’矣。”	论语·宪问 14.18	2
kywwy	“可以为‘文’矣。”	论语·宪问 14.18	2
zywlgzwdykzyfrsxebs	子言卫灵公之无道也，康子曰：“夫如是，奚而不丧？”	论语·宪问 14.19	1
kzyfrsxebs	康子曰：“夫如是，奚而不丧？”	论语·宪问 14.19	2
frsxebs	“夫如是，奚而不丧？”	论语·宪问 14.19	2
xebs	奚而不丧？	论语·宪问 14.19	2
kzyzsyzbkztzzmwsjzjlfrsxqs	孔子曰：“仲叔圉治宾客，祝𬶍治宗庙，王孙贾治军旅，夫如是，奚其丧？”	论语·宪问 14.19	1
zsyzbkztzzmwsjzjlfrsxqs	“仲叔圉治宾客，祝𬶍治宗庙，王孙贾治军旅，夫如是，奚其丧？”	论语·宪问 14.19	2
ztzzmwsjzjlfrsxqs	祝𬶍治宗庙，王孙贾治军旅，夫如是，奚其丧？	论语·宪问 14.19	2
wsjzjlfrsxqs	王孙贾治军旅，夫如是，奚其丧？	论语·宪问 14.19	2
frsxqs	夫如是，奚其丧？	论语·宪问 14.19	2
xqs	奚其丧？	论语·宪问 14.19	2
zyqyzbzzwzyn	子曰：“其言之不怍，则为之也难。”	论语·宪问 14.20	1
qyzbzzwzyn	“其言之不怍，则为之也难。”	论语·宪问 14.20	2
zwzyn	则为之也难。	论语·宪问 14.20	2
cczsjgkzmyecgyagychsqjqtz	陈成子弑简公，孔子沐浴而朝，告于哀公曰：“陈恒弑其君，请讨之。”	论语·宪问 14.21	1
kzmyecgyagychsqjqtz	孔子沐浴而朝，告于哀公曰：“陈恒弑其君，请讨之。”	论语·宪问 14.21	2
gyagychsqjqtz	告于哀公曰：“陈恒弑其君，请讨之。”	论语·宪问 14.21	2
chsqjqtz	“陈恒弑其君，请讨之。”	论语·宪问 14.21	2
qtz	请讨之。	论语·宪问 14.21	2
gygfsz	公曰：“告夫三子。”	论语·宪问 14.21	1
gfsz	“告夫三子。”	论语·宪问 14.21	2
kzyywcdfzhbgbgyjygfszz	,孔子曰：“以吾从大夫之后，不敢不告也，君曰‘告夫三子’者！”	论语·宪问 14.21	1
ywcdfzhbgbgyjygfszz	“以吾从大夫之后，不敢不告也，君曰‘告夫三子’者！”	论语·宪问 14.21	2
bgbgyjygfszz	不敢不告也，君曰‘告夫三子’者！	论语·宪问 14.21	2
jygfszz	君曰‘告夫三子’者！	论语·宪问 14.21	2
zszgbk	之三子告，不可。	论语·宪问 14.21	1
bk	不可。	论语·宪问 14.21	2
kzyywcdfzhbgbgy	孔子曰：“以吾从大夫之后，不敢不告也。”	论语·宪问 14.21	1
ywcdfzhbgbgy	“以吾从大夫之后，不敢不告也。”	论语·宪问 14.21	2
bgbgy	不敢不告也。	论语·宪问 14.21	2
zlwsjzywqyefz	子路问事君，子曰：“勿欺也，而犯之。”	论语·宪问 14.22	1
zywqyefz	子曰：“勿欺也，而犯之。”	论语·宪问 14.22	2
wqyefz	“勿欺也，而犯之。”	论语·宪问 14.22	2
efz	而犯之。	论语·宪问 14.22	2
zyjzsdxrxd	子曰：“君子上达，小人下达。”	论语·宪问 14.23	1
jzsdxrxd	“君子上达，小人下达。”	论语·宪问 14.23	2
xrxd	小人下达。	论语·宪问 14.23	2
zygzxzwjjzxzwr	子曰：“古之学者为己，今之学者为人。”	论语·宪问 14.24	1
gzxzwjjzxzwr	“古之学者为己，今之学者为人。”	论语·宪问 14.24	2
jzxzwr	今之学者为人。	论语·宪问 14.24	2
qbysrykzkzyzzewyyfzhw	蘧伯玉使人于孔子，孔子与之坐而问焉，曰：“夫子何为？”	论语·宪问 14.25	1
kzyzzewyyfzhw	孔子与之坐而问焉，曰：“夫子何为？”	论语·宪问 14.25	2
yfzhw	曰：“夫子何为？”	论语·宪问 14.25	2
fzhw	“夫子何为？”	论语·宪问 14.25	2
dyfzygqgewny	对曰：“夫子欲寡其过而未能也。”	论语·宪问 14.25	1
fzygqgewny	“夫子欲寡其过而未能也。”	论语·宪问 14.25	2
szczysh	使者出，子曰：使乎！	论语·宪问 14.25	1
zysh	子曰：使乎！	论语·宪问 14.25	2
sh	使乎！	论语·宪问 14.25	2
czyjzsbcqw	曾子曰：“君子思不出其位。”	论语·宪问 14.26	1
jzsbcqw	“君子思不出其位。”	论语·宪问 14.26	2
zyjzcqyegqx	子曰：“君子耻其言而过其行。”	论语·宪问 14.27	1
jzcqyegqx	“君子耻其言而过其行。”	论语·宪问 14.27	2
zyjzdzswwnyrzbyzzbhyzbj	子曰：“君子道者三，我无能焉：仁者不忧，知者不惑，勇者不惧。”	论语·宪问 14.28	1
jzdzswwnyrzbyzzbhyzbj	“君子道者三，我无能焉：仁者不忧，知者不惑，勇者不惧。”	论语·宪问 14.28	2
wwnyrzbyzzbhyzbj	我无能焉：仁者不忧，知者不惑，勇者不惧。	论语·宪问 14.28	2
rzbyzzbhyzbj	仁者不忧，知者不惑，勇者不惧。	论语·宪问 14.28	2
zzbhyzbj	知者不惑，勇者不惧。	论语·宪问 14.28	2
zgyfzzdy	子贡曰：“夫子自道也。”	论语·宪问 14.28	1
fzzdy	“夫子自道也。”	论语·宪问 14.28	2
zgfrzycyxhz	子贡方人，子曰：赐也贤乎哉？	论语·宪问 14.29	1
zycyxhz	子曰：赐也贤乎哉？	论语·宪问 14.29	2
cyxhz	赐也贤乎哉？	论语·宪问 14.29	2
fwzbx	夫我则不暇。	论语·宪问 14.29	1
zybhrzbjzhqbny	子曰：“不患人之不己知，患其不能也。”	论语·宪问 14.30	1
bhrzbjzhqbny	“不患人之不己知，患其不能也。”	论语·宪问 14.30	2
hqbny	患其不能也。	论语·宪问 14.30	2
zybnzbybxyyxjzsxh	子曰：“不逆诈，不亿不信，抑亦先觉者，是贤乎！”	论语·宪问 14.31	1
bnzbybxyyxjzsxh	“不逆诈，不亿不信，抑亦先觉者，是贤乎！”	论语·宪问 14.31	2
bybxyyxjzsxh	不亿不信，抑亦先觉者，是贤乎！	论语·宪问 14.31	2
yyxjzsxh	抑亦先觉者，是贤乎！	论语·宪问 14.31	2
sxh	是贤乎！	论语·宪问 14.31	2
wsmwkzyqhwsxxzy	微生亩谓孔子曰：丘何为是栖栖者与？	论语·宪问 14.32	1
qhwsxxzy	丘何为是栖栖者与？	论语·宪问 14.32	2
wnwnh	无乃为佞乎？	论语·宪问 14.32	1
kzyfgwnyjgy	孔子曰：“非敢为佞也，疾固也。”	论语·宪问 14.32	1
fgwnyjgy	“非敢为佞也，疾固也。”	论语·宪问 14.32	2
jgy	疾固也。	论语·宪问 14.32	2
yjbcqlcqdy	曰：“骥不称其力，称其德也。”	论语·宪问 14.33	1
jbcqlcqdy	“骥不称其力，称其德也。”	论语·宪问 14.33	2
cqdy	称其德也。	论语·宪问 14.33	2
hyydbyhr	或曰：“以德报怨，何如？”	论语·宪问 14.34	1
ydbyhr	“以德报怨，何如？”	论语·宪问 14.34	2
zyhybd	子曰：何以报德？	论语·宪问 14.34	1
hybd	何以报德？	论语·宪问 14.34	2
yzbyydbd	以直报怨，以德报德。	论语·宪问 14.34	1
ydbd	以德报德。	论语·宪问 14.34	2
zymwzyf	子曰：“莫我知也夫！”	论语·宪问 14.35	1
mwzyf	“莫我知也夫！”	论语·宪问 14.35	2
zgyhwqmzzy	子贡曰：“何为其莫知子也？”	论语·宪问 14.35	1
hwqmzzy	“何为其莫知子也？”	论语·宪问 14.35	2
zybytbyrxxesd	子曰：不怨天，不尤人，下学而上达。	论语·宪问 14.35	1
bytbyrxxesd	不怨天，不尤人，下学而上达。	论语·宪问 14.35	2
byrxxesd	不尤人，下学而上达。	论语·宪问 14.35	2
xxesd	下学而上达。	论语·宪问 14.35	2
zwzqth	知我者其天乎！	论语·宪问 14.35	1
gblszlyjs	公伯寮愬子路于季孙。	论语·宪问 14.36	1
zfjbygyfzgyhzygblwlynszsc	子服景伯以告，曰：“夫子固有惑志于公伯寮，吾力犹能肆诸市朝。”	论语·宪问 14.36	1
yfzgyhzygblwlynszsc	曰：“夫子固有惑志于公伯寮，吾力犹能肆诸市朝。”	论语·宪问 14.36	2
fzgyhzygblwlynszsc	“夫子固有惑志于公伯寮，吾力犹能肆诸市朝。”	论语·宪问 14.36	2
wlynszsc	吾力犹能肆诸市朝。	论语·宪问 14.36	2
zydzjxyymydzjfyymy	子曰：道之将行也与，命也；道之将废也与，命也。	论语·宪问 14.36	1
dzjxyymydzjfyymy	道之将行也与，命也；道之将废也与，命也。	论语·宪问 14.36	2
mydzjfyymy	命也；道之将废也与，命也。	论语·宪问 14.36	2
dzjfyymy	道之将废也与，命也。	论语·宪问 14.36	2
my	命也。	论语·宪问 14.36	2
gblqrmh	公伯寮其如命何？	论语·宪问 14.36	1
zyxzpsqcpdqcpsqcpy	子曰：“贤者辟世，其次辟地，其次辟色，其次辟言。”	论语·宪问 14.37	1
xzpsqcpdqcpsqcpy	“贤者辟世，其次辟地，其次辟色，其次辟言。”	论语·宪问 14.37	2
qcpdqcpsqcpy	其次辟地，其次辟色，其次辟言。	论语·宪问 14.37	2
qcpsqcpy	其次辟色，其次辟言。	论语·宪问 14.37	2
qcpy	其次辟言。	论语·宪问 14.37	2
zyzzqry	子曰：“作者七人矣。”	论语·宪问 14.37	1
zzqry	“作者七人矣。”	论语·宪问 14.37	2
zlsysmcmyxz	子路宿于石门，晨门曰：“奚自？”	论语·宪问 14.38	1
cmyxz	晨门曰：“奚自？”	论语·宪问 14.38	2
xz	“奚自？”	论语·宪问 14.38	2
zlyzks	子路曰：“自孔氏。”	论语·宪问 14.38	1
zks	“自孔氏。”	论语·宪问 14.38	2
yszqbkewzzy	曰：“是知其不可而为之者与？”	论语·宪问 14.38	1
szqbkewzzy	“是知其不可而为之者与？”	论语·宪问 14.38	2
zjqywyhkegkszmzyyxzjqh	子击磬于卫，有荷蒉而过孔氏之门者，曰：“有心哉，击磬乎！”	论语·宪问 14.39	1
yhkegkszmzyyxzjqh	有荷蒉而过孔氏之门者，曰：“有心哉，击磬乎！”	论语·宪问 14.39	2
yyxzjqh	曰：“有心哉，击磬乎！”	论语·宪问 14.39	2
yxzjqh	“有心哉，击磬乎！”	论语·宪问 14.39	2
jqh	击磬乎！	论语·宪问 14.39	2
jeybzkkh	既而曰：鄙哉，硁硁乎！	论语·宪问 14.39	1
bzkkh	鄙哉，硁硁乎！	论语·宪问 14.39	2
kkh	硁硁乎！	论语·宪问 14.39	2
mjzysjeyy	莫己知也，斯己而已矣。	论语·宪问 14.39	1
sjeyy	斯己而已矣。	论语·宪问 14.39	2
szlqzj	深则厉，浅则揭。	论语·宪问 14.39	1
qzj	浅则揭。	论语·宪问 14.39	2
zygz	子曰：果哉！	论语·宪问 14.39	1
gz	果哉！	论语·宪问 14.39	2
mzny	末之难矣。	论语·宪问 14.39	1
zzysygzlysnby	子张曰：《书》云，‘高宗谅阴，三年不言。’	论语·宪问 14.40	1
sygzlysnby	《书》云，‘高宗谅阴，三年不言。’	论语·宪问 14.40	2
gzlysnby	‘高宗谅阴，三年不言。’	论语·宪问 14.40	2
snby	三年不言。	论语·宪问 14.40	2
zyhbgzgzrjr	子曰：何必高宗，古之人皆然。	论语·宪问 14.40	1
hbgzgzrjr	何必高宗，古之人皆然。	论语·宪问 14.40	2
gzrjr	古之人皆然。	论语·宪问 14.40	2
jhbgzjytyzzsn	君薨，百官总己以听于冢宰三年。	论语·宪问 14.40	1
bgzjytyzzsn	百官总己以听于冢宰三年。	论语·宪问 14.40	2
zyshlzmysy	子曰：“上好礼，则民易使也。”	论语·宪问 14.41	1
shlzmysy	“上好礼，则民易使也。”	论语·宪问 14.41	2
zmysy	则民易使也。	论语·宪问 14.41	2
zlwjzzyxjyj	子路问君子，子曰：“修己以敬。”	论语·宪问 14.42	1
zyxjyj	子曰：“修己以敬。”	论语·宪问 14.42	2
xjyj	“修己以敬。”	论语·宪问 14.42	2
yrseyh	曰：“如斯而已乎？”	论语·宪问 14.42	1
rseyh	“如斯而已乎？”	论语·宪问 14.42	2
yxjyar	曰：“修己以安人。”	论语·宪问 14.42	1
xjyar	“修己以安人。”	论语·宪问 14.42	2
yxjyabx	曰：修己以安百姓。	论语·宪问 14.42	1
xjyabx	修己以安百姓。	论语·宪问 14.42	2
xjyabxysqybz	修己以安百姓，尧、舜其犹病诸！	论语·宪问 14.42	1
yryqzyyebsdzewsylebsswz	原壤夷俟，子曰：“幼而不孙弟，长而无述焉，老而不死，是为贼！”	论语·宪问 14.43	1
zyyebsdzewsylebsswz	子曰：“幼而不孙弟，长而无述焉，老而不死，是为贼！”	论语·宪问 14.43	2
yebsdzewsylebsswz	“幼而不孙弟，长而无述焉，老而不死，是为贼！”	论语·宪问 14.43	2
zewsylebsswz	长而无述焉，老而不死，是为贼！	论语·宪问 14.43	2
lebsswz	老而不死，是为贼！	论语·宪问 14.43	2
swz	是为贼！	论语·宪问 14.43	2
yzkqj	以杖叩其胫。	论语·宪问 14.43	1
qdtzjmhwzyyzy	阙党童子将命，或问之曰：“益者与？”	论语·宪问 14.44	1
hwzyyzy	或问之曰：“益者与？”	论语·宪问 14.44	2
yzy	“益者与？”	论语·宪问 14.44	2
zywjqjywyjqyxsbxy	子曰：吾见其居于位也，见其与先生并行也。	论语·宪问 14.44	1
wjqjywyjqyxsbxy	吾见其居于位也，见其与先生并行也。	论语·宪问 14.44	2
jqyxsbxy	见其与先生并行也。	论语·宪问 14.44	2
fqyzyysczy	非求益者也，欲速成者也。	论语·宪问 14.44	1
ysczy	欲速成者也。	论语·宪问 14.44	2
wlgwcykzkzdyzdzszcwzyjlzswzxy	卫灵公问陈于孔子，孔子对曰：“俎豆之事，则尝闻之矣；军旅之事，未之学也。”	论语·卫灵公 15.1	1
kzdyzdzszcwzyjlzswzxy	孔子对曰：“俎豆之事，则尝闻之矣；军旅之事，未之学也。”	论语·卫灵公 15.1	2
zdzszcwzyjlzswzxy	“俎豆之事，则尝闻之矣；军旅之事，未之学也。”	论语·卫灵公 15.1	2
zcwzyjlzswzxy	则尝闻之矣；军旅之事，未之学也。	论语·卫灵公 15.1	2
jlzswzxy	军旅之事，未之学也。	论语·卫灵公 15.1	2
wzxy	未之学也。	论语·卫灵公 15.1	2
mrsx	明日遂行。	论语·卫灵公 15.1	1
zcjlczbmnx	在陈绝粮，从者病莫能兴。	论语·卫灵公 15.2	1
czbmnx	从者病莫能兴。	论语·卫灵公 15.2	2
zlyjyjzyyqh	子路愠见曰：“君子亦有穷乎？”	论语·卫灵公 15.2	1
jzyyqh	“君子亦有穷乎？”	论语·卫灵公 15.2	2
zyjzgqxrqsly	子曰：“君子固穷，小人穷斯滥矣。”	论语·卫灵公 15.2	1
jzgqxrqsly	“君子固穷，小人穷斯滥矣。”	论语·卫灵公 15.2	2
xrqsly	小人穷斯滥矣。	论语·卫灵公 15.2	2
zycynyywdxeszzy	子曰：“赐也，女以予为多学而识之者与？”	论语·卫灵公 15.3	1
cynyywdxeszzy	“赐也，女以予为多学而识之者与？”	论语·卫灵公 15.3	2
nyywdxeszzy	女以予为多学而识之者与？	论语·卫灵公 15.3	2
dyrfy	对曰：“然，非与？”	论语·卫灵公 15.3	1
rfy	“然，非与？”	论语·卫灵公 15.3	2
fy	非与？	论语·卫灵公 15.3	2
yfyyyygz	曰：“非也，予一以贯之。”	论语·卫灵公 15.3	1
fyyyygz	“非也，予一以贯之。”	论语·卫灵公 15.3	2
yyygz	予一以贯之。	论语·卫灵公 15.3	2
zyyzdzxy	子曰：“由，知德者鲜矣。”	论语·卫灵公 15.4	1
yzdzxy	“由，知德者鲜矣。”	论语·卫灵公 15.4	2
zdzxy	知德者鲜矣。	论语·卫灵公 15.4	2
zywwezzqsyy	子曰：无为而治者其舜也与！	论语·卫灵公 15.5	1
wwezzqsyy	无为而治者其舜也与！	论语·卫灵公 15.5	2
fhwz	夫何为哉？	论语·卫灵公 15.5	1
gjznmeyy	恭己正南面而已矣。	论语·卫灵公 15.5	1
zzwxzyyzxxdjsmmzbxyybzxxbdjszlxhz	子张问行，子曰：言忠信，行笃敬，虽蛮貊之邦行矣；言不忠信，行不笃敬，虽州里行乎哉？	论语·卫灵公 15.6	1
zyyzxxdjsmmzbxyybzxxbdjszlxhz	子曰：言忠信，行笃敬，虽蛮貊之邦行矣；言不忠信，行不笃敬，虽州里行乎哉？	论语·卫灵公 15.6	2
yzxxdjsmmzbxyybzxxbdjszlxhz	言忠信，行笃敬，虽蛮貊之邦行矣；言不忠信，行不笃敬，虽州里行乎哉？	论语·卫灵公 15.6	2
xdjsmmzbxyybzxxbdjszlxhz	行笃敬，虽蛮貊之邦行矣；言不忠信，行不笃敬，虽州里行乎哉？	论语·卫灵公 15.6	2
smmzbxyybzxxbdjszlxhz	虽蛮貊之邦行矣；言不忠信，行不笃敬，虽州里行乎哉？	论语·卫灵公 15.6	2
ybzxxbdjszlxhz	言不忠信，行不笃敬，虽州里行乎哉？	论语·卫灵公 15.6	2
xbdjszlxhz	行不笃敬，虽州里行乎哉？	论语·卫灵公 15.6	2
szlxhz	虽州里行乎哉？	论语·卫灵公 15.6	2
lzjqcyqyzyzjqyyhyfrhx	立则见其参于前也；在舆则见其倚于衡也，夫然后行。	论语·卫灵公 15.6	1
zyzjqyyhyfrhx	在舆则见其倚于衡也，夫然后行。	论语·卫灵公 15.6	2
frhx	夫然后行。	论语·卫灵公 15.6	2
zzszs	子张书诸绅。	论语·卫灵公 15.6	1
zyzzsy	子曰：直哉史鱼！	论语·卫灵公 15.7	1
zzsy	直哉史鱼！	论语·卫灵公 15.7	2
bydrsbwdrs	邦有道如矢，邦无道如矢。	论语·卫灵公 15.7	1
bwdrs	邦无道如矢。	论语·卫灵公 15.7	2
jzzqby	君子哉蘧伯玉！	论语·卫灵公 15.7	1
bydzsbwdzkjehz	邦有道则仕，邦无道则可卷而怀之。	论语·卫灵公 15.7	1
bwdzkjehz	邦无道则可卷而怀之。	论语·卫灵公 15.7	2
zykyyebyzysrbkyyeyzysy	子曰：可与言而不与之言，失人；不可与言而与之言，失言。	论语·卫灵公 15.8	1
kyyebyzysrbkyyeyzysy	可与言而不与之言，失人；不可与言而与之言，失言。	论语·卫灵公 15.8	2
srbkyyeyzysy	失人；不可与言而与之言，失言。	论语·卫灵公 15.8	2
bkyyeyzysy	不可与言而与之言，失言。	论语·卫灵公 15.8	2
sy	失言。	论语·卫灵公 15.8	2
zzbsrybsy	知者不失人亦不失言。	论语·卫灵公 15.8	1
zyzsrrwqsyhryssycr	子曰：“志士仁人无求生以害仁，有杀身以成仁。”	论语·卫灵公 15.9	1
zsrrwqsyhryssycr	“志士仁人无求生以害仁，有杀身以成仁。”	论语·卫灵公 15.9	2
yssycr	有杀身以成仁。	论语·卫灵公 15.9	2
zgwwrzygysqsbxlqq	子贡问为仁，子曰：工欲善其事，必先利其器。	论语·卫灵公 15.10	1
zygysqsbxlqq	子曰：工欲善其事，必先利其器。	论语·卫灵公 15.10	2
gysqsbxlqq	工欲善其事，必先利其器。	论语·卫灵公 15.10	2
bxlqq	必先利其器。	论语·卫灵公 15.10	2
jsbysqdfzxzyqszrz	居是邦也，事其大夫之贤者，友其士之仁者。	论语·卫灵公 15.10	1
sqdfzxzyqszrz	事其大夫之贤者，友其士之仁者。	论语·卫灵公 15.10	2
yqszrz	友其士之仁者。	论语·卫灵公 15.10	2
yywwbzyxxzscyzlfzzmlzswfzsynr	颜渊问为邦，子曰：行夏之时，乘殷之辂，服周之冕，乐则《韶》、《舞》；放郑声，远佞人。	论语·卫灵公 15.11	1
zyxxzscyzlfzzmlzswfzsynr	子曰：行夏之时，乘殷之辂，服周之冕，乐则《韶》、《舞》；放郑声，远佞人。	论语·卫灵公 15.11	2
xxzscyzlfzzmlzswfzsynr	行夏之时，乘殷之辂，服周之冕，乐则《韶》、《舞》；放郑声，远佞人。	论语·卫灵公 15.11	2
cyzlfzzmlzswfzsynr	乘殷之辂，服周之冕，乐则《韶》、《舞》；放郑声，远佞人。	论语·卫灵公 15.11	2
fzzmlzswfzsynr	服周之冕，乐则《韶》、《舞》；放郑声，远佞人。	论语·卫灵公 15.11	2
lzswfzsynr	乐则《韶》、《舞》；放郑声，远佞人。	论语·卫灵公 15.11	2
wfzsynr	《舞》；放郑声，远佞人。	论语·卫灵公 15.11	2
fzsynr	放郑声，远佞人。	论语·卫灵公 15.11	2
ynr	远佞人。	论语·卫灵公 15.11	2
zsynrd	郑声淫，佞人殆。	论语·卫灵公 15.11	1
nrd	佞人殆。	论语·卫灵公 15.11	2
zyrwylbyjy	子曰：“人无远虑，必有近忧。”	论语·卫灵公 15.12	1
rwylbyjy	“人无远虑，必有近忧。”	论语·卫灵公 15.12	2
byjy	必有近忧。	论语·卫灵公 15.12	2
wwjhdrhszy	吾未见好德如好色者也。	论语·卫灵公 15.13	1
zyzwzqqwzy	子曰：臧文仲其窃位者与！	论语·卫灵公 15.14	1
zwzqqwzy	臧文仲其窃位者与！	论语·卫灵公 15.14	2
zlxhzxebyly	知柳下惠之贤而不与立也。	论语·卫灵公 15.14	1
zygzhebzyrzyyy	子曰：“躬自厚而薄责于人，则远怨矣。”	论语·卫灵公 15.15	1
gzhebzyrzyyy	“躬自厚而薄责于人，则远怨矣。”	论语·卫灵公 15.15	2
zyyy	则远怨矣。	论语·卫灵公 15.15	2
zybyrzhrzhzwmrzhyyy	子曰：“不曰‘如之何、如之何’者，吾末如之何也已矣。”	论语·卫灵公 15.16	1
byrzhrzhzwmrzhyyy	“不曰‘如之何、如之何’者，吾末如之何也已矣。”	论语·卫灵公 15.16	2
rzhzwmrzhyyy	如之何者，吾末如之何也已矣。	论语·卫灵公 15.16	2
zyqjzrybjyhxxhnyz	子曰：“群居终日，言不及义，好行小慧，难矣哉！”	论语·卫灵公 15.17	1
qjzrybjyhxxhnyz	“群居终日，言不及义，好行小慧，难矣哉！”	论语·卫灵公 15.17	2
ybjyhxxhnyz	言不及义，好行小慧，难矣哉！	论语·卫灵公 15.17	2
hxxhnyz	好行小慧，难矣哉！	论语·卫灵公 15.17	2
nyz	难矣哉！	论语·卫灵公 15.17	2
zyjzyywzlyxzsyczxycz	子曰：君子义以为质，礼以行之，孙以出之，信以成之。	论语·卫灵公 15.18	1
jzyywzlyxzsyczxycz	君子义以为质，礼以行之，孙以出之，信以成之。	论语·卫灵公 15.18	2
lyxzsyczxycz	礼以行之，孙以出之，信以成之。	论语·卫灵公 15.18	2
syczxycz	孙以出之，信以成之。	论语·卫灵公 15.18	2
xycz	信以成之。	论语·卫灵公 15.18	2
jzz	君子哉！	论语·卫灵公 15.18	1
zyjzbwnybbrzbjzy	子曰：“君子病无能焉，不病人之不己知也。”	论语·卫灵公 15.19	1
jzbwnybbrzbjzy	“君子病无能焉，不病人之不己知也。”	论语·卫灵公 15.19	2
bbrzbjzy	不病人之不己知也。	论语·卫灵公 15.19	2
zyjzjmsembcy	子曰：“君子疾没世而名不称焉。”	论语·卫灵公 15.20	1
jzjmsembcy	“君子疾没世而名不称焉。”	论语·卫灵公 15.20	2
zyjzqzjxrqzr	子曰：“君子求诸己，小人求诸人。”	论语·卫灵公 15.21	1
jzqzjxrqzr	“君子求诸己，小人求诸人。”	论语·卫灵公 15.21	2
xrqzr	小人求诸人。	论语·卫灵公 15.21	2
zyjzjebzqebd	子曰：“君子矜而不争，群而不党。”	论语·卫灵公 15.22	1
jzjebzqebd	“君子矜而不争，群而不党。”	论语·卫灵公 15.22	2
qebd	群而不党。	论语·卫灵公 15.22	2
zyjzbyyjrbyrfy	子曰：“君子不以言举人，不以人废言。”	论语·卫灵公 15.23	1
jzbyyjrbyrfy	“君子不以言举人，不以人废言。”	论语·卫灵公 15.23	2
byrfy	不以人废言。	论语·卫灵公 15.23	2
zgwyyyyekyzsxzzh	子贡问曰：“有一言而可以终身行之者乎？”	论语·卫灵公 15.24	1
yyyekyzsxzzh	“有一言而可以终身行之者乎？”	论语·卫灵公 15.24	2
zyqsh	子曰：其恕乎！	论语·卫灵公 15.24	1
qsh	其恕乎！	论语·卫灵公 15.24	2
zywzyryshsy	子曰：吾之于人也，谁毁谁誉？	论语·卫灵公 15.25	1
wzyryshsy	吾之于人也，谁毁谁誉？	论语·卫灵公 15.25	2
shsy	谁毁谁誉？	论语·卫灵公 15.25	2
rysyzqyssy	如有所誉者，其有所试矣。	论语·卫灵公 15.25	1
qyssy	其有所试矣。	论语·卫灵公 15.25	2
smysdzsyzdexy	斯民也，三代之所以直道而行也。	论语·卫灵公 15.25	1
sdzsyzdexy	三代之所以直道而行也。	论语·卫灵公 15.25	2
zywyjszqwyymzjrczjwyf	子曰：“吾犹及史之阙文也，有马者借人乘之，今亡矣夫！”	论语·卫灵公 15.26	1
wyjszqwyymzjrczjwyf	“吾犹及史之阙文也，有马者借人乘之，今亡矣夫！”	论语·卫灵公 15.26	2
ymzjrczjwyf	有马者借人乘之，今亡矣夫！	论语·卫灵公 15.26	2
jwyf	今亡矣夫！	论语·卫灵公 15.26	2
zyqyldxbrzldm	子曰：“巧言乱德，小不忍，则乱大谋。”	论语·卫灵公 15.27	1
qyldxbrzldm	“巧言乱德，小不忍，则乱大谋。”	论语·卫灵公 15.27	2
xbrzldm	小不忍，则乱大谋。	论语·卫灵公 15.27	2
zldm	则乱大谋。	论语·卫灵公 15.27	2
zyzezbcyzhzbcy	子曰：“众恶之，必察焉；众好之，必察焉。”	论语·卫灵公 15.28	1
zezbcyzhzbcy	“众恶之，必察焉；众好之，必察焉。”	论语·卫灵公 15.28	2
bcyzhzbcy	必察焉；众好之，必察焉。	论语·卫灵公 15.28	2
zhzbcy	众好之，必察焉。	论语·卫灵公 15.28	2
bcy	必察焉。	论语·卫灵公 15.28	2
zyrnhdfdhr	子曰：“人能弘道，非道弘人。”	论语·卫灵公 15.29	1
rnhdfdhr	“人能弘道，非道弘人。”	论语·卫灵公 15.29	2
fdhr	非道弘人。	论语·卫灵公 15.29	2
zygebgswgy	子曰：“过而不改，是谓过矣。”	论语·卫灵公 15.30	1
gebgswgy	“过而不改，是谓过矣。”	论语·卫灵公 15.30	2
swgy	是谓过矣。	论语·卫灵公 15.30	2
zywczrbszybqyswybrxy	子曰：“吾尝终日不食、终夜不寝以思，无益，不如学也。”	论语·卫灵公 15.31	1
wczrbszybqyswybrxy	“吾尝终日不食、终夜不寝以思，无益，不如学也。”	论语·卫灵公 15.31	2
zybqyswybrxy	终夜不寝以思，无益，不如学也。	论语·卫灵公 15.31	2
wybrxy	无益，不如学也。	论语·卫灵公 15.31	2
brxy	不如学也。	论语·卫灵公 15.31	2
zyjzmdbms	子曰：君子谋道不谋食。	论语·卫灵公 15.32	1
jzmdbms	君子谋道不谋食。	论语·卫灵公 15.32	2
gynzqzyxylzqzy	耕也馁在其中矣，学也禄在其中矣。	论语·卫灵公 15.32	1
xylzqzy	学也禄在其中矣。	论语·卫灵公 15.32	2
jzydbyp	君子忧道不忧贫。	论语·卫灵公 15.32	1
zyzjzrbnszsdzbszzjzrnszbzylzzmbjzjzrnszzylzdzbylwsy	子曰：“知及之，仁不能守之，虽得之，必失之；知及之，仁能守之，不庄以莅之，则民不敬；知及之，仁能守之，庄以莅之，动之不以礼，未善也。”	论语·卫灵公 15.33	1
zjzrbnszsdzbszzjzrnszbzylzzmbjzjzrnszzylzdzbylwsy	“知及之，仁不能守之，虽得之，必失之；知及之，仁能守之，不庄以莅之，则民不敬；知及之，仁能守之，庄以莅之，动之不以礼，未善也。”	论语·卫灵公 15.33	2
rbnszsdzbszzjzrnszbzylzzmbjzjzrnszzylzdzbylwsy	仁不能守之，虽得之，必失之；知及之，仁能守之，不庄以莅之，则民不敬；知及之，仁能守之，庄以莅之，动之不以礼，未善也。	论语·卫灵公 15.33	2
sdzbszzjzrnszbzylzzmbjzjzrnszzylzdzbylwsy	虽得之，必失之；知及之，仁能守之，不庄以莅之，则民不敬；知及之，仁能守之，庄以莅之，动之不以礼，未善也。	论语·卫灵公 15.33	2
bszzjzrnszbzylzzmbjzjzrnszzylzdzbylwsy	必失之；知及之，仁能守之，不庄以莅之，则民不敬；知及之，仁能守之，庄以莅之，动之不以礼，未善也。	论语·卫灵公 15.33	2
zjzrnszbzylzzmbjzjzrnszzylzdzbylwsy	知及之，仁能守之，不庄以莅之，则民不敬；知及之，仁能守之，庄以莅之，动之不以礼，未善也。	论语·卫灵公 15.33	2
rnszbzylzzmbjzjzrnszzylzdzbylwsy	仁能守之，不庄以莅之，则民不敬；知及之，仁能守之，庄以莅之，动之不以礼，未善也。	论语·卫灵公 15.33	2
bzylzzmbjzjzrnszzylzdzbylwsy	不庄以莅之，则民不敬；知及之，仁能守之，庄以莅之，动之不以礼，未善也。	论语·卫灵公 15.33	2
zmbjzjzrnszzylzdzbylwsy	则民不敬；知及之，仁能守之，庄以莅之，动之不以礼，未善也。	论语·卫灵公 15.33	2
zjzrnszzylzdzbylwsy	知及之，仁能守之，庄以莅之，动之不以礼，未善也。	论语·卫灵公 15.33	2
rnszzylzdzbylwsy	仁能守之，庄以莅之，动之不以礼，未善也。	论语·卫灵公 15.33	2
zylzdzbylwsy	庄以莅之，动之不以礼，未善也。	论语·卫灵公 15.33	2
dzbylwsy	动之不以礼，未善也。	论语·卫灵公 15.33	2
wsy	未善也。	论语·卫灵公 15.33	2
zyjzbkxzekdsyxrbkdsekxzy	子曰：“君子不可小知而可大受也，小人不可大受而可小知也。”	论语·卫灵公 15.34	1
jzbkxzekdsyxrbkdsekxzy	“君子不可小知而可大受也，小人不可大受而可小知也。”	论语·卫灵公 15.34	2
xrbkdsekxzy	小人不可大受而可小知也。	论语·卫灵公 15.34	2
zymzyrysysh	子曰：民之于仁也，甚于水火。	论语·卫灵公 15.35	1
mzyrysysh	民之于仁也，甚于水火。	论语·卫灵公 15.35	2
sysh	甚于水火。	论语·卫灵公 15.35	2
shwjdeszywjdreszy	水火，吾见蹈而死者矣，未见蹈仁而死者也。	论语·卫灵公 15.35	1
wjdeszywjdreszy	吾见蹈而死者矣，未见蹈仁而死者也。	论语·卫灵公 15.35	2
wjdreszy	未见蹈仁而死者也。	论语·卫灵公 15.35	2
zydrbrys	子曰：“当仁不让于师。”	论语·卫灵公 15.36	1
drbrys	“当仁不让于师。”	论语·卫灵公 15.36	2
zyjzzebl	子曰：“君子贞而不谅。”	论语·卫灵公 15.37	1
jzzebl	“君子贞而不谅。”	论语·卫灵公 15.37	2
zysjjqsehqs	子曰：“事君，敬其事而后其食。”	论语·卫灵公 15.38	1
sjjqsehqs	“事君，敬其事而后其食。”	论语·卫灵公 15.38	2
jqsehqs	敬其事而后其食。	论语·卫灵公 15.38	2
zyyjwl	子曰：“有教无类。”	论语·卫灵公 15.39	1
yjwl	“有教无类。”	论语·卫灵公 15.39	2
zydbtbxwm	子曰：“道不同，不相为谋。”	论语·卫灵公 15.40	1
dbtbxwm	“道不同，不相为谋。”	论语·卫灵公 15.40	2
bxwm	不相为谋。	论语·卫灵公 15.40	2
zycdeyy	子曰：“辞达而已矣。”	论语·卫灵公 15.41	1
cdeyy	“辞达而已矣。”	论语·卫灵公 15.41	2
smjjjzyjy	师冕见，及阶，子曰：“阶也。”	论语·卫灵公 15.42	1
jjzyjy	及阶，子曰：“阶也。”	论语·卫灵公 15.42	2
zyjy	子曰：“阶也。”	论语·卫灵公 15.42	2
jy	“阶也。”	论语·卫灵公 15.42	2
jxzyxy	及席，子曰：“席也。”	论语·卫灵公 15.42	1
zyxy	子曰：“席也。”	论语·卫灵公 15.42	2
xy	“席也。”	论语·卫灵公 15.42	2
jzzgzymzsmzs	皆坐，子告之曰：“某在斯，某在斯。”	论语·卫灵公 15.42	1
zgzymzsmzs	子告之曰：“某在斯，某在斯。”	论语·卫灵公 15.42	2
mzsmzs	“某在斯，某在斯。”	论语·卫灵公 15.42	2
mzs	某在斯。	论语·卫灵公 15.42	2
smc	师冕出。	论语·卫灵公 15.42	1
zzwyysyzdy	子张问曰：“与师言之道与？”	论语·卫灵公 15.42	1
ysyzdy	“与师言之道与？”	论语·卫灵公 15.42	2
zyrgxszdy	子曰：“然，固相师之道也。”	论语·卫灵公 15.42	1
rgxszdy	“然，固相师之道也。”	论语·卫灵公 15.42	2
gxszdy	固相师之道也。	论语·卫灵公 15.42	2
jsjfzyryjljykzyjsjysyzy	季氏将伐颛臾，冉有、季路见于孔子，曰：“季氏将有事于颛臾。”	论语·季氏 16.1	1
ryjljykzyjsjysyzy	冉有、季路见于孔子，曰：“季氏将有事于颛臾。”	论语·季氏 16.1	2
jljykzyjsjysyzy	季路见于孔子，曰：“季氏将有事于颛臾。”	论语·季氏 16.1	2
yjsjysyzy	曰：“季氏将有事于颛臾。”	论语·季氏 16.1	2
jsjysyzy	“季氏将有事于颛臾。”	论语·季氏 16.1	2
kzyqwnesgy	孔子曰：求，无乃尔是过与？	论语·季氏 16.1	1
qwnesgy	求，无乃尔是过与？	论语·季氏 16.1	2
wnesgy	无乃尔是过与？	论语·季氏 16.1	2
fzyxzxwywdmzqzbyzzyssjzcy	夫颛臾，昔者先王以为东蒙主，且在邦域之中矣，是社稷之臣也。	论语·季氏 16.1	1
xzxwywdmzqzbyzzyssjzcy	昔者先王以为东蒙主，且在邦域之中矣，是社稷之臣也。	论语·季氏 16.1	2
qzbyzzyssjzcy	且在邦域之中矣，是社稷之臣也。	论语·季氏 16.1	2
ssjzcy	是社稷之臣也。	论语·季氏 16.1	2
hyfw	何以伐为？	论语·季氏 16.1	1
ryyfzyzweczjbyy	冉有曰：“夫子欲之，吾二臣者皆不欲也。”	论语·季氏 16.1	1
fzyzweczjbyy	“夫子欲之，吾二臣者皆不欲也。”	论语·季氏 16.1	2
weczjbyy	吾二臣者皆不欲也。	论语·季氏 16.1	2
kzyqzryyycljlbnzz	孔子曰：求，周任有言曰：‘陈力就列，不能者止。’	论语·季氏 16.1	1
qzryyycljlbnzz	求，周任有言曰：‘陈力就列，不能者止。’	论语·季氏 16.1	2
zryyycljlbnzz	周任有言曰：‘陈力就列，不能者止。’	论语·季氏 16.1	2
cljlbnzz	‘陈力就列，不能者止。’	论语·季氏 16.1	2
bnzz	不能者止。	论语·季氏 16.1	2
webcdebfzjyybxy	危而不持，颠而不扶，则将焉用彼相矣？	论语·季氏 16.1	1
debfzjyybxy	颠而不扶，则将焉用彼相矣？	论语·季氏 16.1	2
zjyybxy	则将焉用彼相矣？	论语·季氏 16.1	2
qeygyhscyxgyhydzsszgy	且尔言过矣，虎兕出于柙，龟玉毁于椟中，是谁之过与？	论语·季氏 16.1	1
hscyxgyhydzsszgy	虎兕出于柙，龟玉毁于椟中，是谁之过与？	论语·季氏 16.1	2
gyhydzsszgy	龟玉毁于椟中，是谁之过与？	论语·季氏 16.1	2
sszgy	是谁之过与？	论语·季氏 16.1	2
ryyjfzygejyfjbqhsbwzsy	冉有曰：“今夫颛臾固而近于费，今不取，后世必为子孙忧。”	论语·季氏 16.1	1
jfzygejyfjbqhsbwzsy	“今夫颛臾固而近于费，今不取，后世必为子孙忧。”	论语·季氏 16.1	2
jbqhsbwzsy	今不取，后世必为子孙忧。	论语·季氏 16.1	2
hsbwzsy	后世必为子孙忧。	论语·季氏 16.1	2
kzyqjzjfsyyzebwzc	孔子曰：求，君子疾夫舍曰欲之而必为之辞。	论语·季氏 16.1	1
qjzjfsyyzebwzc	求，君子疾夫舍曰欲之而必为之辞。	论语·季氏 16.1	2
jzjfsyyzebwzc	君子疾夫舍曰欲之而必为之辞。	论语·季氏 16.1	2
qywygyjzbhgehbjbhpehba	丘也闻，有国有家者，不患寡而患不均，不患贫而患不安。	论语·季氏 16.1	1
ygyjzbhgehbjbhpehba	有国有家者，不患寡而患不均，不患贫而患不安。	论语·季氏 16.1	2
bhgehbjbhpehba	不患寡而患不均，不患贫而患不安。	论语·季氏 16.1	2
bhpehba	不患贫而患不安。	论语·季氏 16.1	2
gjwphwgawq	盖均无贫，和无寡，安无倾。	论语·季氏 16.1	1
hwgawq	和无寡，安无倾。	论语·季氏 16.1	2
awq	安无倾。	论语·季氏 16.1	2
frsgyrbfzxwdylzjlzzaz	夫如是，故远人不服则修文德以来之，既来之，则安之。	论语·季氏 16.1	1
gyrbfzxwdylzjlzzaz	故远人不服则修文德以来之，既来之，则安之。	论语·季氏 16.1	2
jlzzaz	既来之，则安之。	论语·季氏 16.1	2
zaz	则安之。	论语·季氏 16.1	2
jyyqyxfzyrbfebnlybfblxebnsyemdggybn	今由与求也相夫子，远人不服而不能来也，邦分崩离析而不能守也，而谋动干戈于邦内。	论语·季氏 16.1	1
yrbfebnlybfblxebnsyemdggybn	远人不服而不能来也，邦分崩离析而不能守也，而谋动干戈于邦内。	论语·季氏 16.1	2
bfblxebnsyemdggybn	邦分崩离析而不能守也，而谋动干戈于邦内。	论语·季氏 16.1	2
emdggybn	而谋动干戈于邦内。	论语·季氏 16.1	2
wkjszybzzyezxqzny	吾恐季孙之忧不在颛臾，而在萧墙之内也。	论语·季氏 16.1	1
ezxqzny	而在萧墙之内也。	论语·季氏 16.1	2
kzytxydzlyzfztzctxwdzlyzfzzhc	孔子曰：天下有道，则礼乐征伐自天子出；天下无道，则礼乐征伐自诸侯出。	论语·季氏 16.2	1
txydzlyzfztzctxwdzlyzfzzhc	天下有道，则礼乐征伐自天子出；天下无道，则礼乐征伐自诸侯出。	论语·季氏 16.2	2
zlyzfztzctxwdzlyzfzzhc	则礼乐征伐自天子出；天下无道，则礼乐征伐自诸侯出。	论语·季氏 16.2	2
txwdzlyzfzzhc	天下无道，则礼乐征伐自诸侯出。	论语·季氏 16.2	2
zlyzfzzhc	则礼乐征伐自诸侯出。	论语·季氏 16.2	2
zzhcgssxbsyzdfcwsxbsypczgmssxbsy	自诸侯出，盖十世希不失矣；自大夫出，五世希不失矣；陪臣执国命，三世希不失矣。	论语·季氏 16.2	1
gssxbsyzdfcwsxbsypczgmssxbsy	盖十世希不失矣；自大夫出，五世希不失矣；陪臣执国命，三世希不失矣。	论语·季氏 16.2	2
zdfcwsxbsypczgmssxbsy	自大夫出，五世希不失矣；陪臣执国命，三世希不失矣。	论语·季氏 16.2	2
wsxbsypczgmssxbsy	五世希不失矣；陪臣执国命，三世希不失矣。	论语·季氏 16.2	2
pczgmssxbsy	陪臣执国命，三世希不失矣。	论语·季氏 16.2	2
ssxbsy	三世希不失矣。	论语·季氏 16.2	2
txydzzbzdftxydzsrby	天下有道，则政不在大夫；天下有道，则庶人不议。	论语·季氏 16.2	1
zzbzdftxydzsrby	则政不在大夫；天下有道，则庶人不议。	论语·季氏 16.2	2
txydzsrby	天下有道，则庶人不议。	论语·季氏 16.2	2
zsrby	则庶人不议。	论语·季氏 16.2	2
kzylzqgswsyzdydfssygfshzzswy	孔子曰：“禄之去公室五世矣，政逮于大夫四世矣，故夫三桓之子孙微矣。”	论语·季氏 16.3	1
lzqgswsyzdydfssygfshzzswy	“禄之去公室五世矣，政逮于大夫四世矣，故夫三桓之子孙微矣。”	论语·季氏 16.3	2
zdydfssygfshzzswy	政逮于大夫四世矣，故夫三桓之子孙微矣。	论语·季氏 16.3	2
gfshzzswy	故夫三桓之子孙微矣。	论语·季氏 16.3	2
kzyyzsyszsy	孔子曰：益者三友，损者三友。	论语·季氏 16.4	1
yzsyszsy	益者三友，损者三友。	论语·季氏 16.4	2
szsy	损者三友。	论语·季氏 16.4	2
yzylydwyyybpysrypnsy	友直、友谅、友多闻，益矣；友便辟、友善柔、有便佞，损矣。	论语·季氏 16.4	1
ylydwyyybpysrypnsy	友谅、友多闻，益矣；友便辟、友善柔、有便佞，损矣。	论语·季氏 16.4	2
ydwyyybpysrypnsy	友多闻，益矣；友便辟、友善柔、有便佞，损矣。	论语·季氏 16.4	2
yyybpysrypnsy	益矣；友便辟、友善柔、有便佞，损矣。	论语·季氏 16.4	2
ybpysrypnsy	友便辟、友善柔、有便佞，损矣。	论语·季氏 16.4	2
ysrypnsy	友善柔、有便佞，损矣。	论语·季氏 16.4	2
ypnsy	有便佞，损矣。	论语·季氏 16.4	2
sy	损矣。	论语·季氏 16.4	2
kzyyzslszsl	孔子曰：益者三乐，损者三乐。	论语·季氏 16.5	1
yzslszsl	益者三乐，损者三乐。	论语·季氏 16.5	2
szsl	损者三乐。	论语·季氏 16.5	2
ljllldrzsldxyyyljllyylylsy	乐节礼乐、乐道人之善、乐多贤友，益矣；乐骄乐、乐佚游、乐宴乐，损矣。	论语·季氏 16.5	1
ldrzsldxyyyljllyylylsy	乐道人之善、乐多贤友，益矣；乐骄乐、乐佚游、乐宴乐，损矣。	论语·季氏 16.5	2
ldxyyyljllyylylsy	乐多贤友，益矣；乐骄乐、乐佚游、乐宴乐，损矣。	论语·季氏 16.5	2
yyljllyylylsy	益矣；乐骄乐、乐佚游、乐宴乐，损矣。	论语·季氏 16.5	2
ljllyylylsy	乐骄乐、乐佚游、乐宴乐，损矣。	论语·季氏 16.5	2
lyylylsy	乐佚游、乐宴乐，损矣。	论语·季氏 16.5	2
lylsy	乐宴乐，损矣。	论语·季氏 16.5	2
kzysyjzysqywjzeywzzyjzebywzywjyseywzg	孔子曰：“侍于君子有三愆：言未及之而言谓之躁，言及之而不言谓之隐，未见颜色而言谓之瞽。”	论语·季氏 16.6	1
syjzysqywjzeywzzyjzebywzywjyseywzg	“侍于君子有三愆：言未及之而言谓之躁，言及之而不言谓之隐，未见颜色而言谓之瞽。”	论语·季氏 16.6	2
ywjzeywzzyjzebywzywjyseywzg	言未及之而言谓之躁，言及之而不言谓之隐，未见颜色而言谓之瞽。	论语·季氏 16.6	2
yjzebywzywjyseywzg	言及之而不言谓之隐，未见颜色而言谓之瞽。	论语·季氏 16.6	2
wjyseywzg	未见颜色而言谓之瞽。	论语·季氏 16.6	2
kzyjzysjszsxqwdjzzsjqzyxqfgjzzdjqlyxqjsjzzd	孔子曰：“君子有三戒：少之时，血气未定，戒之在色；及其壮也，血气方刚，戒之在斗；及其老也，血气既衰，戒之在得。”	论语·季氏 16.7	1
jzysjszsxqwdjzzsjqzyxqfgjzzdjqlyxqjsjzzd	“君子有三戒：少之时，血气未定，戒之在色；及其壮也，血气方刚，戒之在斗；及其老也，血气既衰，戒之在得。”	论语·季氏 16.7	2
szsxqwdjzzsjqzyxqfgjzzdjqlyxqjsjzzd	少之时，血气未定，戒之在色；及其壮也，血气方刚，戒之在斗；及其老也，血气既衰，戒之在得。	论语·季氏 16.7	2
xqwdjzzsjqzyxqfgjzzdjqlyxqjsjzzd	血气未定，戒之在色；及其壮也，血气方刚，戒之在斗；及其老也，血气既衰，戒之在得。	论语·季氏 16.7	2
jzzsjqzyxqfgjzzdjqlyxqjsjzzd	戒之在色；及其壮也，血气方刚，戒之在斗；及其老也，血气既衰，戒之在得。	论语·季氏 16.7	2
jqzyxqfgjzzdjqlyxqjsjzzd	及其壮也，血气方刚，戒之在斗；及其老也，血气既衰，戒之在得。	论语·季氏 16.7	2
xqfgjzzdjqlyxqjsjzzd	血气方刚，戒之在斗；及其老也，血气既衰，戒之在得。	论语·季氏 16.7	2
jzzdjqlyxqjsjzzd	戒之在斗；及其老也，血气既衰，戒之在得。	论语·季氏 16.7	2
jqlyxqjsjzzd	及其老也，血气既衰，戒之在得。	论语·季氏 16.7	2
xqjsjzzd	血气既衰，戒之在得。	论语·季氏 16.7	2
jzzd	戒之在得。	论语·季氏 16.7	2
kzyjzyswwtmwdrwsrzy	孔子曰：君子有三畏：畏天命，畏大人，畏圣人之言。	论语·季氏 16.8	1
jzyswwtmwdrwsrzy	君子有三畏：畏天命，畏大人，畏圣人之言。	论语·季氏 16.8	2
wtmwdrwsrzy	畏天命，畏大人，畏圣人之言。	论语·季氏 16.8	2
wdrwsrzy	畏大人，畏圣人之言。	论语·季氏 16.8	2
wsrzy	畏圣人之言。	论语·季氏 16.8	2
xrbztmebwyxdrwsrzy	小人不知天命而不畏也，狎大人，侮圣人之言。	论语·季氏 16.8	1
xdrwsrzy	狎大人，侮圣人之言。	论语·季氏 16.8	2
wsrzy	侮圣人之言。	论语·季氏 16.8	2
kzysezzzsyxezzzcykexzyqcy	孔子曰：生而知之者上也，学而知之者次也；困而学之又其次也。	论语·季氏 16.9	1
sezzzsyxezzzcykexzyqcy	生而知之者上也，学而知之者次也；困而学之又其次也。	论语·季氏 16.9	2
xezzzcykexzyqcy	学而知之者次也；困而学之又其次也。	论语·季氏 16.9	2
kexzyqcy	困而学之又其次也。	论语·季氏 16.9	2
kebxmswxy	困而不学，民斯为下矣。	论语·季氏 16.9	1
mswxy	民斯为下矣。	论语·季氏 16.9	2
kzyjzyjsssmtscsswmsgyszssjyswfsnjdsy	孔子曰：“君子有九思：视思明，听思聪，色思温，貌思恭，言思忠，事思敬，疑思问，忿思难，见得思义。”	论语·季氏 16.10	1
jzyjsssmtscsswmsgyszssjyswfsnjdsy	“君子有九思：视思明，听思聪，色思温，貌思恭，言思忠，事思敬，疑思问，忿思难，见得思义。”	论语·季氏 16.10	2
ssmtscsswmsgyszssjyswfsnjdsy	视思明，听思聪，色思温，貌思恭，言思忠，事思敬，疑思问，忿思难，见得思义。	论语·季氏 16.10	2
tscsswmsgyszssjyswfsnjdsy	听思聪，色思温，貌思恭，言思忠，事思敬，疑思问，忿思难，见得思义。	论语·季氏 16.10	2
sswmsgyszssjyswfsnjdsy	色思温，貌思恭，言思忠，事思敬，疑思问，忿思难，见得思义。	论语·季氏 16.10	2
msgyszssjyswfsnjdsy	貌思恭，言思忠，事思敬，疑思问，忿思难，见得思义。	论语·季氏 16.10	2
yszssjyswfsnjdsy	言思忠，事思敬，疑思问，忿思难，见得思义。	论语·季氏 16.10	2
ssjyswfsnjdsy	事思敬，疑思问，忿思难，见得思义。	论语·季氏 16.10	2
yswfsnjdsy	疑思问，忿思难，见得思义。	论语·季氏 16.10	2
fsnjdsy	忿思难，见得思义。	论语·季氏 16.10	2
jdsy	见得思义。	论语·季氏 16.10	2
kzyjsrbjjbsrttwjqry	孔子曰：见善如不及，见不善如探汤；吾见其人矣。	论语·季氏 16.11	1
jsrbjjbsrttwjqry	见善如不及，见不善如探汤；吾见其人矣。	论语·季氏 16.11	2
jbsrttwjqry	见不善如探汤；吾见其人矣。	论语·季氏 16.11	2
wjqry	吾见其人矣。	论语·季氏 16.11	2
wwqyy	吾闻其语矣。	论语·季氏 16.11	1
yjyqqzxyydqdwwqyywjqry	隐居以求其志，行义以达其道；吾闻其语矣，未见其人也。	论语·季氏 16.11	1
xyydqdwwqyywjqry	行义以达其道；吾闻其语矣，未见其人也。	论语·季氏 16.11	2
wwqyywjqry	吾闻其语矣，未见其人也。	论语·季氏 16.11	2
wjqry	未见其人也。	论语·季氏 16.11	2
qjgymqsszrmwdecybysqeysyzxmdyjcz	齐景公有马千驷，死之日，民无德而称焉；伯夷、叔齐饿于首阳之下，民到于今称之。	论语·季氏 16.12	1
szrmwdecybysqeysyzxmdyjcz	死之日，民无德而称焉；伯夷、叔齐饿于首阳之下，民到于今称之。	论语·季氏 16.12	2
mwdecybysqeysyzxmdyjcz	民无德而称焉；伯夷、叔齐饿于首阳之下，民到于今称之。	论语·季氏 16.12	2
bysqeysyzxmdyjcz	伯夷、叔齐饿于首阳之下，民到于今称之。	论语·季氏 16.12	2
sqeysyzxmdyjcz	叔齐饿于首阳之下，民到于今称之。	论语·季氏 16.12	2
mdyjcz	民到于今称之。	论语·季氏 16.12	2
ckwybyyzyyywh	陈亢问于伯鱼曰：“子亦有异闻乎？”	论语·季氏 16.13	1
zyyywh	“子亦有异闻乎？”	论语·季氏 16.13	2
dywy	对曰：未也。	论语·季氏 16.13	1
wy	未也。	论语·季氏 16.13	2
cdllqegtyxsh	尝独立，鲤趋而过庭，曰：‘学《诗》乎？’	论语·季氏 16.13	1
lqegtyxsh	鲤趋而过庭，曰：‘学《诗》乎？’	论语·季氏 16.13	2
yxsh	曰：‘学《诗》乎？’	论语·季氏 16.13	2
xsh	‘学《诗》乎？’	论语·季氏 16.13	2
dywy	对曰：‘未也。’	论语·季氏 16.13	1
wy	‘未也。’	论语·季氏 16.13	2
bxswyy	‘不学《诗》，无以言。’	论语·季氏 16.13	1
wyy	无以言。	论语·季氏 16.13	2
ltexs	鲤退而学《诗》。	论语·季氏 16.13	1
trydllqegtyxlh	他日，又独立，鲤趋而过庭，曰：‘学《礼》乎？’	论语·季氏 16.13	1
ydllqegtyxlh	又独立，鲤趋而过庭，曰：‘学《礼》乎？’	论语·季氏 16.13	2
lqegtyxlh	鲤趋而过庭，曰：‘学《礼》乎？’	论语·季氏 16.13	2
yxlh	曰：‘学《礼》乎？’	论语·季氏 16.13	2
xlh	‘学《礼》乎？’	论语·季氏 16.13	2
bxlwyl	‘不学《礼》，无以立。’	论语·季氏 16.13	1
wyl	无以立。	论语·季氏 16.13	2
ltexl	鲤退而学《礼》。	论语·季氏 16.13	1
wsez	闻斯二者。	论语·季氏 16.13	1
cktexywydswswlywjzzyqzy	陈亢退而喜曰：“问一得三，闻《诗》，闻《礼》，又闻君子之远其子也。”	论语·季氏 16.13	1
wydswswlywjzzyqzy	“问一得三，闻《诗》，闻《礼》，又闻君子之远其子也。”	论语·季氏 16.13	2
wswlywjzzyqzy	闻《诗》，闻《礼》，又闻君子之远其子也。	论语·季氏 16.13	2
wlywjzzyqzy	闻《礼》，又闻君子之远其子也。	论语·季氏 16.13	2
ywjzzyqzy	又闻君子之远其子也。	论语·季氏 16.13	2
bjzqjczyfrfrzcyxtbrczyjfrczybygxjybrczyyjfr	邦君之妻，君称之曰夫人，夫人自称曰小童；邦人称之曰君夫人，称诸异邦曰寡小君；异邦人称之亦曰君夫人。	论语·季氏 16.14	1
jczyfrfrzcyxtbrczyjfrczybygxjybrczyyjfr	君称之曰夫人，夫人自称曰小童；邦人称之曰君夫人，称诸异邦曰寡小君；异邦人称之亦曰君夫人。	论语·季氏 16.14	2
frzcyxtbrczyjfrczybygxjybrczyyjfr	夫人自称曰小童；邦人称之曰君夫人，称诸异邦曰寡小君；异邦人称之亦曰君夫人。	论语·季氏 16.14	2
brczyjfrczybygxjybrczyyjfr	邦人称之曰君夫人，称诸异邦曰寡小君；异邦人称之亦曰君夫人。	论语·季氏 16.14	2
czybygxjybrczyyjfr	称诸异邦曰寡小君；异邦人称之亦曰君夫人。	论语·季氏 16.14	2
ybrczyyjfr	异邦人称之亦曰君夫人。	论语·季氏 16.14	2
yhyjkzkzbjgkzt	阳货欲见孔子，孔子不见，归孔子豚。	论语·阳货 17.1	1
kzbjgkzt	孔子不见，归孔子豚。	论语·阳货 17.1	2
gkzt	归孔子豚。	论语·阳货 17.1	2
kzsqwyewbzyzt	孔子时其亡也而往拜之，遇诸涂。	论语·阳货 17.1	1
yzt	遇诸涂。	论语·阳货 17.1	2
wkzylyyey	谓孔子曰：“来，予与尔言。”	论语·阳货 17.1	1
lyyey	“来，予与尔言。”	论语·阳货 17.1	2
yyey	予与尔言。	论语·阳货 17.1	2
yhqbemqbkwrh	曰：“怀其宝而迷其邦，可谓仁乎？”	论语·阳货 17.1	1
hqbemqbkwrh	“怀其宝而迷其邦，可谓仁乎？”	论语·阳货 17.1	2
ybk	曰：“不可。”	论语·阳货 17.1	1
hcsejsskwzh	“好从事而亟失时，可谓知乎？”	论语·阳货 17.1	1
kwzh	可谓知乎？	论语·阳货 17.1	2
ybk	曰：“不可！”	论语·阳货 17.1	1
bk	“不可！”	论语·阳货 17.1	2
rysysbwy	“日月逝矣，岁不我与！”	论语·阳货 17.1	1
sbwy	岁不我与！	论语·阳货 17.1	2
kzynwjsy	孔子曰：“诺，吾将仕矣。”	论语·阳货 17.1	1
nwjsy	“诺，吾将仕矣。”	论语·阳货 17.1	2
wjsy	吾将仕矣。	论语·阳货 17.1	2
zyxxjyxxyy	子曰：“性相近也，习相远也。”	论语·阳货 17.2	1
xxjyxxyy	“性相近也，习相远也。”	论语·阳货 17.2	2
xxyy	习相远也。	论语·阳货 17.2	2
zywszyxyby	子曰：“唯上知与下愚不移。”	论语·阳货 17.3	1
wszyxyby	“唯上知与下愚不移。”	论语·阳货 17.3	2
zzwcwxgzs	子之武城，闻弦歌之声。	论语·阳货 17.4	1
wxgzs	闻弦歌之声。	论语·阳货 17.4	2
fzweexygjyynd	夫子莞尔而笑，曰：“割鸡焉用牛刀？”	论语·阳货 17.4	1
ygjyynd	曰：“割鸡焉用牛刀？”	论语·阳货 17.4	2
gjyynd	“割鸡焉用牛刀？”	论语·阳货 17.4	2
zydyxzyywzfzyjzxdzarxrxdzysy	子游对曰：“昔者偃也闻诸夫子曰：‘君子学道则爱人，小人学道则易使也。’”	论语·阳货 17.4	1
xzyywzfzyjzxdzarxrxdzysy	“昔者偃也闻诸夫子曰：‘君子学道则爱人，小人学道则易使也。’”	论语·阳货 17.4	2
jzxdzarxrxdzysy	‘君子学道则爱人，小人学道则易使也。’	论语·阳货 17.4	2
xrxdzysy	小人学道则易使也。	论语·阳货 17.4	2
zyeszyzysy	子曰：二三子，偃之言是也！	论语·阳货 17.4	1
eszyzysy	二三子，偃之言是也！	论语·阳货 17.4	2
yzysy	偃之言是也！	论语·阳货 17.4	2
qyxze	前言戏之耳。	论语·阳货 17.4	1
gsfryfpzzyw	公山弗扰以费畔，召，子欲往。	论语·阳货 17.5	1
zzyw	召，子欲往。	论语·阳货 17.5	2
zyw	子欲往。	论语·阳货 17.5	2
zlbsymzyyhbgsszzy	子路不说，曰：“末之也已，何必公山氏之之也？”	论语·阳货 17.5	1
ymzyyhbgsszzy	曰：“末之也已，何必公山氏之之也？”	论语·阳货 17.5	2
mzyyhbgsszzy	“末之也已，何必公山氏之之也？”	论语·阳货 17.5	2
hbgsszzy	何必公山氏之之也？	论语·阳货 17.5	2
zyfzwzeqtz	子曰：夫召我者而岂徒哉？	论语·阳货 17.5	1
fzwzeqtz	夫召我者而岂徒哉？	论语·阳货 17.5	2
ryywzwqwdzh	如有用我者，吾其为东周乎！	论语·阳货 17.5	1
wqwdzh	吾其为东周乎！	论语·阳货 17.5	2
zzwrykzkzynxwzytxwry	子张问仁于孔子，孔子曰：“能行五者于天下为仁矣。”	论语·阳货 17.6	1
kzynxwzytxwry	孔子曰：“能行五者于天下为仁矣。”	论语·阳货 17.6	2
nxwzytxwry	“能行五者于天下为仁矣。”	论语·阳货 17.6	2
qwzygkxmh	请问之，曰：恭、宽、信、敏、惠。	论语·阳货 17.6	1
ygkxmh	曰：恭、宽、信、敏、惠。	论语·阳货 17.6	2
gkxmh	恭、宽、信、敏、惠。	论语·阳货 17.6	2
kxmh	宽、信、敏、惠。	论语·阳货 17.6	2
xmh	信、敏、惠。	论语·阳货 17.6	2
mh	敏、惠。	论语·阳货 17.6	2
gzbwkzdzxzrrymzyghzzysr	恭则不侮，宽则得众，信则人任焉，敏则有功，惠则足以使人。	论语·阳货 17.6	1
kzdzxzrrymzyghzzysr	宽则得众，信则人任焉，敏则有功，惠则足以使人。	论语·阳货 17.6	2
xzrrymzyghzzysr	信则人任焉，敏则有功，惠则足以使人。	论语·阳货 17.6	2
mzyghzzysr	敏则有功，惠则足以使人。	论语·阳货 17.6	2
hzzysr	惠则足以使人。	论语·阳货 17.6	2
fxzzyw	佛肸召，子欲往。	论语·阳货 17.7	1
zlyxzyywzfzyqyqswbszjzbry	子路曰：昔者由也闻诸夫子曰：‘亲于其身为不善者，君子不入也。’	论语·阳货 17.7	1
xzyywzfzyqyqswbszjzbry	昔者由也闻诸夫子曰：‘亲于其身为不善者，君子不入也。’	论语·阳货 17.7	2
qyqswbszjzbry	‘亲于其身为不善者，君子不入也。’	论语·阳货 17.7	2
jzbry	君子不入也。	论语·阳货 17.7	2
fxyzmpzzwyrzh	佛肸以中牟畔，子之往也，如之何？	论语·阳货 17.7	1
zzwyrzh	子之往也，如之何？	论语·阳货 17.7	2
zyrysyy	子曰：然，有是言也。	论语·阳货 17.7	1
rysyy	然，有是言也。	论语·阳货 17.7	2
ysyy	有是言也。	论语·阳货 17.7	2
byjhmeblbybhnebz	不曰坚乎，磨而不磷；不曰白乎，涅而不缁。	论语·阳货 17.7	1
meblbybhnebz	磨而不磷；不曰白乎，涅而不缁。	论语·阳货 17.7	2
bybhnebz	不曰白乎，涅而不缁。	论语·阳货 17.7	2
nebz	涅而不缁。	论语·阳货 17.7	2
wqpgyz	吾岂匏瓜也哉？	论语·阳货 17.7	1
ynxebs	焉能系而不食？	论语·阳货 17.7	1
zyyynwlylbyh	子曰：“由也，女闻六言六蔽矣乎？”	论语·阳货 17.8	1
yynwlylbyh	“由也，女闻六言六蔽矣乎？”	论语·阳货 17.8	2
nwlylbyh	女闻六言六蔽矣乎？	论语·阳货 17.8	2
dywy	对曰：“未也。”	论语·阳货 17.8	1
wy	“未也。”	论语·阳货 17.8	2
wyn	吾语女。	论语·阳货 17.8	1
hrbhxqbyyhzbhxqbydhxbhxqbyzhzbhxqbyjhybhxqbylhgbhxqbyk	好仁不好学，其蔽也愚；好知不好学，其蔽也荡；好信不好学，其蔽也贼；好直不好学，其蔽也绞；好勇不好学，其蔽也乱；好刚不好学，其蔽也狂。	论语·阳货 17.8	1
qbyyhzbhxqbydhxbhxqbyzhzbhxqbyjhybhxqbylhgbhxqbyk	其蔽也愚；好知不好学，其蔽也荡；好信不好学，其蔽也贼；好直不好学，其蔽也绞；好勇不好学，其蔽也乱；好刚不好学，其蔽也狂。	论语·阳货 17.8	2
hzbhxqbydhxbhxqbyzhzbhxqbyjhybhxqbylhgbhxqbyk	好知不好学，其蔽也荡；好信不好学，其蔽也贼；好直不好学，其蔽也绞；好勇不好学，其蔽也乱；好刚不好学，其蔽也狂。	论语·阳货 17.8	2
qbydhxbhxqbyzhzbhxqbyjhybhxqbylhgbhxqbyk	其蔽也荡；好信不好学，其蔽也贼；好直不好学，其蔽也绞；好勇不好学，其蔽也乱；好刚不好学，其蔽也狂。	论语·阳货 17.8	2
hxbhxqbyzhzbhxqbyjhybhxqbylhgbhxqbyk	好信不好学，其蔽也贼；好直不好学，其蔽也绞；好勇不好学，其蔽也乱；好刚不好学，其蔽也狂。	论语·阳货 17.8	2
qbyzhzbhxqbyjhybhxqbylhgbhxqbyk	其蔽也贼；好直不好学，其蔽也绞；好勇不好学，其蔽也乱；好刚不好学，其蔽也狂。	论语·阳货 17.8	2
hzbhxqbyjhybhxqbylhgbhxqbyk	好直不好学，其蔽也绞；好勇不好学，其蔽也乱；好刚不好学，其蔽也狂。	论语·阳货 17.8	2
qbyjhybhxqbylhgbhxqbyk	其蔽也绞；好勇不好学，其蔽也乱；好刚不好学，其蔽也狂。	论语·阳货 17.8	2
hybhxqbylhgbhxqbyk	好勇不好学，其蔽也乱；好刚不好学，其蔽也狂。	论语·阳货 17.8	2
qbylhgbhxqbyk	其蔽也乱；好刚不好学，其蔽也狂。	论语·阳货 17.8	2
hgbhxqbyk	好刚不好学，其蔽也狂。	论语·阳货 17.8	2
qbyk	其蔽也狂。	论语·阳货 17.8	2
zyxzhmxfs	子曰：小子何莫学夫《诗》？	论语·阳货 17.9	1
xzhmxfs	小子何莫学夫《诗》？	论语·阳货 17.9	2
skyxkygkyqkyy	《诗》可以兴，可以观，可以群，可以怨。	论语·阳货 17.9	1
kygkyqkyy	可以观，可以群，可以怨。	论语·阳货 17.9	2
kyqkyy	可以群，可以怨。	论语·阳货 17.9	2
kyy	可以怨。	论语·阳货 17.9	2
ezsfyzsjdsynscmzm	迩之事父，远之事君，多识于鸟兽草木之名。	论语·阳货 17.9	1
yzsjdsynscmzm	远之事君，多识于鸟兽草木之名。	论语·阳货 17.9	2
dsynscmzm	多识于鸟兽草木之名。	论语·阳货 17.9	2
zwbyynwznznyh	子谓伯鱼曰：女为《周南》、《召南》矣乎？	论语·阳货 17.10	1
nwznznyh	女为《周南》、《召南》矣乎？	论语·阳货 17.10	2
znyh	《召南》矣乎？	论语·阳货 17.10	2
rebwznznqyzqmelyy	人而不为《周南》、《召南》，其犹正墙面而立也与！	论语·阳货 17.10	1
znqyzqmelyy	《召南》，其犹正墙面而立也与！	论语·阳货 17.10	2
qyzqmelyy	其犹正墙面而立也与！	论语·阳货 17.10	2
zylylyybyhz	子曰：礼云礼云，玉帛云乎哉？	论语·阳货 17.11	1
lylyybyhz	礼云礼云，玉帛云乎哉？	论语·阳货 17.11	2
ybyhz	玉帛云乎哉？	论语·阳货 17.11	2
lylyzgyhz	乐云乐云，钟鼓云乎哉？	论语·阳货 17.11	1
zgyhz	钟鼓云乎哉？	论语·阳货 17.11	2
zyslenrpzxrqycyzdyy	子曰：“色厉而内荏，譬诸小人，其犹穿窬之盗也与？”	论语·阳货 17.12	1
slenrpzxrqycyzdyy	“色厉而内荏，譬诸小人，其犹穿窬之盗也与？”	论语·阳货 17.12	2
pzxrqycyzdyy	譬诸小人，其犹穿窬之盗也与？	论语·阳货 17.12	2
qycyzdyy	其犹穿窬之盗也与？	论语·阳货 17.12	2
zyxydzzy	子曰：“乡愿，德之贼也。”	论语·阳货 17.13	1
xydzzy	“乡愿，德之贼也。”	论语·阳货 17.13	2
dzzy	德之贼也。	论语·阳货 17.13	2
zydtetsdzqy	子曰：“道听而涂说，德之弃也。”	论语·阳货 17.14	1
dtetsdzqy	“道听而涂说，德之弃也。”	论语·阳货 17.14	2
dzqy	德之弃也。	论语·阳货 17.14	2
zybfkysjyyz	子曰：鄙夫可与事君也与哉？	论语·阳货 17.15	1
bfkysjyyz	鄙夫可与事君也与哉？	论语·阳货 17.15	2
qwdzyhdzjdzhsz	其未得之也，患得之；既得之，患失之。	论语·阳货 17.15	1
hdzjdzhsz	患得之；既得之，患失之。	论语·阳货 17.15	2
jdzhsz	既得之，患失之。	论语·阳货 17.15	2
hsz	患失之。	论语·阳货 17.15	2
ghszwsbzy	苟患失之，无所不至矣。	论语·阳货 17.15	1
wsbzy	无所不至矣。	论语·阳货 17.15	2
zygzmysjjyhszwy	子曰：古者民有三疾，今也或是之亡也。	论语·阳货 17.16	1
gzmysjjyhszwy	古者民有三疾，今也或是之亡也。	论语·阳货 17.16	2
jyhszwy	今也或是之亡也。	论语·阳货 17.16	2
gzkysjzkydgzjyljzjyflgzyyzjzyyzeyy	古之狂也肆，今之狂也荡；古之矜也廉，今之矜也忿戾；古之愚也直，今之愚也诈而已矣。	论语·阳货 17.16	1
jzkydgzjyljzjyflgzyyzjzyyzeyy	今之狂也荡；古之矜也廉，今之矜也忿戾；古之愚也直，今之愚也诈而已矣。	论语·阳货 17.16	2
gzjyljzjyflgzyyzjzyyzeyy	古之矜也廉，今之矜也忿戾；古之愚也直，今之愚也诈而已矣。	论语·阳货 17.16	2
jzjyflgzyyzjzyyzeyy	今之矜也忿戾；古之愚也直，今之愚也诈而已矣。	论语·阳货 17.16	2
gzyyzjzyyzeyy	古之愚也直，今之愚也诈而已矣。	论语·阳货 17.16	2
jzyyzeyy	今之愚也诈而已矣。	论语·阳货 17.16	2
zyqylsxyr	子曰：“巧言令色，鲜矣仁。”	论语·阳货 17.17	1
qylsxyr	“巧言令色，鲜矣仁。”	论语·阳货 17.17	2
xyr	鲜矣仁。	论语·阳货 17.17	2
zyezzdzyezszlyyyelkzfbjz	子曰：“恶紫之夺朱也，恶郑声之乱雅乐也，恶利口之覆邦家者。”	论语·阳货 17.18	1
ezzdzyezszlyyyelkzfbjz	“恶紫之夺朱也，恶郑声之乱雅乐也，恶利口之覆邦家者。”	论语·阳货 17.18	2
ezszlyyyelkzfbjz	恶郑声之乱雅乐也，恶利口之覆邦家者。	论语·阳货 17.18	2
elkzfbjz	恶利口之覆邦家者。	论语·阳货 17.18	2
zyyywy	子曰：“予欲无言。”	论语·阳货 17.19	1
yywy	“予欲无言。”	论语·阳货 17.19	2
zgyzrbyzxzhsy	子贡曰：“子如不言，则小子何述焉？”	论语·阳货 17.19	1
zrbyzxzhsy	“子如不言，则小子何述焉？”	论语·阳货 17.19	2
zxzhsy	则小子何述焉？	论语·阳货 17.19	2
zythyz	子曰：天何言哉？	论语·阳货 17.19	1
thyz	天何言哉？	论语·阳货 17.19	2
ssxybwsythyz	四时行焉，百物生焉，天何言哉？	论语·阳货 17.19	1
bwsythyz	百物生焉，天何言哉？	论语·阳货 17.19	2
rbyjkzkzcyj	孺悲欲见孔子，孔子辞以疾。	论语·阳货 17.20	1
kzcyj	孔子辞以疾。	论语·阳货 17.20	2
jmzchqsegszwz	将命者出户，取瑟而歌，使之闻之。	论语·阳货 17.20	1
qsegszwz	取瑟而歌，使之闻之。	论语·阳货 17.20	2
szwz	使之闻之。	论语·阳货 17.20	2
zwwsnzsqyjy	宰我问：三年之丧，期已久矣！	论语·阳货 17.21	1
snzsqyjy	三年之丧，期已久矣！	论语·阳货 17.21	2
qyjy	期已久矣！	论语·阳货 17.21	2
jzsnbwllbhsnbwllbb	君子三年不为礼，礼必坏；三年不为乐，乐必崩。	论语·阳货 17.21	1
lbhsnbwllbb	礼必坏；三年不为乐，乐必崩。	论语·阳货 17.21	2
snbwllbb	三年不为乐，乐必崩。	论语·阳货 17.21	2
lbb	乐必崩。	论语·阳货 17.21	2
jgjmxgjszsghqkyy	旧谷既没，新谷既升，钻燧改火，期可已矣。	论语·阳货 17.21	1
xgjszsghqkyy	新谷既升，钻燧改火，期可已矣。	论语·阳货 17.21	2
zsghqkyy	钻燧改火，期可已矣。	论语·阳货 17.21	2
qkyy	期可已矣。	论语·阳货 17.21	2
zysfdyfjynah	子曰：“食夫稻，衣夫锦，于女安乎？”	论语·阳货 17.21	1
sfdyfjynah	“食夫稻，衣夫锦，于女安乎？”	论语·阳货 17.21	2
yfjynah	衣夫锦，于女安乎？	论语·阳货 17.21	2
ynah	于女安乎？	论语·阳货 17.21	2
ya	曰：“安！”	论语·阳货 17.21	1
nazwz	女安则为之！	论语·阳货 17.21	1
fjzzjsszbgwlbljcbagbwy	夫君子之居丧，食旨不甘，闻乐不乐，居处不安，故不为也。	论语·阳货 17.21	1
szbgwlbljcbagbwy	食旨不甘，闻乐不乐，居处不安，故不为也。	论语·阳货 17.21	2
wlbljcbagbwy	闻乐不乐，居处不安，故不为也。	论语·阳货 17.21	2
jcbagbwy	居处不安，故不为也。	论语·阳货 17.21	2
gbwy	故不为也。	论语·阳货 17.21	2
jnazwz	今女安，则为之！	论语·阳货 17.21	1
zwz	则为之！	论语·阳货 17.21	2
zwczyyzbry	宰我出，子曰：予之不仁也！	论语·阳货 17.21	1
zyyzbry	子曰：予之不仁也！	论语·阳货 17.21	2
yzbry	予之不仁也！	论语·阳货 17.21	2
zssnrhmyfmzh	子生三年，然后免于父母之怀。	论语·阳货 17.21	1
rhmyfmzh	然后免于父母之怀。	论语·阳货 17.21	2
fsnzstxztsyyyysnzayqfmh	夫三年之丧，天下之通丧也，予也有三年之爱于其父母乎！	论语·阳货 17.21	1
txztsyyyysnzayqfmh	天下之通丧也，予也有三年之爱于其父母乎！	论语·阳货 17.21	2
yyysnzayqfmh	予也有三年之爱于其父母乎！	论语·阳货 17.21	2
zybszrwsyxnyz	子曰：饱食终日，无所用心，难矣哉！	论语·阳货 17.22	1
bszrwsyxnyz	饱食终日，无所用心，难矣哉！	论语·阳货 17.22	2
wsyxnyz	无所用心，难矣哉！	论语·阳货 17.22	2
bybyzh	不有博弈者乎？	论语·阳货 17.22	1
wzyxhy	为之犹贤乎已。	论语·阳货 17.22	1
zlyjzsyh	子路曰：“君子尚勇乎？”	论语·阳货 17.23	1
jzsyh	“君子尚勇乎？”	论语·阳货 17.23	2
zyjzyyws	子曰：君子义以为上。	论语·阳货 17.23	1
jzyyws	君子义以为上。	论语·阳货 17.23	2
jzyyewywlxryyewywd	君子有勇而无义为乱，小人有勇而无义为盗。	论语·阳货 17.23	1
xryyewywd	小人有勇而无义为盗。	论语·阳货 17.23	2
zgyjzyyeh	子贡曰：“君子亦有恶乎？”	论语·阳货 17.24	1
jzyyeh	“君子亦有恶乎？”	论语·阳货 17.24	2
zyye	子曰：有恶。	论语·阳货 17.24	1
ye	有恶。	论语·阳货 17.24	2
ecrzezwjxlesszeyewlzeggezz	恶称人之恶者，恶居下流而讪上者，恶勇而无礼者，恶果敢而窒者。	论语·阳货 17.24	1
wjxlesszeyewlzeggezz	恶居下流而讪上者，恶勇而无礼者，恶果敢而窒者。	论语·阳货 17.24	2
eyewlzeggezz	恶勇而无礼者，恶果敢而窒者。	论语·阳货 17.24	2
eggezz	恶果敢而窒者。	论语·阳货 17.24	2
ycyyyeh	曰：“赐也亦有恶乎？”	论语·阳货 17.24	1
cyyyeh	“赐也亦有恶乎？”	论语·阳货 17.24	2
ejywzzebsywyzejywzz	“恶徼以为知者，恶不孙以为勇者，恶讦以为直者。”	论语·阳货 17.24	1
ebsywyzejywzz	恶不孙以为勇者，恶讦以为直者。	论语·阳货 17.24	2
ejywzz	恶讦以为直者。	论语·阳货 17.24	2
zywnzyxrwnyyjzzbsyzzy	子曰：“唯女子与小人为难养也，近之则不孙，远之则怨。”	论语·阳货 17.25	1
wnzyxrwnyyjzzbsyzzy	“唯女子与小人为难养也，近之则不孙，远之则怨。”	论语·阳货 17.25	2
jzzbsyzzy	近之则不孙，远之则怨。	论语·阳货 17.25	2
yzzy	远之则怨。	论语·阳货 17.25	2
zynssejeyqzyy	子曰：“年四十而见恶焉，其终也已。”	论语·阳货 17.26	1
nssejeyqzyy	“年四十而见恶焉，其终也已。”	论语·阳货 17.26	2
qzyy	其终也已。	论语·阳货 17.26	2
wzqzjzwznbgjes	微子去之，箕子为之奴，比干谏而死。	论语·微子 18.1	1
jzwznbgjes	箕子为之奴，比干谏而死。	论语·微子 18.1	2
bgjes	比干谏而死。	论语·微子 18.1	2
kzyyysry	孔子曰：“殷有三仁焉。”	论语·微子 18.1	1
yysry	“殷有三仁焉。”	论语·微子 18.1	2
lxhwsssc	柳下惠为士师，三黜。	论语·微子 18.2	1
sc	三黜。	论语·微子 18.2	2
ryzwkyqh	人曰：“子未可以去乎？”	论语·微子 18.2	1
zwkyqh	“子未可以去乎？”	论语·微子 18.2	2
yzdesrywebsc	曰：直道而事人，焉往而不三黜？	论语·微子 18.2	1
zdesrywebsc	直道而事人，焉往而不三黜？	论语·微子 18.2	2
ywebsc	焉往而不三黜？	论语·微子 18.2	2
wdesrhbqfmzb	枉道而事人，何必去父母之邦？	论语·微子 18.2	1
hbqfmzb	何必去父母之邦？	论语·微子 18.2	2
qjgdkzyrjszwbn	齐景公待孔子曰：“若季氏，则吾不能。”	论语·微子 18.3	1
rjszwbn	“若季氏，则吾不能。”	论语·微子 18.3	2
zwbn	则吾不能。	论语·微子 18.3	2
yjmzjdzywlybnyy	以季、孟之间待之，曰：“吾老矣，不能用也。”	论语·微子 18.3	1
mzjdzywlybnyy	孟之间待之，曰：“吾老矣，不能用也。”	论语·微子 18.3	2
ywlybnyy	曰：“吾老矣，不能用也。”	论语·微子 18.3	2
wlybnyy	“吾老矣，不能用也。”	论语·微子 18.3	2
bnyy	不能用也。	论语·微子 18.3	2
kzx	孔子行。	论语·微子 18.3	1
qrgnljhzszsrbckzx	齐人归女乐，季桓子受之，三日不朝，孔子行。	论语·微子 18.4	1
jhzszsrbckzx	季桓子受之，三日不朝，孔子行。	论语·微子 18.4	2
srbckzx	三日不朝，孔子行。	论语·微子 18.4	2
ckjygegkzyfxfxhdzs	楚狂接舆歌而过孔子曰：凤兮凤兮，何德之衰？	论语·微子 18.5	1
fxfxhdzs	凤兮凤兮，何德之衰？	论语·微子 18.5	2
hdzs	何德之衰？	论语·微子 18.5	2
wzbkjlzykz	往者不可谏，来者犹可追。	论语·微子 18.5	1
lzykz	来者犹可追。	论语·微子 18.5	2
yeyejzczzde	已而已而，今之从政者殆而！	论语·微子 18.5	1
jzczzde	今之从政者殆而！	论语·微子 18.5	2
kzxyyzyqepzbdyzy	孔子下，欲与之言，趋而辟之，不得与之言。	论语·微子 18.5	1
yyzyqepzbdyzy	欲与之言，趋而辟之，不得与之言。	论语·微子 18.5	2
qepzbdyzy	趋而辟之，不得与之言。	论语·微子 18.5	2
bdyzy	不得与之言。	论语·微子 18.5	2
zjjnoegkzgzszlwjy	长沮、桀溺耦而耕，孔子过之，使子路问津焉。	论语·微子 18.6	1
jnoegkzgzszlwjy	桀溺耦而耕，孔子过之，使子路问津焉。	论语·微子 18.6	2
kzgzszlwjy	孔子过之，使子路问津焉。	论语·微子 18.6	2
szlwjy	使子路问津焉。	论语·微子 18.6	2
zjyfzyzws	长沮曰：“夫执舆者为谁？”	论语·微子 18.6	1
fzyzws	“夫执舆者为谁？”	论语·微子 18.6	2
zlywkq	子路曰：“为孔丘。”	论语·微子 18.6	1
wkq	“为孔丘。”	论语·微子 18.6	2
yslkqy	曰：“是鲁孔丘与？”	论语·微子 18.6	1
slkqy	“是鲁孔丘与？”	论语·微子 18.6	2
ysy	曰：“是也。”	论语·微子 18.6	1
sy	“是也。”	论语·微子 18.6	2
yszjy	曰：“是知津矣。”	论语·微子 18.6	1
szjy	“是知津矣。”	论语·微子 18.6	2
wyjnjnyzws	问于桀溺，桀溺曰：“子为谁？”	论语·微子 18.6	1
jnyzws	桀溺曰：“子为谁？”	论语·微子 18.6	2
zws	“子为谁？”	论语·微子 18.6	2
ywzy	曰：“为仲由。”	论语·微子 18.6	1
wzy	“为仲由。”	论语·微子 18.6	2
yslkqzty	曰：“是鲁孔丘之徒与？”	论语·微子 18.6	1
slkqzty	“是鲁孔丘之徒与？”	论语·微子 18.6	2
dyr	对曰：“然。”	论语·微子 18.6	1
yttztxjsyesyyz	曰：滔滔者天下皆是也，而谁以易之？	论语·微子 18.6	1
ttztxjsyesyyz	滔滔者天下皆是也，而谁以易之？	论语·微子 18.6	2
esyyz	而谁以易之？	论语·微子 18.6	2
qeyqcprzsyqrcpszs	且而与其从辟人之士也，岂若从辟世之士？	论语·微子 18.6	1
qrcpszs	岂若从辟世之士？	论语·微子 18.6	2
yebc	耰而不辍。	论语·微子 18.6	1
zlxygfzwrynsbkytqwfsrztyesy	子路行以告，夫子怃然曰：鸟兽不可与同群，吾非斯人之徒与而谁与？	论语·微子 18.6	1
fzwrynsbkytqwfsrztyesy	夫子怃然曰：鸟兽不可与同群，吾非斯人之徒与而谁与？	论语·微子 18.6	2
nsbkytqwfsrztyesy	鸟兽不可与同群，吾非斯人之徒与而谁与？	论语·微子 18.6	2
wfsrztyesy	吾非斯人之徒与而谁与？	论语·微子 18.6	2
txydqbyyy	天下有道，丘不与易也。	论语·微子 18.6	1
qbyyy	丘不与易也。	论语·微子 18.6	2
zlcehyzryzhd	子路从而后，遇丈人，以杖荷𦰏。	论语·微子 18.7	1
yzryzhd	遇丈人，以杖荷𦰏。	论语·微子 18.7	2
yzhd	以杖荷𦰏。	论语·微子 18.7	2
zlwyzjfzh	子路问曰：“子见夫子乎？”	论语·微子 18.7	1
zjfzh	“子见夫子乎？”	论语·微子 18.7	2
zrystbqwgbfswfz	丈人曰：“四体不勤，五谷不分，孰为夫子？”	论语·微子 18.7	1
stbqwgbfswfz	“四体不勤，五谷不分，孰为夫子？”	论语·微子 18.7	2
wgbfswfz	五谷不分，孰为夫子？	论语·微子 18.7	2
swfz	孰为夫子？	论语·微子 18.7	2
zqzeyzlgel	植其杖而芸，子路拱而立。	论语·微子 18.7	1
zlgel	子路拱而立。	论语·微子 18.7	2
zzlssjwseszjqezy	止子路宿，杀鸡为黍而食之，见其二子焉。	论语·微子 18.7	1
sjwseszjqezy	杀鸡为黍而食之，见其二子焉。	论语·微子 18.7	2
jqezy	见其二子焉。	论语·微子 18.7	2
mrzlxygzyyzy	明日，子路行以告，子曰：“隐者也。”	论语·微子 18.7	1
zlxygzyyzy	子路行以告，子曰：“隐者也。”	论语·微子 18.7	2
zyyzy	子曰：“隐者也。”	论语·微子 18.7	2
yzy	“隐者也。”	论语·微子 18.7	2
szlfjzzzxy	使子路反见之，至则行矣。	论语·微子 18.7	1
zzxy	至则行矣。	论语·微子 18.7	2
zlybswy	子路曰：不仕无义。	论语·微子 18.7	1
bswy	不仕无义。	论语·微子 18.7	2
zyzjbkfyjczyrzhqfz	长幼之节不可废也，君臣之义如之何其废之？	论语·微子 18.7	1
jczyrzhqfz	君臣之义如之何其废之？	论语·微子 18.7	2
yjqseldl	欲洁其身而乱大伦。	论语·微子 18.7	1
jzzsyxqyydzbxyzzy	君子之仕也，行其义也，道之不行已知之矣。	论语·微子 18.7	1
xqyydzbxyzzy	行其义也，道之不行已知之矣。	论语·微子 18.7	2
dzbxyzzy	道之不行已知之矣。	论语·微子 18.7	2
ymbysqyzyyzzlxhsl	逸民：伯夷、叔齐、虞仲、夷逸、朱张、柳下惠、少连。	论语·微子 18.8	1
bysqyzyyzzlxhsl	伯夷、叔齐、虞仲、夷逸、朱张、柳下惠、少连。	论语·微子 18.8	2
sqyzyyzzlxhsl	叔齐、虞仲、夷逸、朱张、柳下惠、少连。	论语·微子 18.8	2
yzyyzzlxhsl	虞仲、夷逸、朱张、柳下惠、少连。	论语·微子 18.8	2
yyzzlxhsl	夷逸、朱张、柳下惠、少连。	论语·微子 18.8	2
zzlxhsl	朱张、柳下惠、少连。	论语·微子 18.8	2
lxhsl	柳下惠、少连。	论语·微子 18.8	2
sl	少连。	论语·微子 18.8	2
zybjqzbrqsbysqy	子曰：“不降其志，不辱其身，伯夷、叔齐与！”	论语·微子 18.8	1
bjqzbrqsbysqy	“不降其志，不辱其身，伯夷、叔齐与！”	论语·微子 18.8	2
brqsbysqy	不辱其身，伯夷、叔齐与！	论语·微子 18.8	2
bysqy	伯夷、叔齐与！	论语·微子 18.8	2
sqy	叔齐与！	论语·微子 18.8	2
wlxhsljzrsyyzlxzlqseyy	谓：“柳下惠、少连降志辱身矣，言中伦，行中虑，其斯而已矣。”	论语·微子 18.8	1
lxhsljzrsyyzlxzlqseyy	“柳下惠、少连降志辱身矣，言中伦，行中虑，其斯而已矣。”	论语·微子 18.8	2
sljzrsyyzlxzlqseyy	少连降志辱身矣，言中伦，行中虑，其斯而已矣。	论语·微子 18.8	2
yzlxzlqseyy	言中伦，行中虑，其斯而已矣。	论语·微子 18.8	2
xzlqseyy	行中虑，其斯而已矣。	论语·微子 18.8	2
qseyy	其斯而已矣。	论语·微子 18.8	2
wyzyyyjfyszqfzq	谓：虞仲、夷逸隐居放言，身中清，废中权。	论语·微子 18.8	1
yzyyyjfyszqfzq	虞仲、夷逸隐居放言，身中清，废中权。	论语·微子 18.8	2
yyyjfyszqfzq	夷逸隐居放言，身中清，废中权。	论语·微子 18.8	2
szqfzq	身中清，废中权。	论语·微子 18.8	2
fzq	废中权。	论语·微子 18.8	2
wzyyswkwbk	我则异于是，无可无不可。	论语·微子 18.8	1
wkwbk	无可无不可。	论语·微子 18.8	2
tszsqyfgscsflscsfqsqgfsryhbtwryhssyjqxryh	太师挚适齐，亚饭干适楚，三饭缭适蔡，四饭缺适秦，鼓方叔入于河，播鼗武入于汉，少师阳、击磬襄入于海。	论语·微子 18.9	1
yfgscsflscsfqsqgfsryhbtwryhssyjqxryh	亚饭干适楚，三饭缭适蔡，四饭缺适秦，鼓方叔入于河，播鼗武入于汉，少师阳、击磬襄入于海。	论语·微子 18.9	2
sflscsfqsqgfsryhbtwryhssyjqxryh	三饭缭适蔡，四饭缺适秦，鼓方叔入于河，播鼗武入于汉，少师阳、击磬襄入于海。	论语·微子 18.9	2
sfqsqgfsryhbtwryhssyjqxryh	四饭缺适秦，鼓方叔入于河，播鼗武入于汉，少师阳、击磬襄入于海。	论语·微子 18.9	2
gfsryhbtwryhssyjqxryh	鼓方叔入于河，播鼗武入于汉，少师阳、击磬襄入于海。	论语·微子 18.9	2
btwryhssyjqxryh	播鼗武入于汉，少师阳、击磬襄入于海。	论语·微子 18.9	2
ssyjqxryh	少师阳、击磬襄入于海。	论语·微子 18.9	2
jqxryh	击磬襄入于海。	论语·微子 18.9	2
zgwlgyjzbsqqbsdcyhbygjwdgzbqywqbyyr	周公谓鲁公曰：“君子不施其亲，不使大臣怨乎不以，故旧无大故则不弃也，无求备于一人。”	论语·微子 18.10	1
jzbsqqbsdcyhbygjwdgzbqywqbyyr	“君子不施其亲，不使大臣怨乎不以，故旧无大故则不弃也，无求备于一人。”	论语·微子 18.10	2
bsdcyhbygjwdgzbqywqbyyr	不使大臣怨乎不以，故旧无大故则不弃也，无求备于一人。	论语·微子 18.10	2
gjwdgzbqywqbyyr	故旧无大故则不弃也，无求备于一人。	论语·微子 18.10	2
wqbyyr	无求备于一人。	论语·微子 18.10	2
zybsbdbsztzhsysxjsjg	周有八士：伯达、伯适、仲突、仲忽、叔夜、叔夏、季随、季䯄。	论语·微子 18.11	1
bdbsztzhsysxjsjg	伯达、伯适、仲突、仲忽、叔夜、叔夏、季随、季䯄。	论语·微子 18.11	2
bsztzhsysxjsjg	伯适、仲突、仲忽、叔夜、叔夏、季随、季䯄。	论语·微子 18.11	2
ztzhsysxjsjg	仲突、仲忽、叔夜、叔夏、季随、季䯄。	论语·微子 18.11	2
zhsysxjsjg	仲忽、叔夜、叔夏、季随、季䯄。	论语·微子 18.11	2
sysxjsjg	叔夜、叔夏、季随、季䯄。	论语·微子 18.11	2
sxjsjg	叔夏、季随、季䯄。	论语·微子 18.11	2
jsjg	季随、季䯄。	论语·微子 18.11	2
jg	季䯄。	论语·微子 18.11	2
zzysjwzmjdsyjsjssaqkyy	子张曰：“士见危致命，见得思义，祭思敬，丧思哀，其可已矣。”	论语·子张 19.1	1
sjwzmjdsyjsjssaqkyy	“士见危致命，见得思义，祭思敬，丧思哀，其可已矣。”	论语·子张 19.1	2
jdsyjsjssaqkyy	见得思义，祭思敬，丧思哀，其可已矣。	论语·子张 19.1	2
jsjssaqkyy	祭思敬，丧思哀，其可已矣。	论语·子张 19.1	2
ssaqkyy	丧思哀，其可已矣。	论语·子张 19.1	2
qkyy	其可已矣。	论语·子张 19.1	2
zzyzdbhxdbdynwy	子张曰：执德不弘，信道不笃，焉能为有？	论语·子张 19.2	1
zdbhxdbdynwy	执德不弘，信道不笃，焉能为有？	论语·子张 19.2	2
xdbdynwy	信道不笃，焉能为有？	论语·子张 19.2	2
ynwy	焉能为有？	论语·子张 19.2	2
ynww	焉能为亡？	论语·子张 19.2	1
zxzmrwjyzzzzyzxyh	子夏之门人问交于子张，子张曰：“子夏云何？”	论语·子张 19.3	1
zzyzxyh	子张曰：“子夏云何？”	论语·子张 19.3	2
zxyh	“子夏云何？”	论语·子张 19.3	2
dyzxykzyzqbkzjz	对曰：“子夏曰：‘可者与之，其不可者拒之。’”	论语·子张 19.3	1
zxykzyzqbkzjz	“子夏曰：‘可者与之，其不可者拒之。’”	论语·子张 19.3	2
kzyzqbkzjz	‘可者与之，其不可者拒之。’	论语·子张 19.3	2
qbkzjz	其不可者拒之。	论语·子张 19.3	2
zzyyhwsw	子张曰：异乎吾所闻。	论语·子张 19.3	1
yhwsw	异乎吾所闻。	论语·子张 19.3	2
jzzxerzjsejbn	君子尊贤而容众，嘉善而矜不能。	论语·子张 19.3	1
jsejbn	嘉善而矜不能。	论语·子张 19.3	2
wzdxyyrhsbr	我之大贤与，于人何所不容？	论语·子张 19.3	1
yrhsbr	于人何所不容？	论语·子张 19.3	2
wzbxyrjjwrzhqjry	我之不贤与，人将拒我，如之何其拒人也？	论语·子张 19.3	1
rjjwrzhqjry	人将拒我，如之何其拒人也？	论语·子张 19.3	2
rzhqjry	如之何其拒人也？	论语·子张 19.3	2
zxysxdbykgzyzyknsyjzbwy	子夏曰：“虽小道必有可观者焉，致远恐泥，是以君子不为也。”	论语·子张 19.4	1
sxdbykgzyzyknsyjzbwy	“虽小道必有可观者焉，致远恐泥，是以君子不为也。”	论语·子张 19.4	2
zyknsyjzbwy	致远恐泥，是以君子不为也。	论语·子张 19.4	2
syjzbwy	是以君子不为也。	论语·子张 19.4	2
zxyrzqswywwqsnkwhxyyy	子夏曰：“日知其所亡，月无忘其所能，可谓好学也已矣。”	论语·子张 19.5	1
rzqswywwqsnkwhxyyy	“日知其所亡，月无忘其所能，可谓好学也已矣。”	论语·子张 19.5	2
ywwqsnkwhxyyy	月无忘其所能，可谓好学也已矣。	论语·子张 19.5	2
kwhxyyy	可谓好学也已矣。	论语·子张 19.5	2
zxybxedzqwejsrzqzy	子夏曰：“博学而笃志，切问而近思，仁在其中矣。”	论语·子张 19.6	1
bxedzqwejsrzqzy	“博学而笃志，切问而近思，仁在其中矣。”	论语·子张 19.6	2
qwejsrzqzy	切问而近思，仁在其中矣。	论语·子张 19.6	2
rzqzy	仁在其中矣。	论语·子张 19.6	2
zxybgjsycqsjzxyzqd	子夏曰：“百工居肆以成其事，君子学以致其道。”	论语·子张 19.7	1
bgjsycqsjzxyzqd	“百工居肆以成其事，君子学以致其道。”	论语·子张 19.7	2
jzxyzqd	君子学以致其道。	论语·子张 19.7	2
zxyxrzgybw	子夏曰：“小人之过也必文。”	论语·子张 19.8	1
xrzgybw	“小人之过也必文。”	论语·子张 19.8	2
zxyjzysbwzyrjzywtqyyl	子夏曰：“君子有三变：望之俨然，即之也温，听其言也厉。”	论语·子张 19.9	1
jzysbwzyrjzywtqyyl	“君子有三变：望之俨然，即之也温，听其言也厉。”	论语·子张 19.9	2
wzyrjzywtqyyl	望之俨然，即之也温，听其言也厉。	论语·子张 19.9	2
jzywtqyyl	即之也温，听其言也厉。	论语·子张 19.9	2
tqyyl	听其言也厉。	论语·子张 19.9	2
zxyjzxehlqmwxzywljyxehjwxzywbjy	子夏曰：“君子信而后劳其民，未信，则以为厉己也；信而后谏，未信，则以为谤己也。”	论语·子张 19.10	1
jzxehlqmwxzywljyxehjwxzywbjy	“君子信而后劳其民，未信，则以为厉己也；信而后谏，未信，则以为谤己也。”	论语·子张 19.10	2
wxzywljyxehjwxzywbjy	未信，则以为厉己也；信而后谏，未信，则以为谤己也。	论语·子张 19.10	2
zywljyxehjwxzywbjy	则以为厉己也；信而后谏，未信，则以为谤己也。	论语·子张 19.10	2
xehjwxzywbjy	信而后谏，未信，则以为谤己也。	论语·子张 19.10	2
wxzywbjy	未信，则以为谤己也。	论语·子张 19.10	2
zywbjy	则以为谤己也。	论语·子张 19.10	2
zxyddbyxxdcrky	子夏曰：“大德不逾闲，小德出入可也。”	论语·子张 19.11	1
ddbyxxdcrky	“大德不逾闲，小德出入可也。”	论语·子张 19.11	2
xdcrky	小德出入可也。	论语·子张 19.11	2
zyyzxzmrxzdssydjtzky	子游曰：子夏之门人小子，当洒扫应对进退则可矣。	论语·子张 19.12	1
zxzmrxzdssydjtzky	子夏之门人小子，当洒扫应对进退则可矣。	论语·子张 19.12	2
dssydjtzky	当洒扫应对进退则可矣。	论语·子张 19.12	2
ymybzzwrzh	抑末也，本之则无，如之何？	论语·子张 19.12	1
bzzwrzh	本之则无，如之何？	论语·子张 19.12	2
zxwzyyyygy	子夏闻之，曰：噫，言游过矣！	论语·子张 19.12	1
yyyygy	曰：噫，言游过矣！	论语·子张 19.12	2
yyygy	噫，言游过矣！	论语·子张 19.12	2
yygy	言游过矣！	论语·子张 19.12	2
jzzdsxcy	君子之道，孰先传焉？	论语·子张 19.12	1
sxcy	孰先传焉？	论语·子张 19.12	2
shjy	孰后倦焉？	论语·子张 19.12	1
pzcmqyby	譬诸草木，区以别矣。	论语·子张 19.12	1
qyby	区以别矣。	论语·子张 19.12	2
jzzdykwy	君子之道焉可诬也？	论语·子张 19.12	1
ysyzzqwsrh	有始有卒者，其惟圣人乎！	论语·子张 19.12	1
qwsrh	其惟圣人乎！	论语·子张 19.12	2
zxyseyzxxeyzs	子夏曰：“仕而优则学，学而优则仕。”	论语·子张 19.13	1
seyzxxeyzs	“仕而优则学，学而优则仕。”	论语·子张 19.13	2
xeyzs	学而优则仕。	论语·子张 19.13	2
zyyszhaez	子游曰：“丧致乎哀而止。”	论语·子张 19.14	1
szhaez	“丧致乎哀而止。”	论语·子张 19.14	2
zyywyzywnnyrewr	子游曰：“吾友张也为难能也，然而未仁。”	论语·子张 19.15	1
wyzywnnyrewr	“吾友张也为难能也，然而未仁。”	论语·子张 19.15	2
rewr	然而未仁。	论语·子张 19.15	2
czytthzynybwry	曾子曰：“堂堂乎张也，难与并为仁矣。”	论语·子张 19.16	1
tthzynybwry	“堂堂乎张也，难与并为仁矣。”	论语·子张 19.16	2
nybwry	难与并为仁矣。	论语·子张 19.16	2
czywwzfzrwyzzzybyqsh	曾子曰：“吾闻诸夫子，人未有自致者也，必也亲丧乎！”	论语·子张 19.17	1
wwzfzrwyzzzybyqsh	“吾闻诸夫子，人未有自致者也，必也亲丧乎！”	论语·子张 19.17	2
rwyzzzybyqsh	人未有自致者也，必也亲丧乎！	论语·子张 19.17	2
byqsh	必也亲丧乎！	论语·子张 19.17	2
czywwzfzmzzzxyqtknyqbgfzcyfzzsnny	曾子曰：“吾闻诸夫子，孟庄子之孝也，其他可能也；其不改父之臣与父之政，是难能也。”	论语·子张 19.18	1
wwzfzmzzzxyqtknyqbgfzcyfzzsnny	“吾闻诸夫子，孟庄子之孝也，其他可能也；其不改父之臣与父之政，是难能也。”	论语·子张 19.18	2
mzzzxyqtknyqbgfzcyfzzsnny	孟庄子之孝也，其他可能也；其不改父之臣与父之政，是难能也。	论语·子张 19.18	2
qtknyqbgfzcyfzzsnny	其他可能也；其不改父之臣与父之政，是难能也。	论语·子张 19.18	2
qbgfzcyfzzsnny	其不改父之臣与父之政，是难能也。	论语·子张 19.18	2
snny	是难能也。	论语·子张 19.18	2
mssyfwsswycz	孟氏使阳肤为士师，问于曾子。	论语·子张 19.19	1
wycz	问于曾子。	论语·子张 19.19	2
czyssqdmsjy	曾子曰：上失其道，民散久矣。	论语·子张 19.19	1
ssqdmsjy	上失其道，民散久矣。	论语·子张 19.19	2
msjy	民散久矣。	论语·子张 19.19	2
rdqqzajewx	如得其情，则哀矜而勿喜！	论语·子张 19.19	1
zajewx	则哀矜而勿喜！	论语·子张 19.19	2
zgyzzbsbrszsy	子贡曰：纣之不善，不如是之甚也。	论语·子张 19.20	1
zzbsbrszsy	纣之不善，不如是之甚也。	论语·子张 19.20	2
brszsy	不如是之甚也。	论语·子张 19.20	2
syjzwjxltxzejgy	是以君子恶居下流，天下之恶皆归焉。	论语·子张 19.20	1
txzejgy	天下之恶皆归焉。	论语·子张 19.20	2
zgyjzzgyrryzsy	子贡曰：君子之过也，如日月之食焉。	论语·子张 19.21	1
jzzgyrryzsy	君子之过也，如日月之食焉。	论语·子张 19.21	2
rryzsy	如日月之食焉。	论语·子张 19.21	2
gyrjjzgyrjyz	过也人皆见之，更也人皆仰之。	论语·子张 19.21	1
gyrjyz	更也人皆仰之。	论语·子张 19.21	2
wgscwyzgyznyx	卫公孙朝问于子贡曰：“仲尼焉学？”	论语·子张 19.22	1
znyx	“仲尼焉学？”	论语·子张 19.22	2
zgywwzdwzydzr	子贡曰：文武之道未坠于地，在人。	论语·子张 19.22	1
wwzdwzydzr	文武之道未坠于地，在人。	论语·子张 19.22	2
zr	在人。	论语·子张 19.22	2
xzsqdzbxzsqxzmbywwzdyfzybx	贤者识其大者，不贤者识其小者，莫不有文武之道焉，夫子焉不学？	论语·子张 19.22	1
bxzsqxzmbywwzdyfzybx	不贤者识其小者，莫不有文武之道焉，夫子焉不学？	论语·子张 19.22	2
mbywwzdyfzybx	莫不有文武之道焉，夫子焉不学？	论语·子张 19.22	2
fzybx	夫子焉不学？	论语·子张 19.22	2
eyhcszy	而亦何常师之有？	论语·子张 19.22	1
sswsydfycyzgxyzn	叔孙武叔语大夫于朝曰：“子贡贤于仲尼。”	论语·子张 19.23	1
zgxyzn	“子贡贤于仲尼。”	论语·子张 19.23	2
zfjbygzgzgypzgqczqyjjkjsjzhfzzqsrbdqmerbjzmzmbgzf	子服景伯以告子贡，子贡曰：譬之宫墙，赐之墙也及肩，窥见室家之好；夫子之墙数仞，不得其门而入，不见宗庙之美、百官之富。	论语·子张 19.23	1
zgypzgqczqyjjkjsjzhfzzqsrbdqmerbjzmzmbgzf	子贡曰：譬之宫墙，赐之墙也及肩，窥见室家之好；夫子之墙数仞，不得其门而入，不见宗庙之美、百官之富。	论语·子张 19.23	2
pzgqczqyjjkjsjzhfzzqsrbdqmerbjzmzmbgzf	譬之宫墙，赐之墙也及肩，窥见室家之好；夫子之墙数仞，不得其门而入，不见宗庙之美、百官之富。	论语·子张 19.23	2
czqyjjkjsjzhfzzqsrbdqmerbjzmzmbgzf	赐之墙也及肩，窥见室家之好；夫子之墙数仞，不得其门而入，不见宗庙之美、百官之富。	论语·子张 19.23	2
kjsjzhfzzqsrbdqmerbjzmzmbgzf	窥见室家之好；夫子之墙数仞，不得其门而入，不见宗庙之美、百官之富。	论语·子张 19.23	2
fzzqsrbdqmerbjzmzmbgzf	夫子之墙数仞，不得其门而入，不见宗庙之美、百官之富。	论语·子张 19.23	2
bdqmerbjzmzmbgzf	不得其门而入，不见宗庙之美、百官之富。	论语·子张 19.23	2
bjzmzmbgzf	不见宗庙之美、百官之富。	论语·子张 19.23	2
bgzf	百官之富。	论语·子张 19.23	2
dqmzhgyfzzybyyh	得其门者或寡矣，夫子之云不亦宜乎！	论语·子张 19.23	1
fzzybyyh	夫子之云不亦宜乎！	论语·子张 19.23	2
sswshznzgywywyznbkhy	叔孙武叔毁仲尼，子贡曰：无以为也，仲尼不可毁也。	论语·子张 19.24	1
zgywywyznbkhy	子贡曰：无以为也，仲尼不可毁也。	论语·子张 19.24	2
wywyznbkhy	无以为也，仲尼不可毁也。	论语·子张 19.24	2
znbkhy	仲尼不可毁也。	论语·子张 19.24	2
trzxzqlyykyyznryywdeyy	他人之贤者，丘陵也，犹可逾也；仲尼，日月也，无得而逾焉。	论语·子张 19.24	1
qlyykyyznryywdeyy	丘陵也，犹可逾也；仲尼，日月也，无得而逾焉。	论语·子张 19.24	2
ykyyznryywdeyy	犹可逾也；仲尼，日月也，无得而逾焉。	论语·子张 19.24	2
znryywdeyy	仲尼，日月也，无得而逾焉。	论语·子张 19.24	2
ryywdeyy	日月也，无得而逾焉。	论语·子张 19.24	2
wdeyy	无得而逾焉。	论语·子张 19.24	2
rsyzjqhsyryh	人虽欲自绝，其何伤于日月乎？	论语·子张 19.24	1
qhsyryh	其何伤于日月乎？	论语·子张 19.24	2
djqbzly	多见其不知量也。	论语·子张 19.24	1
czqwzgyzwgyznqxyzh	陈子禽谓子贡曰：“子为恭也，仲尼岂贤于子乎？”	论语·子张 19.25	1
zwgyznqxyzh	“子为恭也，仲尼岂贤于子乎？”	论语·子张 19.25	2
znqxyzh	仲尼岂贤于子乎？	论语·子张 19.25	2
zgyjzyyywzyyywbzybkbsy	子贡曰：君子一言以为知，一言以为不知，言不可不慎也。	论语·子张 19.25	1
jzyyywzyyywbzybkbsy	君子一言以为知，一言以为不知，言不可不慎也。	论语·子张 19.25	2
yyywbzybkbsy	一言以为不知，言不可不慎也。	论语·子张 19.25	2
ybkbsy	言不可不慎也。	论语·子张 19.25	2
fzzbkjyytzbkjesy	夫子之不可及也，犹天之不可阶而升也。	论语·子张 19.25	1
ytzbkjesy	犹天之不可阶而升也。	论语·子张 19.25	2
fzzdbjzswlzsldzsxszsldzsh	夫子之得邦家者，所谓立之斯立，道之斯行，绥之斯来，动之斯和。	论语·子张 19.25	1
swlzsldzsxszsldzsh	所谓立之斯立，道之斯行，绥之斯来，动之斯和。	论语·子张 19.25	2
dzsxszsldzsh	道之斯行，绥之斯来，动之斯和。	论语·子张 19.25	2
szsldzsh	绥之斯来，动之斯和。	论语·子张 19.25	2
dzsh	动之斯和。	论语·子张 19.25	2
qsyrqsyarzhqkjy	其生也荣，其死也哀，如之何其可及也？	论语·子张 19.25	1
qsyarzhqkjy	其死也哀，如之何其可及也？	论语·子张 19.25	2
rzhqkjy	如之何其可及也？	论语·子张 19.25	2
yyz	尧曰：咨！	论语·尧曰 20.1	1
estzlszegyzqz	尔舜，天之历数在尔躬，允执其中。	论语·尧曰 20.1	1
tzlszegyzqz	天之历数在尔躬，允执其中。	论语·尧曰 20.1	2
yzqz	允执其中。	论语·尧曰 20.1	2
shkqtlyz	四海困穷，天禄永终。	论语·尧曰 20.1	1
tlyz	天禄永终。	论语·尧曰 20.1	2
syymy	舜亦以命禹。	论语·尧曰 20.1	1
yyxzlgyxmgzgyhhhdyzbgsdcbbjzdx	曰：予小子履，敢用玄牡，敢昭告于皇皇后帝：有罪不敢赦，帝臣不蔽，简在帝心。	论语·尧曰 20.1	1
yxzlgyxmgzgyhhhdyzbgsdcbbjzdx	予小子履，敢用玄牡，敢昭告于皇皇后帝：有罪不敢赦，帝臣不蔽，简在帝心。	论语·尧曰 20.1	2
gyxmgzgyhhhdyzbgsdcbbjzdx	敢用玄牡，敢昭告于皇皇后帝：有罪不敢赦，帝臣不蔽，简在帝心。	论语·尧曰 20.1	2
gzgyhhhdyzbgsdcbbjzdx	敢昭告于皇皇后帝：有罪不敢赦，帝臣不蔽，简在帝心。	论语·尧曰 20.1	2
yzbgsdcbbjzdx	有罪不敢赦，帝臣不蔽，简在帝心。	论语·尧曰 20.1	2
dcbbjzdx	帝臣不蔽，简在帝心。	论语·尧曰 20.1	2
jzdx	简在帝心。	论语·尧曰 20.1	2
zgyzwywfwfyzzzzg	朕躬有罪，无以万方；万方有罪，罪在朕躬。	论语·尧曰 20.1	1
wywfwfyzzzzg	无以万方；万方有罪，罪在朕躬。	论语·尧曰 20.1	2
wfyzzzzg	万方有罪，罪在朕躬。	论语·尧曰 20.1	2
zzzg	罪在朕躬。	论语·尧曰 20.1	2
zydlsrsf	周有大赉，善人是富。	论语·尧曰 20.1	1
srsf	善人是富。	论语·尧曰 20.1	2
syzqbrrr	虽有周亲，不如仁人。	论语·尧曰 20.1	1
brrr	不如仁人。	论语·尧曰 20.1	2
bxygzyyr	百姓有过，在予一人。	论语·尧曰 20.1	1
zyyr	在予一人。	论语·尧曰 20.1	2
jqlsfdxfgsfzzxy	谨权量，审法度，修废官，四方之政行焉。	论语·尧曰 20.1	1
sfdxfgsfzzxy	审法度，修废官，四方之政行焉。	论语·尧曰 20.1	2
xfgsfzzxy	修废官，四方之政行焉。	论语·尧曰 20.1	2
sfzzxy	四方之政行焉。	论语·尧曰 20.1	2
xmgjjsjymtxzmgxy	兴灭国，继绝世，举逸民，天下之民归心焉。	论语·尧曰 20.1	1
jjsjymtxzmgxy	继绝世，举逸民，天下之民归心焉。	论语·尧曰 20.1	2
jymtxzmgxy	举逸民，天下之民归心焉。	论语·尧曰 20.1	2
txzmgxy	天下之民归心焉。	论语·尧曰 20.1	2
szmssj	所重：民、食、丧、祭。	论语·尧曰 20.1	1
mssj	民、食、丧、祭。	论语·尧曰 20.1	2
ssj	食、丧、祭。	论语·尧曰 20.1	2
sj	丧、祭。	论语·尧曰 20.1	2
kzdzxzmrymzyggzs	宽则得众，信则民任焉，敏则有功，公则说。	论语·尧曰 20.1	1
xzmrymzyggzs	信则民任焉，敏则有功，公则说。	论语·尧曰 20.1	2
mzyggzs	敏则有功，公则说。	论语·尧曰 20.1	2
gzs	公则说。	论语·尧曰 20.1	2
zzwykzyhrskyczy	子张问于孔子曰：“何如斯可以从政矣？”	论语·尧曰 20.2	1
hrskyczy	“何如斯可以从政矣？”	论语·尧曰 20.2	2
zyzwmpseskyczy	子曰：“尊五美，屏四恶，斯可以从政矣。”	论语·尧曰 20.2	1
zwmpseskyczy	“尊五美，屏四恶，斯可以从政矣。”	论语·尧曰 20.2	2
pseskyczy	屏四恶，斯可以从政矣。	论语·尧曰 20.2	2
skyczy	斯可以从政矣。	论语·尧曰 20.2	2
zzyhwwm	子张曰：“何谓五美？”	论语·尧曰 20.2	1
hwwm	“何谓五美？”	论语·尧曰 20.2	2
zyjzhebflebyyebttebjwebm	子曰：“君子惠而不费，劳而不怨，欲而不贪，泰而不骄，威而不猛。”	论语·尧曰 20.2	1
jzhebflebyyebttebjwebm	“君子惠而不费，劳而不怨，欲而不贪，泰而不骄，威而不猛。”	论语·尧曰 20.2	2
lebyyebttebjwebm	劳而不怨，欲而不贪，泰而不骄，威而不猛。	论语·尧曰 20.2	2
yebttebjwebm	欲而不贪，泰而不骄，威而不猛。	论语·尧曰 20.2	2
tebjwebm	泰而不骄，威而不猛。	论语·尧曰 20.2	2
webm	威而不猛。	论语·尧曰 20.2	2
zzyhwhebf	子张曰：“何谓惠而不费？”	论语·尧曰 20.2	1
hwhebf	“何谓惠而不费？”	论语·尧曰 20.2	2
zyymzslelzsbyhebfh	子曰：因民之所利而利之，斯不亦惠而不费乎？	论语·尧曰 20.2	1
ymzslelzsbyhebfh	因民之所利而利之，斯不亦惠而不费乎？	论语·尧曰 20.2	2
sbyhebfh	斯不亦惠而不费乎？	论语·尧曰 20.2	2
zklelzysy	择可劳而劳之，又谁怨？	论语·尧曰 20.2	1
ysy	又谁怨？	论语·尧曰 20.2	2
yredryyt	欲仁而得仁，又焉贪？	论语·尧曰 20.2	1
yyt	又焉贪？	论语·尧曰 20.2	2
jzwzgwxdwgmsbytebjh	君子无众寡，无小大，无敢慢，斯不亦泰而不骄乎？	论语·尧曰 20.2	1
wxdwgmsbytebjh	无小大，无敢慢，斯不亦泰而不骄乎？	论语·尧曰 20.2	2
wgmsbytebjh	无敢慢，斯不亦泰而不骄乎？	论语·尧曰 20.2	2
sbytebjh	斯不亦泰而不骄乎？	论语·尧曰 20.2	2
jzzqygzqzsyrrwewzsbywebmh	君子正其衣冠，尊其瞻视，俨然人望而畏之，斯不亦威而不猛乎？	论语·尧曰 20.2	1
zqzsyrrwewzsbywebmh	尊其瞻视，俨然人望而畏之，斯不亦威而不猛乎？	论语·尧曰 20.2	2
yrrwewzsbywebmh	俨然人望而畏之，斯不亦威而不猛乎？	论语·尧曰 20.2	2
sbywebmh	斯不亦威而不猛乎？	论语·尧曰 20.2	2
zzyhwse	子张曰：“何谓四恶？”	论语·尧曰 20.2	1
hwse	“何谓四恶？”	论语·尧曰 20.2	2
zybjeswznbjscwzbmlzqwzzyzyrycnzlwzys	子曰：“不教而杀谓之虐；不戒视成谓之暴；慢令致期谓之贼；犹之与人也，出纳之吝谓之有司。”	论语·尧曰 20.2	1
bjeswznbjscwzbmlzqwzzyzyrycnzlwzys	“不教而杀谓之虐；不戒视成谓之暴；慢令致期谓之贼；犹之与人也，出纳之吝谓之有司。”	论语·尧曰 20.2	2
bjscwzbmlzqwzzyzyrycnzlwzys	不戒视成谓之暴；慢令致期谓之贼；犹之与人也，出纳之吝谓之有司。	论语·尧曰 20.2	2
mlzqwzzyzyrycnzlwzys	慢令致期谓之贼；犹之与人也，出纳之吝谓之有司。	论语·尧曰 20.2	2
yzyrycnzlwzys	犹之与人也，出纳之吝谓之有司。	论语·尧曰 20.2	2
cnzlwzys	出纳之吝谓之有司。	论语·尧曰 20.2	2
kzybzmwywjzybzlwylybzywyzry	孔子曰：“不知命，无以为君子也；不知礼，无以立也；不知言，无以知人也。”	论语·尧曰 20.3	1
bzmwywjzybzlwylybzywyzry	“不知命，无以为君子也；不知礼，无以立也；不知言，无以知人也。”	论语·尧曰 20.3	2
wywjzybzlwylybzywyzry	无以为君子也；不知礼，无以立也；不知言，无以知人也。	论语·尧曰 20.3	2
bzlwylybzywyzry	不知礼，无以立也；不知言，无以知人也。	论语·尧曰 20.3	2
wylybzywyzry	无以立也；不知言，无以知人也。	论语·尧曰 20.3	2
bzywyzry	不知言，无以知人也。	论语·尧曰 20.3	2
wyzry	无以知人也。	论语·尧曰 20.3	2
dxzdzmmdzqmzzyzs	大学之道，在明明德，在亲民，在止于至善。	大学 第1章	1
zmmdzqmzzyzs	在明明德，在亲民，在止于至善。	大学 第1章	2
zqmzzyzs	在亲民，在止于至善。	大学 第1章	2
zzyzs	在止于至善。	大学 第1章	2
zzehyddehnjjehnaaehnllehnd	知止而后有定，定而后能静，静而后能安，安而后能虑，虑而后能得。	大学 第1章	1
dehnjjehnaaehnllehnd	定而后能静，静而后能安，安而后能虑，虑而后能得。	大学 第1章	2
jehnaaehnllehnd	静而后能安，安而后能虑，虑而后能得。	大学 第1章	2
aehnllehnd	安而后能虑，虑而后能得。	大学 第1章	2
lehnd	虑而后能得。	大学 第1章	2
wybmsyzszsxhzjdy	物有本末，事有终始，知所先后，则近道矣。	大学 第1章	1
syzszsxhzjdy	事有终始，知所先后，则近道矣。	大学 第1章	2
zsxhzjdy	知所先后，则近道矣。	大学 第1章	2
zjdy	则近道矣。	大学 第1章	2
gzymmdytxzxzqgyzqgzxqqjyqqjzxxqsyxqszxzqxyzqxzxcqyycqyzxzqzzzzgw	古之欲明明德于天下者，先治其国；欲治其国者，先齐其家；欲齐其家者，先修其身；欲修其身者，先正其心；欲正其心者，先诚其意；欲诚其意者，先致其知，致知在格物。	大学 第2章	1
xzqgyzqgzxqqjyqqjzxxqsyxqszxzqxyzqxzxcqyycqyzxzqzzzzgw	先治其国；欲治其国者，先齐其家；欲齐其家者，先修其身；欲修其身者，先正其心；欲正其心者，先诚其意；欲诚其意者，先致其知，致知在格物。	大学 第2章	2
yzqgzxqqjyqqjzxxqsyxqszxzqxyzqxzxcqyycqyzxzqzzzzgw	欲治其国者，先齐其家；欲齐其家者，先修其身；欲修其身者，先正其心；欲正其心者，先诚其意；欲诚其意者，先致其知，致知在格物。	大学 第2章	2
xqqjyqqjzxxqsyxqszxzqxyzqxzxcqyycqyzxzqzzzzgw	先齐其家；欲齐其家者，先修其身；欲修其身者，先正其心；欲正其心者，先诚其意；欲诚其意者，先致其知，致知在格物。	大学 第2章	2
yqqjzxxqsyxqszxzqxyzqxzxcqyycqyzxzqzzzzgw	欲齐其家者，先修其身；欲修其身者，先正其心；欲正其心者，先诚其意；欲诚其意者，先致其知，致知在格物。	大学 第2章	2
xxqsyxqszxzqxyzqxzxcqyycqyzxzqzzzzgw	先修其身；欲修其身者，先正其心；欲正其心者，先诚其意；欲诚其意者，先致其知，致知在格物。	大学 第2章	2
yxqszxzqxyzqxzxcqyycqyzxzqzzzzgw	欲修其身者，先正其心；欲正其心者，先诚其意；欲诚其意者，先致其知，致知在格物。	大学 第2章	2
xzqxyzqxzxcqyycqyzxzqzzzzgw	先正其心；欲正其心者，先诚其意；欲诚其意者，先致其知，致知在格物。	大学 第2章	2
yzqxzxcqyycqyzxzqzzzzgw	欲正其心者，先诚其意；欲诚其意者，先致其知，致知在格物。	大学 第2章	2
xcqyycqyzxzqzzzzgw	先诚其意；欲诚其意者，先致其知，致知在格物。	大学 第2章	2
ycqyzxzqzzzzgw	欲诚其意者，先致其知，致知在格物。	大学 第2章	2
xzqzzzzgw	先致其知，致知在格物。	大学 第2章	2
zzzgw	致知在格物。	大学 第2章	2
wgehzzzzehycycehxzxzehsxsxehjqjqehgzgzehtxp	物格而后知至，知至而后意诚，意诚而后心正，心正而后身修，身修而后家齐，家齐而后国治，国治而后天下平。	大学 第2章	1
zzehycycehxzxzehsxsxehjqjqehgzgzehtxp	知至而后意诚，意诚而后心正，心正而后身修，身修而后家齐，家齐而后国治，国治而后天下平。	大学 第2章	2
ycehxzxzehsxsxehjqjqehgzgzehtxp	意诚而后心正，心正而后身修，身修而后家齐，家齐而后国治，国治而后天下平。	大学 第2章	2
xzehsxsxehjqjqehgzgzehtxp	心正而后身修，身修而后家齐，家齐而后国治，国治而后天下平。	大学 第2章	2
sxehjqjqehgzgzehtxp	身修而后家齐，家齐而后国治，国治而后天下平。	大学 第2章	2
jqehgzgzehtxp	家齐而后国治，国治而后天下平。	大学 第2章	2
gzehtxp	国治而后天下平。	大学 第2章	2
ztzyzysrysjyxswb	自天子以至于庶人，壹是皆以修身为本。	大学 第2章	1
ysjyxswb	壹是皆以修身为本。	大学 第2章	2
qblemzzfyqshzbeqsbzhwzyy	其本乱而末治者否矣，其所厚者薄，而其所薄者厚，未之有也！	大学 第2章	1
qshzbeqsbzhwzyy	其所厚者薄，而其所薄者厚，未之有也！	大学 第2章	2
eqsbzhwzyy	而其所薄者厚，未之有也！	大学 第2章	2
wzyy	未之有也！	大学 第2章	2
cwzbcwzzzy	此谓知本，此谓知之至也。	大学 第2章	1
cwzzzy	此谓知之至也。	大学 第2章	2
swcqyzwzqyreecrhhsczwzqgjzbsqdy	所谓诚其意者，毋自欺也，如恶恶臭，如好好色，此之谓自谦，故君子必慎其独也！	大学 第3章	1
wzqyreecrhhsczwzqgjzbsqdy	毋自欺也，如恶恶臭，如好好色，此之谓自谦，故君子必慎其独也！	大学 第3章	2
reecrhhsczwzqgjzbsqdy	如恶恶臭，如好好色，此之谓自谦，故君子必慎其独也！	大学 第3章	2
rhhsczwzqgjzbsqdy	如好好色，此之谓自谦，故君子必慎其独也！	大学 第3章	2
czwzqgjzbsqdy	此之谓自谦，故君子必慎其独也！	大学 第3章	2
gjzbsqdy	故君子必慎其独也！	大学 第3章	2
xrxjwbswsbzjjzehyryqbsezqs	小人闲居为不善，无所不至，见君子而后厌然，掩其不善，而著其善。	大学 第3章	1
wsbzjjzehyryqbsezqs	无所不至，见君子而后厌然，掩其不善，而著其善。	大学 第3章	2
jjzehyryqbsezqs	见君子而后厌然，掩其不善，而著其善。	大学 第3章	2
yqbsezqs	掩其不善，而著其善。	大学 第3章	2
ezqs	而著其善。	大学 第3章	2
rzsjrjqfgrzhyy	人之视己，如见其肺肝然，则何益矣！	大学 第3章	1
rjqfgrzhyy	如见其肺肝然，则何益矣！	大学 第3章	2
zhyy	则何益矣！	大学 第3章	2
cwcyzxywgjzbsqdy	此谓诚于中，形于外，故君子必慎其独也。	大学 第3章	1
xywgjzbsqdy	形于外，故君子必慎其独也。	大学 第3章	2
gjzbsqdy	故君子必慎其独也。	大学 第3章	2
czysmssssszqyh	曾子曰：“十目所视，十手所指，其严乎！”	大学 第3章	1
smssssszqyh	“十目所视，十手所指，其严乎！”	大学 第3章	2
ssszqyh	十手所指，其严乎！	大学 第3章	2
qyh	其严乎！	大学 第3章	2
frwdrsxgtpgjzbcqy	富润屋，德润身，心广体胖，故君子必诚其意。	大学 第3章	1
drsxgtpgjzbcqy	德润身，心广体胖，故君子必诚其意。	大学 第3章	2
xgtpgjzbcqy	心广体胖，故君子必诚其意。	大学 第3章	2
gjzbcqy	故君子必诚其意。	大学 第3章	2
syzbqalzyy	《诗》云：瞻彼淇澳，菉竹猗猗。	大学 第4章	1
zbqalzyy	瞻彼淇澳，菉竹猗猗。	大学 第4章	2
lzyy	菉竹猗猗。	大学 第4章	2
yfjzrqrcrzrm	有斐君子，如切如磋，如琢如磨。	大学 第4章	1
rqrcrzrm	如切如磋，如琢如磨。	大学 第4章	2
rzrm	如琢如磨。	大学 第4章	2
sxxxhxxx	瑟兮僩兮，赫兮喧兮。	大学 第4章	1
hxxx	赫兮喧兮。	大学 第4章	2
yfjzzbkxx	有斐君子，终不可諠兮！	大学 第4章	1
zbkxx	终不可諠兮！	大学 第4章	2
rqrczdxyrzrmzzxysxxxzxlyhxxxzwyyyfjzzbkxxzdsdzsmzbnwy	“如切如磋”者，道学也；“如琢如磨”者，自修也；“瑟兮僩兮”者，恂栗也；“赫兮喧兮”者，威仪也；“有斐君子，终不可諠兮”者，道盛德至善，民之不能忘也。	大学 第4章	1
dxyrzrmzzxysxxxzxlyhxxxzwyyyfjzzbkxxzdsdzsmzbnwy	道学也；“如琢如磨”者，自修也；“瑟兮僩兮”者，恂栗也；“赫兮喧兮”者，威仪也；“有斐君子，终不可諠兮”者，道盛德至善，民之不能忘也。	大学 第4章	2
rzrmzzxysxxxzxlyhxxxzwyyyfjzzbkxxzdsdzsmzbnwy	“如琢如磨”者，自修也；“瑟兮僩兮”者，恂栗也；“赫兮喧兮”者，威仪也；“有斐君子，终不可諠兮”者，道盛德至善，民之不能忘也。	大学 第4章	2
zxysxxxzxlyhxxxzwyyyfjzzbkxxzdsdzsmzbnwy	自修也；“瑟兮僩兮”者，恂栗也；“赫兮喧兮”者，威仪也；“有斐君子，终不可諠兮”者，道盛德至善，民之不能忘也。	大学 第4章	2
sxxxzxlyhxxxzwyyyfjzzbkxxzdsdzsmzbnwy	“瑟兮僩兮”者，恂栗也；“赫兮喧兮”者，威仪也；“有斐君子，终不可諠兮”者，道盛德至善，民之不能忘也。	大学 第4章	2
xlyhxxxzwyyyfjzzbkxxzdsdzsmzbnwy	恂栗也；“赫兮喧兮”者，威仪也；“有斐君子，终不可諠兮”者，道盛德至善，民之不能忘也。	大学 第4章	2
hxxxzwyyyfjzzbkxxzdsdzsmzbnwy	“赫兮喧兮”者，威仪也；“有斐君子，终不可諠兮”者，道盛德至善，民之不能忘也。	大学 第4章	2
wyyyfjzzbkxxzdsdzsmzbnwy	威仪也；“有斐君子，终不可諠兮”者，道盛德至善，民之不能忘也。	大学 第4章	2
yfjzzbkxxzdsdzsmzbnwy	“有斐君子，终不可諠兮”者，道盛德至善，民之不能忘也。	大学 第4章	2
zbkxxzdsdzsmzbnwy	终不可諠兮者，道盛德至善，民之不能忘也。	大学 第4章	2
dsdzsmzbnwy	道盛德至善，民之不能忘也。	大学 第4章	2
mzbnwy	民之不能忘也。	大学 第4章	2
syyxqwbw	《诗》云：“於戏前王不忘！”	大学 第4章	1
yxqwbw	“於戏前王不忘！”	大学 第4章	2
jzxqxeqqqxrlqlelqlcymsbwy	君子贤其贤而亲其亲，小人乐其乐而利其利，此以没世不忘也。	大学 第4章	1
xrlqlelqlcymsbwy	小人乐其乐而利其利，此以没世不忘也。	大学 第4章	2
cymsbwy	此以没世不忘也。	大学 第4章	2
kgykmd	《康诰》曰：“克明德。”	大学 第5章	1
kmd	“克明德。”	大学 第5章	2
tjygstzmm	《太甲》曰：“顾𬤊天之明命。”	大学 第5章	1
gstzmm	“顾𬤊天之明命。”	大学 第5章	2
ddykmjd	《帝典》曰：“克明峻德。”	大学 第5章	1
kmjd	“克明峻德。”	大学 第5章	2
jzmy	皆自明也。	大学 第5章	1
tzpmyjrxrrxyrx	汤之盘铭曰：“茍日新，日日新，又日新。”	大学 第6章	1
jrxrrxyrx	“茍日新，日日新，又日新。”	大学 第6章	2
rrxyrx	日日新，又日新。	大学 第6章	2
yrx	又日新。	大学 第6章	2
kgyzxm	《康诰》曰：“作新民。”	大学 第6章	1
zxm	“作新民。”	大学 第6章	2
syzsjbqmwx	《诗》曰：“周虽旧邦，其命惟新。”	大学 第6章	1
zsjbqmwx	“周虽旧邦，其命惟新。”	大学 第6章	2
qmwx	其命惟新。	大学 第6章	2
sgjzwsbyqj	是故君子无所不用其极。	大学 第6章	1
sybjqlwmsz	《诗》云：“邦畿千里，惟民所止。”	大学 第7章	1
bjqlwmsz	“邦畿千里，惟民所止。”	大学 第7章	2
wmsz	惟民所止。	大学 第7章	2
symmhnzyqy	《诗》云：“缗蛮黄鸟，止于丘隅。”	大学 第7章	1
mmhnzyqy	“缗蛮黄鸟，止于丘隅。”	大学 第7章	2
zyqy	止于丘隅。	大学 第7章	2
zyyzzqszkyrebrnh	子曰：“于止，知其所止，可以人而不如鸟乎？”	大学 第7章	1
yzzqszkyrebrnh	“于止，知其所止，可以人而不如鸟乎？”	大学 第7章	2
zqszkyrebrnh	知其所止，可以人而不如鸟乎？	大学 第7章	2
kyrebrnh	可以人而不如鸟乎？	大学 第7章	2
symmwwyjxjz	《诗》云：“穆穆文王，于缉熙敬止！”	大学 第7章	1
mmwwyjxjz	“穆穆文王，于缉熙敬止！”	大学 第7章	2
yjxjz	于缉熙敬止！	大学 第7章	2
wrjzyrwrczyjwrzzyxwrfzycygrjzyx	为人君，止于仁；为人臣，止于敬；为人子，止于孝；为人父，止于慈；与国人交，止于信。	大学 第7章	1
zyrwrczyjwrzzyxwrfzycygrjzyx	止于仁；为人臣，止于敬；为人子，止于孝；为人父，止于慈；与国人交，止于信。	大学 第7章	2
wrczyjwrzzyxwrfzycygrjzyx	为人臣，止于敬；为人子，止于孝；为人父，止于慈；与国人交，止于信。	大学 第7章	2
zyjwrzzyxwrfzycygrjzyx	止于敬；为人子，止于孝；为人父，止于慈；与国人交，止于信。	大学 第7章	2
wrzzyxwrfzycygrjzyx	为人子，止于孝；为人父，止于慈；与国人交，止于信。	大学 第7章	2
zyxwrfzycygrjzyx	止于孝；为人父，止于慈；与国人交，止于信。	大学 第7章	2
wrfzycygrjzyx	为人父，止于慈；与国人交，止于信。	大学 第7章	2
zycygrjzyx	止于慈；与国人交，止于信。	大学 第7章	2
ygrjzyx	与国人交，止于信。	大学 第7章	2
zyx	止于信。	大学 第7章	2
zytswyrybyswsh	子曰：“听讼，吾犹人也，必也使无讼乎！”	大学 第8章	1
tswyrybyswsh	“听讼，吾犹人也，必也使无讼乎！”	大学 第8章	2
wyrybyswsh	吾犹人也，必也使无讼乎！	大学 第8章	2
byswsh	必也使无讼乎！	大学 第8章	2
wqzbdjqcdwmz	无情者不得尽其辞，大畏民志。	大学 第8章	1
dwmz	大畏民志。	大学 第8章	2
cwzb	此谓知本。	大学 第8章	1
swxszzqxzsysfzzbdqzyskjzbdqzyshlzbdqzysyhzbdqz	所谓修身在正其心者：身有所忿懥，则不得其正；有所恐惧，则不得其正；有所好乐，则不得其正；有所忧患，则不得其正。	大学 第9章	1
sysfzzbdqzyskjzbdqzyshlzbdqzysyhzbdqz	身有所忿懥，则不得其正；有所恐惧，则不得其正；有所好乐，则不得其正；有所忧患，则不得其正。	大学 第9章	2
zbdqzyskjzbdqzyshlzbdqzysyhzbdqz	则不得其正；有所恐惧，则不得其正；有所好乐，则不得其正；有所忧患，则不得其正。	大学 第9章	2
yskjzbdqzyshlzbdqzysyhzbdqz	有所恐惧，则不得其正；有所好乐，则不得其正；有所忧患，则不得其正。	大学 第9章	2
zbdqzyshlzbdqzysyhzbdqz	则不得其正；有所好乐，则不得其正；有所忧患，则不得其正。	大学 第9章	2
yshlzbdqzysyhzbdqz	有所好乐，则不得其正；有所忧患，则不得其正。	大学 第9章	2
zbdqzysyhzbdqz	则不得其正；有所忧患，则不得其正。	大学 第9章	2
ysyhzbdqz	有所忧患，则不得其正。	大学 第9章	2
zbdqz	则不得其正。	大学 第9章	2
xbzysebjtebwsebzqw	心不在焉，视而不见，听而不闻，食而不知其味。	大学 第9章	1
sebjtebwsebzqw	视而不见，听而不闻，食而不知其味。	大学 第9章	2
tebwsebzqw	听而不闻，食而不知其味。	大学 第9章	2
sebzqw	食而不知其味。	大学 第9章	2
cwxszzqx	此谓修身在正其心。	大学 第9章	1
swqqjzxqszrzqsqaepyzqsjeepyzqswjepyzqsajepyzqsadepy	所谓齐其家在修其身者：人之其所亲爱而辟焉，之其所贱恶而辟焉，之其所畏敬而辟焉，之其所哀矜而辟焉，之其所敖惰而辟焉。	大学 第10章	1
rzqsqaepyzqsjeepyzqswjepyzqsajepyzqsadepy	人之其所亲爱而辟焉，之其所贱恶而辟焉，之其所畏敬而辟焉，之其所哀矜而辟焉，之其所敖惰而辟焉。	大学 第10章	2
zqsjeepyzqswjepyzqsajepyzqsadepy	之其所贱恶而辟焉，之其所畏敬而辟焉，之其所哀矜而辟焉，之其所敖惰而辟焉。	大学 第10章	2
zqswjepyzqsajepyzqsadepy	之其所畏敬而辟焉，之其所哀矜而辟焉，之其所敖惰而辟焉。	大学 第10章	2
zqsajepyzqsadepy	之其所哀矜而辟焉，之其所敖惰而辟焉。	大学 第10章	2
zqsadepy	之其所敖惰而辟焉。	大学 第10章	2
ghezqeeezqmztxxy	故好而知其恶，恶而知其美者，天下鲜矣！	大学 第10章	1
eezqmztxxy	恶而知其美者，天下鲜矣！	大学 第10章	2
txxy	天下鲜矣！	大学 第10章	2
gyyzyrmzqzzemzqmzs	故谚有之曰：“人莫知其子之恶，莫知其苗之硕。”	大学 第10章	1
rmzqzzemzqmzs	“人莫知其子之恶，莫知其苗之硕。”	大学 第10章	2
mzqmzs	莫知其苗之硕。	大学 第10章	2
cwsbxbkyqqj	此谓身不修不可以齐其家。	大学 第10章	1
swzgbxqqjzqjbkjenjrzwz	所谓治国必先齐其家者，其家不可教而能教人者，无之。	大学 第11章	1
qjbkjenjrzwz	其家不可教而能教人者，无之。	大学 第11章	2
wz	无之。	大学 第11章	2
gjzbcjecjygxzsysjydzsyszyczsyszy	故君子不出家而成教于国：孝者，所以事君也；弟者，所以事长也；慈者，所以使众也。	大学 第11章	1
xzsysjydzsyszyczsyszy	孝者，所以事君也；弟者，所以事长也；慈者，所以使众也。	大学 第11章	2
sysjydzsyszyczsyszy	所以事君也；弟者，所以事长也；慈者，所以使众也。	大学 第11章	2
dzsyszyczsyszy	弟者，所以事长也；慈者，所以使众也。	大学 第11章	2
syszyczsyszy	所以事长也；慈者，所以使众也。	大学 第11章	2
czsyszy	慈者，所以使众也。	大学 第11章	2
syszy	所以使众也。	大学 第11章	2
kgyrbczxcqzsbzbyy	《康诰》曰：“如保赤子”，心诚求之，虽不中不远矣。	大学 第11章	1
rbczxcqzsbzbyy	“如保赤子”，心诚求之，虽不中不远矣。	大学 第11章	2
xcqzsbzbyy	心诚求之，虽不中不远矣。	大学 第11章	2
sbzbyy	虽不中不远矣。	大学 第11章	2
wyxyzehjzy	未有学养子而后嫁者也！	大学 第11章	1
yjrygxryjrygxryrtlygzl	一家仁，一国兴仁；一家让，一国兴让；一人贪戾，一国作乱。	大学 第11章	1
ygxryjrygxryrtlygzl	一国兴仁；一家让，一国兴让；一人贪戾，一国作乱。	大学 第11章	2
yjrygxryrtlygzl	一家让，一国兴让；一人贪戾，一国作乱。	大学 第11章	2
ygxryrtlygzl	一国兴让；一人贪戾，一国作乱。	大学 第11章	2
yrtlygzl	一人贪戾，一国作乱。	大学 第11章	2
ygzl	一国作乱。	大学 第11章	2
qjrc	其机如此。	大学 第11章	1
cwyyfsyrdg	此谓一言偾事，一人定国。	大学 第11章	1
yrdg	一人定国。	大学 第11章	2
ysltxyremczjzltxybemcz	尧、舜率天下以仁，而民从之；桀、纣率天下以暴，而民从之。	大学 第11章	1
sltxyremczjzltxybemcz	舜率天下以仁，而民从之；桀、纣率天下以暴，而民从之。	大学 第11章	2
emczjzltxybemcz	而民从之；桀、纣率天下以暴，而民从之。	大学 第11章	2
jzltxybemcz	桀、纣率天下以暴，而民从之。	大学 第11章	2
zltxybemcz	纣率天下以暴，而民从之。	大学 第11章	2
emcz	而民从之。	大学 第11章	2
qslfqshembc	其所令反其所好，而民不从。	大学 第11章	1
embc	而民不从。	大学 第11章	2
sgjzyzjehqzrwzjehfzr	是故君子有诸己而后求诸人，无诸己而后非诸人。	大学 第11章	1
wzjehfzr	无诸己而后非诸人。	大学 第11章	2
schsbsenyzrzwzyy	所藏乎身不恕，而能喻诸人者，未之有也。	大学 第11章	1
enyzrzwzyy	而能喻诸人者，未之有也。	大学 第11章	2
gzgzqqj	故治国在齐其家。	大学 第11章	1
sytzyyqyzzzzygyqjr	《诗》云：“桃之夭夭，其叶蓁蓁；之子于归，宜其家人。”	大学 第11章	1
tzyyqyzzzzygyqjr	“桃之夭夭，其叶蓁蓁；之子于归，宜其家人。”	大学 第11章	2
qyzzzzygyqjr	其叶蓁蓁；之子于归，宜其家人。	大学 第11章	2
zzygyqjr	之子于归，宜其家人。	大学 第11章	2
yqjr	宜其家人。	大学 第11章	2
yqjrehkyjgr	宜其家人，而后可以教国人。	大学 第11章	1
ehkyjgr	而后可以教国人。	大学 第11章	2
syyxyd	《诗》云：“宜兄宜弟。”	大学 第11章	1
yxyd	“宜兄宜弟。”	大学 第11章	2
yxydehkyjgr	宜兄宜弟，而后可以教国人。	大学 第11章	1
syqybtzssg	《诗》云：“其仪不忒，正是四国。”	大学 第11章	1
qybtzssg	“其仪不忒，正是四国。”	大学 第11章	2
zssg	正是四国。	大学 第11章	2
qwfzxdzfehmfzy	其为父子兄弟足法，而后民法之也。	大学 第11章	1
ehmfzy	而后民法之也。	大学 第11章	2
cwzgzqqj	此谓治国在齐其家。	大学 第11章	1
swptxzzqgzsllemxxsccemxdsxgembbsyjzyjjzdy	所谓平天下在治其国者：上老老而民兴孝，上长长而民兴弟，上恤孤而民不倍，是以君子有絜矩之道也。	大学 第12章	1
sllemxxsccemxdsxgembbsyjzyjjzdy	上老老而民兴孝，上长长而民兴弟，上恤孤而民不倍，是以君子有絜矩之道也。	大学 第12章	2
sccemxdsxgembbsyjzyjjzdy	上长长而民兴弟，上恤孤而民不倍，是以君子有絜矩之道也。	大学 第12章	2
sxgembbsyjzyjjzdy	上恤孤而民不倍，是以君子有絜矩之道也。	大学 第12章	2
syjzyjjzdy	是以君子有絜矩之道也。	大学 第12章	2
seyswysxseyxwyssseyqwyxhseyhwycqseyywyjyzseyzwyjyy	所恶于上，毋以使下；所恶于下，毋以事上；所恶于前，毋以先后；所恶于后，毋以从前；所恶于右，毋以交于左；所恶于左，毋以交于右。	大学 第12章	1
wysxseyxwyssseyqwyxhseyhwycqseyywyjyzseyzwyjyy	毋以使下；所恶于下，毋以事上；所恶于前，毋以先后；所恶于后，毋以从前；所恶于右，毋以交于左；所恶于左，毋以交于右。	大学 第12章	2
seyxwyssseyqwyxhseyhwycqseyywyjyzseyzwyjyy	所恶于下，毋以事上；所恶于前，毋以先后；所恶于后，毋以从前；所恶于右，毋以交于左；所恶于左，毋以交于右。	大学 第12章	2
wyssseyqwyxhseyhwycqseyywyjyzseyzwyjyy	毋以事上；所恶于前，毋以先后；所恶于后，毋以从前；所恶于右，毋以交于左；所恶于左，毋以交于右。	大学 第12章	2
seyqwyxhseyhwycqseyywyjyzseyzwyjyy	所恶于前，毋以先后；所恶于后，毋以从前；所恶于右，毋以交于左；所恶于左，毋以交于右。	大学 第12章	2
wyxhseyhwycqseyywyjyzseyzwyjyy	毋以先后；所恶于后，毋以从前；所恶于右，毋以交于左；所恶于左，毋以交于右。	大学 第12章	2
seyhwycqseyywyjyzseyzwyjyy	所恶于后，毋以从前；所恶于右，毋以交于左；所恶于左，毋以交于右。	大学 第12章	2
wycqseyywyjyzseyzwyjyy	毋以从前；所恶于右，毋以交于左；所恶于左，毋以交于右。	大学 第12章	2
seyywyjyzseyzwyjyy	所恶于右，毋以交于左；所恶于左，毋以交于右。	大学 第12章	2
wyjyzseyzwyjyy	毋以交于左；所恶于左，毋以交于右。	大学 第12章	2
seyzwyjyy	所恶于左，毋以交于右。	大学 第12章	2
wyjyy	毋以交于右。	大学 第12章	2
czwjjzd	此之谓絜矩之道。	大学 第12章	1
sylzjzmzfm	《诗》云：“乐只君子，民之父母。”	大学 第12章	1
lzjzmzfm	“乐只君子，民之父母。”	大学 第12章	2
mzfm	民之父母。	大学 第12章	2
mzshhzmzseezczwmzfm	民之所好好之，民之所恶恶之，此之谓民之父母。	大学 第12章	1
mzseezczwmzfm	民之所恶恶之，此之谓民之父母。	大学 第12章	2
czwmzfm	此之谓民之父母。	大学 第12章	2
syjbnswsyy	《诗》云：节彼南山，维石岩岩。	大学 第12章	1
jbnswsyy	节彼南山，维石岩岩。	大学 第12章	2
wsyy	维石岩岩。	大学 第12章	2
hhsymjez	赫赫师尹，民具尔瞻。	大学 第12章	1
mjez	民具尔瞻。	大学 第12章	2
ygzbkybspzwtxly	有国者不可以不慎，辟则为天下戮矣。	大学 第12章	1
pzwtxly	辟则为天下戮矣。	大学 第12章	2
syyzwsskpsd	《诗》云：殷之未丧师，克配上帝。	大学 第13章	1
yzwsskpsd	殷之未丧师，克配上帝。	大学 第13章	2
kpsd	克配上帝。	大学 第13章	2
yjyyjmby	仪监于殷，峻命不易。	大学 第13章	1
jmby	峻命不易。	大学 第13章	2
ddzzdgszzsg	道得众则得国，失众则失国。	大学 第13章	1
szzsg	失众则失国。	大学 第13章	2
sgjzxshd	是故君子先慎乎德。	大学 第13章	1
ydcyryrcytytcycyccyy	有德此有人，有人此有土，有土此有财，有财此有用。	大学 第13章	1
yrcytytcycyccyy	有人此有土，有土此有财，有财此有用。	大学 第13章	2
ytcycyccyy	有土此有财，有财此有用。	大学 第13章	2
yccyy	有财此有用。	大学 第13章	2
dzbyczmywbnmzmsd	德者本也，财者末也，外本内末，争民施夺。	大学 第13章	1
czmywbnmzmsd	财者末也，外本内末，争民施夺。	大学 第13章	2
wbnmzmsd	外本内末，争民施夺。	大学 第13章	2
zmsd	争民施夺。	大学 第13章	2
sgcjzmscszmj	是故财聚则民散，财散则民聚。	大学 第13章	1
cszmj	财散则民聚。	大学 第13章	2
sgybeczyberhberzybec	是故言悖而出者，亦悖而入；货悖而入者，亦悖而出。	大学 第13章	1
yberhberzybec	亦悖而入；货悖而入者，亦悖而出。	大学 第13章	2
hberzybec	货悖而入者，亦悖而出。	大学 第13章	2
ybec	亦悖而出。	大学 第13章	2
kgywmbyc	《康诰》曰：“惟命不于常！”	大学 第13章	1
wmbyc	“惟命不于常！”	大学 第13章	2
dszdzbszszy	道善则得之，不善则失之矣。	大学 第13章	1
bszszy	不善则失之矣。	大学 第13章	2
csycgwywbwsywb	楚书曰：“楚国无以为宝，惟善以为宝。”	大学 第13章	1
cgwywbwsywb	“楚国无以为宝，惟善以为宝。”	大学 第13章	2
wsywb	惟善以为宝。	大学 第13章	2
jfywrwywbrqywb	舅犯曰：“亡人无以为宝，仁亲以为宝。”	大学 第13章	1
wrwywbrqywb	“亡人无以为宝，仁亲以为宝。”	大学 第13章	2
rqywb	仁亲以为宝。	大学 第13章	2
qsyryygcddxwtjqxxxyqryry	《秦誓》曰：若有一个臣，断断兮无他技，其心休休焉，其如有容焉。	大学 第14章	1
ryygcddxwtjqxxxyqryry	若有一个臣，断断兮无他技，其心休休焉，其如有容焉。	大学 第14章	2
ddxwtjqxxxyqryry	断断兮无他技，其心休休焉，其如有容焉。	大学 第14章	2
qxxxyqryry	其心休休焉，其如有容焉。	大学 第14章	2
qryry	其如有容焉。	大学 第14章	2
rzyjrjyzrzysqxhzbcrzqkc	人之有技，若己有之；人之彦圣，其心好之，不啻若自其口出。	大学 第14章	1
rjyzrzysqxhzbcrzqkc	若己有之；人之彦圣，其心好之，不啻若自其口出。	大学 第14章	2
rzysqxhzbcrzqkc	人之彦圣，其心好之，不啻若自其口出。	大学 第14章	2
qxhzbcrzqkc	其心好之，不啻若自其口出。	大学 第14章	2
bcrzqkc	不啻若自其口出。	大学 第14章	2
snrzynbwzslmsyylz	实能容之，以能保我子孙黎民，尚亦有利哉！	大学 第14章	1
ynbwzslmsyylz	以能保我子孙黎民，尚亦有利哉！	大学 第14章	2
syylz	尚亦有利哉！	大学 第14章	2
rzyjmjyezrzysewzbbt	人之有技，媢嫉以恶之；人之彦圣，而违之俾不通。	大学 第14章	1
mjyezrzysewzbbt	媢嫉以恶之；人之彦圣，而违之俾不通。	大学 第14章	2
rzysewzbbt	人之彦圣，而违之俾不通。	大学 第14章	2
ewzbbt	而违之俾不通。	大学 第14章	2
sbnrybnbwzslmyydz	实不能容，以不能保我子孙黎民，亦曰殆哉！	大学 第14章	1
ybnbwzslmyydz	以不能保我子孙黎民，亦曰殆哉！	大学 第14章	2
yydz	亦曰殆哉！	大学 第14章	2
wrrflzbzsybytzgcwwrrwnarner	唯仁人放流之，迸诸四夷，不与同中国，此谓唯仁人为能爱人，能恶人。	大学 第14章	1
bzsybytzgcwwrrwnarner	迸诸四夷，不与同中国，此谓唯仁人为能爱人，能恶人。	大学 第14章	2
bytzgcwwrrwnarner	不与同中国，此谓唯仁人为能爱人，能恶人。	大学 第14章	2
cwwrrwnarner	此谓唯仁人为能爱人，能恶人。	大学 第14章	2
jxebnjjebnxmyjbsebnttebnygy	见贤而不能举，举而不能先，命也；见不善而不能退，退而不能远，过也。	大学 第14章	1
jebnxmyjbsebnttebnygy	举而不能先，命也；见不善而不能退，退而不能远，过也。	大学 第14章	2
myjbsebnttebnygy	命也；见不善而不能退，退而不能远，过也。	大学 第14章	2
jbsebnttebnygy	见不善而不能退，退而不能远，过也。	大学 第14章	2
tebnygy	退而不能远，过也。	大学 第14章	2
gy	过也。	大学 第14章	2
hrzseerzshswfrzxzbdfs	好人之所恶，恶人之所好，是谓拂人之性，灾必逮夫身。	大学 第14章	1
erzshswfrzxzbdfs	恶人之所好，是谓拂人之性，灾必逮夫身。	大学 第14章	2
swfrzxzbdfs	是谓拂人之性，灾必逮夫身。	大学 第14章	2
zbdfs	灾必逮夫身。	大学 第14章	2
sgjzyddbzxydzjtysz	是故君子有大道，必忠信以得之，骄泰以失之。	大学 第14章	1
bzxydzjtysz	必忠信以得之，骄泰以失之。	大学 第14章	2
jtysz	骄泰以失之。	大学 第14章	2
scydd	生财有大道。	大学 第15章	1
szzzszzgwzzjyzzszchzy	生之者众，食之者寡，为之者疾，用之者舒，则财恒足矣。	大学 第15章	1
szzgwzzjyzzszchzy	食之者寡，为之者疾，用之者舒，则财恒足矣。	大学 第15章	2
wzzjyzzszchzy	为之者疾，用之者舒，则财恒足矣。	大学 第15章	2
yzzszchzy	用之者舒，则财恒足矣。	大学 第15章	2
zchzy	则财恒足矣。	大学 第15章	2
rzycfsbrzysfc	仁者以财发身，不仁者以身发财。	大学 第15章	1
brzysfc	不仁者以身发财。	大学 第15章	2
wyshrexbhyzywyhyqsbzzywyfkcfqczy	未有上好仁而下不好义者也，未有好义其事不终者也，未有府库财非其财者也。	大学 第15章	1
wyhyqsbzzywyfkcfqczy	未有好义其事不终者也，未有府库财非其财者也。	大学 第15章	2
wyfkcfqczy	未有府库财非其财者也。	大学 第15章	2
mxzycmcbcyjtfbzjbcnybczjbcjlzc	孟献子曰：畜马乘，不察于鸡豚；伐冰之家，不畜牛羊；百乘之家，不畜聚敛之臣。	大学 第16章	1
cmcbcyjtfbzjbcnybczjbcjlzc	畜马乘，不察于鸡豚；伐冰之家，不畜牛羊；百乘之家，不畜聚敛之臣。	大学 第16章	2
bcyjtfbzjbcnybczjbcjlzc	不察于鸡豚；伐冰之家，不畜牛羊；百乘之家，不畜聚敛之臣。	大学 第16章	2
fbzjbcnybczjbcjlzc	伐冰之家，不畜牛羊；百乘之家，不畜聚敛之臣。	大学 第16章	2
bcnybczjbcjlzc	不畜牛羊；百乘之家，不畜聚敛之臣。	大学 第16章	2
bczjbcjlzc	百乘之家，不畜聚敛之臣。	大学 第16章	2
bcjlzc	不畜聚敛之臣。	大学 第16章	2
yqyjlzcnydc	与其有聚敛之臣，宁有盗臣。	大学 第16章	1
nydc	宁有盗臣。	大学 第16章	2
cwgbylwlyywly	此谓国不以利为利，以义为利也。	大学 第16章	1
yywly	以义为利也。	大学 第16章	2
zgjewcyzbzxry	长国家而务财用者，必自小人矣。	大学 第16章	1
bzxry	必自小人矣。	大学 第16章	2
bwszxrzswgjzhbz	彼为善之，小人之使为国家，灾害并至。	大学 第16章	1
xrzswgjzhbz	小人之使为国家，灾害并至。	大学 第16章	2
zhbz	灾害并至。	大学 第16章	2
syszywrzhy	虽有善者，亦无如之何矣！	大学 第16章	1
ywrzhy	亦无如之何矣！	大学 第16章	2
tmzwxsxzwdxdzwj	天命之谓性，率性之谓道，修道之谓教。	中庸 第1章	1
sxzwdxdzwj	率性之谓道，修道之谓教。	中庸 第1章	2
xdzwj	修道之谓教。	中庸 第1章	2
dyzbkxylyklfdy	道也者，不可须臾离也，可离非道也。	中庸 第1章	1
bkxylyklfdy	不可须臾离也，可离非道也。	中庸 第1章	2
klfdy	可离非道也。	中庸 第1章	2
sgjzjshqsbdkjhqsbw	是故君子戒慎乎其所不睹，恐惧乎其所不闻。	中庸 第1章	1
kjhqsbw	恐惧乎其所不闻。	中庸 第1章	2
mjhymxhw	莫见乎隐，莫显乎微。	中庸 第1章	1
mxhw	莫显乎微。	中庸 第1章	2
gjzsqdy	故君子慎其独也。	中庸 第1章	1
xnalzwfwzzfejzjwzhzyztxzdbyhyztxzddy	喜怒哀乐之未发，谓之中；发而皆中节，谓之和；中也者，天下之大本也；和也者，天下之达道也。	中庸 第1章	1
wzzfejzjwzhzyztxzdbyhyztxzddy	谓之中；发而皆中节，谓之和；中也者，天下之大本也；和也者，天下之达道也。	中庸 第1章	2
fejzjwzhzyztxzdbyhyztxzddy	发而皆中节，谓之和；中也者，天下之大本也；和也者，天下之达道也。	中庸 第1章	2
wzhzyztxzdbyhyztxzddy	谓之和；中也者，天下之大本也；和也者，天下之达道也。	中庸 第1章	2
zyztxzdbyhyztxzddy	中也者，天下之大本也；和也者，天下之达道也。	中庸 第1章	2
txzdbyhyztxzddy	天下之大本也；和也者，天下之达道也。	中庸 第1章	2
hyztxzddy	和也者，天下之达道也。	中庸 第1章	2
txzddy	天下之达道也。	中庸 第1章	2
zzhtdwywwyy	致中和，天地位焉，万物育焉。	中庸 第1章	1
tdwywwyy	天地位焉，万物育焉。	中庸 第1章	2
wwyy	万物育焉。	中庸 第1章	2
znyjzzyxrfzy	仲尼曰：君子中庸，小人反中庸。	中庸 第2章	1
jzzyxrfzy	君子中庸，小人反中庸。	中庸 第2章	2
xrfzy	小人反中庸。	中庸 第2章	2
jzzzyyjzeszxrzzyyxrewjdy	君子之中庸也，君子而时中；小人之中庸也，小人而无忌惮也。	中庸 第2章	1
jzeszxrzzyyxrewjdy	君子而时中；小人之中庸也，小人而无忌惮也。	中庸 第2章	2
xrzzyyxrewjdy	小人之中庸也，小人而无忌惮也。	中庸 第2章	2
xrewjdy	小人而无忌惮也。	中庸 第2章	2
zyzyqzyh	子曰：中庸其至矣乎！	中庸 第3章	1
zyqzyh	中庸其至矣乎！	中庸 第3章	2
mxnjy	民鲜能久矣！	中庸 第3章	1
zydzbxywzzyzzgzyzbjy	子曰：道之不行也，我知之矣：知者过之，愚者不及也。	中庸 第4章	1
dzbxywzzyzzgzyzbjy	道之不行也，我知之矣：知者过之，愚者不及也。	中庸 第4章	2
wzzyzzgzyzbjy	我知之矣：知者过之，愚者不及也。	中庸 第4章	2
zzgzyzbjy	知者过之，愚者不及也。	中庸 第4章	2
yzbjy	愚者不及也。	中庸 第4章	2
dzbmywzzyxzgzbxzbjy	道之不明也，我知之矣：贤者过之，不肖者不及也。	中庸 第4章	1
wzzyxzgzbxzbjy	我知之矣：贤者过之，不肖者不及也。	中庸 第4章	2
xzgzbxzbjy	贤者过之，不肖者不及也。	中庸 第4章	2
bxzbjy	不肖者不及也。	中庸 第4章	2
rmbysyxnzwy	人莫不饮食也，鲜能知味也。	中庸 第4章	1
xnzwy	鲜能知味也。	中庸 第4章	2
zydqbxyf	子曰：“道其不行矣夫。”	中庸 第5章	1
dqbxyf	“道其不行矣夫。”	中庸 第5章	2
zysqdzyy	子曰：舜其大知也与！	中庸 第6章	1
sqdzyy	舜其大知也与！	中庸 第6章	2
shwehceyyeeyszqldyqzymqsywsh	舜好问而好察迩言，隐恶而扬善，执其两端，用其中于民，其斯以为舜乎！	中庸 第6章	1
yeeyszqldyqzymqsywsh	隐恶而扬善，执其两端，用其中于民，其斯以为舜乎！	中庸 第6章	2
zqldyqzymqsywsh	执其两端，用其中于民，其斯以为舜乎！	中庸 第6章	2
yqzymqsywsh	用其中于民，其斯以为舜乎！	中庸 第6章	2
qsywsh	其斯以为舜乎！	中庸 第6章	2
zyrjyyzqenzgwxjzzemzzpy	子曰：人皆曰‘予知’，驱而纳诸罟擭陷阱之中，而莫之知辟也。	中庸 第7章	1
rjyyzqenzgwxjzzemzzpy	人皆曰‘予知’，驱而纳诸罟擭陷阱之中，而莫之知辟也。	中庸 第7章	2
qenzgwxjzzemzzpy	驱而纳诸罟擭陷阱之中，而莫之知辟也。	中庸 第7章	2
emzzpy	而莫之知辟也。	中庸 第7章	2
rjyyzzhzyebnqysy	人皆曰‘予知’，择乎中庸，而不能期月守也。	中庸 第7章	1
zhzyebnqysy	择乎中庸，而不能期月守也。	中庸 第7章	2
ebnqysy	而不能期月守也。	中庸 第7章	2
zyhzwryzhzydyszqqfyefszy	子曰：“回之为人也，择乎中庸，得一善，则拳拳服膺而弗失之矣。”	中庸 第8章	1
hzwryzhzydyszqqfyefszy	“回之为人也，择乎中庸，得一善，则拳拳服膺而弗失之矣。”	中庸 第8章	2
zhzydyszqqfyefszy	择乎中庸，得一善，则拳拳服膺而弗失之矣。	中庸 第8章	2
dyszqqfyefszy	得一善，则拳拳服膺而弗失之矣。	中庸 第8章	2
zqqfyefszy	则拳拳服膺而弗失之矣。	中庸 第8章	2
zytxgjkjyjlkcybrkdyzybkny	子曰：“天下国家可均也，爵禄可辞也，白刃可蹈也，中庸不可能也。”	中庸 第9章	1
txgjkjyjlkcybrkdyzybkny	“天下国家可均也，爵禄可辞也，白刃可蹈也，中庸不可能也。”	中庸 第9章	2
jlkcybrkdyzybkny	爵禄可辞也，白刃可蹈也，中庸不可能也。	中庸 第9章	2
brkdyzybkny	白刃可蹈也，中庸不可能也。	中庸 第9章	2
zybkny	中庸不可能也。	中庸 第9章	2
zlwq	子路问强。	中庸 第10章	1
zynfzqy	子曰：南方之强与？	中庸 第10章	1
nfzqy	南方之强与？	中庸 第10章	2
bfzqy	北方之强与？	中庸 第10章	1
yeqy	抑而强与？	中庸 第10章	1
kryjbbwdnfzqyjzjz	宽柔以教，不报无道，南方之强也，君子居之。	中庸 第10章	1
bbwdnfzqyjzjz	不报无道，南方之强也，君子居之。	中庸 第10章	2
nfzqyjzjz	南方之强也，君子居之。	中庸 第10章	2
jzjz	君子居之。	中庸 第10章	2
rjgsebybfzqyeqzjz	衽金革，死而不厌，北方之强也，而强者居之。	中庸 第10章	1
sebybfzqyeqzjz	死而不厌，北方之强也，而强者居之。	中庸 第10章	2
bfzqyeqzjz	北方之强也，而强者居之。	中庸 第10章	2
eqzjz	而强者居之。	中庸 第10章	2
gjzheblqzj	故君子和而不流，强哉矫！	中庸 第10章	1
qzj	强哉矫！	中庸 第10章	2
zlebyqzj	中立而不倚，强哉矫！	中庸 第10章	1
gydbbsyqzj	国有道，不变塞焉，强哉矫！	中庸 第10章	1
bbsyqzj	不变塞焉，强哉矫！	中庸 第10章	2
gwdzsbbqzj	国无道，至死不变，强哉矫！	中庸 第10章	1
zsbbqzj	至死不变，强哉矫！	中庸 第10章	2
zysyxghsysywfwzy	子曰：素隐行怪，后世有述焉，吾弗为之矣。	中庸 第11章	1
syxghsysywfwzy	素隐行怪，后世有述焉，吾弗为之矣。	中庸 第11章	2
hsysywfwzy	后世有述焉，吾弗为之矣。	中庸 第11章	2
wfwzy	吾弗为之矣。	中庸 第11章	2
jzzdexbtefwfnyy	君子遵道而行，半涂而废，吾弗能已矣。	中庸 第11章	1
btefwfnyy	半涂而废，吾弗能已矣。	中庸 第11章	2
wfnyy	吾弗能已矣。	中庸 第11章	2
jzyhzydsbjzebhwsznz	君子依乎中庸，遁世不见知而不悔，唯圣者能之。	中庸 第11章	1
dsbjzebhwsznz	遁世不见知而不悔，唯圣者能之。	中庸 第11章	2
wsznz	唯圣者能之。	中庸 第11章	2
jzzdfey	君子之道费而隐。	中庸 第12章	1
ffzykyyzyjqzyssryysbzyffzbxkynxyjqzyssryysbny	夫妇之愚，可以与知焉，及其至也，虽圣人亦有所不知焉；夫妇之不肖，可以能行焉，及其至也，虽圣人亦有所不能焉。	中庸 第12章	1
kyyzyjqzyssryysbzyffzbxkynxyjqzyssryysbny	可以与知焉，及其至也，虽圣人亦有所不知焉；夫妇之不肖，可以能行焉，及其至也，虽圣人亦有所不能焉。	中庸 第12章	2
jqzyssryysbzyffzbxkynxyjqzyssryysbny	及其至也，虽圣人亦有所不知焉；夫妇之不肖，可以能行焉，及其至也，虽圣人亦有所不能焉。	中庸 第12章	2
ssryysbzyffzbxkynxyjqzyssryysbny	虽圣人亦有所不知焉；夫妇之不肖，可以能行焉，及其至也，虽圣人亦有所不能焉。	中庸 第12章	2
ffzbxkynxyjqzyssryysbny	夫妇之不肖，可以能行焉，及其至也，虽圣人亦有所不能焉。	中庸 第12章	2
kynxyjqzyssryysbny	可以能行焉，及其至也，虽圣人亦有所不能焉。	中庸 第12章	2
jqzyssryysbny	及其至也，虽圣人亦有所不能焉。	中庸 第12章	2
ssryysbny	虽圣人亦有所不能焉。	中庸 第12章	2
tdzdyryyshgjzydtxmnzyyxtxmnpy	天地之大也，人犹有所憾，故君子语大，天下莫能载焉；语小，天下莫能破焉。	中庸 第12章	1
ryyshgjzydtxmnzyyxtxmnpy	人犹有所憾，故君子语大，天下莫能载焉；语小，天下莫能破焉。	中庸 第12章	2
gjzydtxmnzyyxtxmnpy	故君子语大，天下莫能载焉；语小，天下莫能破焉。	中庸 第12章	2
txmnzyyxtxmnpy	天下莫能载焉；语小，天下莫能破焉。	中庸 第12章	2
yxtxmnpy	语小，天下莫能破焉。	中庸 第12章	2
txmnpy	天下莫能破焉。	中庸 第12章	2
syyfltyyyy	《诗》云：‘鸢飞戾天，鱼跃于渊。’	中庸 第12章	1
yfltyyyy	‘鸢飞戾天，鱼跃于渊。’	中庸 第12章	2
yyyy	鱼跃于渊。	中庸 第12章	2
yqsxcy	言其上下察也。	中庸 第12章	1
jzzdzdhffjqzychtd	君子之道，造端乎夫妇，及其至也，察乎天地。	中庸 第12章	1
zdhffjqzychtd	造端乎夫妇，及其至也，察乎天地。	中庸 第12章	2
jqzychtd	及其至也，察乎天地。	中庸 第12章	2
chtd	察乎天地。	中庸 第12章	2
zydbyr	子曰：道不远人。	中庸 第13章	1
dbyr	道不远人。	中庸 第13章	2
rzwdeyrbkywd	人之为道而远人，不可以为道。	中庸 第13章	1
bkywd	不可以为道。	中庸 第13章	2
syfkfkqzby	《诗》云：‘伐柯伐柯，其则不远。’	中庸 第13章	1
fkfkqzby	‘伐柯伐柯，其则不远。’	中庸 第13章	2
qzby	其则不远。	中庸 第13章	2
zkyfkneszyywy	执柯以伐柯，睨而视之，犹以为远。	中庸 第13章	1
neszyywy	睨而视之，犹以为远。	中庸 第13章	2
yywy	犹以为远。	中庸 第13章	2
gjzyrzrgez	故君子以人治人，改而止。	中庸 第13章	1
gez	改而止。	中庸 第13章	2
zswdbyszjebyywsyr	忠恕违道不远，施诸己而不愿，亦勿施于人。	中庸 第13章	1
szjebyywsyr	施诸己而不愿，亦勿施于人。	中庸 第13章	2
ywsyr	亦勿施于人。	中庸 第13章	2
jzzdsqwnyysqhzysfwnysqhcysjwnysqhdysxwnysqhpyxszwny	君子之道四，丘未能一焉：所求乎子以事父，未能也；所求乎臣以事君，未能也；所求乎弟以事兄，未能也；所求乎朋友先施之，未能也。	中庸 第13章	1
qwnyysqhzysfwnysqhcysjwnysqhdysxwnysqhpyxszwny	丘未能一焉：所求乎子以事父，未能也；所求乎臣以事君，未能也；所求乎弟以事兄，未能也；所求乎朋友先施之，未能也。	中庸 第13章	2
sqhzysfwnysqhcysjwnysqhdysxwnysqhpyxszwny	所求乎子以事父，未能也；所求乎臣以事君，未能也；所求乎弟以事兄，未能也；所求乎朋友先施之，未能也。	中庸 第13章	2
wnysqhcysjwnysqhdysxwnysqhpyxszwny	未能也；所求乎臣以事君，未能也；所求乎弟以事兄，未能也；所求乎朋友先施之，未能也。	中庸 第13章	2
sqhcysjwnysqhdysxwnysqhpyxszwny	所求乎臣以事君，未能也；所求乎弟以事兄，未能也；所求乎朋友先施之，未能也。	中庸 第13章	2
wnysqhdysxwnysqhpyxszwny	未能也；所求乎弟以事兄，未能也；所求乎朋友先施之，未能也。	中庸 第13章	2
sqhdysxwnysqhpyxszwny	所求乎弟以事兄，未能也；所求乎朋友先施之，未能也。	中庸 第13章	2
wnysqhpyxszwny	未能也；所求乎朋友先施之，未能也。	中庸 第13章	2
sqhpyxszwny	所求乎朋友先施之，未能也。	中庸 第13章	2
wny	未能也。	中庸 第13章	2
ydzxyyzjysbzbgbmyybgjygxxgyjzhbzze	庸德之行，庸言之谨，有所不足，不敢不勉，有余不敢尽；言顾行，行顾言，君子胡不慥慥尔！	中庸 第13章	1
yyzjysbzbgbmyybgjygxxgyjzhbzze	庸言之谨，有所不足，不敢不勉，有余不敢尽；言顾行，行顾言，君子胡不慥慥尔！	中庸 第13章	2
ysbzbgbmyybgjygxxgyjzhbzze	有所不足，不敢不勉，有余不敢尽；言顾行，行顾言，君子胡不慥慥尔！	中庸 第13章	2
bgbmyybgjygxxgyjzhbzze	不敢不勉，有余不敢尽；言顾行，行顾言，君子胡不慥慥尔！	中庸 第13章	2
yybgjygxxgyjzhbzze	有余不敢尽；言顾行，行顾言，君子胡不慥慥尔！	中庸 第13章	2
ygxxgyjzhbzze	言顾行，行顾言，君子胡不慥慥尔！	中庸 第13章	2
xgyjzhbzze	行顾言，君子胡不慥慥尔！	中庸 第13章	2
jzhbzze	君子胡不慥慥尔！	中庸 第13章	2
jzsqwexbyhqw	君子素其位而行，不愿乎其外。	中庸 第14章	1
byhqw	不愿乎其外。	中庸 第14章	2
sfgxhfgspjxhpjsydxhydshnxhhnjzwrebzdy	素富贵，行乎富贵；素贫贱，行乎贫贱；素夷狄，行乎夷狄；素患难，行乎患难：君子无入而不自得焉。	中庸 第14章	1
xhfgspjxhpjsydxhydshnxhhnjzwrebzdy	行乎富贵；素贫贱，行乎贫贱；素夷狄，行乎夷狄；素患难，行乎患难：君子无入而不自得焉。	中庸 第14章	2
spjxhpjsydxhydshnxhhnjzwrebzdy	素贫贱，行乎贫贱；素夷狄，行乎夷狄；素患难，行乎患难：君子无入而不自得焉。	中庸 第14章	2
xhpjsydxhydshnxhhnjzwrebzdy	行乎贫贱；素夷狄，行乎夷狄；素患难，行乎患难：君子无入而不自得焉。	中庸 第14章	2
sydxhydshnxhhnjzwrebzdy	素夷狄，行乎夷狄；素患难，行乎患难：君子无入而不自得焉。	中庸 第14章	2
xhydshnxhhnjzwrebzdy	行乎夷狄；素患难，行乎患难：君子无入而不自得焉。	中庸 第14章	2
shnxhhnjzwrebzdy	素患难，行乎患难：君子无入而不自得焉。	中庸 第14章	2
xhhnjzwrebzdy	行乎患难：君子无入而不自得焉。	中庸 第14章	2
jzwrebzdy	君子无入而不自得焉。	中庸 第14章	2
zswblxzxwbyszjebqyrzwy	在上位不陵下，在下位不援上，正己而不求于人，则无怨。	中庸 第14章	1
zxwbyszjebqyrzwy	在下位不援上，正己而不求于人，则无怨。	中庸 第14章	2
zjebqyrzwy	正己而不求于人，则无怨。	中庸 第14章	2
zwy	则无怨。	中庸 第14章	2
sbytxbyr	上不怨天，下不尤人。	中庸 第14章	1
xbyr	下不尤人。	中庸 第14章	2
gjzjyyqmxrxxyjx	故君子居易以俟命，小人行险以徼幸。	中庸 第14章	1
xrxxyjx	小人行险以徼幸。	中庸 第14章	2
zysyshjzszzgfqzqs	子曰：射有似乎君子，失诸正鹄，反求诸其身。	中庸 第15章	1
syshjzszzgfqzqs	射有似乎君子，失诸正鹄，反求诸其身。	中庸 第15章	2
szzgfqzqs	失诸正鹄，反求诸其身。	中庸 第15章	2
fqzqs	反求诸其身。	中庸 第15章	2
jzzdprxybzeprdgbzb	君子之道，辟如行远必自迩，辟如登高必自卑。	中庸 第15章	1
prxybzeprdgbzb	辟如行远必自迩，辟如登高必自卑。	中庸 第15章	2
prdgbzb	辟如登高必自卑。	中庸 第15章	2
syqzhhrgsqxdjxhlqd	《诗》曰：妻子好合，如鼓瑟琴；兄弟既翕，和乐且耽。	中庸 第15章	1
qzhhrgsqxdjxhlqd	妻子好合，如鼓瑟琴；兄弟既翕，和乐且耽。	中庸 第15章	2
rgsqxdjxhlqd	如鼓瑟琴；兄弟既翕，和乐且耽。	中庸 第15章	2
xdjxhlqd	兄弟既翕，和乐且耽。	中庸 第15章	2
hlqd	和乐且耽。	中庸 第15章	2
yesjleqt	宜尔室家，乐尔妻帑。	中庸 第15章	1
leqt	乐尔妻帑。	中庸 第15章	2
zyfmqsyh	子曰：“父母其顺矣乎！”	中庸 第15章	1
fmqsyh	“父母其顺矣乎！”	中庸 第15章	2
zygszwdqsyh	子曰：鬼神之为德，其盛矣乎！	中庸 第16章	1
gszwdqsyh	鬼神之为德，其盛矣乎！	中庸 第16章	2
qsyh	其盛矣乎！	中庸 第16章	2
szefjtzefwtwebky	视之而弗见，听之而弗闻，体物而不可遗。	中庸 第16章	1
tzefwtwebky	听之而弗闻，体物而不可遗。	中庸 第16章	2
twebky	体物而不可遗。	中庸 第16章	2
stxzrqmsfycjsyyhrzqsrzqzy	使天下之人齐明盛服，以承祭祀，洋洋乎如在其上，如在其左右。	中庸 第16章	1
ycjsyyhrzqsrzqzy	以承祭祀，洋洋乎如在其上，如在其左右。	中庸 第16章	2
yyhrzqsrzqzy	洋洋乎如在其上，如在其左右。	中庸 第16章	2
rzqzy	如在其左右。	中庸 第16章	2
syszgsbkds	《诗》曰：神之格思，不可度思！	中庸 第16章	1
szgsbkds	神之格思，不可度思！	中庸 第16章	2
bkds	不可度思！	中庸 第16章	2
skss	矧可射思！	中庸 第16章	1
fwzxczbkyrcf	夫微之显，诚之不可掩如此夫。	中庸 第16章	1
czbkyrcf	诚之不可掩如此夫。	中庸 第16章	2
zysqdxyy	子曰：舜其大孝也与！	中庸 第17章	1
sqdxyy	舜其大孝也与！	中庸 第17章	2
dwsrzwtzfyshzn	德为圣人，尊为天子，富有四海之内。	中庸 第17章	1
zwtzfyshzn	尊为天子，富有四海之内。	中庸 第17章	2
fyshzn	富有四海之内。	中庸 第17章	2
zmxzzsbz	宗庙飨之，子孙保之。	中庸 第17章	1
zsbz	子孙保之。	中庸 第17章	2
gddbdqwbdqlbdqmbdqs	故大德必得其位，必得其禄，必得其名，必得其寿。	中庸 第17章	1
bdqlbdqmbdqs	必得其禄，必得其名，必得其寿。	中庸 第17章	2
bdqmbdqs	必得其名，必得其寿。	中庸 第17章	2
bdqs	必得其寿。	中庸 第17章	2
gtzswbyqcedy	故天之生物，必因其材而笃焉。	中庸 第17章	1
byqcedy	必因其材而笃焉。	中庸 第17章	2
gzzpzqzfz	故栽者培之，倾者覆之。	中庸 第17章	1
qzfz	倾者覆之。	中庸 第17章	2
syjljzxxld	《诗》曰：嘉乐君子，宪宪令德！	中庸 第17章	1
jljzxxld	嘉乐君子，宪宪令德！	中庸 第17章	2
xxld	宪宪令德！	中庸 第17章	2
ymyrslyt	宜民宜人，受禄于天。	中庸 第17章	1
slyt	受禄于天。	中庸 第17章	2
bymzztsz	保佑命之，自天申之！	中庸 第17章	1
ztsz	自天申之！	中庸 第17章	2
gddzbsm	故大德者必受命。	中庸 第17章	1
zywyzqwwwh	子曰：无忧者其惟文王乎！	中庸 第18章	1
wyzqwwwh	无忧者其惟文王乎！	中庸 第18章	2
ywjwfywwwzfzzzsz	以王季为父，以武王为子，父作之，子述之。	中庸 第18章	1
ywwwzfzzzsz	以武王为子，父作之，子述之。	中庸 第18章	2
fzzzsz	父作之，子述之。	中庸 第18章	2
zsz	子述之。	中庸 第18章	2
wwzdwwjwwzxyryeytxsbstxzxmzwtzfyshzn	武王缵大王、王季、文王之绪，壹戎衣而有天下，身不失天下之显名；尊为天子，富有四海之内。	中庸 第18章	1
wjwwzxyryeytxsbstxzxmzwtzfyshzn	王季、文王之绪，壹戎衣而有天下，身不失天下之显名；尊为天子，富有四海之内。	中庸 第18章	2
wwzxyryeytxsbstxzxmzwtzfyshzn	文王之绪，壹戎衣而有天下，身不失天下之显名；尊为天子，富有四海之内。	中庸 第18章	2
yryeytxsbstxzxmzwtzfyshzn	壹戎衣而有天下，身不失天下之显名；尊为天子，富有四海之内。	中庸 第18章	2
sbstxzxmzwtzfyshzn	身不失天下之显名；尊为天子，富有四海之内。	中庸 第18章	2
wwmsmzgcwwzdzwdwwjssxgytzzl	武王末受命，周公成文、武之德，追王大王、王季，上祀先公以天子之礼。	中庸 第18章	1
zgcwwzdzwdwwjssxgytzzl	周公成文、武之德，追王大王、王季，上祀先公以天子之礼。	中庸 第18章	2
wzdzwdwwjssxgytzzl	武之德，追王大王、王季，上祀先公以天子之礼。	中庸 第18章	2
zwdwwjssxgytzzl	追王大王、王季，上祀先公以天子之礼。	中庸 第18章	2
wjssxgytzzl	王季，上祀先公以天子之礼。	中庸 第18章	2
ssxgytzzl	上祀先公以天子之礼。	中庸 第18章	2
slydhzhdfjssr	斯礼也，达乎诸侯、大夫及士、庶人。	中庸 第18章	1
dhzhdfjssr	达乎诸侯、大夫及士、庶人。	中庸 第18章	2
dfjssr	大夫及士、庶人。	中庸 第18章	2
sr	庶人。	中庸 第18章	2
fwdfzwszydfjys	父为大夫，子为士，葬以大夫，祭以士。	中庸 第18章	1
zwszydfjys	子为士，葬以大夫，祭以士。	中庸 第18章	2
zydfjys	葬以大夫，祭以士。	中庸 第18章	2
jys	祭以士。	中庸 第18章	2
fwszwdfzysjydf	父为士，子为大夫，葬以士，祭以大夫。	中庸 第18章	1
zwdfzysjydf	子为大夫，葬以士，祭以大夫。	中庸 第18章	2
zysjydf	葬以士，祭以大夫。	中庸 第18章	2
jydf	祭以大夫。	中庸 第18章	2
qzsdhdfsnzsdhtzfmzswgjyy	期之丧，达乎大夫；三年之丧，达乎天子；父母之丧，无贵贱，一也。	中庸 第18章	1
dhdfsnzsdhtzfmzswgjyy	达乎大夫；三年之丧，达乎天子；父母之丧，无贵贱，一也。	中庸 第18章	2
snzsdhtzfmzswgjyy	三年之丧，达乎天子；父母之丧，无贵贱，一也。	中庸 第18章	2
dhtzfmzswgjyy	达乎天子；父母之丧，无贵贱，一也。	中庸 第18章	2
fmzswgjyy	父母之丧，无贵贱，一也。	中庸 第18章	2
wgjyy	无贵贱，一也。	中庸 第18章	2
yy	一也。	中庸 第18章	2
zywwzgqdxyh	子曰：武王、周公，其达孝矣乎！	中庸 第19章	1
wwzgqdxyh	武王、周公，其达孝矣乎！	中庸 第19章	2
zgqdxyh	周公，其达孝矣乎！	中庸 第19章	2
qdxyh	其达孝矣乎！	中庸 第19章	2
fxzsjrzzssrzszy	夫孝者：善继人之志，善述人之事者也。	中庸 第19章	1
sjrzzssrzszy	善继人之志，善述人之事者也。	中庸 第19章	2
ssrzszy	善述人之事者也。	中庸 第19章	2
cqxqzmcqzqsqsyjqss	春、秋修其祖庙，陈其宗器，设其裳衣，荐其时食。	中庸 第19章	1
qxqzmcqzqsqsyjqss	秋修其祖庙，陈其宗器，设其裳衣，荐其时食。	中庸 第19章	2
cqzqsqsyjqss	陈其宗器，设其裳衣，荐其时食。	中庸 第19章	2
sqsyjqss	设其裳衣，荐其时食。	中庸 第19章	2
jqss	荐其时食。	中庸 第19章	2
zmzlsyxzmyxjsybgjyxssybxylcxwssydjyymsyxcy	宗庙之礼，所以序昭穆也；序爵，所以辨贵贱也；序事，所以辨贤也；旅酬下为上，所以逮贱也；燕毛，所以序齿也。	中庸 第19章	1
syxzmyxjsybgjyxssybxylcxwssydjyymsyxcy	所以序昭穆也；序爵，所以辨贵贱也；序事，所以辨贤也；旅酬下为上，所以逮贱也；燕毛，所以序齿也。	中庸 第19章	2
xjsybgjyxssybxylcxwssydjyymsyxcy	序爵，所以辨贵贱也；序事，所以辨贤也；旅酬下为上，所以逮贱也；燕毛，所以序齿也。	中庸 第19章	2
sybgjyxssybxylcxwssydjyymsyxcy	所以辨贵贱也；序事，所以辨贤也；旅酬下为上，所以逮贱也；燕毛，所以序齿也。	中庸 第19章	2
xssybxylcxwssydjyymsyxcy	序事，所以辨贤也；旅酬下为上，所以逮贱也；燕毛，所以序齿也。	中庸 第19章	2
sybxylcxwssydjyymsyxcy	所以辨贤也；旅酬下为上，所以逮贱也；燕毛，所以序齿也。	中庸 第19章	2
lcxwssydjyymsyxcy	旅酬下为上，所以逮贱也；燕毛，所以序齿也。	中庸 第19章	2
sydjyymsyxcy	所以逮贱也；燕毛，所以序齿也。	中庸 第19章	2
ymsyxcy	燕毛，所以序齿也。	中庸 第19章	2
syxcy	所以序齿也。	中庸 第19章	2
jqwxqlzqljqszaqsqssrssswrscxzzy	践其位，行其礼，奏其乐，敬其所尊，爱其所亲，事死如事生，事亡如事存，孝之至也。	中庸 第19章	1
xqlzqljqszaqsqssrssswrscxzzy	行其礼，奏其乐，敬其所尊，爱其所亲，事死如事生，事亡如事存，孝之至也。	中庸 第19章	2
zqljqszaqsqssrssswrscxzzy	奏其乐，敬其所尊，爱其所亲，事死如事生，事亡如事存，孝之至也。	中庸 第19章	2
jqszaqsqssrssswrscxzzy	敬其所尊，爱其所亲，事死如事生，事亡如事存，孝之至也。	中庸 第19章	2
aqsqssrssswrscxzzy	爱其所亲，事死如事生，事亡如事存，孝之至也。	中庸 第19章	2
ssrssswrscxzzy	事死如事生，事亡如事存，孝之至也。	中庸 第19章	2
swrscxzzy	事亡如事存，孝之至也。	中庸 第19章	2
xzzy	孝之至也。	中庸 第19章	2
jszlsyssdyzmzlsyshqxy	郊社之礼，所以事上帝也；宗庙之礼，所以祀乎其先也。	中庸 第19章	1
syssdyzmzlsyshqxy	所以事上帝也；宗庙之礼，所以祀乎其先也。	中庸 第19章	2
zmzlsyshqxy	宗庙之礼，所以祀乎其先也。	中庸 第19章	2
syshqxy	所以祀乎其先也。	中庸 第19章	2
mhjszldczyzgqrszzh	明乎郊社之礼、禘尝之义，治国其如示诸掌乎！	中庸 第19章	1
dczyzgqrszzh	禘尝之义，治国其如示诸掌乎！	中庸 第19章	2
zgqrszzh	治国其如示诸掌乎！	中庸 第19章	2
agwz	哀公问政。	中庸 第20章	1
zywwzzbzfcqrczqzjqrwzqzx	子曰：文、武之政，布在方策，其人存，则其政举；其人亡，则其政息。	中庸 第20章	1
wwzzbzfcqrczqzjqrwzqzx	文、武之政，布在方策，其人存，则其政举；其人亡，则其政息。	中庸 第20章	2
wzzbzfcqrczqzjqrwzqzx	武之政，布在方策，其人存，则其政举；其人亡，则其政息。	中庸 第20章	2
bzfcqrczqzjqrwzqzx	布在方策，其人存，则其政举；其人亡，则其政息。	中庸 第20章	2
qrczqzjqrwzqzx	其人存，则其政举；其人亡，则其政息。	中庸 第20章	2
zqzjqrwzqzx	则其政举；其人亡，则其政息。	中庸 第20章	2
qrwzqzx	其人亡，则其政息。	中庸 第20章	2
zqzx	则其政息。	中庸 第20章	2
rdmzddms	人道敏政，地道敏树。	中庸 第20章	1
ddms	地道敏树。	中庸 第20章	2
fzyzply	夫政也者，蒲卢也。	中庸 第20章	1
ply	蒲卢也。	中庸 第20章	2
gwzzrqrysxsydxdyr	故为政在人，取人以身，修身以道，修道以仁。	中庸 第20章	1
qrysxsydxdyr	取人以身，修身以道，修道以仁。	中庸 第20章	2
xsydxdyr	修身以道，修道以仁。	中庸 第20章	2
xdyr	修道以仁。	中庸 第20章	2
rzryqqwdyzyyzxwd	仁者人也，亲亲为大；义者宜也，尊贤为大。	中庸 第20章	1
qqwdyzyyzxwd	亲亲为大；义者宜也，尊贤为大。	中庸 第20章	2
yzyyzxwd	义者宜也，尊贤为大。	中庸 第20章	2
zxwd	尊贤为大。	中庸 第20章	2
qqzszxzdlssy	亲亲之杀，尊贤之等，礼所生也。	中庸 第20章	1
zxzdlssy	尊贤之等，礼所生也。	中庸 第20章	2
lssy	礼所生也。	中庸 第20章	2
zxwbhhsmbkdezy	在下位不获乎上，民不可得而治矣！	中庸 第20章	1
mbkdezy	民不可得而治矣！	中庸 第20章	2
gjzbkybxssxsbkybsqssqbkybzrszrbkybzt	故君子不可以不修身；思修身，不可以不事亲；思事亲，不可以不知人；思知人，不可以不知天。	中庸 第20章	1
sxsbkybsqssqbkybzrszrbkybzt	思修身，不可以不事亲；思事亲，不可以不知人；思知人，不可以不知天。	中庸 第20章	2
bkybsqssqbkybzrszrbkybzt	不可以不事亲；思事亲，不可以不知人；思知人，不可以不知天。	中庸 第20章	2
ssqbkybzrszrbkybzt	思事亲，不可以不知人；思知人，不可以不知天。	中庸 第20章	2
bkybzrszrbkybzt	不可以不知人；思知人，不可以不知天。	中庸 第20章	2
szrbkybzt	思知人，不可以不知天。	中庸 第20章	2
bkybzt	不可以不知天。	中庸 第20章	2
txzddwsyxzzsyjcyfzyffykdypyzjywztxzddy	天下之达道五，所以行之者三，曰：君臣也，父子也，夫妇也，昆弟也，朋友之交也，五者天下之达道也。	中庸 第20章	1
syxzzsyjcyfzyffykdypyzjywztxzddy	所以行之者三，曰：君臣也，父子也，夫妇也，昆弟也，朋友之交也，五者天下之达道也。	中庸 第20章	2
yjcyfzyffykdypyzjywztxzddy	曰：君臣也，父子也，夫妇也，昆弟也，朋友之交也，五者天下之达道也。	中庸 第20章	2
jcyfzyffykdypyzjywztxzddy	君臣也，父子也，夫妇也，昆弟也，朋友之交也，五者天下之达道也。	中庸 第20章	2
fzyffykdypyzjywztxzddy	父子也，夫妇也，昆弟也，朋友之交也，五者天下之达道也。	中庸 第20章	2
ffykdypyzjywztxzddy	夫妇也，昆弟也，朋友之交也，五者天下之达道也。	中庸 第20章	2
kdypyzjywztxzddy	昆弟也，朋友之交也，五者天下之达道也。	中庸 第20章	2
pyzjywztxzddy	朋友之交也，五者天下之达道也。	中庸 第20章	2
wztxzddy	五者天下之达道也。	中庸 第20章	2
zrysztxzddysyxzzyy	知仁勇三者，天下之达德也，所以行之者一也。	中庸 第20章	1
txzddysyxzzyy	天下之达德也，所以行之者一也。	中庸 第20章	2
syxzzyy	所以行之者一也。	中庸 第20章	2
hsezzhxezzhkezzjqzzyyhaexzhlexzhmqexzjqcgyy	或生而知之，或学而知之，或困而知之，及其知之，一也；或安而行之，或利而行之，或勉强而行之，及其成功，一也。	中庸 第20章	1
hxezzhkezzjqzzyyhaexzhlexzhmqexzjqcgyy	或学而知之，或困而知之，及其知之，一也；或安而行之，或利而行之，或勉强而行之，及其成功，一也。	中庸 第20章	2
hkezzjqzzyyhaexzhlexzhmqexzjqcgyy	或困而知之，及其知之，一也；或安而行之，或利而行之，或勉强而行之，及其成功，一也。	中庸 第20章	2
jqzzyyhaexzhlexzhmqexzjqcgyy	及其知之，一也；或安而行之，或利而行之，或勉强而行之，及其成功，一也。	中庸 第20章	2
yyhaexzhlexzhmqexzjqcgyy	一也；或安而行之，或利而行之，或勉强而行之，及其成功，一也。	中庸 第20章	2
haexzhlexzhmqexzjqcgyy	或安而行之，或利而行之，或勉强而行之，及其成功，一也。	中庸 第20章	2
hlexzhmqexzjqcgyy	或利而行之，或勉强而行之，及其成功，一也。	中庸 第20章	2
hmqexzjqcgyy	或勉强而行之，及其成功，一也。	中庸 第20章	2
jqcgyy	及其成功，一也。	中庸 第20章	2
zyhxjhzlxjhrzcjhy	子曰：好学近乎知，力行近乎仁，知耻近乎勇。	中庸 第21章	1
hxjhzlxjhrzcjhy	好学近乎知，力行近乎仁，知耻近乎勇。	中庸 第21章	2
lxjhrzcjhy	力行近乎仁，知耻近乎勇。	中庸 第21章	2
zcjhy	知耻近乎勇。	中庸 第21章	2
zsszzzsyxszsyxszzsyzrzsyzrzzsyztxgjy	知斯三者，则知所以修身；知所以修身，则知所以治人；知所以治人，则知所以治天下国家矣。	中庸 第21章	1
zzsyxszsyxszzsyzrzsyzrzzsyztxgjy	则知所以修身；知所以修身，则知所以治人；知所以治人，则知所以治天下国家矣。	中庸 第21章	2
zsyxszzsyzrzsyzrzzsyztxgjy	知所以修身，则知所以治人；知所以治人，则知所以治天下国家矣。	中庸 第21章	2
zzsyzrzsyzrzzsyztxgjy	则知所以治人；知所以治人，则知所以治天下国家矣。	中庸 第21章	2
zsyzrzzsyztxgjy	知所以治人，则知所以治天下国家矣。	中庸 第21章	2
zzsyztxgjy	则知所以治天下国家矣。	中庸 第21章	2
fwtxgjyjjyxsyzxyqqyjdcytqcyzsmylbgyryryhzhy	凡为天下国家有九经，曰：修身也，尊贤也，亲亲也，敬大臣也，体群臣也，子庶民也，来百工也，柔远人也，怀诸侯也。	中庸 第21章	1
yxsyzxyqqyjdcytqcyzsmylbgyryryhzhy	曰：修身也，尊贤也，亲亲也，敬大臣也，体群臣也，子庶民也，来百工也，柔远人也，怀诸侯也。	中庸 第21章	2
xsyzxyqqyjdcytqcyzsmylbgyryryhzhy	修身也，尊贤也，亲亲也，敬大臣也，体群臣也，子庶民也，来百工也，柔远人也，怀诸侯也。	中庸 第21章	2
zxyqqyjdcytqcyzsmylbgyryryhzhy	尊贤也，亲亲也，敬大臣也，体群臣也，子庶民也，来百工也，柔远人也，怀诸侯也。	中庸 第21章	2
qqyjdcytqcyzsmylbgyryryhzhy	亲亲也，敬大臣也，体群臣也，子庶民也，来百工也，柔远人也，怀诸侯也。	中庸 第21章	2
jdcytqcyzsmylbgyryryhzhy	敬大臣也，体群臣也，子庶民也，来百工也，柔远人也，怀诸侯也。	中庸 第21章	2
tqcyzsmylbgyryryhzhy	体群臣也，子庶民也，来百工也，柔远人也，怀诸侯也。	中庸 第21章	2
zsmylbgyryryhzhy	子庶民也，来百工也，柔远人也，怀诸侯也。	中庸 第21章	2
lbgyryryhzhy	来百工也，柔远人也，怀诸侯也。	中庸 第21章	2
ryryhzhy	柔远人也，怀诸侯也。	中庸 第21章	2
hzhy	怀诸侯也。	中庸 第21章	2
xszdlzxzbhqqzzfkdbyjdczbxtqczszblzzsmzbxqlbgzcyzryrzsfgzhzhztxwz	修身则道立，尊贤则不惑，亲亲则诸父昆弟不怨，敬大臣则不眩，体群臣则士之报礼重，子庶民则百姓劝，来百工则财用足，柔远人则四方归之，怀诸侯则天下畏之。	中庸 第21章	1
zxzbhqqzzfkdbyjdczbxtqczszblzzsmzbxqlbgzcyzryrzsfgzhzhztxwz	尊贤则不惑，亲亲则诸父昆弟不怨，敬大臣则不眩，体群臣则士之报礼重，子庶民则百姓劝，来百工则财用足，柔远人则四方归之，怀诸侯则天下畏之。	中庸 第21章	2
qqzzfkdbyjdczbxtqczszblzzsmzbxqlbgzcyzryrzsfgzhzhztxwz	亲亲则诸父昆弟不怨，敬大臣则不眩，体群臣则士之报礼重，子庶民则百姓劝，来百工则财用足，柔远人则四方归之，怀诸侯则天下畏之。	中庸 第21章	2
jdczbxtqczszblzzsmzbxqlbgzcyzryrzsfgzhzhztxwz	敬大臣则不眩，体群臣则士之报礼重，子庶民则百姓劝，来百工则财用足，柔远人则四方归之，怀诸侯则天下畏之。	中庸 第21章	2
tqczszblzzsmzbxqlbgzcyzryrzsfgzhzhztxwz	体群臣则士之报礼重，子庶民则百姓劝，来百工则财用足，柔远人则四方归之，怀诸侯则天下畏之。	中庸 第21章	2
zsmzbxqlbgzcyzryrzsfgzhzhztxwz	子庶民则百姓劝，来百工则财用足，柔远人则四方归之，怀诸侯则天下畏之。	中庸 第21章	2
lbgzcyzryrzsfgzhzhztxwz	来百工则财用足，柔远人则四方归之，怀诸侯则天下畏之。	中庸 第21章	2
ryrzsfgzhzhztxwz	柔远人则四方归之，怀诸侯则天下畏之。	中庸 第21章	2
hzhztxwz	怀诸侯则天下畏之。	中庸 第21章	2
qmsfflbdsyxsyqcysjhegdsyqxyzqwzqltqhwsyqqqygsrssyqdcyzxzlsyqsyssblsyqbxyrxysjlcssyqbgyswyljsejbnsyryryjjsjfgzlcwcpyshweblsyhzhy	齐明盛服，非礼不动，所以修身也；去谗远色，贱货而贵德，所以劝贤也；尊其位，重其禄，同其好恶，所以劝亲亲也；官盛任使，所以劝大臣也；忠信重禄，所以劝士也；时使薄敛，所以劝百姓也；日省月试，既廪称事，所以劝百工也；送往迎来，嘉善而矜不能，所以柔远人也；继绝世，举废国，治乱持危，朝聘以时，厚往而薄来，所以怀诸侯也。	中庸 第21章	1
flbdsyxsyqcysjhegdsyqxyzqwzqltqhwsyqqqygsrssyqdcyzxzlsyqsyssblsyqbxyrxysjlcssyqbgyswyljsejbnsyryryjjsjfgzlcwcpyshweblsyhzhy	非礼不动，所以修身也；去谗远色，贱货而贵德，所以劝贤也；尊其位，重其禄，同其好恶，所以劝亲亲也；官盛任使，所以劝大臣也；忠信重禄，所以劝士也；时使薄敛，所以劝百姓也；日省月试，既廪称事，所以劝百工也；送往迎来，嘉善而矜不能，所以柔远人也；继绝世，举废国，治乱持危，朝聘以时，厚往而薄来，所以怀诸侯也。	中庸 第21章	2
syxsyqcysjhegdsyqxyzqwzqltqhwsyqqqygsrssyqdcyzxzlsyqsyssblsyqbxyrxysjlcssyqbgyswyljsejbnsyryryjjsjfgzlcwcpyshweblsyhzhy	所以修身也；去谗远色，贱货而贵德，所以劝贤也；尊其位，重其禄，同其好恶，所以劝亲亲也；官盛任使，所以劝大臣也；忠信重禄，所以劝士也；时使薄敛，所以劝百姓也；日省月试，既廪称事，所以劝百工也；送往迎来，嘉善而矜不能，所以柔远人也；继绝世，举废国，治乱持危，朝聘以时，厚往而薄来，所以怀诸侯也。	中庸 第21章	2
qcysjhegdsyqxyzqwzqltqhwsyqqqygsrssyqdcyzxzlsyqsyssblsyqbxyrxysjlcssyqbgyswyljsejbnsyryryjjsjfgzlcwcpyshweblsyhzhy	去谗远色，贱货而贵德，所以劝贤也；尊其位，重其禄，同其好恶，所以劝亲亲也；官盛任使，所以劝大臣也；忠信重禄，所以劝士也；时使薄敛，所以劝百姓也；日省月试，既廪称事，所以劝百工也；送往迎来，嘉善而矜不能，所以柔远人也；继绝世，举废国，治乱持危，朝聘以时，厚往而薄来，所以怀诸侯也。	中庸 第21章	2
jhegdsyqxyzqwzqltqhwsyqqqygsrssyqdcyzxzlsyqsyssblsyqbxyrxysjlcssyqbgyswyljsejbnsyryryjjsjfgzlcwcpyshweblsyhzhy	贱货而贵德，所以劝贤也；尊其位，重其禄，同其好恶，所以劝亲亲也；官盛任使，所以劝大臣也；忠信重禄，所以劝士也；时使薄敛，所以劝百姓也；日省月试，既廪称事，所以劝百工也；送往迎来，嘉善而矜不能，所以柔远人也；继绝世，举废国，治乱持危，朝聘以时，厚往而薄来，所以怀诸侯也。	中庸 第21章	2
syqxyzqwzqltqhwsyqqqygsrssyqdcyzxzlsyqsyssblsyqbxyrxysjlcssyqbgyswyljsejbnsyryryjjsjfgzlcwcpyshweblsyhzhy	所以劝贤也；尊其位，重其禄，同其好恶，所以劝亲亲也；官盛任使，所以劝大臣也；忠信重禄，所以劝士也；时使薄敛，所以劝百姓也；日省月试，既廪称事，所以劝百工也；送往迎来，嘉善而矜不能，所以柔远人也；继绝世，举废国，治乱持危，朝聘以时，厚往而薄来，所以怀诸侯也。	中庸 第21章	2
zqwzqltqhwsyqqqygsrssyqdcyzxzlsyqsyssblsyqbxyrxysjlcssyqbgyswyljsejbnsyryryjjsjfgzlcwcpyshweblsyhzhy	尊其位，重其禄，同其好恶，所以劝亲亲也；官盛任使，所以劝大臣也；忠信重禄，所以劝士也；时使薄敛，所以劝百姓也；日省月试，既廪称事，所以劝百工也；送往迎来，嘉善而矜不能，所以柔远人也；继绝世，举废国，治乱持危，朝聘以时，厚往而薄来，所以怀诸侯也。	中庸 第21章	2
zqltqhwsyqqqygsrssyqdcyzxzlsyqsyssblsyqbxyrxysjlcssyqbgyswyljsejbnsyryryjjsjfgzlcwcpyshweblsyhzhy	重其禄，同其好恶，所以劝亲亲也；官盛任使，所以劝大臣也；忠信重禄，所以劝士也；时使薄敛，所以劝百姓也；日省月试，既廪称事，所以劝百工也；送往迎来，嘉善而矜不能，所以柔远人也；继绝世，举废国，治乱持危，朝聘以时，厚往而薄来，所以怀诸侯也。	中庸 第21章	2
tqhwsyqqqygsrssyqdcyzxzlsyqsyssblsyqbxyrxysjlcssyqbgyswyljsejbnsyryryjjsjfgzlcwcpyshweblsyhzhy	同其好恶，所以劝亲亲也；官盛任使，所以劝大臣也；忠信重禄，所以劝士也；时使薄敛，所以劝百姓也；日省月试，既廪称事，所以劝百工也；送往迎来，嘉善而矜不能，所以柔远人也；继绝世，举废国，治乱持危，朝聘以时，厚往而薄来，所以怀诸侯也。	中庸 第21章	2
syqqqygsrssyqdcyzxzlsyqsyssblsyqbxyrxysjlcssyqbgyswyljsejbnsyryryjjsjfgzlcwcpyshweblsyhzhy	所以劝亲亲也；官盛任使，所以劝大臣也；忠信重禄，所以劝士也；时使薄敛，所以劝百姓也；日省月试，既廪称事，所以劝百工也；送往迎来，嘉善而矜不能，所以柔远人也；继绝世，举废国，治乱持危，朝聘以时，厚往而薄来，所以怀诸侯也。	中庸 第21章	2
gsrssyqdcyzxzlsyqsyssblsyqbxyrxysjlcssyqbgyswyljsejbnsyryryjjsjfgzlcwcpyshweblsyhzhy	官盛任使，所以劝大臣也；忠信重禄，所以劝士也；时使薄敛，所以劝百姓也；日省月试，既廪称事，所以劝百工也；送往迎来，嘉善而矜不能，所以柔远人也；继绝世，举废国，治乱持危，朝聘以时，厚往而薄来，所以怀诸侯也。	中庸 第21章	2
syqdcyzxzlsyqsyssblsyqbxyrxysjlcssyqbgyswyljsejbnsyryryjjsjfgzlcwcpyshweblsyhzhy	所以劝大臣也；忠信重禄，所以劝士也；时使薄敛，所以劝百姓也；日省月试，既廪称事，所以劝百工也；送往迎来，嘉善而矜不能，所以柔远人也；继绝世，举废国，治乱持危，朝聘以时，厚往而薄来，所以怀诸侯也。	中庸 第21章	2
zxzlsyqsyssblsyqbxyrxysjlcssyqbgyswyljsejbnsyryryjjsjfgzlcwcpyshweblsyhzhy	忠信重禄，所以劝士也；时使薄敛，所以劝百姓也；日省月试，既廪称事，所以劝百工也；送往迎来，嘉善而矜不能，所以柔远人也；继绝世，举废国，治乱持危，朝聘以时，厚往而薄来，所以怀诸侯也。	中庸 第21章	2
syqsyssblsyqbxyrxysjlcssyqbgyswyljsejbnsyryryjjsjfgzlcwcpyshweblsyhzhy	所以劝士也；时使薄敛，所以劝百姓也；日省月试，既廪称事，所以劝百工也；送往迎来，嘉善而矜不能，所以柔远人也；继绝世，举废国，治乱持危，朝聘以时，厚往而薄来，所以怀诸侯也。	中庸 第21章	2
ssblsyqbxyrxysjlcssyqbgyswyljsejbnsyryryjjsjfgzlcwcpyshweblsyhzhy	时使薄敛，所以劝百姓也；日省月试，既廪称事，所以劝百工也；送往迎来，嘉善而矜不能，所以柔远人也；继绝世，举废国，治乱持危，朝聘以时，厚往而薄来，所以怀诸侯也。	中庸 第21章	2
syqbxyrxysjlcssyqbgyswyljsejbnsyryryjjsjfgzlcwcpyshweblsyhzhy	所以劝百姓也；日省月试，既廪称事，所以劝百工也；送往迎来，嘉善而矜不能，所以柔远人也；继绝世，举废国，治乱持危，朝聘以时，厚往而薄来，所以怀诸侯也。	中庸 第21章	2
rxysjlcssyqbgyswyljsejbnsyryryjjsjfgzlcwcpyshweblsyhzhy	日省月试，既廪称事，所以劝百工也；送往迎来，嘉善而矜不能，所以柔远人也；继绝世，举废国，治乱持危，朝聘以时，厚往而薄来，所以怀诸侯也。	中庸 第21章	2
jlcssyqbgyswyljsejbnsyryryjjsjfgzlcwcpyshweblsyhzhy	既廪称事，所以劝百工也；送往迎来，嘉善而矜不能，所以柔远人也；继绝世，举废国，治乱持危，朝聘以时，厚往而薄来，所以怀诸侯也。	中庸 第21章	2
syqbgyswyljsejbnsyryryjjsjfgzlcwcpyshweblsyhzhy	所以劝百工也；送往迎来，嘉善而矜不能，所以柔远人也；继绝世，举废国，治乱持危，朝聘以时，厚往而薄来，所以怀诸侯也。	中庸 第21章	2
swyljsejbnsyryryjjsjfgzlcwcpyshweblsyhzhy	送往迎来，嘉善而矜不能，所以柔远人也；继绝世，举废国，治乱持危，朝聘以时，厚往而薄来，所以怀诸侯也。	中庸 第21章	2
jsejbnsyryryjjsjfgzlcwcpyshweblsyhzhy	嘉善而矜不能，所以柔远人也；继绝世，举废国，治乱持危，朝聘以时，厚往而薄来，所以怀诸侯也。	中庸 第21章	2
syryryjjsjfgzlcwcpyshweblsyhzhy	所以柔远人也；继绝世，举废国，治乱持危，朝聘以时，厚往而薄来，所以怀诸侯也。	中庸 第21章	2
jjsjfgzlcwcpyshweblsyhzhy	继绝世，举废国，治乱持危，朝聘以时，厚往而薄来，所以怀诸侯也。	中庸 第21章	2
jfgzlcwcpyshweblsyhzhy	举废国，治乱持危，朝聘以时，厚往而薄来，所以怀诸侯也。	中庸 第21章	2
zlcwcpyshweblsyhzhy	治乱持危，朝聘以时，厚往而薄来，所以怀诸侯也。	中庸 第21章	2
cpyshweblsyhzhy	朝聘以时，厚往而薄来，所以怀诸侯也。	中庸 第21章	2
hweblsyhzhy	厚往而薄来，所以怀诸侯也。	中庸 第21章	2
syhzhy	所以怀诸侯也。	中庸 第21章	2
fwtxgjyjjsyxzzyy	凡为天下国家有九经，所以行之者一也。	中庸 第21章	1
fsyzlbyzf	凡事豫则立，不豫则废。	中庸 第22章	1
byzf	不豫则废。	中庸 第22章	2
yqdzbjsqdzbkxqdzbjdqdzbq	言前定则不跲，事前定则不困，行前定则不疚，道前定则不穷。	中庸 第22章	1
sqdzbkxqdzbjdqdzbq	事前定则不困，行前定则不疚，道前定则不穷。	中庸 第22章	2
xqdzbjdqdzbq	行前定则不疚，道前定则不穷。	中庸 第22章	2
dqdzbq	道前定则不穷。	中庸 第22章	2
zxwbhhsmbkdezyhhsydbxhpybhhsyxhpyydbshqbxhpyyshqydfzsbcbshqycsydbmhsbchsy	在下位不获乎上，民不可得而治矣；获乎上有道：不信乎朋友，不获乎上矣；信乎朋友有道：不顺乎亲，不信乎朋友矣；顺乎亲有道：反诸身不诚，不顺乎亲矣；诚身有道：不明乎善，不诚乎身矣。	中庸 第22章	1
mbkdezyhhsydbxhpybhhsyxhpyydbshqbxhpyyshqydfzsbcbshqycsydbmhsbchsy	民不可得而治矣；获乎上有道：不信乎朋友，不获乎上矣；信乎朋友有道：不顺乎亲，不信乎朋友矣；顺乎亲有道：反诸身不诚，不顺乎亲矣；诚身有道：不明乎善，不诚乎身矣。	中庸 第22章	2
hhsydbxhpybhhsyxhpyydbshqbxhpyyshqydfzsbcbshqycsydbmhsbchsy	获乎上有道：不信乎朋友，不获乎上矣；信乎朋友有道：不顺乎亲，不信乎朋友矣；顺乎亲有道：反诸身不诚，不顺乎亲矣；诚身有道：不明乎善，不诚乎身矣。	中庸 第22章	2
bxhpybhhsyxhpyydbshqbxhpyyshqydfzsbcbshqycsydbmhsbchsy	不信乎朋友，不获乎上矣；信乎朋友有道：不顺乎亲，不信乎朋友矣；顺乎亲有道：反诸身不诚，不顺乎亲矣；诚身有道：不明乎善，不诚乎身矣。	中庸 第22章	2
bhhsyxhpyydbshqbxhpyyshqydfzsbcbshqycsydbmhsbchsy	不获乎上矣；信乎朋友有道：不顺乎亲，不信乎朋友矣；顺乎亲有道：反诸身不诚，不顺乎亲矣；诚身有道：不明乎善，不诚乎身矣。	中庸 第22章	2
xhpyydbshqbxhpyyshqydfzsbcbshqycsydbmhsbchsy	信乎朋友有道：不顺乎亲，不信乎朋友矣；顺乎亲有道：反诸身不诚，不顺乎亲矣；诚身有道：不明乎善，不诚乎身矣。	中庸 第22章	2
bshqbxhpyyshqydfzsbcbshqycsydbmhsbchsy	不顺乎亲，不信乎朋友矣；顺乎亲有道：反诸身不诚，不顺乎亲矣；诚身有道：不明乎善，不诚乎身矣。	中庸 第22章	2
bxhpyyshqydfzsbcbshqycsydbmhsbchsy	不信乎朋友矣；顺乎亲有道：反诸身不诚，不顺乎亲矣；诚身有道：不明乎善，不诚乎身矣。	中庸 第22章	2
shqydfzsbcbshqycsydbmhsbchsy	顺乎亲有道：反诸身不诚，不顺乎亲矣；诚身有道：不明乎善，不诚乎身矣。	中庸 第22章	2
fzsbcbshqycsydbmhsbchsy	反诸身不诚，不顺乎亲矣；诚身有道：不明乎善，不诚乎身矣。	中庸 第22章	2
bshqycsydbmhsbchsy	不顺乎亲矣；诚身有道：不明乎善，不诚乎身矣。	中庸 第22章	2
csydbmhsbchsy	诚身有道：不明乎善，不诚乎身矣。	中庸 第22章	2
bmhsbchsy	不明乎善，不诚乎身矣。	中庸 第22章	2
bchsy	不诚乎身矣。	中庸 第22章	2
cztzdyczzrzdy	诚者，天之道也；诚之者，人之道也。	中庸 第22章	1
tzdyczzrzdy	天之道也；诚之者，人之道也。	中庸 第22章	2
czzrzdy	诚之者，人之道也。	中庸 第22章	2
rzdy	人之道也。	中庸 第22章	2
czbmezbsedcrzdsry	诚者不勉而中，不思而得，从容中道，圣人也。	中庸 第22章	1
bsedcrzdsry	不思而得，从容中道，圣人也。	中庸 第22章	2
crzdsry	从容中道，圣人也。	中庸 第22章	2
sry	圣人也。	中庸 第22章	2
czzzsegzzzy	诚之者，择善而固执之者也。	中庸 第22章	1
zsegzzzy	择善而固执之者也。	中庸 第22章	2
bxzswzsszmbzdxz	博学之，审问之，慎思之，明辨之，笃行之。	中庸 第22章	1
swzsszmbzdxz	审问之，慎思之，明辨之，笃行之。	中庸 第22章	2
sszmbzdxz	慎思之，明辨之，笃行之。	中庸 第22章	2
mbzdxz	明辨之，笃行之。	中庸 第22章	2
dxz	笃行之。	中庸 第22章	2
yfxxzfnfcyyfwwzfzfcyyfsszfdfcyyfbbzfmfcyyfxxzfdfcy	有弗学，学之弗能，弗措也；有弗问，问之弗知，弗措也；有弗思，思之弗得，弗措也；有弗辨，辨之弗明，弗措也，有弗行，行之弗笃，弗措也。	中庸 第22章	1
xzfnfcyyfwwzfzfcyyfsszfdfcyyfbbzfmfcyyfxxzfdfcy	学之弗能，弗措也；有弗问，问之弗知，弗措也；有弗思，思之弗得，弗措也；有弗辨，辨之弗明，弗措也，有弗行，行之弗笃，弗措也。	中庸 第22章	2
fcyyfwwzfzfcyyfsszfdfcyyfbbzfmfcyyfxxzfdfcy	弗措也；有弗问，问之弗知，弗措也；有弗思，思之弗得，弗措也；有弗辨，辨之弗明，弗措也，有弗行，行之弗笃，弗措也。	中庸 第22章	2
yfwwzfzfcyyfsszfdfcyyfbbzfmfcyyfxxzfdfcy	有弗问，问之弗知，弗措也；有弗思，思之弗得，弗措也；有弗辨，辨之弗明，弗措也，有弗行，行之弗笃，弗措也。	中庸 第22章	2
wzfzfcyyfsszfdfcyyfbbzfmfcyyfxxzfdfcy	问之弗知，弗措也；有弗思，思之弗得，弗措也；有弗辨，辨之弗明，弗措也，有弗行，行之弗笃，弗措也。	中庸 第22章	2
fcyyfsszfdfcyyfbbzfmfcyyfxxzfdfcy	弗措也；有弗思，思之弗得，弗措也；有弗辨，辨之弗明，弗措也，有弗行，行之弗笃，弗措也。	中庸 第22章	2
yfsszfdfcyyfbbzfmfcyyfxxzfdfcy	有弗思，思之弗得，弗措也；有弗辨，辨之弗明，弗措也，有弗行，行之弗笃，弗措也。	中庸 第22章	2
szfdfcyyfbbzfmfcyyfxxzfdfcy	思之弗得，弗措也；有弗辨，辨之弗明，弗措也，有弗行，行之弗笃，弗措也。	中庸 第22章	2
fcyyfbbzfmfcyyfxxzfdfcy	弗措也；有弗辨，辨之弗明，弗措也，有弗行，行之弗笃，弗措也。	中庸 第22章	2
yfbbzfmfcyyfxxzfdfcy	有弗辨，辨之弗明，弗措也，有弗行，行之弗笃，弗措也。	中庸 第22章	2
bzfmfcyyfxxzfdfcy	辨之弗明，弗措也，有弗行，行之弗笃，弗措也。	中庸 第22章	2
fcyyfxxzfdfcy	弗措也，有弗行，行之弗笃，弗措也。	中庸 第22章	2
yfxxzfdfcy	有弗行，行之弗笃，弗措也。	中庸 第22章	2
xzfdfcy	行之弗笃，弗措也。	中庸 第22章	2
fcy	弗措也。	中庸 第22章	2
rynzjbzrsnzjqz	人一能之己百之，人十能之己千之。	中庸 第22章	1
rsnzjqz	人十能之己千之。	中庸 第22章	2
gncdysybmsrbq	果能此道矣，虽愚必明，虽柔必强。	中庸 第22章	1
sybmsrbq	虽愚必明，虽柔必强。	中庸 第22章	2
srbq	虽柔必强。	中庸 第22章	2
zcmwzxzmcwzj	自诚明，谓之性；自明诚，谓之教。	中庸 第23章	1
wzxzmcwzj	谓之性；自明诚，谓之教。	中庸 第23章	2
zmcwzj	自明诚，谓之教。	中庸 第23章	2
wzj	谓之教。	中庸 第23章	2
czmymzcy	诚则明矣，明则诚矣。	中庸 第23章	1
mzcy	明则诚矣。	中庸 第23章	2
wtxzcwnjqxnjqxznjrzxnjrzxznjwzxnjwzxzkyztdzhykyztdzhyzkyytdcy	唯天下至诚，为能尽其性；能尽其性，则能尽人之性；能尽人之性，则能尽物之性；能尽物之性，则可以赞天地之化育；可以赞天地之化育，则可以与天地参矣。	中庸 第23章	1
wnjqxnjqxznjrzxnjrzxznjwzxnjwzxzkyztdzhykyztdzhyzkyytdcy	为能尽其性；能尽其性，则能尽人之性；能尽人之性，则能尽物之性；能尽物之性，则可以赞天地之化育；可以赞天地之化育，则可以与天地参矣。	中庸 第23章	2
njqxznjrzxnjrzxznjwzxnjwzxzkyztdzhykyztdzhyzkyytdcy	能尽其性，则能尽人之性；能尽人之性，则能尽物之性；能尽物之性，则可以赞天地之化育；可以赞天地之化育，则可以与天地参矣。	中庸 第23章	2
znjrzxnjrzxznjwzxnjwzxzkyztdzhykyztdzhyzkyytdcy	则能尽人之性；能尽人之性，则能尽物之性；能尽物之性，则可以赞天地之化育；可以赞天地之化育，则可以与天地参矣。	中庸 第23章	2
njrzxznjwzxnjwzxzkyztdzhykyztdzhyzkyytdcy	能尽人之性，则能尽物之性；能尽物之性，则可以赞天地之化育；可以赞天地之化育，则可以与天地参矣。	中庸 第23章	2
znjwzxnjwzxzkyztdzhykyztdzhyzkyytdcy	则能尽物之性；能尽物之性，则可以赞天地之化育；可以赞天地之化育，则可以与天地参矣。	中庸 第23章	2
njwzxzkyztdzhykyztdzhyzkyytdcy	能尽物之性，则可以赞天地之化育；可以赞天地之化育，则可以与天地参矣。	中庸 第23章	2
zkyztdzhykyztdzhyzkyytdcy	则可以赞天地之化育；可以赞天地之化育，则可以与天地参矣。	中庸 第23章	2
kyztdzhyzkyytdcy	可以赞天地之化育，则可以与天地参矣。	中庸 第23章	2
zkyytdcy	则可以与天地参矣。	中庸 第23章	2
qczq	其次致曲。	中庸 第24章	1
qnycczxxzzzzmmzddzbbzh	曲能有诚，诚则形，形则著，著则明，明则动，动则变，变则化。	中庸 第24章	1
czxxzzzzmmzddzbbzh	诚则形，形则著，著则明，明则动，动则变，变则化。	中庸 第24章	2
xzzzzmmzddzbbzh	形则著，著则明，明则动，动则变，变则化。	中庸 第24章	2
zzmmzddzbbzh	著则明，明则动，动则变，变则化。	中庸 第24章	2
mzddzbbzh	明则动，动则变，变则化。	中庸 第24章	2
dzbbzh	动则变，变则化。	中庸 第24章	2
bzh	变则化。	中庸 第24章	2
wtxzcwnh	唯天下至诚为能化。	中庸 第24章	1
zczdkyqz	至诚之道，可以前知。	中庸 第25章	1
kyqz	可以前知。	中庸 第25章	2
gjjxbyzxgjjwbyyn	国家将兴，必有祯祥；国家将亡，必有妖孽。	中庸 第25章	1
byzxgjjwbyyn	必有祯祥；国家将亡，必有妖孽。	中庸 第25章	2
gjjwbyyn	国家将亡，必有妖孽。	中庸 第25章	2
byyn	必有妖孽。	中庸 第25章	2
jhsgdhst	见乎蓍龟，动乎四体。	中庸 第25章	1
dhst	动乎四体。	中庸 第25章	2
hfjzsbxzzbsbxzz	祸福将至：善，必先知之；不善，必先知之。	中庸 第25章	1
sbxzzbsbxzz	善，必先知之；不善，必先知之。	中庸 第25章	2
bxzzbsbxzz	必先知之；不善，必先知之。	中庸 第25章	2
bsbxzz	不善，必先知之。	中庸 第25章	2
bxzz	必先知之。	中庸 第25章	2
gzcrs	故至诚如神。	中庸 第25章	1
czzcyedzdy	诚者自成也，而道自道也。	中庸 第26章	1
edzdy	而道自道也。	中庸 第26章	2
czwzzsbcww	诚者物之终始，不诚无物。	中庸 第26章	1
bcww	不诚无物。	中庸 第26章	2
sgjzczwg	是故君子诚之为贵。	中庸 第26章	1
czfzcjeyysycwy	诚者非自成己而已也，所以成物也。	中庸 第26章	1
sycwy	所以成物也。	中庸 第26章	2
cjrycwzy	成己，仁也；成物，知也。	中庸 第26章	1
rycwzy	仁也；成物，知也。	中庸 第26章	2
cwzy	成物，知也。	中庸 第26章	2
zy	知也。	中庸 第26章	2
xzdyhwnzdygsczyy	性之德也，合外内之道也，故时措之宜也。	中庸 第26章	1
hwnzdygsczyy	合外内之道也，故时措之宜也。	中庸 第26章	2
gsczyy	故时措之宜也。	中庸 第26章	2
gzcwx	故至诚无息。	中庸 第26章	1
bxzjjzzzzyyyyzbhbhzgm	不息则久，久则征，征则悠远，悠远则博厚，博厚则高明。	中庸 第26章	1
jzzzzyyyyzbhbhzgm	久则征，征则悠远，悠远则博厚，博厚则高明。	中庸 第26章	2
zzyyyyzbhbhzgm	征则悠远，悠远则博厚，博厚则高明。	中庸 第26章	2
yyzbhbhzgm	悠远则博厚，博厚则高明。	中庸 第26章	2
bhzgm	博厚则高明。	中庸 第26章	2
bhsyzwygmsyfwyyjsycwy	博厚，所以载物也；高明，所以覆物也；悠久，所以成物也。	中庸 第26章	1
syzwygmsyfwyyjsycwy	所以载物也；高明，所以覆物也；悠久，所以成物也。	中庸 第26章	2
gmsyfwyyjsycwy	高明，所以覆物也；悠久，所以成物也。	中庸 第26章	2
syfwyyjsycwy	所以覆物也；悠久，所以成物也。	中庸 第26章	2
yjsycwy	悠久，所以成物也。	中庸 第26章	2
bhpdgmptyjwj	博厚配地，高明配天，悠久无疆。	中庸 第26章	1
gmptyjwj	高明配天，悠久无疆。	中庸 第26章	2
yjwj	悠久无疆。	中庸 第26章	2
rczbjezbdebwwec	如此者，不见而章，不动而变，无为而成。	中庸 第26章	1
bjezbdebwwec	不见而章，不动而变，无为而成。	中庸 第26章	2
bdebwwec	不动而变，无为而成。	中庸 第26章	2
wwec	无为而成。	中庸 第26章	2
tdzdkyyejy	天地之道，可壹言而尽也。	中庸 第27章	1
kyyejy	可壹言而尽也。	中庸 第27章	2
qwwbezqswbc	其为物不贰，则其生物不测。	中庸 第27章	1
zqswbc	则其生物不测。	中庸 第27章	2
tdzdbyhygymyyyjy	天地之道，博也厚也，高也明也，悠也久也。	中庸 第27章	1
byhygymyyyjy	博也厚也，高也明也，悠也久也。	中庸 第27章	2
gymyyyjy	高也明也，悠也久也。	中庸 第27章	2
yyjy	悠也久也。	中庸 第27章	2
jftszzzdjqwqyryxcxywwfy	今夫天，斯昭昭之多，及其无穷也，日月星辰系焉，万物覆焉。	中庸 第27章	1
szzzdjqwqyryxcxywwfy	斯昭昭之多，及其无穷也，日月星辰系焉，万物覆焉。	中庸 第27章	2
jqwqyryxcxywwfy	及其无穷也，日月星辰系焉，万物覆焉。	中庸 第27章	2
ryxcxywwfy	日月星辰系焉，万物覆焉。	中庸 第27章	2
wwfy	万物覆焉。	中庸 第27章	2
jfdyztzdjqghzhyebzzhhebxwwzy	今夫地，一撮土之多，及其广厚，载华岳而不重，振河海而不泄，万物载焉。	中庸 第27章	1
yztzdjqghzhyebzzhhebxwwzy	一撮土之多，及其广厚，载华岳而不重，振河海而不泄，万物载焉。	中庸 第27章	2
jqghzhyebzzhhebxwwzy	及其广厚，载华岳而不重，振河海而不泄，万物载焉。	中庸 第27章	2
zhyebzzhhebxwwzy	载华岳而不重，振河海而不泄，万物载焉。	中庸 第27章	2
zhhebxwwzy	振河海而不泄，万物载焉。	中庸 第27章	2
wwzy	万物载焉。	中庸 第27章	2
jfsyqszdjqgdcmszqsjzbzxy	今夫山，一拳石之多，及其广大，草木生之，禽兽居之，宝藏兴焉。	中庸 第27章	1
yqszdjqgdcmszqsjzbzxy	一拳石之多，及其广大，草木生之，禽兽居之，宝藏兴焉。	中庸 第27章	2
jqgdcmszqsjzbzxy	及其广大，草木生之，禽兽居之，宝藏兴焉。	中庸 第27章	2
cmszqsjzbzxy	草木生之，禽兽居之，宝藏兴焉。	中庸 第27章	2
qsjzbzxy	禽兽居之，宝藏兴焉。	中庸 第27章	2
bzxy	宝藏兴焉。	中庸 第27章	2
jfsyszdjqbcytjlybsyhczy	今夫水，一勺之多，及其不测，鼋鼍、蛟龙、鱼鳖生焉，货财殖焉。	中庸 第27章	1
yszdjqbcytjlybsyhczy	一勺之多，及其不测，鼋鼍、蛟龙、鱼鳖生焉，货财殖焉。	中庸 第27章	2
jqbcytjlybsyhczy	及其不测，鼋鼍、蛟龙、鱼鳖生焉，货财殖焉。	中庸 第27章	2
ytjlybsyhczy	鼋鼍、蛟龙、鱼鳖生焉，货财殖焉。	中庸 第27章	2
jlybsyhczy	蛟龙、鱼鳖生焉，货财殖焉。	中庸 第27章	2
ybsyhczy	鱼鳖生焉，货财殖焉。	中庸 第27章	2
hczy	货财殖焉。	中庸 第27章	2
sywtzmymby	《诗》云：“维天之命，於穆不已！”	中庸 第27章	1
wtzmymby	“维天之命，於穆不已！”	中庸 第27章	2
ymby	於穆不已！	中庸 第27章	2
gytzsywty	盖曰天之所以为天也。	中庸 第27章	1
yhbx	於乎不显！	中庸 第27章	1
wwzdzc	文王之德之纯！	中庸 第27章	1
gywwzsywwycyby	盖曰文王之所以为文也，纯亦不已。	中庸 第27章	1
cyby	纯亦不已。	中庸 第27章	2
dzsrzd	大哉，圣人之道！	中庸 第28章	1
srzd	圣人之道！	中庸 第28章	2
yyhfywwjjyt	洋洋乎发育万物，峻极于天。	中庸 第28章	1
jjyt	峻极于天。	中庸 第28章	2
yydz	优优大哉！	中庸 第28章	1
lysbwysqdqrrhx	礼仪三百，威仪三千，待其人然后行。	中庸 第28章	1
wysqdqrrhx	威仪三千，待其人然后行。	中庸 第28章	2
dqrrhx	待其人然后行。	中庸 第28章	2
gygbzdzdbny	故曰：苟不至德，至道不凝焉。	中庸 第28章	1
gbzdzdbny	苟不至德，至道不凝焉。	中庸 第28章	2
zdbny	至道不凝焉。	中庸 第28章	2
gjzzdxedwxzgdejjwjgmezy	故君子尊德性而道问学，致广大而尽精微，极高明而中庸。	中庸 第28章	1
zgdejjwjgmezy	致广大而尽精微，极高明而中庸。	中庸 第28章	2
jgmezy	极高明而中庸。	中庸 第28章	2
wgezxdhycl	温故而知新，敦厚以崇礼。	中庸 第28章	1
dhycl	敦厚以崇礼。	中庸 第28章	2
sgjsbjwxbbgydqyzyxgwdqmzyr	是故居上不骄，为下不倍；国有道，其言足以兴，国无道，其默足以容。	中庸 第28章	1
wxbbgydqyzyxgwdqmzyr	为下不倍；国有道，其言足以兴，国无道，其默足以容。	中庸 第28章	2
gydqyzyxgwdqmzyr	国有道，其言足以兴，国无道，其默足以容。	中庸 第28章	2
qyzyxgwdqmzyr	其言足以兴，国无道，其默足以容。	中庸 第28章	2
gwdqmzyr	国无道，其默足以容。	中庸 第28章	2
qmzyr	其默足以容。	中庸 第28章	2
syjmqzybqs	《诗》曰：“既明且哲，以保其身。”	中庸 第28章	1
jmqzybqs	“既明且哲，以保其身。”	中庸 第28章	2
ybqs	以保其身。	中庸 第28章	2
qczwy	其此之谓与！	中庸 第28章	1
zyyehzyjehzzshjzsfgzd	子曰：愚而好自用，贱而好自专，生乎今之世，反古之道。	中庸 第29章	1
yehzyjehzzshjzsfgzd	愚而好自用，贱而好自专，生乎今之世，反古之道。	中庸 第29章	2
jehzzshjzsfgzd	贱而好自专，生乎今之世，反古之道。	中庸 第29章	2
shjzsfgzd	生乎今之世，反古之道。	中庸 第29章	2
fgzd	反古之道。	中庸 第29章	2
rczzjqszy	如此者，灾及其身者也。	中庸 第29章	1
zjqszy	灾及其身者也。	中庸 第29章	2
ftzbylbzdbkw	非天子，不议礼，不制度，不考文。	中庸 第29章	1
bylbzdbkw	不议礼，不制度，不考文。	中庸 第29章	2
bzdbkw	不制度，不考文。	中庸 第29章	2
bkw	不考文。	中庸 第29章	2
jtxctgstwxtl	今天下车同轨，书同文，行同伦。	中庸 第29章	1
stwxtl	书同文，行同伦。	中庸 第29章	2
xtl	行同伦。	中庸 第29章	2
syqwgwqdbgzlyysyqdgwqwybgzlyy	虽有其位，苟无其德，不敢作礼乐焉；虽有其德，苟无其位，亦不敢作礼乐焉。	中庸 第29章	1
gwqdbgzlyysyqdgwqwybgzlyy	苟无其德，不敢作礼乐焉；虽有其德，苟无其位，亦不敢作礼乐焉。	中庸 第29章	2
bgzlyysyqdgwqwybgzlyy	不敢作礼乐焉；虽有其德，苟无其位，亦不敢作礼乐焉。	中庸 第29章	2
syqdgwqwybgzlyy	虽有其德，苟无其位，亦不敢作礼乐焉。	中庸 第29章	2
gwqwybgzlyy	苟无其位，亦不敢作礼乐焉。	中庸 第29章	2
ybgzlyy	亦不敢作礼乐焉。	中庸 第29章	2
zywsxlqbzzy	子曰：吾说夏礼，杞不足征也。	中庸 第30章	1
wsxlqbzzy	吾说夏礼，杞不足征也。	中庸 第30章	2
qbzzy	杞不足征也。	中庸 第30章	2
wxylyscywxzljyzwcz	吾学殷礼，有宋存焉；吾学周礼，今用之，吾从周。	中庸 第30章	1
yscywxzljyzwcz	有宋存焉；吾学周礼，今用之，吾从周。	中庸 第30章	2
wxzljyzwcz	吾学周礼，今用之，吾从周。	中庸 第30章	2
jyzwcz	今用之，吾从周。	中庸 第30章	2
wtxyscyqggyh	王天下有三重焉，其寡过矣乎！	中庸 第30章	1
qggyh	其寡过矣乎！	中庸 第30章	2
syzsswzwzbxbxmfcxyzssbzbzbxbxmfc	上焉者虽善无征，无征不信，不信民弗从；下焉者虽善不尊，不尊不信，不信民弗从。	中庸 第30章	1
wzbxbxmfcxyzssbzbzbxbxmfc	无征不信，不信民弗从；下焉者虽善不尊，不尊不信，不信民弗从。	中庸 第30章	2
bxmfcxyzssbzbzbxbxmfc	不信民弗从；下焉者虽善不尊，不尊不信，不信民弗从。	中庸 第30章	2
xyzssbzbzbxbxmfc	下焉者虽善不尊，不尊不信，不信民弗从。	中庸 第30章	2
bzbxbxmfc	不尊不信，不信民弗从。	中庸 第30章	2
bxmfc	不信民弗从。	中庸 第30章	2
gjzzdbzszzsmkzswebmjztdebbzzgsewybsyqsrebh	故君子之道本诸身，征诸庶民，考诸三王而不缪，建诸天地而不悖，质诸鬼神而无疑，百世以俟圣人而不惑。	中庸 第30章	1
zzsmkzswebmjztdebbzzgsewybsyqsrebh	征诸庶民，考诸三王而不缪，建诸天地而不悖，质诸鬼神而无疑，百世以俟圣人而不惑。	中庸 第30章	2
kzswebmjztdebbzzgsewybsyqsrebh	考诸三王而不缪，建诸天地而不悖，质诸鬼神而无疑，百世以俟圣人而不惑。	中庸 第30章	2
jztdebbzzgsewybsyqsrebh	建诸天地而不悖，质诸鬼神而无疑，百世以俟圣人而不惑。	中庸 第30章	2
zzgsewybsyqsrebh	质诸鬼神而无疑，百世以俟圣人而不惑。	中庸 第30章	2
bsyqsrebh	百世以俟圣人而不惑。	中庸 第30章	2
zzgsewyztybsyqsrebhzry	质诸鬼神而无疑，知天也；百世以俟圣人而不惑，知人也。	中庸 第30章	1
ztybsyqsrebhzry	知天也；百世以俟圣人而不惑，知人也。	中庸 第30章	2
bsyqsrebhzry	百世以俟圣人而不惑，知人也。	中庸 第30章	2
zry	知人也。	中庸 第30章	2
sgjzdeswtxdheswtxfyeswtxz	是故君子动而世为天下道，行而世为天下法，言而世为天下则。	中庸 第30章	1
xeswtxfyeswtxz	行而世为天下法，言而世为天下则。	中庸 第30章	2
yeswtxz	言而世为天下则。	中庸 第30章	2
yzzywjzzby	远之则有望，近之则不厌。	中庸 第30章	1
jzzby	近之则不厌。	中庸 第30章	2
syzbwezcwssjsyyyzy	《诗》曰：“在彼无恶，在此无射；庶几夙夜，以永终誉！”	中庸 第30章	1
zbwezcwssjsyyyzy	“在彼无恶，在此无射；庶几夙夜，以永终誉！”	中庸 第30章	2
zcwssjsyyyzy	在此无射；庶几夙夜，以永终誉！	中庸 第30章	2
sjsyyyzy	庶几夙夜，以永终誉！	中庸 第30章	2
yyzy	以永终誉！	中庸 第30章	2
jzwybrcezyyytxzy	君子未有不如此而蚤有誉于天下者也。	中庸 第30章	1
znzsysxzwwsltsxxst	仲尼祖述尧、舜，宪章文、武；上律天时，下袭水土。	中庸 第31章	1
sxzwwsltsxxst	舜，宪章文、武；上律天时，下袭水土。	中庸 第31章	2
xzwwsltsxxst	宪章文、武；上律天时，下袭水土。	中庸 第31章	2
wsltsxxst	武；上律天时，下袭水土。	中庸 第31章	2
sltsxxst	上律天时，下袭水土。	中庸 第31章	2
xxst	下袭水土。	中庸 第31章	2
prtdzwbczwbfcprsszcxrryzdm	辟如天地之无不持载，无不复帱，辟如四时之错行，如日月之代明。	中庸 第31章	1
wbfcprsszcxrryzdm	无不复帱，辟如四时之错行，如日月之代明。	中庸 第31章	2
prsszcxrryzdm	辟如四时之错行，如日月之代明。	中庸 第31章	2
rryzdm	如日月之代明。	中庸 第31章	2
wwbyebxhdbxebxbxdcldddhctdzsywdy	万物并育而不相害，道并行而不相悖，小德川流，大德敦化，此天地之所以为大也。	中庸 第31章	1
dbxebxbxdcldddhctdzsywdy	道并行而不相悖，小德川流，大德敦化，此天地之所以为大也。	中庸 第31章	2
xdcldddhctdzsywdy	小德川流，大德敦化，此天地之所以为大也。	中庸 第31章	2
dddhctdzsywdy	大德敦化，此天地之所以为大也。	中庸 第31章	2
ctdzsywdy	此天地之所以为大也。	中庸 第31章	2
wtxzswncmrzzyylykywrzyyryfqgyzyyzyqzzzzyyjywlmczyyby	唯天下至圣，为能聪明睿知，足以有临也；宽裕温柔，足以有容也；发强刚毅，足以有执也；齐庄中正，足以有敬也；文理密察，足以有别也。	中庸 第32章	1
wncmrzzyylykywrzyyryfqgyzyyzyqzzzzyyjywlmczyyby	为能聪明睿知，足以有临也；宽裕温柔，足以有容也；发强刚毅，足以有执也；齐庄中正，足以有敬也；文理密察，足以有别也。	中庸 第32章	2
zyylykywrzyyryfqgyzyyzyqzzzzyyjywlmczyyby	足以有临也；宽裕温柔，足以有容也；发强刚毅，足以有执也；齐庄中正，足以有敬也；文理密察，足以有别也。	中庸 第32章	2
kywrzyyryfqgyzyyzyqzzzzyyjywlmczyyby	宽裕温柔，足以有容也；发强刚毅，足以有执也；齐庄中正，足以有敬也；文理密察，足以有别也。	中庸 第32章	2
zyyryfqgyzyyzyqzzzzyyjywlmczyyby	足以有容也；发强刚毅，足以有执也；齐庄中正，足以有敬也；文理密察，足以有别也。	中庸 第32章	2
fqgyzyyzyqzzzzyyjywlmczyyby	发强刚毅，足以有执也；齐庄中正，足以有敬也；文理密察，足以有别也。	中庸 第32章	2
zyyzyqzzzzyyjywlmczyyby	足以有执也；齐庄中正，足以有敬也；文理密察，足以有别也。	中庸 第32章	2
qzzzzyyjywlmczyyby	齐庄中正，足以有敬也；文理密察，足以有别也。	中庸 第32章	2
zyyjywlmczyyby	足以有敬也；文理密察，足以有别也。	中庸 第32章	2
wlmczyyby	文理密察，足以有别也。	中庸 第32章	2
zyyby	足以有别也。	中庸 第32章	2
pbyqescz	溥博渊泉，而时出之。	中庸 第32章	1
escz	而时出之。	中庸 第32章	2
pbrtyqry	溥博如天，渊泉如渊。	中庸 第32章	1
yqry	渊泉如渊。	中庸 第32章	2
jemmbjyemmbxxemmbs	见而民莫不敬，言而民莫不信，行而民莫不说。	中庸 第32章	1
yemmbxxemmbs	言而民莫不信，行而民莫不说。	中庸 第32章	2
xemmbs	行而民莫不说。	中庸 第32章	2
sysmyyhzgsjmmzcszrlsttzsfdzszryszslsdfyxqzmbzqgypt	是以声名洋溢乎中国，施及蛮貊；舟车所至，人力所通，天之所覆，地之所载，日月所照，霜露所队；凡有血气者，莫不尊亲，故曰配天。	中庸 第32章	1
sjmmzcszrlsttzsfdzszryszslsdfyxqzmbzqgypt	施及蛮貊；舟车所至，人力所通，天之所覆，地之所载，日月所照，霜露所队；凡有血气者，莫不尊亲，故曰配天。	中庸 第32章	2
zcszrlsttzsfdzszryszslsdfyxqzmbzqgypt	舟车所至，人力所通，天之所覆，地之所载，日月所照，霜露所队；凡有血气者，莫不尊亲，故曰配天。	中庸 第32章	2
rlsttzsfdzszryszslsdfyxqzmbzqgypt	人力所通，天之所覆，地之所载，日月所照，霜露所队；凡有血气者，莫不尊亲，故曰配天。	中庸 第32章	2
tzsfdzszryszslsdfyxqzmbzqgypt	天之所覆，地之所载，日月所照，霜露所队；凡有血气者，莫不尊亲，故曰配天。	中庸 第32章	2
dzszryszslsdfyxqzmbzqgypt	地之所载，日月所照，霜露所队；凡有血气者，莫不尊亲，故曰配天。	中庸 第32章	2
ryszslsdfyxqzmbzqgypt	日月所照，霜露所队；凡有血气者，莫不尊亲，故曰配天。	中庸 第32章	2
slsdfyxqzmbzqgypt	霜露所队；凡有血气者，莫不尊亲，故曰配天。	中庸 第32章	2
fyxqzmbzqgypt	凡有血气者，莫不尊亲，故曰配天。	中庸 第32章	2
mbzqgypt	莫不尊亲，故曰配天。	中庸 第32章	2
gypt	故曰配天。	中庸 第32章	2
wtxzcwnjltxzdjltxzdbztdzhy	唯天下至诚，为能经纶天下之大经，立天下之大本，知天地之化育。	中庸 第33章	1
wnjltxzdjltxzdbztdzhy	为能经纶天下之大经，立天下之大本，知天地之化育。	中庸 第33章	2
ltxzdbztdzhy	立天下之大本，知天地之化育。	中庸 第33章	2
ztdzhy	知天地之化育。	中庸 第33章	2
fyysy	夫焉有所倚？	中庸 第33章	1
zzqr	肫肫其仁！	中庸 第33章	1
yyqy	渊渊其渊！	中庸 第33章	1
hhqt	浩浩其天！	中庸 第33章	1
gbgcmszdtdzqsnzz	苟不固聪明圣知达天德者，其孰能知之？	中庸 第33章	1
qsnzz	其孰能知之？	中庸 第33章	2
syyjsjeqwzzy	《诗》曰：“衣锦尚䌹”，恶其文之著也。	中庸 第34章	1
yjsjeqwzzy	“衣锦尚䌹”，恶其文之著也。	中庸 第34章	2
eqwzzy	恶其文之著也。	中庸 第34章	2
gjzzdarerzxrzddrerw	故君子之道，暗然而日章；小人之道，的然而日亡。	中庸 第34章	1
arerzxrzddrerw	暗然而日章；小人之道，的然而日亡。	中庸 第34章	2
xrzddrerw	小人之道，的然而日亡。	中庸 第34章	2
drerw	的然而日亡。	中庸 第34章	2
jzzddebyjewwelzyzjzfzzzwzxkyrdy	君子之道：淡而不厌，简而文，温而理，知远之近，知风之自，知微之显，可与入德矣。	中庸 第34章	1
debyjewwelzyzjzfzzzwzxkyrdy	淡而不厌，简而文，温而理，知远之近，知风之自，知微之显，可与入德矣。	中庸 第34章	2
jewwelzyzjzfzzzwzxkyrdy	简而文，温而理，知远之近，知风之自，知微之显，可与入德矣。	中庸 第34章	2
welzyzjzfzzzwzxkyrdy	温而理，知远之近，知风之自，知微之显，可与入德矣。	中庸 第34章	2
zyzjzfzzzwzxkyrdy	知远之近，知风之自，知微之显，可与入德矣。	中庸 第34章	2
zfzzzwzxkyrdy	知风之自，知微之显，可与入德矣。	中庸 第34章	2
zwzxkyrdy	知微之显，可与入德矣。	中庸 第34章	2
kyrdy	可与入德矣。	中庸 第34章	2
syqsfyykzz	《诗》云：“潜虽伏矣，亦孔之昭！”	中庸 第35章	1
qsfyykzz	“潜虽伏矣，亦孔之昭！”	中庸 第35章	2
ykzz	亦孔之昭！	中庸 第35章	2
gjznxbjweyz	故君子内省不疚，无恶于志。	中庸 第35章	1
weyz	无恶于志。	中庸 第35章	2
jzsbkjzqwrzsbjh	君子所不可及者，其唯人之所不见乎！	中庸 第35章	1
qwrzsbjh	其唯人之所不见乎！	中庸 第35章	2
syxzessbkywl	《诗》云：“相在尔室，尚不愧于屋漏。”	中庸 第36章	1
xzessbkywl	“相在尔室，尚不愧于屋漏。”	中庸 第36章	2
sbkywl	尚不愧于屋漏。	中庸 第36章	2
gjzbdejbyex	故君子不动而敬，不言而信。	中庸 第36章	1
byex	不言而信。	中庸 第36章	2
syzjwysmyz	《诗》曰：“奏假无言，时靡有争。”	中庸 第37章	1
zjwysmyz	“奏假无言，时靡有争。”	中庸 第37章	2
smyz	时靡有争。	中庸 第37章	2
sgjzbsemqbnemwyfy	是故君子不赏而民劝，不怒而民威于𫓧钺。	中庸 第37章	1
bnemwyfy	不怒而民威于𫓧钺。	中庸 第37章	2
sybxwd	《诗》曰：不显惟德！	中庸 第38章	1
bxwd	不显惟德！	中庸 第38章	2
bpqxz	百辟其刑之。	中庸 第38章	1
sgjzdgetxp	是故君子笃恭而天下平。	中庸 第38章	1
syyhmdbdsys	《诗》曰：“予怀明德，不大声以色。”	中庸 第39章	1
yhmdbdsys	“予怀明德，不大声以色。”	中庸 第39章	2
bdsys	不大声以色。	中庸 第39章	2
zysszyyhmmy	子曰：“声色之于以化民，末也。”	中庸 第39章	1
sszyyhmmy	“声色之于以化民，末也。”	中庸 第39章	2
my	末也。	中庸 第39章	2
sydyrmmyylstzzwswxzy	《诗》曰：“德𬨎如毛”，毛犹有伦；“上天之载，无声无臭”，至矣！	中庸 第39章	1
dyrmmyylstzzwswxzy	“德𬨎如毛”，毛犹有伦；“上天之载，无声无臭”，至矣！	中庸 第39章	2
myylstzzwswxzy	毛犹有伦；“上天之载，无声无臭”，至矣！	中庸 第39章	2
stzzwswxzy	“上天之载，无声无臭”，至矣！	中庸 第39章	2
wswxzy	无声无臭，至矣！	中庸 第39章	2
zy	至矣！	中庸 第39章	2
mzjlhw	孟子见梁惠王。	孟子·梁惠王上 1.1	1
wysbyqlelyjyylwgh	王曰：“叟不远千里而来，亦将有以利吾国乎？”	孟子·梁惠王上 1.1	1
sbyqlelyjyylwgh	“叟不远千里而来，亦将有以利吾国乎？”	孟子·梁惠王上 1.1	2
yjyylwgh	亦将有以利吾国乎？	孟子·梁惠王上 1.1	2
mzdywhbyl	孟子对曰：王何必曰利？	孟子·梁惠王上 1.2	1
whbyl	王何必曰利？	孟子·梁惠王上 1.2	2
yyryeyy	亦有仁义而已矣。	孟子·梁惠王上 1.2	1
wyhylwg	王曰‘何以利吾国’？	孟子·梁惠王上 1.2	1
dfyhylwj	大夫曰‘何以利吾家’？	孟子·梁惠王上 1.2	1
ssryhylws	士庶人曰‘何以利吾身’？	孟子·梁惠王上 1.2	1
sxjzlegwy	上下交征利而国危矣。	孟子·梁惠王上 1.2	1
wczgsqjzbqczjqszgsqjzbbczj	万乘之国弑其君者，必千乘之家；千乘之国弑其君者，必百乘之家。	孟子·梁惠王上 1.2	1
bqczjqszgsqjzbbczj	必千乘之家；千乘之国弑其君者，必百乘之家。	孟子·梁惠王上 1.2	2
qszgsqjzbbczj	千乘之国弑其君者，必百乘之家。	孟子·梁惠王上 1.2	2
bbczj	必百乘之家。	孟子·梁惠王上 1.2	2
wqqyqqbybwbdy	万取千焉，千取百焉，不为不多矣。	孟子·梁惠王上 1.2	1
qqbybwbdy	千取百焉，不为不多矣。	孟子·梁惠王上 1.2	2
bwbdy	不为不多矣。	孟子·梁惠王上 1.2	2
gwhyexlbdby	苟为后义而先利，不夺不餍。	孟子·梁惠王上 1.2	1
bdby	不夺不餍。	孟子·梁惠王上 1.2	2
wyreyqqzywyyehqjzy	未有仁而遗其亲者也，未有义而后其君者也。	孟子·梁惠王上 1.2	1
wyyehqjzy	未有义而后其君者也。	孟子·梁惠王上 1.2	2
wyyryeyyhbyl	王亦曰仁义而已矣，何必曰利？	孟子·梁惠王上 1.2	1
hbyl	何必曰利？	孟子·梁惠王上 1.2	2
mzjlhwwlyzsghymlyxzylch	孟子见梁惠王，王立于沼上，顾鸿鴈麋鹿，曰：“贤者亦乐此乎？”	孟子·梁惠王上 1.3	1
wlyzsghymlyxzylch	王立于沼上，顾鸿鴈麋鹿，曰：“贤者亦乐此乎？”	孟子·梁惠王上 1.3	2
ghymlyxzylch	顾鸿鴈麋鹿，曰：“贤者亦乐此乎？”	孟子·梁惠王上 1.3	2
yxzylch	曰：“贤者亦乐此乎？”	孟子·梁惠王上 1.3	2
xzylch	“贤者亦乐此乎？”	孟子·梁惠王上 1.3	2
mzdyxzehlcbxzsycbly	孟子对曰：贤者而后乐此，不贤者虽有此，不乐也。	孟子·梁惠王上 1.4	1
xzehlcbxzsycbly	贤者而后乐此，不贤者虽有此，不乐也。	孟子·梁惠王上 1.4	2
bxzsycbly	不贤者虽有此，不乐也。	孟子·梁惠王上 1.4	2
bly	不乐也。	孟子·梁惠王上 1.4	2
syjsltjzyzsmgzbrcz	《诗》云：经始灵台，经之营之，庶民攻之，不日成之。	孟子·梁惠王上 1.4	1
jsltjzyzsmgzbrcz	经始灵台，经之营之，庶民攻之，不日成之。	孟子·梁惠王上 1.4	2
jzyzsmgzbrcz	经之营之，庶民攻之，不日成之。	孟子·梁惠王上 1.4	2
smgzbrcz	庶民攻之，不日成之。	孟子·梁惠王上 1.4	2
brcz	不日成之。	孟子·梁惠王上 1.4	2
jswjsmzl	经始勿亟，庶民子来。	孟子·梁惠王上 1.4	1
smzl	庶民子来。	孟子·梁惠王上 1.4	2
wzlyylyfylzzbnhh	王在灵囿，麀鹿攸伏，麀鹿濯濯，白鸟鹤鹤。	孟子·梁惠王上 1.4	1
ylyfylzzbnhh	麀鹿攸伏，麀鹿濯濯，白鸟鹤鹤。	孟子·梁惠王上 1.4	2
ylzzbnhh	麀鹿濯濯，白鸟鹤鹤。	孟子·梁惠王上 1.4	2
bnhh	白鸟鹤鹤。	孟子·梁惠王上 1.4	2
wzlzyryy	王在灵沼，于牣鱼跃。	孟子·梁惠王上 1.4	1
yryy	于牣鱼跃。	孟子·梁惠王上 1.4	2
wwymlwtwz	文王以民力为台为沼。	孟子·梁惠王上 1.4	1
emhlzwqtyltwqzylzlqymlyb	而民欢乐之，谓其台曰灵台，谓其沼曰灵沼，乐其有麋鹿鱼鼈。	孟子·梁惠王上 1.4	1
wqtyltwqzylzlqymlyb	谓其台曰灵台，谓其沼曰灵沼，乐其有麋鹿鱼鼈。	孟子·梁惠王上 1.4	2
wqzylzlqymlyb	谓其沼曰灵沼，乐其有麋鹿鱼鼈。	孟子·梁惠王上 1.4	2
lqymlyb	乐其有麋鹿鱼鼈。	孟子·梁惠王上 1.4	2
gzrymxlgnly	古之人与民偕乐，故能乐也。	孟子·梁惠王上 1.4	1
gnly	故能乐也。	孟子·梁惠王上 1.4	2
tsysrhs	《汤誓》曰：时日害丧？	孟子·梁惠王上 1.4	1
srhs	时日害丧？	孟子·梁惠王上 1.4	2
yjnxw	予及女偕亡。	孟子·梁惠王上 1.4	1
myyzxwsytcnsqndlz	民欲与之偕亡，虽有台池鸟兽，岂能独乐哉？	孟子·梁惠王上 1.4	1
sytcnsqndlz	虽有台池鸟兽，岂能独乐哉？	孟子·梁惠王上 1.4	2
qndlz	岂能独乐哉？	孟子·梁惠王上 1.4	2
lhwygrzygyjxyey	梁惠王曰：寡人之于国也，尽心焉耳矣。	孟子·梁惠王上 1.5	1
grzygyjxyey	寡人之于国也，尽心焉耳矣。	孟子·梁惠王上 1.5	2
jxyey	尽心焉耳矣。	孟子·梁惠王上 1.5	2
hnxzyqmyhdyqsyhn	河内凶，则移其民于河东，移其粟于河内。	孟子·梁惠王上 1.5	1
zyqmyhdyqsyhn	则移其民于河东，移其粟于河内。	孟子·梁惠王上 1.5	2
yqsyhn	移其粟于河内。	孟子·梁惠王上 1.5	2
hdxyr	河东凶亦然。	孟子·梁惠王上 1.5	1
clgzzwrgrzyxz	察邻国之政，无如寡人之用心者。	孟子·梁惠王上 1.5	1
wrgrzyxz	无如寡人之用心者。	孟子·梁惠王上 1.5	2
lgzmbjsgrzmbjdhy	邻国之民不加少，寡人之民不加多，何也？	孟子·梁惠王上 1.5	1
grzmbjdhy	寡人之民不加多，何也？	孟子·梁惠王上 1.5	2
hy	何也？	孟子·梁惠王上 1.5	2
mzdywhzqyzy	孟子对曰：王好战，请以战喻。	孟子·梁惠王上 1.6	1
whzqyzy	王好战，请以战喻。	孟子·梁惠王上 1.6	2
qyzy	请以战喻。	孟子·梁惠王上 1.6	2
trgzbrjjqjybez	填然鼓之，兵刃既接，弃甲曳兵而走。	孟子·梁惠王上 1.6	1
brjjqjybez	兵刃既接，弃甲曳兵而走。	孟子·梁惠王上 1.6	2
qjybez	弃甲曳兵而走。	孟子·梁惠王上 1.6	2
hbbehzhwsbehz	或百步而后止，或五十步而后止。	孟子·梁惠王上 1.6	1
hwsbehz	或五十步而后止。	孟子·梁惠王上 1.6	2
ywsbxbbzhr	以五十步笑百步，则何如？	孟子·梁惠王上 1.6	1
zhr	则何如？	孟子·梁惠王上 1.6	2
ybkzbbbesyzy	曰：“不可，直不百步耳，是亦走也。”	孟子·梁惠王上 1.7	1
bkzbbbesyzy	“不可，直不百步耳，是亦走也。”	孟子·梁惠王上 1.7	2
zbbbesyzy	直不百步耳，是亦走也。	孟子·梁惠王上 1.7	2
syzy	是亦走也。	孟子·梁惠王上 1.7	2
ywrzczwwmzdylgy	曰：王如知此，则无望民之多于邻国也。	孟子·梁惠王上 1.8	1
wrzczwwmzdylgy	王如知此，则无望民之多于邻国也。	孟子·梁惠王上 1.8	2
zwwmzdylgy	则无望民之多于邻国也。	孟子·梁惠王上 1.8	2
bwnsgbkssysgbrwcybbkssyfjysrslcmbksyy	不违农时，谷不可胜食也；数罟不入洿池，鱼鼈不可胜食也；斧斤以时入山林，材木不可胜用也。	孟子·梁惠王上 1.8	1
gbkssysgbrwcybbkssyfjysrslcmbksyy	谷不可胜食也；数罟不入洿池，鱼鼈不可胜食也；斧斤以时入山林，材木不可胜用也。	孟子·梁惠王上 1.8	2
sgbrwcybbkssyfjysrslcmbksyy	数罟不入洿池，鱼鼈不可胜食也；斧斤以时入山林，材木不可胜用也。	孟子·梁惠王上 1.8	2
ybbkssyfjysrslcmbksyy	鱼鼈不可胜食也；斧斤以时入山林，材木不可胜用也。	孟子·梁惠王上 1.8	2
fjysrslcmbksyy	斧斤以时入山林，材木不可胜用也。	孟子·梁惠王上 1.8	2
cmbksyy	材木不可胜用也。	孟子·梁惠王上 1.8	2
gyybbksscmbksyssmyssswhy	谷与鱼鼈不可胜食，材木不可胜用，是使民养生丧死无憾也。	孟子·梁惠王上 1.8	1
cmbksyssmyssswhy	材木不可胜用，是使民养生丧死无憾也。	孟子·梁惠王上 1.8	2
ssmyssswhy	是使民养生丧死无憾也。	孟子·梁惠王上 1.8	2
yssswhwdzsy	养生丧死无憾，王道之始也。	孟子·梁惠王上 1.8	1
wdzsy	王道之始也。	孟子·梁惠王上 1.8	2
wmzzszyswszkyybyjtgzzcwsqsqszkysrybmztwdqsskzjkywjyjxxzjszyxtzybbzbfdydly	五亩之宅，树之以桑，五十者可以衣帛矣；鸡豚狗彘之畜，无失其时，七十者可以食肉矣；百亩之田，勿夺其时，数口之家可以无饥矣；谨庠序之教，申之以孝悌之义，颁白者不负戴于道路矣。	孟子·梁惠王上 1.8	1
szyswszkyybyjtgzzcwsqsqszkysrybmztwdqsskzjkywjyjxxzjszyxtzybbzbfdydly	树之以桑，五十者可以衣帛矣；鸡豚狗彘之畜，无失其时，七十者可以食肉矣；百亩之田，勿夺其时，数口之家可以无饥矣；谨庠序之教，申之以孝悌之义，颁白者不负戴于道路矣。	孟子·梁惠王上 1.8	2
wszkyybyjtgzzcwsqsqszkysrybmztwdqsskzjkywjyjxxzjszyxtzybbzbfdydly	五十者可以衣帛矣；鸡豚狗彘之畜，无失其时，七十者可以食肉矣；百亩之田，勿夺其时，数口之家可以无饥矣；谨庠序之教，申之以孝悌之义，颁白者不负戴于道路矣。	孟子·梁惠王上 1.8	2
jtgzzcwsqsqszkysrybmztwdqsskzjkywjyjxxzjszyxtzybbzbfdydly	鸡豚狗彘之畜，无失其时，七十者可以食肉矣；百亩之田，勿夺其时，数口之家可以无饥矣；谨庠序之教，申之以孝悌之义，颁白者不负戴于道路矣。	孟子·梁惠王上 1.8	2
wsqsqszkysrybmztwdqsskzjkywjyjxxzjszyxtzybbzbfdydly	无失其时，七十者可以食肉矣；百亩之田，勿夺其时，数口之家可以无饥矣；谨庠序之教，申之以孝悌之义，颁白者不负戴于道路矣。	孟子·梁惠王上 1.8	2
qszkysrybmztwdqsskzjkywjyjxxzjszyxtzybbzbfdydly	七十者可以食肉矣；百亩之田，勿夺其时，数口之家可以无饥矣；谨庠序之教，申之以孝悌之义，颁白者不负戴于道路矣。	孟子·梁惠王上 1.8	2
bmztwdqsskzjkywjyjxxzjszyxtzybbzbfdydly	百亩之田，勿夺其时，数口之家可以无饥矣；谨庠序之教，申之以孝悌之义，颁白者不负戴于道路矣。	孟子·梁惠王上 1.8	2
wdqsskzjkywjyjxxzjszyxtzybbzbfdydly	勿夺其时，数口之家可以无饥矣；谨庠序之教，申之以孝悌之义，颁白者不负戴于道路矣。	孟子·梁惠王上 1.8	2
skzjkywjyjxxzjszyxtzybbzbfdydly	数口之家可以无饥矣；谨庠序之教，申之以孝悌之义，颁白者不负戴于道路矣。	孟子·梁惠王上 1.8	2
jxxzjszyxtzybbzbfdydly	谨庠序之教，申之以孝悌之义，颁白者不负戴于道路矣。	孟子·梁惠王上 1.8	2
szyxtzybbzbfdydly	申之以孝悌之义，颁白者不负戴于道路矣。	孟子·梁惠王上 1.8	2
bbzbfdydly	颁白者不负戴于道路矣。	孟子·梁惠王上 1.8	2
qszybsrlmbjbhrebwzwzyy	七十者衣帛食肉，黎民不饥不寒，然而不王者，未之有也。	孟子·梁惠王上 1.8	1
lmbjbhrebwzwzyy	黎民不饥不寒，然而不王者，未之有也。	孟子·梁惠王上 1.8	2
rebwzwzyy	然而不王者，未之有也。	孟子·梁惠王上 1.8	2
gzsrsebzjtyefebzfrszyfwysy	狗彘食人食而不知检，涂有饿莩而不知发；人死，则曰：‘非我也，岁也。’	孟子·梁惠王上 1.9	1
tyefebzfrszyfwysy	涂有饿莩而不知发；人死，则曰：‘非我也，岁也。’	孟子·梁惠王上 1.9	2
rszyfwysy	人死，则曰：‘非我也，岁也。’	孟子·梁惠王上 1.9	2
zyfwysy	则曰：‘非我也，岁也。’	孟子·梁惠王上 1.9	2
fwysy	‘非我也，岁也。’	孟子·梁惠王上 1.9	2
sy	岁也。	孟子·梁惠王上 1.9	2
shyycreszyfwyby	是何异于刺人而杀之，曰：‘非我也，兵也。’	孟子·梁惠王上 1.9	1
yfwyby	曰：‘非我也，兵也。’	孟子·梁惠王上 1.9	2
fwyby	‘非我也，兵也。’	孟子·梁惠王上 1.9	2
by	兵也。	孟子·梁惠王上 1.9	2
wwzsstxzmzy	王无罪岁，斯天下之民至焉。	孟子·梁惠王上 1.9	1
stxzmzy	斯天下之民至焉。	孟子·梁惠王上 1.9	2
lhwygryacj	梁惠王曰：“寡人愿安承教。”	孟子·梁惠王上 1.10	1
gryacj	“寡人愿安承教。”	孟子·梁惠王上 1.10	2
mzdysrytyryyyh	孟子对曰：“杀人以梃与刃，有以异乎？”	孟子·梁惠王上 1.11	1
srytyryyyh	“杀人以梃与刃，有以异乎？”	孟子·梁惠王上 1.11	2
yyyh	有以异乎？	孟子·梁惠王上 1.11	2
ywyyy	曰：“无以异也。”	孟子·梁惠王上 1.12	1
wyyy	“无以异也。”	孟子·梁惠王上 1.12	2
yryzyyyh	“以刃与政，有以异乎？”	孟子·梁惠王上 1.13	1
ypyfrjyfmmyjsyyefclsesry	曰：庖有肥肉，廐有肥马，民有饥色，野有饿莩，此率兽而食人也。	孟子·梁惠王上 1.15	1
pyfrjyfmmyjsyyefclsesry	庖有肥肉，廐有肥马，民有饥色，野有饿莩，此率兽而食人也。	孟子·梁惠王上 1.15	2
jyfmmyjsyyefclsesry	廐有肥马，民有饥色，野有饿莩，此率兽而食人也。	孟子·梁惠王上 1.15	2
myjsyyefclsesry	民有饥色，野有饿莩，此率兽而食人也。	孟子·梁惠王上 1.15	2
yyefclsesry	野有饿莩，此率兽而食人也。	孟子·梁惠王上 1.15	2
clsesry	此率兽而食人也。	孟子·梁惠王上 1.15	2
sxsqrez	兽相食，且人恶之。	孟子·梁惠王上 1.15	1
qrez	且人恶之。	孟子·梁惠王上 1.15	2
wmfmxzbmylsesr	为民父母，行政不免于率兽而食人。	孟子·梁惠王上 1.15	1
xzbmylsesr	行政不免于率兽而食人。	孟子·梁惠王上 1.15	2
ezqwmfmy	恶在其为民父母也？	孟子·梁惠王上 1.15	1
znyszyzqwhh	仲尼曰：‘始作俑者，其无后乎！’	孟子·梁惠王上 1.15	1
szyzqwhh	‘始作俑者，其无后乎！’	孟子·梁惠王上 1.15	2
qwhh	其无后乎！	孟子·梁惠王上 1.15	2
wqxreyzy	为其象人而用之也。	孟子·梁惠王上 1.15	1
rzhqssmjesy	如之何其使斯民饥而死也？	孟子·梁惠王上 1.15	1
lhwyjgtxmqyszszy	梁惠王曰：晋国，天下莫强焉，叟之所知也。	孟子·梁惠王上 1.16	1
jgtxmqyszszy	晋国，天下莫强焉，叟之所知也。	孟子·梁惠王上 1.16	2
txmqyszszy	天下莫强焉，叟之所知也。	孟子·梁惠王上 1.16	2
szszy	叟之所知也。	孟子·梁惠王上 1.16	2
jgrzsdbyqzzsyxsdyqqblnryc	及寡人之身，东败于齐，长子死焉；西丧地于秦七百里；南辱于楚。	孟子·梁惠王上 1.16	1
dbyqzzsyxsdyqqblnryc	东败于齐，长子死焉；西丧地于秦七百里；南辱于楚。	孟子·梁惠王上 1.16	2
zzsyxsdyqqblnryc	长子死焉；西丧地于秦七百里；南辱于楚。	孟子·梁惠王上 1.16	2
xsdyqqblnryc	西丧地于秦七百里；南辱于楚。	孟子·梁惠王上 1.16	2
nryc	南辱于楚。	孟子·梁惠王上 1.16	2
grczybszyszrzhzk	寡人耻之，愿比死者一洒之，如之何则可？	孟子·梁惠王上 1.16	1
ybszyszrzhzk	愿比死者一洒之，如之何则可？	孟子·梁惠王上 1.16	2
rzhzk	如之何则可？	孟子·梁惠王上 1.16	2
mzdydfblekyw	孟子对曰：地方百里而可以王。	孟子·梁惠王上 1.17	1
dfblekyw	地方百里而可以王。	孟子·梁惠王上 1.17	2
wrsrzymsxfbslsgyn	王如施仁政于民，省刑罚，薄税敛，深耕易耨。	孟子·梁惠王上 1.17	1
sxfbslsgyn	省刑罚，薄税敛，深耕易耨。	孟子·梁惠王上 1.17	2
bslsgyn	薄税敛，深耕易耨。	孟子·梁惠王上 1.17	2
sgyn	深耕易耨。	孟子·梁惠王上 1.17	2
zzyxrxqxtzxrysqfxcysqzsksztytqczjjlby	壮者以暇日修其孝悌忠信，入以事其父兄，出以事其长上，可使制梃以挞秦楚之坚甲利兵矣。	孟子·梁惠王上 1.17	1
rysqfxcysqzsksztytqczjjlby	入以事其父兄，出以事其长上，可使制梃以挞秦楚之坚甲利兵矣。	孟子·梁惠王上 1.17	2
cysqzsksztytqczjjlby	出以事其长上，可使制梃以挞秦楚之坚甲利兵矣。	孟子·梁惠王上 1.17	2
ksztytqczjjlby	可使制梃以挞秦楚之坚甲利兵矣。	孟子·梁惠王上 1.17	2
bdqmssbdgnyyqfmfmdexdqzls	彼夺其民时，使不得耕耨以养其父母，父母冻饿，兄弟妻子离散。	孟子·梁惠王上 1.17	1
sbdgnyyqfmfmdexdqzls	使不得耕耨以养其父母，父母冻饿，兄弟妻子离散。	孟子·梁惠王上 1.17	2
fmdexdqzls	父母冻饿，兄弟妻子离散。	孟子·梁惠王上 1.17	2
xdqzls	兄弟妻子离散。	孟子·梁惠王上 1.17	2
bxnqmwwezzfsywd	彼陷溺其民，王往而征之，夫谁与王敌？	孟子·梁惠王上 1.17	1
wwezzfsywd	王往而征之，夫谁与王敌？	孟子·梁惠王上 1.17	2
fsywd	夫谁与王敌？	孟子·梁惠王上 1.17	2
gyrzwd	故曰：‘仁者无敌。’	孟子·梁惠王上 1.17	1
rzwd	‘仁者无敌。’	孟子·梁惠王上 1.17	2
wqwy	王请勿疑！	孟子·梁惠王上 1.17	1
mzjlxw	孟子见梁襄王。	孟子·梁惠王上 1.18	1
cyrywzbsrjjzebjswy	出，语人曰：望之不似人君，就之而不见所畏焉。	孟子·梁惠王上 1.18	1
yrywzbsrjjzebjswy	语人曰：望之不似人君，就之而不见所畏焉。	孟子·梁惠王上 1.18	2
wzbsrjjzebjswy	望之不似人君，就之而不见所畏焉。	孟子·梁惠王上 1.18	2
jzebjswy	就之而不见所畏焉。	孟子·梁惠王上 1.18	2
zrwytxehd	卒然问曰：‘天下恶乎定？’	孟子·梁惠王上 1.18	1
txehd	‘天下恶乎定？’	孟子·梁惠王上 1.18	2
wdydyy	吾对曰：‘定于一。’	孟子·梁惠王上 1.18	1
dyy	‘定于一。’	孟子·梁惠王上 1.18	2
snyz	‘孰能一之？’	孟子·梁惠王上 1.19	1
dybssrznyz	对曰：‘不嗜杀人者能一之。’	孟子·梁惠王上 1.19	1
bssrznyz	‘不嗜杀人者能一之。’	孟子·梁惠王上 1.19	2
snyz	‘孰能与之？’	孟子·梁惠王上 1.20	1
dytxmbyy	对曰：天下莫不与也。	孟子·梁惠王上 1.20	1
txmbyy	天下莫不与也。	孟子·梁惠王上 1.20	2
wzfmh	王知夫苗乎？	孟子·梁惠王上 1.20	1
qbyzjhzmgy	七八月之间旱，则苗槁矣。	孟子·梁惠王上 1.20	1
zmgy	则苗槁矣。	孟子·梁惠王上 1.20	2
tyrzyprxyzmbrxzy	天油然作云，沛然下雨，则苗浡然兴之矣。	孟子·梁惠王上 1.20	1
prxyzmbrxzy	沛然下雨，则苗浡然兴之矣。	孟子·梁惠王上 1.20	2
zmbrxzy	则苗浡然兴之矣。	孟子·梁惠王上 1.20	2
qrssnyz	其如是，孰能御之？	孟子·梁惠王上 1.20	1
snyz	孰能御之？	孟子·梁惠王上 1.20	2
jftxzrmwybssrzyrybssrzztxzmjylewzy	今夫天下之人牧，未有不嗜杀人者也，如有不嗜杀人者，则天下之民皆引领而望之矣。	孟子·梁惠王上 1.20	1
wybssrzyrybssrzztxzmjylewzy	未有不嗜杀人者也，如有不嗜杀人者，则天下之民皆引领而望之矣。	孟子·梁惠王上 1.20	2
rybssrzztxzmjylewzy	如有不嗜杀人者，则天下之民皆引领而望之矣。	孟子·梁惠王上 1.20	2
ztxzmjylewzy	则天下之民皆引领而望之矣。	孟子·梁惠王上 1.20	2
crsymgzyszjxprsnyz	诚如是也，民归之，由水之就下，沛然谁能御之？	孟子·梁惠王上 1.20	1
mgzyszjxprsnyz	民归之，由水之就下，沛然谁能御之？	孟子·梁惠王上 1.20	2
yszjxprsnyz	由水之就下，沛然谁能御之？	孟子·梁惠王上 1.20	2
prsnyz	沛然谁能御之？	孟子·梁惠王上 1.20	2
qxwwyqhjwzskdwh	齐宣王问曰：“齐桓、晋文之事可得闻乎？”	孟子·梁惠王上 1.21	1
qhjwzskdwh	“齐桓、晋文之事可得闻乎？”	孟子·梁惠王上 1.21	2
jwzskdwh	晋文之事可得闻乎？	孟子·梁惠王上 1.21	2
mzdyznztwdhwzszsyhswcy	孟子对曰：仲尼之徒无道桓、文之事者，是以后世无传焉。	孟子·梁惠王上 1.22	1
znztwdhwzszsyhswcy	仲尼之徒无道桓、文之事者，是以后世无传焉。	孟子·梁惠王上 1.22	2
wzszsyhswcy	文之事者，是以后世无传焉。	孟子·梁惠王上 1.22	2
syhswcy	是以后世无传焉。	孟子·梁惠王上 1.22	2
cwzwy	臣未之闻也。	孟子·梁惠王上 1.22	1
wyzwh	无以，则王乎？	孟子·梁惠王上 1.22	1
zwh	则王乎？	孟子·梁惠王上 1.22	2
ydhrzkywy	曰：“德何如，则可以王矣？”	孟子·梁惠王上 1.23	1
dhrzkywy	“德何如，则可以王矣？”	孟子·梁惠王上 1.23	2
zkywy	则可以王矣？	孟子·梁惠王上 1.23	2
ybmewmznyy	曰：“保民而王，莫之能御也。”	孟子·梁惠王上 1.24	1
bmewmznyy	“保民而王，莫之能御也。”	孟子·梁惠王上 1.24	2
mznyy	莫之能御也。	孟子·梁惠王上 1.24	2
yrgrzkybmhz	曰：“若寡人者，可以保民乎哉？”	孟子·梁惠王上 1.25	1
rgrzkybmhz	“若寡人者，可以保民乎哉？”	孟子·梁惠王上 1.25	2
kybmhz	可以保民乎哉？	孟子·梁惠王上 1.25	2
yk	曰：“可。”	孟子·梁惠王上 1.26	1
yhyzwky	曰：“何由知吾可也？”	孟子·梁惠王上 1.27	1
hyzwky	“何由知吾可也？”	孟子·梁惠王上 1.27	2
ycwzhhywzytsyqnegtxzwjzynhz	曰：臣闻之胡龁曰，王坐于堂上，有牵牛而过堂下者，王见之，曰：‘牛何之？’	孟子·梁惠王上 1.28	1
cwzhhywzytsyqnegtxzwjzynhz	臣闻之胡龁曰，王坐于堂上，有牵牛而过堂下者，王见之，曰：‘牛何之？’	孟子·梁惠王上 1.28	2
wzytsyqnegtxzwjzynhz	王坐于堂上，有牵牛而过堂下者，王见之，曰：‘牛何之？’	孟子·梁惠王上 1.28	2
yqnegtxzwjzynhz	有牵牛而过堂下者，王见之，曰：‘牛何之？’	孟子·梁惠王上 1.28	2
wjzynhz	王见之，曰：‘牛何之？’	孟子·梁惠王上 1.28	2
ynhz	曰：‘牛何之？’	孟子·梁惠王上 1.28	2
nhz	‘牛何之？’	孟子·梁惠王上 1.28	2
dyjyxz	对曰：‘将以衅钟。’	孟子·梁惠王上 1.28	1
jyxz	‘将以衅钟。’	孟子·梁惠王上 1.28	2
wysz	王曰：舍之！	孟子·梁惠王上 1.28	1
sz	舍之！	孟子·梁惠王上 1.28	2
wbrqhsrwzejsd	吾不忍其觳觫，若无罪而就死地。	孟子·梁惠王上 1.28	1
rwzejsd	若无罪而就死地。	孟子·梁惠王上 1.28	2
dyrzfxzy	对曰：‘然则废衅钟与？’	孟子·梁惠王上 1.28	1
rzfxzy	‘然则废衅钟与？’	孟子·梁惠王上 1.28	2
yhkfy	曰：何可废也？	孟子·梁惠王上 1.28	1
hkfy	何可废也？	孟子·梁惠王上 1.28	2
yyyz	以羊易之！	孟子·梁惠王上 1.28	1
bsyz	不识有诸？	孟子·梁惠王上 1.28	1
yyz	曰：“有之。”	孟子·梁惠王上 1.29	1
yz	“有之。”	孟子·梁惠王上 1.29	2
ysxzywy	曰：是心足以王矣。	孟子·梁惠王上 1.30	1
sxzywy	是心足以王矣。	孟子·梁惠王上 1.30	2
bxjywwaycgzwzbry	百姓皆以王为爱也，臣固知王之不忍也。	孟子·梁惠王上 1.30	1
cgzwzbry	臣固知王之不忍也。	孟子·梁惠王上 1.30	2
wyr	王曰：然。	孟子·梁惠王上 1.31	1
cybxz	诚有百姓者。	孟子·梁惠王上 1.31	1
qgsbxwhayn	齐国虽褊小，吾何爱一牛？	孟子·梁惠王上 1.31	1
whayn	吾何爱一牛？	孟子·梁惠王上 1.31	2
jbrqhsrwzejsdgyyyzy	即不忍其觳觫，若无罪而就死地，故以羊易之也。	孟子·梁惠王上 1.31	1
rwzejsdgyyyzy	若无罪而就死地，故以羊易之也。	孟子·梁惠王上 1.31	2
gyyyzy	故以羊易之也。	孟子·梁惠王上 1.31	2
ywwyybxzywway	曰：王无异于百姓之以王为爱也。	孟子·梁惠王上 1.32	1
wwyybxzywway	王无异于百姓之以王为爱也。	孟子·梁惠王上 1.32	2
yxydbezz	以小易大，彼恶知之？	孟子·梁惠王上 1.32	1
bezz	彼恶知之？	孟子·梁惠王上 1.32	2
wryqwzejsdznyhzy	王若隐其无罪而就死地，则牛羊何择焉？	孟子·梁惠王上 1.32	1
znyhzy	则牛羊何择焉？	孟子·梁惠王上 1.32	2
wxyschxz	王笑曰：是诚何心哉？	孟子·梁惠王上 1.33	1
schxz	是诚何心哉？	孟子·梁惠王上 1.33	2
wfaqc	我非爱其财。	孟子·梁惠王上 1.33	1
eyzyyyyhbxzwway	而易之以羊也，宜乎百姓之谓我爱也。	孟子·梁惠王上 1.33	1
yhbxzwway	宜乎百姓之谓我爱也。	孟子·梁惠王上 1.33	2
ywsysnrsyjnwjyy	曰：无伤也，是乃仁术也，见牛未见羊也。	孟子·梁惠王上 1.34	1
wsysnrsyjnwjyy	无伤也，是乃仁术也，见牛未见羊也。	孟子·梁惠王上 1.34	2
snrsyjnwjyy	是乃仁术也，见牛未见羊也。	孟子·梁惠王上 1.34	2
jnwjyy	见牛未见羊也。	孟子·梁惠王上 1.34	2
jzzyqsyjqsbrjqswqsbrsqr	君子之于禽兽也，见其生，不忍见其死；闻其声，不忍食其肉。	孟子·梁惠王上 1.34	1
jqsbrjqswqsbrsqr	见其生，不忍见其死；闻其声，不忍食其肉。	孟子·梁惠王上 1.34	2
brjqswqsbrsqr	不忍见其死；闻其声，不忍食其肉。	孟子·梁惠王上 1.34	2
wqsbrsqr	闻其声，不忍食其肉。	孟子·梁惠王上 1.34	2
brsqr	不忍食其肉。	孟子·梁惠王上 1.34	2
syjzypcy	是以君子远庖厨也。	孟子·梁惠王上 1.34	1
wsysytryxycdz	王说曰：《诗》云：‘他人有心，予忖度之。’	孟子·梁惠王上 1.35	1
sytryxycdz	《诗》云：‘他人有心，予忖度之。’	孟子·梁惠王上 1.35	2
tryxycdz	‘他人有心，予忖度之。’	孟子·梁惠王上 1.35	2
ycdz	予忖度之。	孟子·梁惠王上 1.35	2
fzzwy	夫子之谓也。	孟子·梁惠王上 1.35	1
fwnxzfeqzbdwx	夫我乃行之，反而求之，不得吾心。	孟子·梁惠王上 1.35	1
feqzbdwx	反而求之，不得吾心。	孟子·梁惠王上 1.35	2
bdwx	不得吾心。	孟子·梁惠王上 1.35	2
fzyzywxyqqy	夫子言之，于我心有戚戚焉。	孟子·梁惠王上 1.35	1
ywxyqqy	于我心有戚戚焉。	孟子·梁惠王上 1.35	2
cxzsyhywzhy	此心之所以合于王者，何也？	孟子·梁惠王上 1.35	1
yyfywzywlzyjbjebzyjyymzycqhzmebjyxzwxzh	曰：“有复于王者曰：‘吾力足以举百钧’，而不足以举一羽；‘明足以察秋毫之末’，而不见舆薪，则王许之乎？”	孟子·梁惠王上 1.36	1
yfywzywlzyjbjebzyjyymzycqhzmebjyxzwxzh	“有复于王者曰：‘吾力足以举百钧’，而不足以举一羽；‘明足以察秋毫之末’，而不见舆薪，则王许之乎？”	孟子·梁惠王上 1.36	2
wlzyjbjebzyjyymzycqhzmebjyxzwxzh	‘吾力足以举百钧’，而不足以举一羽；‘明足以察秋毫之末’，而不见舆薪，则王许之乎？	孟子·梁惠王上 1.36	2
ebzyjyymzycqhzmebjyxzwxzh	而不足以举一羽；‘明足以察秋毫之末’，而不见舆薪，则王许之乎？	孟子·梁惠王上 1.36	2
mzycqhzmebjyxzwxzh	‘明足以察秋毫之末’，而不见舆薪，则王许之乎？	孟子·梁惠王上 1.36	2
ebjyxzwxzh	而不见舆薪，则王许之乎？	孟子·梁惠王上 1.36	2
zwxzh	则王许之乎？	孟子·梁惠王上 1.36	2
yf	曰：“否。”	孟子·梁惠王上 1.37	1
jezyjqsegbzybxzdhy	今恩足以及禽兽，而功不至于百姓者，独何与？	孟子·梁惠王上 1.38	1
egbzybxzdhy	而功不至于百姓者，独何与？	孟子·梁惠王上 1.38	2
dhy	独何与？	孟子·梁惠王上 1.38	2
rzyyzbjwbylyyxzbjwbymybxzbjbwbyey	然则一羽之不举，为不用力焉；舆薪之不见，为不用明焉，百姓之不见保，为不用恩焉。	孟子·梁惠王上 1.38	1
wbylyyxzbjwbymybxzbjbwbyey	为不用力焉；舆薪之不见，为不用明焉，百姓之不见保，为不用恩焉。	孟子·梁惠王上 1.38	2
yxzbjwbymybxzbjbwbyey	舆薪之不见，为不用明焉，百姓之不见保，为不用恩焉。	孟子·梁惠王上 1.38	2
wbymybxzbjbwbyey	为不用明焉，百姓之不见保，为不用恩焉。	孟子·梁惠王上 1.38	2
bxzbjbwbyey	百姓之不见保，为不用恩焉。	孟子·梁惠王上 1.38	2
wbyey	为不用恩焉。	孟子·梁惠王上 1.38	2
gwzbwbwyfbny	故王之不王，不为也，非不能也。	孟子·梁惠王上 1.38	1
bwyfbny	不为也，非不能也。	孟子·梁惠王上 1.38	2
fbny	非不能也。	孟子·梁惠王上 1.38	2
ybwzybnzzxhyy	曰：“不为者与不能者之形何以异？”	孟子·梁惠王上 1.39	1
bwzybnzzxhyy	“不为者与不能者之形何以异？”	孟子·梁惠王上 1.39	2
yxtsycbhyrywbnscbny	曰：挟太山以超北海，语人曰‘我不能’，是诚不能也。	孟子·梁惠王上 1.40	1
xtsycbhyrywbnscbny	挟太山以超北海，语人曰‘我不能’，是诚不能也。	孟子·梁惠王上 1.40	2
yrywbnscbny	语人曰‘我不能’，是诚不能也。	孟子·梁惠王上 1.40	2
scbny	是诚不能也。	孟子·梁惠王上 1.40	2
wzzzzyrywbnsbwyfbny	为长者折枝，语人曰‘我不能’，是不为也，非不能也。	孟子·梁惠王上 1.40	1
yrywbnsbwyfbny	语人曰‘我不能’，是不为也，非不能也。	孟子·梁惠王上 1.40	2
sbwyfbny	是不为也，非不能也。	孟子·梁惠王上 1.40	2
gwzbwfxtsycbhzlywzbwszzzly	故王之不王，非挟太山以超北海之类也；王之不王，是折枝之类也。	孟子·梁惠王上 1.40	1
fxtsycbhzlywzbwszzzly	非挟太山以超北海之类也；王之不王，是折枝之类也。	孟子·梁惠王上 1.40	2
wzbwszzzly	王之不王，是折枝之类也。	孟子·梁惠王上 1.40	2
szzzly	是折枝之类也。	孟子·梁惠王上 1.40	2
lwlyjrzlywyyjrzy	老吾老，以及人之老；幼吾幼，以及人之幼。	孟子·梁惠王上 1.40	1
yjrzlywyyjrzy	以及人之老；幼吾幼，以及人之幼。	孟子·梁惠王上 1.40	2
ywyyjrzy	幼吾幼，以及人之幼。	孟子·梁惠王上 1.40	2
yjrzy	以及人之幼。	孟子·梁惠王上 1.40	2
txkyyz	天下可运于掌。	孟子·梁惠王上 1.40	1
syxygqzyxdyyyjb	《诗》云：‘刑于寡妻，至于兄弟，以御于家邦。’	孟子·梁惠王上 1.40	1
xygqzyxdyyyjb	‘刑于寡妻，至于兄弟，以御于家邦。’	孟子·梁惠王上 1.40	2
zyxdyyyjb	至于兄弟，以御于家邦。	孟子·梁惠王上 1.40	2
yyyjb	以御于家邦。	孟子·梁惠王上 1.40	2
yjsxjzbey	言举斯心加诸彼而已。	孟子·梁惠王上 1.40	1
gtezybshbtewybqz	故推恩足以保四海，不推恩无以保妻子。	孟子·梁惠王上 1.40	1
btewybqz	不推恩无以保妻子。	孟子·梁惠王上 1.40	2
gzrsydgrzwtystqsweyy	古之人所以大过人者无他焉，善推其所为而已矣。	孟子·梁惠王上 1.40	1
stqsweyy	善推其所为而已矣。	孟子·梁惠王上 1.40	2
qrhzqzdrhzcd	权，然后知轻重；度，然后知长短。	孟子·梁惠王上 1.40	1
rhzqzdrhzcd	然后知轻重；度，然后知长短。	孟子·梁惠王上 1.40	2
drhzcd	度，然后知长短。	孟子·梁惠王上 1.40	2
rhzcd	然后知长短。	孟子·梁惠王上 1.40	2
wjrxws	物皆然，心为甚。	孟子·梁惠王上 1.40	1
xws	心为甚。	孟子·梁惠王上 1.40	2
wqdz	王请度之！	孟子·梁惠王上 1.40	1
ywxjbwscgyyzhrhkyxy	抑王兴甲兵，危士臣，构怨于诸侯，然后快于心与？	孟子·梁惠王上 1.40	1
wscgyyzhrhkyxy	危士臣，构怨于诸侯，然后快于心与？	孟子·梁惠王上 1.40	2
gyyzhrhkyxy	构怨于诸侯，然后快于心与？	孟子·梁惠王上 1.40	2
rhkyxy	然后快于心与？	孟子·梁惠王上 1.40	2
wyf	王曰：否。	孟子·梁惠王上 1.41	1
whkys	吾何快于是？	孟子·梁惠王上 1.41	1
jyqwsdyy	将以求吾所大欲也。	孟子·梁惠王上 1.41	1
ywzsdykdwy	曰：“王之所大欲可得闻与？”	孟子·梁惠王上 1.42	1
wzsdykdwy	“王之所大欲可得闻与？”	孟子·梁惠王上 1.42	2
wxeby	王笑而不言。	孟子·梁惠王上 1.42	1
ywfgbzyky	曰：为肥甘不足于口与？	孟子·梁惠王上 1.43	1
wfgbzyky	为肥甘不足于口与？	孟子·梁惠王上 1.43	2
qnbzyty	轻煖不足于体与？	孟子·梁惠王上 1.43	1
ywcsbzsymy	抑为采色不足视于目与？	孟子·梁惠王上 1.43	1
sybztyey	声音不足听于耳与？	孟子·梁惠王上 1.43	1
pbbzslyqy	便嬖不足使令于前与？	孟子·梁惠王上 1.43	1
wzzcjzygzewqwsz	王之诸臣皆足以供之，而王岂为是哉？	孟子·梁惠王上 1.43	1
ewqwsz	而王岂为是哉？	孟子·梁惠王上 1.43	2
yf	曰：否。	孟子·梁惠王上 1.44	1
wbwsy	吾不为是也。	孟子·梁惠王上 1.44	1
yrzwzsdykzy	曰：然则王之所大欲可知已。	孟子·梁惠王上 1.45	1
rzwzsdykzy	然则王之所大欲可知已。	孟子·梁惠王上 1.45	2
yptdcqclzgefsyy	欲辟土地，朝秦楚，莅中国而抚四夷也。	孟子·梁惠王上 1.45	1
cqclzgefsyy	朝秦楚，莅中国而抚四夷也。	孟子·梁惠王上 1.45	2
lzgefsyy	莅中国而抚四夷也。	孟子·梁惠王上 1.45	2
yrswqrsyyymeqyy	以若所为求若所欲，犹缘木而求鱼也。	孟子·梁惠王上 1.45	1
yymeqyy	犹缘木而求鱼也。	孟子·梁惠王上 1.45	2
wyrsqsy	王曰：“若是其甚与？”	孟子·梁惠王上 1.46	1
rsqsy	“若是其甚与？”	孟子·梁惠王上 1.46	2
ydysy	曰：殆有甚焉。	孟子·梁惠王上 1.47	1
dysy	殆有甚焉。	孟子·梁惠王上 1.47	2
ymqysbdywhz	缘木求鱼，虽不得鱼，无后灾。	孟子·梁惠王上 1.47	1
sbdywhz	虽不得鱼，无后灾。	孟子·梁惠王上 1.47	2
whz	无后灾。	孟子·梁惠王上 1.47	2
yrswqrsyjxlewzhbyz	以若所为，求若所欲，尽心力而为之，后必有灾。	孟子·梁惠王上 1.47	1
qrsyjxlewzhbyz	求若所欲，尽心力而为之，后必有灾。	孟子·梁惠王上 1.47	2
jxlewzhbyz	尽心力而为之，后必有灾。	孟子·梁惠王上 1.47	2
hbyz	后必有灾。	孟子·梁惠王上 1.47	2
ykdwy	曰：“可得闻与？”	孟子·梁惠王上 1.48	1
kdwy	“可得闻与？”	孟子·梁惠王上 1.48	2
yzrycrzzwywss	曰：“邹人与楚人战，则王以为孰胜？”	孟子·梁惠王上 1.49	1
zrycrzzwywss	“邹人与楚人战，则王以为孰胜？”	孟子·梁惠王上 1.49	2
zwywss	则王以为孰胜？	孟子·梁惠王上 1.49	2
ycrs	曰：“楚人胜。”	孟子·梁惠王上 1.50	1
crs	“楚人胜。”	孟子·梁惠王上 1.50	2
yrzxgbkyddggbkydzrgbkydj	曰：然则小固不可以敌大，寡固不可以敌众，弱固不可以敌彊。	孟子·梁惠王上 1.51	1
rzxgbkyddggbkydzrgbkydj	然则小固不可以敌大，寡固不可以敌众，弱固不可以敌彊。	孟子·梁惠王上 1.51	2
ggbkydzrgbkydj	寡固不可以敌众，弱固不可以敌彊。	孟子·梁惠王上 1.51	2
rgbkydj	弱固不可以敌彊。	孟子·梁惠王上 1.51	2
hnzdfqlzjqjyqy	海内之地方千里者九，齐集有其一。	孟子·梁惠王上 1.51	1
qjyqy	齐集有其一。	孟子·梁惠王上 1.51	2
yyfbhyyyzdcz	以一服八，何以异于邹敌楚哉？	孟子·梁惠王上 1.51	1
hyyyzdcz	何以异于邹敌楚哉？	孟子·梁惠王上 1.51	2
gyfqby	盖亦反其本矣。	孟子·梁惠王上 1.51	1
jwfzsrstxszjylywzcgzjygywzysgjycywzsxljycywzttxzyjqjzjyfsyw	今王发政施仁，使天下仕者皆欲立于王之朝，耕者皆欲耕于王之野，商贾皆欲藏于王之市，行旅皆欲出于王之涂，天下之欲疾其君者皆欲赴愬于王。	孟子·梁惠王上 1.51	1
stxszjylywzcgzjygywzysgjycywzsxljycywzttxzyjqjzjyfsyw	使天下仕者皆欲立于王之朝，耕者皆欲耕于王之野，商贾皆欲藏于王之市，行旅皆欲出于王之涂，天下之欲疾其君者皆欲赴愬于王。	孟子·梁惠王上 1.51	2
gzjygywzysgjycywzsxljycywzttxzyjqjzjyfsyw	耕者皆欲耕于王之野，商贾皆欲藏于王之市，行旅皆欲出于王之涂，天下之欲疾其君者皆欲赴愬于王。	孟子·梁惠王上 1.51	2
sgjycywzsxljycywzttxzyjqjzjyfsyw	商贾皆欲藏于王之市，行旅皆欲出于王之涂，天下之欲疾其君者皆欲赴愬于王。	孟子·梁惠王上 1.51	2
xljycywzttxzyjqjzjyfsyw	行旅皆欲出于王之涂，天下之欲疾其君者皆欲赴愬于王。	孟子·梁惠王上 1.51	2
txzyjqjzjyfsyw	天下之欲疾其君者皆欲赴愬于王。	孟子·梁惠王上 1.51	2
qrssnyz	其若是，孰能御之？	孟子·梁惠王上 1.51	1
wywhbnjysy	王曰：吾惛，不能进于是矣。	孟子·梁惠王上 1.52	1
whbnjysy	吾惛，不能进于是矣。	孟子·梁惠王上 1.52	2
bnjysy	不能进于是矣。	孟子·梁惠王上 1.52	2
yfzfwzmyjw	愿夫子辅吾志，明以教我。	孟子·梁惠王上 1.52	1
myjw	明以教我。	孟子·梁惠王上 1.52	2
wsbmqcsz	我虽不敏，请尝试之。	孟子·梁惠王上 1.52	1
qcsz	请尝试之。	孟子·梁惠王上 1.52	2
ywhceyhxzwswn	曰：无恒产而有恒心者，惟士为能。	孟子·梁惠王上 1.53	1
whceyhxzwswn	无恒产而有恒心者，惟士为能。	孟子·梁惠王上 1.53	2
wswn	惟士为能。	孟子·梁惠王上 1.53	2
rmzwhcywhx	若民，则无恒产，因无恒心。	孟子·梁惠王上 1.53	1
zwhcywhx	则无恒产，因无恒心。	孟子·梁惠王上 1.53	2
ywhx	因无恒心。	孟子·梁惠王上 1.53	2
gwhxfpxcwbwy	苟无恒心，放辟，邪侈，无不为已。	孟子·梁惠王上 1.53	1
fpxcwbwy	放辟，邪侈，无不为已。	孟子·梁惠王上 1.53	2
xcwbwy	邪侈，无不为已。	孟子·梁惠王上 1.53	2
wbwy	无不为已。	孟子·梁惠王上 1.53	2
jxyzrhcexzswmy	及陷于罪，然后从而刑之，是罔民也。	孟子·梁惠王上 1.53	1
rhcexzswmy	然后从而刑之，是罔民也。	孟子·梁惠王上 1.53	2
swmy	是罔民也。	孟子·梁惠王上 1.53	2
yyrrzwwmekwy	焉有仁人在位，罔民而可为也？	孟子·梁惠王上 1.53	1
wmekwy	罔民而可为也？	孟子·梁惠王上 1.53	2
sgmjzmzcbsyzysfmfzycqzlszsbxnmysw	是故明君制民之产，必使仰足以事父母，俯足以畜妻子，乐岁终身饱，凶年免于死亡。	孟子·梁惠王上 1.53	1
bsyzysfmfzycqzlszsbxnmysw	必使仰足以事父母，俯足以畜妻子，乐岁终身饱，凶年免于死亡。	孟子·梁惠王上 1.53	2
fzycqzlszsbxnmysw	俯足以畜妻子，乐岁终身饱，凶年免于死亡。	孟子·梁惠王上 1.53	2
lszsbxnmysw	乐岁终身饱，凶年免于死亡。	孟子·梁惠王上 1.53	2
xnmysw	凶年免于死亡。	孟子·梁惠王上 1.53	2
rhqezsgmzczyq	然后驱而之善，故民之从之也轻。	孟子·梁惠王上 1.53	1
gmzczyq	故民之从之也轻。	孟子·梁惠王上 1.53	2
jyzmzcybzysfmfbzycqzlszskxnbmysw	今也制民之产，仰不足以事父母，俯不足以畜妻子，乐岁终身苦，凶年不免于死亡。	孟子·梁惠王上 1.53	1
ybzysfmfbzycqzlszskxnbmysw	仰不足以事父母，俯不足以畜妻子，乐岁终身苦，凶年不免于死亡。	孟子·梁惠王上 1.53	2
fbzycqzlszskxnbmysw	俯不足以畜妻子，乐岁终身苦，凶年不免于死亡。	孟子·梁惠王上 1.53	2
lszskxnbmysw	乐岁终身苦，凶年不免于死亡。	孟子·梁惠王上 1.53	2
xnbmysw	凶年不免于死亡。	孟子·梁惠王上 1.53	2
cwjsekbsxxzlyz	此惟救死而恐不赡，奚暇治礼义哉？	孟子·梁惠王上 1.53	1
xxzlyz	奚暇治礼义哉？	孟子·梁惠王上 1.53	2
wyxzzhfqby	王欲行之，则盍反其本矣。	孟子·梁惠王上 1.53	1
zhfqby	则盍反其本矣。	孟子·梁惠王上 1.53	2
wmzzszyswszkyybyjtgzzcwsqsqszkysrybmztwdqsbkzjkywjyjxxzjszyxtzybbzbfdydly	五亩之宅，树之以桑，五十者可以衣帛矣；鸡豚狗彘之畜，无失其时，七十者可以食肉矣；百亩之田，勿夺其时，八口之家可以无饥矣；谨庠序之教，申之以孝悌之义，颁白者不负戴于道路矣。	孟子·梁惠王上 1.53	1
szyswszkyybyjtgzzcwsqsqszkysrybmztwdqsbkzjkywjyjxxzjszyxtzybbzbfdydly	树之以桑，五十者可以衣帛矣；鸡豚狗彘之畜，无失其时，七十者可以食肉矣；百亩之田，勿夺其时，八口之家可以无饥矣；谨庠序之教，申之以孝悌之义，颁白者不负戴于道路矣。	孟子·梁惠王上 1.53	2
wszkyybyjtgzzcwsqsqszkysrybmztwdqsbkzjkywjyjxxzjszyxtzybbzbfdydly	五十者可以衣帛矣；鸡豚狗彘之畜，无失其时，七十者可以食肉矣；百亩之田，勿夺其时，八口之家可以无饥矣；谨庠序之教，申之以孝悌之义，颁白者不负戴于道路矣。	孟子·梁惠王上 1.53	2
jtgzzcwsqsqszkysrybmztwdqsbkzjkywjyjxxzjszyxtzybbzbfdydly	鸡豚狗彘之畜，无失其时，七十者可以食肉矣；百亩之田，勿夺其时，八口之家可以无饥矣；谨庠序之教，申之以孝悌之义，颁白者不负戴于道路矣。	孟子·梁惠王上 1.53	2
wsqsqszkysrybmztwdqsbkzjkywjyjxxzjszyxtzybbzbfdydly	无失其时，七十者可以食肉矣；百亩之田，勿夺其时，八口之家可以无饥矣；谨庠序之教，申之以孝悌之义，颁白者不负戴于道路矣。	孟子·梁惠王上 1.53	2
qszkysrybmztwdqsbkzjkywjyjxxzjszyxtzybbzbfdydly	七十者可以食肉矣；百亩之田，勿夺其时，八口之家可以无饥矣；谨庠序之教，申之以孝悌之义，颁白者不负戴于道路矣。	孟子·梁惠王上 1.53	2
bmztwdqsbkzjkywjyjxxzjszyxtzybbzbfdydly	百亩之田，勿夺其时，八口之家可以无饥矣；谨庠序之教，申之以孝悌之义，颁白者不负戴于道路矣。	孟子·梁惠王上 1.53	2
wdqsbkzjkywjyjxxzjszyxtzybbzbfdydly	勿夺其时，八口之家可以无饥矣；谨庠序之教，申之以孝悌之义，颁白者不负戴于道路矣。	孟子·梁惠王上 1.53	2
bkzjkywjyjxxzjszyxtzybbzbfdydly	八口之家可以无饥矣；谨庠序之教，申之以孝悌之义，颁白者不负戴于道路矣。	孟子·梁惠王上 1.53	2
lzybsrlmbjbhrebwzwzyy	老者衣帛食肉，黎民不饥不寒，然而不王者，未之有也。	孟子·梁惠王上 1.53	1
zbjmzybjywwybyhlbwyydy	庄暴见孟子，曰：“暴见于王，王语暴以好乐，暴未有以对也。”	孟子·梁惠王下 2.1	1
ybjywwybyhlbwyydy	曰：“暴见于王，王语暴以好乐，暴未有以对也。”	孟子·梁惠王下 2.1	2
bjywwybyhlbwyydy	“暴见于王，王语暴以好乐，暴未有以对也。”	孟子·梁惠王下 2.1	2
wybyhlbwyydy	王语暴以好乐，暴未有以对也。	孟子·梁惠王下 2.1	2
bwyydy	暴未有以对也。	孟子·梁惠王下 2.1	2
yhlhr	曰：“好乐何如？”	孟子·梁惠王下 2.1	1
hlhr	“好乐何如？”	孟子·梁惠王下 2.1	2
mzywzhlszqgqsjh	孟子曰：“王之好乐甚，则齐国其庶几乎！”	孟子·梁惠王下 2.2	1
wzhlszqgqsjh	“王之好乐甚，则齐国其庶几乎！”	孟子·梁惠王下 2.2	2
zqgqsjh	则齐国其庶几乎！	孟子·梁惠王下 2.2	2
trjywywcyzzyhlyz	他日，见于王曰：“王尝语庄子以好乐，有诸？”	孟子·梁惠王下 2.3	1
jywywcyzzyhlyz	见于王曰：“王尝语庄子以好乐，有诸？”	孟子·梁惠王下 2.3	2
wcyzzyhlyz	“王尝语庄子以好乐，有诸？”	孟子·梁惠王下 2.3	2
wbhsygrfnhxwzlyzhsszle	王变乎色，曰：“寡人非能好先王之乐也，直好世俗之乐耳。”	孟子·梁惠王下 2.3	1
ygrfnhxwzlyzhsszle	曰：“寡人非能好先王之乐也，直好世俗之乐耳。”	孟子·梁惠王下 2.3	2
grfnhxwzlyzhsszle	“寡人非能好先王之乐也，直好世俗之乐耳。”	孟子·梁惠王下 2.3	2
zhsszle	直好世俗之乐耳。	孟子·梁惠王下 2.3	2
ywzhlszqqsjh	曰：王之好乐甚，则齐其庶几乎！	孟子·梁惠王下 2.4	1
wzhlszqqsjh	王之好乐甚，则齐其庶几乎！	孟子·梁惠王下 2.4	2
zqqsjh	则齐其庶几乎！	孟子·梁惠王下 2.4	2
jzlygzly	今之乐犹古之乐也。	孟子·梁惠王下 2.4	1
ydllyrllsl	曰：“独乐乐，与人乐乐，孰乐？”	孟子·梁惠王下 2.5	1
dllyrllsl	“独乐乐，与人乐乐，孰乐？”	孟子·梁惠王下 2.5	2
yrllsl	与人乐乐，孰乐？	孟子·梁惠王下 2.5	2
sl	孰乐？	孟子·梁惠王下 2.5	2
ybryr	曰：“不若与人。”	孟子·梁惠王下 2.5	1
bryr	“不若与人。”	孟子·梁惠王下 2.5	2
yysllyzllsl	曰：“与少乐乐，与众乐乐，孰乐？”	孟子·梁惠王下 2.6	1
ysllyzllsl	“与少乐乐，与众乐乐，孰乐？”	孟子·梁惠王下 2.6	2
yzllsl	与众乐乐，孰乐？	孟子·梁惠王下 2.6	2
ybryz	曰：“不若与众。”	孟子·梁惠王下 2.6	1
bryz	“不若与众。”	孟子·梁惠王下 2.6	2
cqwwyljwgyycbxwwzgzsgyzyjjsceexgywwzhgyfhswzycjy	臣请为王言乐：今王鼓乐于此，百姓闻王钟鼓之声，管籥之音，举疾首蹙頞而相告曰：吾王之好鼓乐，夫何使我至于此极也？	孟子·梁惠王下 2.7	1
jwgyycbxwwzgzsgyzyjjsceexgywwzhgyfhswzycjy	今王鼓乐于此，百姓闻王钟鼓之声，管籥之音，举疾首蹙頞而相告曰：吾王之好鼓乐，夫何使我至于此极也？	孟子·梁惠王下 2.7	2
bxwwzgzsgyzyjjsceexgywwzhgyfhswzycjy	百姓闻王钟鼓之声，管籥之音，举疾首蹙頞而相告曰：吾王之好鼓乐，夫何使我至于此极也？	孟子·梁惠王下 2.7	2
gyzyjjsceexgywwzhgyfhswzycjy	管籥之音，举疾首蹙頞而相告曰：吾王之好鼓乐，夫何使我至于此极也？	孟子·梁惠王下 2.7	2
jjsceexgywwzhgyfhswzycjy	举疾首蹙頞而相告曰：吾王之好鼓乐，夫何使我至于此极也？	孟子·梁惠王下 2.7	2
wwzhgyfhswzycjy	吾王之好鼓乐，夫何使我至于此极也？	孟子·梁惠王下 2.7	2
fhswzycjy	夫何使我至于此极也？	孟子·梁惠王下 2.7	2
fzbxjxdqzls	父子不相见，兄弟妻子离散。	孟子·梁惠王下 2.7	1
jwtlycbxwwcmzyjymzmjjsceexgywwzhtlfhswzycjy	今王田猎于此，百姓闻王车马之音，见羽旄之美，举疾首蹙頞而相告曰：吾王之好田猎，夫何使我至于此极也？	孟子·梁惠王下 2.7	1
bxwwcmzyjymzmjjsceexgywwzhtlfhswzycjy	百姓闻王车马之音，见羽旄之美，举疾首蹙頞而相告曰：吾王之好田猎，夫何使我至于此极也？	孟子·梁惠王下 2.7	2
jymzmjjsceexgywwzhtlfhswzycjy	见羽旄之美，举疾首蹙頞而相告曰：吾王之好田猎，夫何使我至于此极也？	孟子·梁惠王下 2.7	2
jjsceexgywwzhtlfhswzycjy	举疾首蹙頞而相告曰：吾王之好田猎，夫何使我至于此极也？	孟子·梁惠王下 2.7	2
wwzhtlfhswzycjy	吾王之好田猎，夫何使我至于此极也？	孟子·梁惠王下 2.7	2
cwtbymtly	此无他，不与民同乐也。	孟子·梁惠王下 2.7	1
bymtly	不与民同乐也。	孟子·梁惠王下 2.7	2
jwgyycbxwwzgzsgyzyjxxryxsexgywwsjwjby	今王鼓乐于此，百姓闻王钟鼓之声，管籥之音，举欣欣然有喜色而相告曰：吾王庶几无疾病与？	孟子·梁惠王下 2.8	1
bxwwzgzsgyzyjxxryxsexgywwsjwjby	百姓闻王钟鼓之声，管籥之音，举欣欣然有喜色而相告曰：吾王庶几无疾病与？	孟子·梁惠王下 2.8	2
gyzyjxxryxsexgywwsjwjby	管籥之音，举欣欣然有喜色而相告曰：吾王庶几无疾病与？	孟子·梁惠王下 2.8	2
jxxryxsexgywwsjwjby	举欣欣然有喜色而相告曰：吾王庶几无疾病与？	孟子·梁惠王下 2.8	2
wwsjwjby	吾王庶几无疾病与？	孟子·梁惠王下 2.8	2
hyngyy	何以能鼓乐也？	孟子·梁惠王下 2.8	1
jwtlycbxwwcmzyjymzmjxxryxsexgywwsjwjby	今王田猎于此，百姓闻王车马之音，见羽旄之美，举欣欣然有喜色而相告曰吾王庶几无疾病与？	孟子·梁惠王下 2.8	1
bxwwcmzyjymzmjxxryxsexgywwsjwjby	百姓闻王车马之音，见羽旄之美，举欣欣然有喜色而相告曰吾王庶几无疾病与？	孟子·梁惠王下 2.8	2
jymzmjxxryxsexgywwsjwjby	见羽旄之美，举欣欣然有喜色而相告曰吾王庶几无疾病与？	孟子·梁惠王下 2.8	2
jxxryxsexgywwsjwjby	举欣欣然有喜色而相告曰吾王庶几无疾病与？	孟子·梁惠王下 2.8	2
hyntly	何以能田猎也？	孟子·梁惠王下 2.8	1
cwtymtly	此无他，与民同乐也。	孟子·梁惠王下 2.8	1
ymtly	与民同乐也。	孟子·梁惠王下 2.8	2
jwybxtlzwy	今王与百姓同乐，则王矣。	孟子·梁惠王下 2.8	1
zwy	则王矣。	孟子·梁惠王下 2.8	2
qxwwywwzyfqslyz	齐宣王问曰：“文王之囿方七十里，有诸？”	孟子·梁惠王下 2.9	1
wwzyfqslyz	“文王之囿方七十里，有诸？”	孟子·梁惠王下 2.9	2
mzdyycyz	孟子对曰：“于传有之。”	孟子·梁惠王下 2.10	1
ycyz	“于传有之。”	孟子·梁惠王下 2.10	2
yrsqdh	曰：“若是其大乎？”	孟子·梁惠王下 2.11	1
rsqdh	“若是其大乎？”	孟子·梁惠王下 2.11	2
ymyywxy	曰：“民犹以为小也。”	孟子·梁惠王下 2.12	1
myywxy	“民犹以为小也。”	孟子·梁惠王下 2.12	2
ygrzyfsslmyywdhy	曰：“寡人之囿方四十里，民犹以为大，何也？”	孟子·梁惠王下 2.13	1
grzyfsslmyywdhy	“寡人之囿方四十里，民犹以为大，何也？”	孟子·梁惠王下 2.13	2
myywdhy	民犹以为大，何也？	孟子·梁惠王下 2.13	2
ywwzyfqslcrzwyztzwyymtz	曰：文王之囿方七十里，刍荛者往焉，雉兔者往焉，与民同之。	孟子·梁惠王下 2.14	1
wwzyfqslcrzwyztzwyymtz	文王之囿方七十里，刍荛者往焉，雉兔者往焉，与民同之。	孟子·梁惠王下 2.14	2
crzwyztzwyymtz	刍荛者往焉，雉兔者往焉，与民同之。	孟子·梁惠王下 2.14	2
ztzwyymtz	雉兔者往焉，与民同之。	孟子·梁惠王下 2.14	2
ymtz	与民同之。	孟子·梁惠王下 2.14	2
mywxbyyh	民以为小，不亦宜乎？	孟子·梁惠王下 2.14	1
byyh	不亦宜乎？	孟子·梁惠王下 2.14	2
cszyjwgzdjrhgr	臣始至于境，问国之大禁，然后敢入。	孟子·梁惠王下 2.14	1
wgzdjrhgr	问国之大禁，然后敢入。	孟子·梁惠王下 2.14	2
rhgr	然后敢入。	孟子·梁惠王下 2.14	2
cwjgznyyfsslsqmlzrsrzz	臣闻郊关之内有囿方四十里，杀其麋鹿者如杀人之罪。	孟子·梁惠王下 2.14	1
sqmlzrsrzz	杀其麋鹿者如杀人之罪。	孟子·梁惠王下 2.14	2
zsfsslwjygz	则是方四十里，为阱于国中。	孟子·梁惠王下 2.14	1
wjygz	为阱于国中。	孟子·梁惠王下 2.14	2
mywdbyyh	民以为大，不亦宜乎？	孟子·梁惠王下 2.14	1
qxwwyjlgydh	齐宣王问曰：“交邻国有道乎？”	孟子·梁惠王下 2.15	1
jlgydh	“交邻国有道乎？”	孟子·梁惠王下 2.15	2
mzdyy	孟子对曰：有。	孟子·梁惠王下 2.16	1
wrzwnydsxsgtsgwwskywzzwnyxsdgdwsxyjjsw	惟仁者为能以大事小，是故汤事葛，文王事昆夷；惟智者为能以小事大，故大王事獯鬻，句践事吴。	孟子·梁惠王下 2.16	1
sgtsgwwskywzzwnyxsdgdwsxyjjsw	是故汤事葛，文王事昆夷；惟智者为能以小事大，故大王事獯鬻，句践事吴。	孟子·梁惠王下 2.16	2
wwskywzzwnyxsdgdwsxyjjsw	文王事昆夷；惟智者为能以小事大，故大王事獯鬻，句践事吴。	孟子·梁惠王下 2.16	2
wzzwnyxsdgdwsxyjjsw	惟智者为能以小事大，故大王事獯鬻，句践事吴。	孟子·梁惠王下 2.16	2
gdwsxyjjsw	故大王事獯鬻，句践事吴。	孟子·梁惠王下 2.16	2
jjsw	句践事吴。	孟子·梁惠王下 2.16	2
ydsxzltzyyxsdzwtzy	以大事小者，乐天者也；以小事大者，畏天者也。	孟子·梁惠王下 2.16	1
ltzyyxsdzwtzy	乐天者也；以小事大者，畏天者也。	孟子·梁惠王下 2.16	2
yxsdzwtzy	以小事大者，畏天者也。	孟子·梁惠王下 2.16	2
wtzy	畏天者也。	孟子·梁惠王下 2.16	2
ltzbtxwtzbqg	乐天者保天下，畏天者保其国。	孟子·梁惠王下 2.16	1
wtzbqg	畏天者保其国。	孟子·梁惠王下 2.16	2
sywtzwysbz	《诗》云：‘畏天之威，于时保之。’	孟子·梁惠王下 2.16	1
wtzwysbz	‘畏天之威，于时保之。’	孟子·梁惠王下 2.16	2
ysbz	于时保之。	孟子·梁惠王下 2.16	2
wydzyy	王曰：大哉言矣！	孟子·梁惠王下 2.17	1
dzyy	大哉言矣！	孟子·梁惠王下 2.17	2
gryjgrhy	寡人有疾，寡人好勇。	孟子·梁惠王下 2.17	1
grhy	寡人好勇。	孟子·梁惠王下 2.17	2
dywqwhxy	对曰：王请无好小勇。	孟子·梁惠王下 2.18	1
wqwhxy	王请无好小勇。	孟子·梁惠王下 2.18	2
ffjjsybegdwz	夫抚剑疾视曰，‘彼恶敢当我哉’！	孟子·梁惠王下 2.18	1
begdwz	‘彼恶敢当我哉’！	孟子·梁惠王下 2.18	2
cpfzydyrzy	此匹夫之勇，敌一人者也。	孟子·梁惠王下 2.18	1
dyrzy	敌一人者也。	孟子·梁惠王下 2.18	2
wqdz	王请大之！	孟子·梁惠王下 2.18	1
sywhsnyzqlyecjydzhydytx	《诗》云：‘王赫斯怒，爰整其旅，以遏徂莒，以笃周祜，以对于天下。’	孟子·梁惠王下 2.18	1
whsnyzqlyecjydzhydytx	‘王赫斯怒，爰整其旅，以遏徂莒，以笃周祜，以对于天下。’	孟子·梁惠王下 2.18	2
yzqlyecjydzhydytx	爰整其旅，以遏徂莒，以笃周祜，以对于天下。	孟子·梁惠王下 2.18	2
yecjydzhydytx	以遏徂莒，以笃周祜，以对于天下。	孟子·梁惠王下 2.18	2
ydzhydytx	以笃周祜，以对于天下。	孟子·梁惠王下 2.18	2
ydytx	以对于天下。	孟子·梁惠王下 2.18	2
cwwzyy	此文王之勇也。	孟子·梁惠王下 2.18	1
wwyneatxzm	文王一怒而安天下之民。	孟子·梁惠王下 2.18	1
sytjxmzzjzzs	《书》曰：天降下民，作之君，作之师。	孟子·梁惠王下 2.18	1
tjxmzzjzzs	天降下民，作之君，作之师。	孟子·梁惠王下 2.18	2
zzjzzs	作之君，作之师。	孟子·梁惠王下 2.18	2
zzs	作之师。	孟子·梁惠王下 2.18	2
wyqzsdczsf	惟曰其助上帝，宠之四方。	孟子·梁惠王下 2.18	1
czsf	宠之四方。	孟子·梁惠王下 2.18	2
yzwzwwztxhgyyjz	有罪无罪，惟我在，天下曷敢有越厥志？	孟子·梁惠王下 2.18	1
wwztxhgyyjz	惟我在，天下曷敢有越厥志？	孟子·梁惠王下 2.18	2
txhgyyjz	天下曷敢有越厥志？	孟子·梁惠王下 2.18	2
yrhxytxwwcz	一人衡行于天下，武王耻之。	孟子·梁惠王下 2.18	1
wwcz	武王耻之。	孟子·梁惠王下 2.18	2
cwwzyy	此武王之勇也。	孟子·梁惠王下 2.18	1
ewwyyneatxzm	而武王亦一怒而安天下之民。	孟子·梁惠王下 2.18	1
jwyyneatxzmmwkwzbhyy	今王亦一怒而安天下之民，民惟恐王之不好勇也。	孟子·梁惠王下 2.18	1
mwkwzbhyy	民惟恐王之不好勇也。	孟子·梁惠王下 2.18	2
qxwjmzyxg	齐宣王见孟子于雪宫。	孟子·梁惠王下 2.19	1
wyxzyyclh	王曰：“贤者亦有此乐乎？”	孟子·梁惠王下 2.19	1
xzyyclh	“贤者亦有此乐乎？”	孟子·梁惠王下 2.19	2
rbdzfqsy	人不得，则非其上矣。	孟子·梁惠王下 2.20	1
zfqsy	则非其上矣。	孟子·梁惠王下 2.20	2
bdefqszfywmsebymtlzyfy	不得而非其上者，非也；为民上而不与民同乐者，亦非也。	孟子·梁惠王下 2.20	1
fywmsebymtlzyfy	非也；为民上而不与民同乐者，亦非也。	孟子·梁惠王下 2.20	2
wmsebymtlzyfy	为民上而不与民同乐者，亦非也。	孟子·梁惠王下 2.20	2
yfy	亦非也。	孟子·梁惠王下 2.20	2
lmzlzmylqlymzyzmyyqy	乐民之乐者，民亦乐其乐；忧民之忧者，民亦忧其忧。	孟子·梁惠王下 2.20	1
mylqlymzyzmyyqy	民亦乐其乐；忧民之忧者，民亦忧其忧。	孟子·梁惠王下 2.20	2
ymzyzmyyqy	忧民之忧者，民亦忧其忧。	孟子·梁惠王下 2.20	2
myyqy	民亦忧其忧。	孟子·梁惠王下 2.20	2
lytxyytxrebwzwzyy	乐以天下，忧以天下，然而不王者，未之有也。	孟子·梁惠王下 2.20	1
yytxrebwzwzyy	忧以天下，然而不王者，未之有也。	孟子·梁惠王下 2.20	2
xzqjgwyyzywygyzfcwzhenfylx	昔者齐景公问于晏子曰：吾欲观于转附、朝儛，遵海而南，放于琅邪。	孟子·梁惠王下 2.21	1
wygyzfcwzhenfylx	吾欲观于转附、朝儛，遵海而南，放于琅邪。	孟子·梁惠王下 2.21	2
cwzhenfylx	朝儛，遵海而南，放于琅邪。	孟子·梁惠王下 2.21	2
zhenfylx	遵海而南，放于琅邪。	孟子·梁惠王下 2.21	2
fylx	放于琅邪。	孟子·梁惠王下 2.21	2
whxekybyxwgy	吾何修而可以比于先王观也？	孟子·梁惠王下 2.21	1
yzdyszwy	晏子对曰：善哉问也！	孟子·梁惠王下 2.21	1
szwy	善哉问也！	孟子·梁惠王下 2.21	2
tzszhyxsxszxssyzhcytzyszszzsszy	天子适诸侯曰巡狩，巡狩者巡所守也；诸侯朝于天子曰述职，述职者述所职也。	孟子·梁惠王下 2.21	1
xszxssyzhcytzyszszzsszy	巡狩者巡所守也；诸侯朝于天子曰述职，述职者述所职也。	孟子·梁惠王下 2.21	2
zhcytzyszszzsszy	诸侯朝于天子曰述职，述职者述所职也。	孟子·梁惠王下 2.21	2
szzsszy	述职者述所职也。	孟子·梁惠王下 2.21	2
wfsz	无非事者。	孟子·梁惠王下 2.21	1
csgebbzqslezbg	春省耕而补不足，秋省敛而助不给。	孟子·梁惠王下 2.21	1
qslezbg	秋省敛而助不给。	孟子·梁惠王下 2.21	2
xyywwbywhyx	夏谚曰：吾王不游，吾何以休？	孟子·梁惠王下 2.21	1
wwbywhyx	吾王不游，吾何以休？	孟子·梁惠王下 2.21	2
whyx	吾何以休？	孟子·梁惠王下 2.21	2
wwbywhyz	吾王不豫，吾何以助？	孟子·梁惠王下 2.21	1
whyz	吾何以助？	孟子·梁惠王下 2.21	2
yyyywzhd	一游一豫，为诸侯度。	孟子·梁惠王下 2.21	1
wzhd	为诸侯度。	孟子·梁惠王下 2.21	2
jybrsxelsjzfslzfx	今也不然：师行而粮食，饥者弗食，劳者弗息。	孟子·梁惠王下 2.21	1
sxelsjzfslzfx	师行而粮食，饥者弗食，劳者弗息。	孟子·梁惠王下 2.21	2
jzfslzfx	饥者弗食，劳者弗息。	孟子·梁惠王下 2.21	2
lzfx	劳者弗息。	孟子·梁惠王下 2.21	2
jjxcmnzt	睊睊胥谗，民乃作慝。	孟子·梁惠王下 2.21	1
mnzt	民乃作慝。	孟子·梁惠王下 2.21	2
fmnmysrl	方命虐民，饮食若流。	孟子·梁惠王下 2.21	1
ysrl	饮食若流。	孟子·梁惠王下 2.21	2
llhwwzhy	流连荒亡，为诸侯忧。	孟子·梁惠王下 2.21	1
wzhy	为诸侯忧。	孟子·梁惠王下 2.21	2
clxewfwzlclsewfwzlcswywzhljwywzw	从流下而忘反谓之流，从流上而忘反谓之连，从兽无厌谓之荒，乐酒无厌谓之亡。	孟子·梁惠王下 2.21	1
clsewfwzlcswywzhljwywzw	从流上而忘反谓之连，从兽无厌谓之荒，乐酒无厌谓之亡。	孟子·梁惠王下 2.21	2
cswywzhljwywzw	从兽无厌谓之荒，乐酒无厌谓之亡。	孟子·梁惠王下 2.21	2
ljwywzw	乐酒无厌谓之亡。	孟子·梁惠王下 2.21	2
xwwllzlhwzx	先王无流连之乐，荒亡之行。	孟子·梁惠王下 2.21	1
hwzx	荒亡之行。	孟子·梁惠王下 2.21	2
wjsxy	惟君所行也。	孟子·梁惠王下 2.21	1
jgsdjygcsyj	景公说，大戒于国，出舍于郊。	孟子·梁惠王下 2.21	1
djygcsyj	大戒于国，出舍于郊。	孟子·梁惠王下 2.21	2
csyj	出舍于郊。	孟子·梁惠王下 2.21	2
yssxfbbz	于是始兴发补不足。	孟子·梁惠王下 2.21	1
zdsywwzjcxszl	召大师曰：‘为我作君臣相说之乐！’	孟子·梁惠王下 2.21	1
wwzjcxszl	‘为我作君臣相说之乐！’	孟子·梁惠王下 2.21	2
gzzjzsy	盖征招角招是也。	孟子·梁惠王下 2.21	1
qsycjhy	其诗曰：‘畜君何尤？’	孟子·梁惠王下 2.21	1
cjhy	‘畜君何尤？’	孟子·梁惠王下 2.21	2
cjzhjy	畜君者，好君也。	孟子·梁惠王下 2.21	1
hjy	好君也。	孟子·梁惠王下 2.21	2
qxwwyrjwwhmt	齐宣王问曰：人皆谓我毁明堂。	孟子·梁惠王下 2.22	1
rjwwhmt	人皆谓我毁明堂。	孟子·梁惠王下 2.22	2
hz	毁诸？	孟子·梁惠王下 2.22	1
yh	已乎？	孟子·梁惠王下 2.22	1
mzdyfmtzwzzty	孟子对曰：夫明堂者，王者之堂也。	孟子·梁惠王下 2.23	1
fmtzwzzty	夫明堂者，王者之堂也。	孟子·梁惠王下 2.23	2
wzzty	王者之堂也。	孟子·梁惠王下 2.23	2
wyxwzzwhzy	王欲行王政，则勿毁之矣。	孟子·梁惠王下 2.23	1
zwhzy	则勿毁之矣。	孟子·梁惠王下 2.23	2
wywzkdwy	王曰：“王政可得闻与？”	孟子·梁惠王下 2.24	1
wzkdwy	“王政可得闻与？”	孟子·梁惠王下 2.24	2
dyxzwwzzqygzjyszslgsjebzzlwjzrbn	对曰：昔者文王之治岐也，耕者九一，仕者世禄，关市讥而不征，泽梁无禁，罪人不孥。	孟子·梁惠王下 2.25	1
xzwwzzqygzjyszslgsjebzzlwjzrbn	昔者文王之治岐也，耕者九一，仕者世禄，关市讥而不征，泽梁无禁，罪人不孥。	孟子·梁惠王下 2.25	2
gzjyszslgsjebzzlwjzrbn	耕者九一，仕者世禄，关市讥而不征，泽梁无禁，罪人不孥。	孟子·梁惠王下 2.25	2
szslgsjebzzlwjzrbn	仕者世禄，关市讥而不征，泽梁无禁，罪人不孥。	孟子·梁惠王下 2.25	2
gsjebzzlwjzrbn	关市讥而不征，泽梁无禁，罪人不孥。	孟子·梁惠王下 2.25	2
zlwjzrbn	泽梁无禁，罪人不孥。	孟子·梁惠王下 2.25	2
zrbn	罪人不孥。	孟子·梁惠王下 2.25	2
lewqyg	老而无妻曰鳏。	孟子·梁惠王下 2.25	1
lewfyg	老而无夫曰寡。	孟子·梁惠王下 2.25	1
lewzyd	老而无子曰独。	孟子·梁惠王下 2.25	1
yewfyg	幼而无父曰孤。	孟子·梁惠王下 2.25	1
csztxzqmewgz	此四者，天下之穷民而无告者。	孟子·梁惠王下 2.25	1
txzqmewgz	天下之穷民而无告者。	孟子·梁惠王下 2.25	2
wwfzsrbxssz	文王发政施仁，必先斯四者。	孟子·梁惠王下 2.25	1
bxssz	必先斯四者。	孟子·梁惠王下 2.25	2
sygyfracqd	《诗》云：‘哿矣富人，哀此茕独。’	孟子·梁惠王下 2.25	1
gyfracqd	‘哿矣富人，哀此茕独。’	孟子·梁惠王下 2.25	2
acqd	哀此茕独。	孟子·梁惠王下 2.25	2
wyszyh	王曰：“善哉言乎！”	孟子·梁惠王下 2.26	1
szyh	“善哉言乎！”	孟子·梁惠王下 2.26	2
ywrszzhwbx	曰：“王如善之，则何为不行？”	孟子·梁惠王下 2.27	1
wrszzhwbx	“王如善之，则何为不行？”	孟子·梁惠王下 2.27	2
zhwbx	则何为不行？	孟子·梁惠王下 2.27	2
wygryjgrhh	王曰：“寡人有疾，寡人好货。”	孟子·梁惠王下 2.28	1
gryjgrhh	“寡人有疾，寡人好货。”	孟子·梁惠王下 2.28	2
grhh	寡人好货。	孟子·梁惠王下 2.28	2
dyxzglhhsynjncnghlytyn	对曰：昔者公刘好货，《诗》云：乃积乃仓，乃裹糇粮，于橐于囊。	孟子·梁惠王下 2.29	1
xzglhhsynjncnghlytyn	昔者公刘好货，《诗》云：乃积乃仓，乃裹糇粮，于橐于囊。	孟子·梁惠王下 2.29	2
synjncnghlytyn	《诗》云：乃积乃仓，乃裹糇粮，于橐于囊。	孟子·梁惠王下 2.29	2
njncnghlytyn	乃积乃仓，乃裹糇粮，于橐于囊。	孟子·梁惠王下 2.29	2
nghlytyn	乃裹糇粮，于橐于囊。	孟子·梁惠王下 2.29	2
ytyn	于橐于囊。	孟子·梁惠王下 2.29	2
sjyg	思戢用光。	孟子·梁惠王下 2.29	1
gsszggqyyfqx	弓矢斯张，干戈戚扬，爰方启行。	孟子·梁惠王下 2.29	1
ggqyyfqx	干戈戚扬，爰方启行。	孟子·梁惠王下 2.29	2
yfqx	爰方启行。	孟子·梁惠王下 2.29	2
gjzyjcxzyglyrhkyyfqx	故居者有积仓，行者有裹粮也，然后可以爰方启行。	孟子·梁惠王下 2.29	1
xzyglyrhkyyfqx	行者有裹粮也，然后可以爰方启行。	孟子·梁惠王下 2.29	2
rhkyyfqx	然后可以爰方启行。	孟子·梁惠王下 2.29	2
wrhhybxtzywhy	王如好货，与百姓同之，于王何有？	孟子·梁惠王下 2.29	1
ybxtzywhy	与百姓同之，于王何有？	孟子·梁惠王下 2.29	2
ywhy	于王何有？	孟子·梁惠王下 2.29	2
wygryjgrhs	王曰：“寡人有疾，寡人好色。”	孟子·梁惠王下 2.30	1
gryjgrhs	“寡人有疾，寡人好色。”	孟子·梁惠王下 2.30	2
grhs	寡人好色。	孟子·梁惠王下 2.30	2
dyxzdwhsajf	对曰：昔者大王好色，爱厥妃。	孟子·梁惠王下 2.31	1
xzdwhsajf	昔者大王好色，爱厥妃。	孟子·梁惠王下 2.31	2
ajf	爱厥妃。	孟子·梁惠王下 2.31	2
syggdflczmlxshzyqx	《诗》云：古公亶甫，来朝走马，率西水浒，至于岐下。	孟子·梁惠王下 2.31	1
ggdflczmlxshzyqx	古公亶甫，来朝走马，率西水浒，至于岐下。	孟子·梁惠王下 2.31	2
lczmlxshzyqx	来朝走马，率西水浒，至于岐下。	孟子·梁惠王下 2.31	2
lxshzyqx	率西水浒，至于岐下。	孟子·梁惠王下 2.31	2
zyqx	至于岐下。	孟子·梁惠王下 2.31	2
yjjnylxy	爰及姜女，聿来胥宇。	孟子·梁惠王下 2.31	1
ylxy	聿来胥宇。	孟子·梁惠王下 2.31	2
dssynwynwwkf	当是时也，内无怨女，外无旷夫。	孟子·梁惠王下 2.31	1
nwynwwkf	内无怨女，外无旷夫。	孟子·梁惠王下 2.31	2
wwkf	外无旷夫。	孟子·梁惠王下 2.31	2
wrhsybxtzywhy	王如好色，与百姓同之，于王何有？	孟子·梁惠王下 2.31	1
mzwqxwywzcytqqzyqyezcyz	孟子谓齐宣王曰：王之臣有托其妻子于其友，而之楚游者。	孟子·梁惠王下 2.32	1
wzcytqqzyqyezcyz	王之臣有托其妻子于其友，而之楚游者。	孟子·梁惠王下 2.32	2
ezcyz	而之楚游者。	孟子·梁惠王下 2.32	2
bqfyzdnqqzzrzh	比其反也，则冻馁其妻子，则如之何？	孟子·梁惠王下 2.32	1
zdnqqzzrzh	则冻馁其妻子，则如之何？	孟子·梁惠王下 2.32	2
zrzh	则如之何？	孟子·梁惠王下 2.32	2
wyqz	王曰：“弃之。”	孟子·梁惠王下 2.33	1
qz	“弃之。”	孟子·梁惠王下 2.33	2
yssbnzszrzh	曰：“士师不能治士，则如之何？”	孟子·梁惠王下 2.34	1
ssbnzszrzh	“士师不能治士，则如之何？”	孟子·梁惠王下 2.34	2
wyyz	王曰：“已之。”	孟子·梁惠王下 2.35	1
yz	“已之。”	孟子·梁惠王下 2.35	2
ysjznbzzrzh	曰：“四境之内不治，则如之何？”	孟子·梁惠王下 2.36	1
sjznbzzrzh	“四境之内不治，则如之何？”	孟子·梁惠王下 2.36	2
wgzyeyt	王顾左右而言他。	孟子·梁惠王下 2.37	1
mzjqxwyswggzfwyqmzwyysczwy	孟子见齐宣王曰：所谓故国者，非谓有乔木之谓也，有世臣之谓也。	孟子·梁惠王下 2.38	1
swggzfwyqmzwyysczwy	所谓故国者，非谓有乔木之谓也，有世臣之谓也。	孟子·梁惠王下 2.38	2
fwyqmzwyysczwy	非谓有乔木之谓也，有世臣之谓也。	孟子·梁惠王下 2.38	2
ysczwy	有世臣之谓也。	孟子·梁惠王下 2.38	2
wwqcyxzsjjrbzqwy	王无亲臣矣，昔者所进，今日不知其亡也。	孟子·梁惠王下 2.38	1
xzsjjrbzqwy	昔者所进，今日不知其亡也。	孟子·梁惠王下 2.38	2
jrbzqwy	今日不知其亡也。	孟子·梁惠王下 2.38	2
wywhysqbcesz	王曰：“吾何以识其不才而舍之？”	孟子·梁惠王下 2.39	1
whysqbcesz	“吾何以识其不才而舍之？”	孟子·梁惠王下 2.39	2
ygjjxrbdyjsbyzsyqkbsy	曰：国君进贤，如不得已，将使卑逾尊，疏逾戚，可不慎与？	孟子·梁惠王下 2.40	1
gjjxrbdyjsbyzsyqkbsy	国君进贤，如不得已，将使卑逾尊，疏逾戚，可不慎与？	孟子·梁惠王下 2.40	2
rbdyjsbyzsyqkbsy	如不得已，将使卑逾尊，疏逾戚，可不慎与？	孟子·梁惠王下 2.40	2
jsbyzsyqkbsy	将使卑逾尊，疏逾戚，可不慎与？	孟子·梁惠王下 2.40	2
syqkbsy	疏逾戚，可不慎与？	孟子·梁惠王下 2.40	2
kbsy	可不慎与？	孟子·梁惠王下 2.40	2
zyjyxwkyzdfjyxwkygrjyxrhczjxyrhyz	左右皆曰贤，未可也；诸大夫皆曰贤，未可也；国人皆曰贤，然后察之；见贤焉，然后用之。	孟子·梁惠王下 2.40	1
wkyzdfjyxwkygrjyxrhczjxyrhyz	未可也；诸大夫皆曰贤，未可也；国人皆曰贤，然后察之；见贤焉，然后用之。	孟子·梁惠王下 2.40	2
zdfjyxwkygrjyxrhczjxyrhyz	诸大夫皆曰贤，未可也；国人皆曰贤，然后察之；见贤焉，然后用之。	孟子·梁惠王下 2.40	2
wkygrjyxrhczjxyrhyz	未可也；国人皆曰贤，然后察之；见贤焉，然后用之。	孟子·梁惠王下 2.40	2
grjyxrhczjxyrhyz	国人皆曰贤，然后察之；见贤焉，然后用之。	孟子·梁惠王下 2.40	2
rhczjxyrhyz	然后察之；见贤焉，然后用之。	孟子·梁惠王下 2.40	2
jxyrhyz	见贤焉，然后用之。	孟子·梁惠王下 2.40	2
rhyz	然后用之。	孟子·梁惠王下 2.40	2
zyjybkwtzdfjybkwtgrjybkrhczjbkyrhqz	左右皆曰不可，勿听；诸大夫皆曰不可，勿听；国人皆曰不可，然后察之；见不可焉，然后去之。	孟子·梁惠王下 2.40	1
wtzdfjybkwtgrjybkrhczjbkyrhqz	勿听；诸大夫皆曰不可，勿听；国人皆曰不可，然后察之；见不可焉，然后去之。	孟子·梁惠王下 2.40	2
zdfjybkwtgrjybkrhczjbkyrhqz	诸大夫皆曰不可，勿听；国人皆曰不可，然后察之；见不可焉，然后去之。	孟子·梁惠王下 2.40	2
wtgrjybkrhczjbkyrhqz	勿听；国人皆曰不可，然后察之；见不可焉，然后去之。	孟子·梁惠王下 2.40	2
grjybkrhczjbkyrhqz	国人皆曰不可，然后察之；见不可焉，然后去之。	孟子·梁惠王下 2.40	2
rhczjbkyrhqz	然后察之；见不可焉，然后去之。	孟子·梁惠王下 2.40	2
jbkyrhqz	见不可焉，然后去之。	孟子·梁惠王下 2.40	2
rhqz	然后去之。	孟子·梁惠王下 2.40	2
zyjykswtzdfjykswtgrjyksrhczjksyrhsz	左右皆曰可杀，勿听；诸大夫皆曰可杀，勿听；国人皆曰可杀，然后察之；见可杀焉，然后杀之。	孟子·梁惠王下 2.40	1
wtzdfjykswtgrjyksrhczjksyrhsz	勿听；诸大夫皆曰可杀，勿听；国人皆曰可杀，然后察之；见可杀焉，然后杀之。	孟子·梁惠王下 2.40	2
zdfjykswtgrjyksrhczjksyrhsz	诸大夫皆曰可杀，勿听；国人皆曰可杀，然后察之；见可杀焉，然后杀之。	孟子·梁惠王下 2.40	2
wtgrjyksrhczjksyrhsz	勿听；国人皆曰可杀，然后察之；见可杀焉，然后杀之。	孟子·梁惠王下 2.40	2
grjyksrhczjksyrhsz	国人皆曰可杀，然后察之；见可杀焉，然后杀之。	孟子·梁惠王下 2.40	2
rhczjksyrhsz	然后察之；见可杀焉，然后杀之。	孟子·梁惠王下 2.40	2
jksyrhsz	见可杀焉，然后杀之。	孟子·梁惠王下 2.40	2
rhsz	然后杀之。	孟子·梁惠王下 2.40	2
gygrszy	故曰，国人杀之也。	孟子·梁惠王下 2.40	1
grszy	国人杀之也。	孟子·梁惠王下 2.40	2
rcrhkywmfm	如此，然后可以为民父母。	孟子·梁惠王下 2.40	1
rhkywmfm	然后可以为民父母。	孟子·梁惠王下 2.40	2
qxwwytfjwwfzyz	齐宣王问曰：“汤放桀，武王伐纣，有诸？”	孟子·梁惠王下 2.41	1
tfjwwfzyz	“汤放桀，武王伐纣，有诸？”	孟子·梁惠王下 2.41	2
wwfzyz	武王伐纣，有诸？	孟子·梁惠王下 2.41	2
ycsqjkh	曰：“臣弑其君可乎？”	孟子·梁惠王下 2.43	1
csqjkh	“臣弑其君可乎？”	孟子·梁惠王下 2.43	2
yzrzwzzzyzwzcczzrwzyf	曰：贼仁者谓之贼，贼义者谓之残，残贼之人谓之一夫。	孟子·梁惠王下 2.44	1
zrzwzzzyzwzcczzrwzyf	贼仁者谓之贼，贼义者谓之残，残贼之人谓之一夫。	孟子·梁惠王下 2.44	2
zyzwzcczzrwzyf	贼义者谓之残，残贼之人谓之一夫。	孟子·梁惠王下 2.44	2
czzrwzyf	残贼之人谓之一夫。	孟子·梁惠王下 2.44	2
wzyfzywwsjy	闻诛一夫纣矣，未闻弑君也。	孟子·梁惠王下 2.44	1
wwsjy	未闻弑君也。	孟子·梁惠王下 2.44	2
mzjqxwywjszbsgsqdm	孟子见齐宣王曰：为巨室，则必使工师求大木。	孟子·梁惠王下 2.45	1
wjszbsgsqdm	为巨室，则必使工师求大木。	孟子·梁惠王下 2.45	2
zbsgsqdm	则必使工师求大木。	孟子·梁惠王下 2.45	2
gsddm	工师得大木。	孟子·梁惠王下 2.45	1
zwxywnsqry	则王喜，以为能胜其任也。	孟子·梁惠王下 2.45	1
ywnsqry	以为能胜其任也。	孟子·梁惠王下 2.45	2
jrzexzzwnywbsqry	匠人斵而小之，则王怒，以为不胜其任矣。	孟子·梁惠王下 2.45	1
zwnywbsqry	则王怒，以为不胜其任矣。	孟子·梁惠王下 2.45	2
ywbsqry	以为不胜其任矣。	孟子·梁惠王下 2.45	2
fryexzzeyxz	夫人幼而学之，壮而欲行之。	孟子·梁惠王下 2.45	1
zeyxz	壮而欲行之。	孟子·梁惠王下 2.45	2
wygsnsxecwzhr	王曰‘姑舍女所学而从我’，则何如？	孟子·梁惠王下 2.45	1
jypyycswybsyrdzz	今有璞玉于此，虽万镒，必使玉人雕琢之。	孟子·梁惠王下 2.45	1
swybsyrdzz	虽万镒，必使玉人雕琢之。	孟子·梁惠王下 2.45	2
bsyrdzz	必使玉人雕琢之。	孟子·梁惠王下 2.45	2
zyzgjzygsnsxecwzhyyyjyrdzyz	至于治国家，则曰‘姑舍女所学而从我’，则何以异于教玉人雕琢玉哉？	孟子·梁惠王下 2.45	1
zygsnsxecwzhyyyjyrdzyz	则曰‘姑舍女所学而从我’，则何以异于教玉人雕琢玉哉？	孟子·梁惠王下 2.45	2
zhyyyjyrdzyz	则何以异于教玉人雕琢玉哉？	孟子·梁惠王下 2.45	2
qrfysz	齐人伐燕，胜之。	孟子·梁惠王下 2.46	1
sz	胜之。	孟子·梁惠王下 2.46	2
xwwyhwgrwqhwgrqz	宣王问曰：或谓寡人勿取，或谓寡人取之。	孟子·梁惠王下 2.46	1
hwgrwqhwgrqz	或谓寡人勿取，或谓寡人取之。	孟子·梁惠王下 2.46	2
hwgrqz	或谓寡人取之。	孟子·梁惠王下 2.46	2
ywczgfwczgwxejzrlbzyc	以万乘之国伐万乘之国，五旬而举之，人力不至于此。	孟子·梁惠王下 2.46	1
wxejzrlbzyc	五旬而举之，人力不至于此。	孟子·梁惠王下 2.46	2
rlbzyc	人力不至于此。	孟子·梁惠王下 2.46	2
bqbyty	不取，必有天殃。	孟子·梁惠王下 2.46	1
byty	必有天殃。	孟子·梁惠王下 2.46	2
qzhr	取之，何如？	孟子·梁惠王下 2.46	1
mzdyqzeymyzqz	孟子对曰：取之而燕民悦，则取之。	孟子·梁惠王下 2.47	1
qzeymyzqz	取之而燕民悦，则取之。	孟子·梁惠王下 2.47	2
zqz	则取之。	孟子·梁惠王下 2.47	2
gzryxzzwwsy	古之人有行之者，武王是也。	孟子·梁惠王下 2.47	1
wwsy	武王是也。	孟子·梁惠王下 2.47	2
qzeymbyzwq	取之而燕民不悦，则勿取。	孟子·梁惠王下 2.47	1
zwq	则勿取。	孟子·梁惠王下 2.47	2
gzryxzzwwsy	古之人有行之者，文王是也。	孟子·梁惠王下 2.47	1
wwsy	文王是也。	孟子·梁惠王下 2.47	2
ywczgfwczgdshjyyws	以万乘之国伐万乘之国，箪食壶浆，以迎王师。	孟子·梁惠王下 2.47	1
dshjyyws	箪食壶浆，以迎王师。	孟子·梁惠王下 2.47	2
yyws	以迎王师。	孟子·梁惠王下 2.47	2
qytz	岂有他哉？	孟子·梁惠王下 2.47	1
bshy	避水火也。	孟子·梁惠王下 2.47	1
rsysrhyryyeyy	如水益深，如火益热，亦运而已矣。	孟子·梁惠王下 2.47	1
rhyryyeyy	如火益热，亦运而已矣。	孟子·梁惠王下 2.47	2
yyeyy	亦运而已矣。	孟子·梁惠王下 2.47	2
qrfyqz	齐人伐燕，取之。	孟子·梁惠王下 2.48	1
qz	取之。	孟子·梁惠王下 2.48	2
zhjmjy	诸侯将谋救燕。	孟子·梁惠王下 2.48	1
xwyzhdmfgrzhydz	宣王曰：“诸侯多谋伐寡人者，何以待之？”	孟子·梁惠王下 2.48	1
zhdmfgrzhydz	“诸侯多谋伐寡人者，何以待之？”	孟子·梁惠王下 2.48	2
hydz	何以待之？	孟子·梁惠王下 2.48	2
mzdycwqslwzytxztsy	孟子对曰：臣闻七十里为政于天下者，汤是也。	孟子·梁惠王下 2.49	1
cwqslwzytxztsy	臣闻七十里为政于天下者，汤是也。	孟子·梁惠王下 2.49	2
tsy	汤是也。	孟子·梁惠王下 2.49	2
wwyqlwrzy	未闻以千里畏人者也。	孟子·梁惠王下 2.49	1
sytyzzgs	《书》曰：‘汤一征，自葛始。’	孟子·梁惠王下 2.49	1
tyzzgs	‘汤一征，自葛始。’	孟子·梁惠王下 2.49	2
zgs	自葛始。	孟子·梁惠王下 2.49	2
txxz	天下信之。	孟子·梁惠王下 2.49	1
dmezxyynmezbdy	东面而征，西夷怨；南面而征，北狄怨。	孟子·梁惠王下 2.49	1
xyynmezbdy	西夷怨；南面而征，北狄怨。	孟子·梁惠王下 2.49	2
nmezbdy	南面而征，北狄怨。	孟子·梁惠王下 2.49	2
bdy	北狄怨。	孟子·梁惠王下 2.49	2
yxwhw	曰，奚为后我？	孟子·梁惠王下 2.49	1
xwhw	奚为后我？	孟子·梁惠王下 2.49	2
mwzrdhzwyny	民望之，若大旱之望云霓也。	孟子·梁惠王下 2.49	1
rdhzwyny	若大旱之望云霓也。	孟子·梁惠王下 2.49	2
gszbzgzbb	归市者不止，耕者不变。	孟子·梁惠王下 2.49	1
gzbb	耕者不变。	孟子·梁惠王下 2.49	2
zqjedqmrsyjmdy	诛其君而吊其民，若时雨降，民大悦。	孟子·梁惠王下 2.49	1
rsyjmdy	若时雨降，民大悦。	孟子·梁惠王下 2.49	2
mdy	民大悦。	孟子·梁惠王下 2.49	2
syxwhhlqs	《书》曰：‘徯我后，后来其苏。’	孟子·梁惠王下 2.49	1
xwhhlqs	‘徯我后，后来其苏。’	孟子·梁惠王下 2.49	2
hlqs	后来其苏。	孟子·梁惠王下 2.49	2
jynqmwwezz	今燕虐其民，王往而征之。	孟子·梁惠王下 2.50	1
wwezz	王往而征之。	孟子·梁惠王下 2.50	2
mywjzjyshzzydshjyyws	民以为将拯己于水火之中也，箪食壶浆，以迎王师。	孟子·梁惠王下 2.50	1
rsqfxxlqzdhqzmqqzqrzhqky	若杀其父兄，系累其子弟，毁其宗庙，迁其重器，如之何其可也？	孟子·梁惠王下 2.50	1
xlqzdhqzmqqzqrzhqky	系累其子弟，毁其宗庙，迁其重器，如之何其可也？	孟子·梁惠王下 2.50	2
hqzmqqzqrzhqky	毁其宗庙，迁其重器，如之何其可也？	孟子·梁惠王下 2.50	2
qqzqrzhqky	迁其重器，如之何其可也？	孟子·梁惠王下 2.50	2
rzhqky	如之何其可也？	孟子·梁惠王下 2.50	2
txgwqzjy	天下固畏齐之彊也。	孟子·梁惠王下 2.50	1
jybdebxrzsdtxzby	今又倍地而不行仁政，是动天下之兵也。	孟子·梁惠王下 2.50	1
sdtxzby	是动天下之兵也。	孟子·梁惠王下 2.50	2
wsclfqmnzqzqmyyzzjehqzzykjzy	王速出令，反其旄倪，止其重器，谋于燕众，置君而后去之，则犹可及止也。	孟子·梁惠王下 2.50	1
fqmnzqzqmyyzzjehqzzykjzy	反其旄倪，止其重器，谋于燕众，置君而后去之，则犹可及止也。	孟子·梁惠王下 2.50	2
zqzqmyyzzjehqzzykjzy	止其重器，谋于燕众，置君而后去之，则犹可及止也。	孟子·梁惠王下 2.50	2
myyzzjehqzzykjzy	谋于燕众，置君而后去之，则犹可及止也。	孟子·梁惠王下 2.50	2
zjehqzzykjzy	置君而后去之，则犹可及止也。	孟子·梁惠王下 2.50	2
zykjzy	则犹可及止也。	孟子·梁惠王下 2.50	2
zylh	邹与鲁哄。	孟子·梁惠王下 2.51	1
mgwywysszsssremmzsy	穆公问曰：吾有司死者三十三人，而民莫之死也。	孟子·梁惠王下 2.51	1
wysszsssremmzsy	吾有司死者三十三人，而民莫之死也。	孟子·梁惠王下 2.51	2
emmzsy	而民莫之死也。	孟子·梁惠王下 2.51	2
zzzbkszbzzjsqzszsebjrzhzky	诛之，则不可胜诛；不诛，则疾视其长上之死而不救，如之何则可也？	孟子·梁惠王下 2.51	1
zbkszbzzjsqzszsebjrzhzky	则不可胜诛；不诛，则疾视其长上之死而不救，如之何则可也？	孟子·梁惠王下 2.51	2
bzzjsqzszsebjrzhzky	不诛，则疾视其长上之死而不救，如之何则可也？	孟子·梁惠王下 2.51	2
zjsqzszsebjrzhzky	则疾视其长上之死而不救，如之何则可也？	孟子·梁惠王下 2.51	2
rzhzky	如之何则可也？	孟子·梁惠王下 2.51	2
mzdyxnjsjzmlrzhghzzsezsfzjqryejzclsfkcysmygssmecxy	孟子对曰：凶年饥岁，君之民老弱转乎沟壑，壮者散而之四方者，几千人矣；而君之仓廪实，府库充，有司莫以告，是上慢而残下也。	孟子·梁惠王下 2.52	1
xnjsjzmlrzhghzzsezsfzjqryejzclsfkcysmygssmecxy	凶年饥岁，君之民老弱转乎沟壑，壮者散而之四方者，几千人矣；而君之仓廪实，府库充，有司莫以告，是上慢而残下也。	孟子·梁惠王下 2.52	2
jzmlrzhghzzsezsfzjqryejzclsfkcysmygssmecxy	君之民老弱转乎沟壑，壮者散而之四方者，几千人矣；而君之仓廪实，府库充，有司莫以告，是上慢而残下也。	孟子·梁惠王下 2.52	2
zzsezsfzjqryejzclsfkcysmygssmecxy	壮者散而之四方者，几千人矣；而君之仓廪实，府库充，有司莫以告，是上慢而残下也。	孟子·梁惠王下 2.52	2
jqryejzclsfkcysmygssmecxy	几千人矣；而君之仓廪实，府库充，有司莫以告，是上慢而残下也。	孟子·梁惠王下 2.52	2
ejzclsfkcysmygssmecxy	而君之仓廪实，府库充，有司莫以告，是上慢而残下也。	孟子·梁惠王下 2.52	2
fkcysmygssmecxy	府库充，有司莫以告，是上慢而残下也。	孟子·梁惠王下 2.52	2
ysmygssmecxy	有司莫以告，是上慢而残下也。	孟子·梁惠王下 2.52	2
ssmecxy	是上慢而残下也。	孟子·梁惠王下 2.52	2
czyjzjz	曾子曰：戒之戒之！	孟子·梁惠王下 2.52	1
jzjz	戒之戒之！	孟子·梁惠王下 2.52	2
chezfhezy	出乎尔者，反乎尔者也。	孟子·梁惠王下 2.52	1
fhezy	反乎尔者也。	孟子·梁惠王下 2.52	2
fmjehdfzy	夫民今而后得反之也。	孟子·梁惠王下 2.52	1
jwyy	君无尤焉。	孟子·梁惠王下 2.52	1
jxrzsmqqssqzy	君行仁政，斯民亲其上、死其长矣。	孟子·梁惠王下 2.52	1
smqqssqzy	斯民亲其上、死其长矣。	孟子·梁惠王下 2.52	2
sqzy	死其长矣。	孟子·梁惠王下 2.52	2
twgwytxgyjyqc	滕文公问曰：滕，小国也，间于齐楚。	孟子·梁惠王下 2.53	1
txgyjyqc	滕，小国也，间于齐楚。	孟子·梁惠王下 2.53	2
xgyjyqc	小国也，间于齐楚。	孟子·梁惠王下 2.53	2
jyqc	间于齐楚。	孟子·梁惠王下 2.53	2
sqh	事齐乎？	孟子·梁惠王下 2.53	1
sch	事楚乎？	孟子·梁惠王下 2.53	1
mzdysmfwsnjy	孟子对曰：是谋非吾所能及也。	孟子·梁惠王下 2.54	1
smfwsnjy	是谋非吾所能及也。	孟子·梁惠王下 2.54	2
wyzyyyzscyzscyymszxsemfqzskwy	无已，则有一焉：凿斯池也，筑斯城也，与民守之，效死而民弗去，则是可为也。	孟子·梁惠王下 2.54	1
zyyyzscyzscyymszxsemfqzskwy	则有一焉：凿斯池也，筑斯城也，与民守之，效死而民弗去，则是可为也。	孟子·梁惠王下 2.54	2
zscyzscyymszxsemfqzskwy	凿斯池也，筑斯城也，与民守之，效死而民弗去，则是可为也。	孟子·梁惠王下 2.54	2
zscyymszxsemfqzskwy	筑斯城也，与民守之，效死而民弗去，则是可为也。	孟子·梁惠王下 2.54	2
ymszxsemfqzskwy	与民守之，效死而民弗去，则是可为也。	孟子·梁惠王下 2.54	2
xsemfqzskwy	效死而民弗去，则是可为也。	孟子·梁惠王下 2.54	2
zskwy	则是可为也。	孟子·梁惠王下 2.54	2
twgwyqrjzxwsk	滕文公问曰：齐人将筑薛，吾甚恐。	孟子·梁惠王下 2.55	1
qrjzxwsk	齐人将筑薛，吾甚恐。	孟子·梁惠王下 2.55	2
wsk	吾甚恐。	孟子·梁惠王下 2.55	2
mzdyxzdwjbdrqzqzqszxjy	孟子对曰：昔者大王居邠，狄人侵之，去之岐山之下居焉。	孟子·梁惠王下 2.56	1
xzdwjbdrqzqzqszxjy	昔者大王居邠，狄人侵之，去之岐山之下居焉。	孟子·梁惠王下 2.56	2
drqzqzqszxjy	狄人侵之，去之岐山之下居焉。	孟子·梁惠王下 2.56	2
qzqszxjy	去之岐山之下居焉。	孟子·梁惠王下 2.56	2
fzeqzbdyy	非择而取之，不得已也。	孟子·梁惠王下 2.56	1
bdyy	不得已也。	孟子·梁惠王下 2.56	2
gwshszsbywzy	苟为善，后世子孙必有王者矣。	孟子·梁惠王下 2.56	1
hszsbywzy	后世子孙必有王者矣。	孟子·梁惠王下 2.56	2
jzcyctwkjy	君子创业垂统，为可继也。	孟子·梁惠王下 2.56	1
wkjy	为可继也。	孟子·梁惠王下 2.56	2
rfcgzty	若夫成功，则天也。	孟子·梁惠王下 2.56	1
zty	则天也。	孟子·梁惠王下 2.56	2
jrbhz	君如彼何哉？	孟子·梁惠王下 2.56	1
jwseyy	彊为善而已矣。	孟子·梁惠王下 2.56	1
twgwytxgy	滕文公问曰：滕，小国也。	孟子·梁惠王下 2.57	1
txgy	滕，小国也。	孟子·梁惠王下 2.57	2
xgy	小国也。	孟子·梁惠王下 2.57	2
jlysdgzbdmy	竭力以事大国，则不得免焉。	孟子·梁惠王下 2.57	1
zbdmy	则不得免焉。	孟子·梁惠王下 2.57	2
mzdyxzdwjbdrqz	孟子对曰：昔者大王居邠，狄人侵之。	孟子·梁惠王下 2.58	1
xzdwjbdrqz	昔者大王居邠，狄人侵之。	孟子·梁惠王下 2.58	2
drqz	狄人侵之。	孟子·梁惠王下 2.58	2
szypbbdmyszyqmbdmyszyzybdmy	事之以皮币，不得免焉；事之以犬马，不得免焉；事之以珠玉，不得免焉。	孟子·梁惠王下 2.58	1
bdmyszyqmbdmyszyzybdmy	不得免焉；事之以犬马，不得免焉；事之以珠玉，不得免焉。	孟子·梁惠王下 2.58	2
szyqmbdmyszyzybdmy	事之以犬马，不得免焉；事之以珠玉，不得免焉。	孟子·梁惠王下 2.58	2
bdmyszyzybdmy	不得免焉；事之以珠玉，不得免焉。	孟子·梁惠王下 2.58	2
szyzybdmy	事之以珠玉，不得免焉。	孟子·梁惠王下 2.58	2
bdmy	不得免焉。	孟子·梁惠王下 2.58	2
nsqqlegzydrzsyzwtdy	乃属其耆老而告之曰：狄人之所欲者，吾土地也。	孟子·梁惠王下 2.58	1
drzsyzwtdy	狄人之所欲者，吾土地也。	孟子·梁惠王下 2.58	2
wtdy	吾土地也。	孟子·梁惠王下 2.58	2
wwzyjzbyqsyyrzhr	吾闻之也：君子不以其所以养人者害人。	孟子·梁惠王下 2.58	1
jzbyqsyyrzhr	君子不以其所以养人者害人。	孟子·梁惠王下 2.58	2
eszhhhwj	二三子何患乎无君？	孟子·梁惠王下 2.58	1
wjqz	我将去之。	孟子·梁惠王下 2.58	1
qbylsyyqszxjy	去邠，逾梁山，邑于岐山之下居焉。	孟子·梁惠王下 2.58	1
ylsyyqszxjy	逾梁山，邑于岐山之下居焉。	孟子·梁惠王下 2.58	2
yyqszxjy	邑于岐山之下居焉。	孟子·梁惠王下 2.58	2
bryrrybksy	邠人曰：‘仁人也，不可失也。’	孟子·梁惠王下 2.58	1
rrybksy	‘仁人也，不可失也。’	孟子·梁惠王下 2.58	2
bksy	不可失也。	孟子·梁惠王下 2.58	2
czzrgs	从之者如归市。	孟子·梁惠王下 2.58	1
hyssyfszsnwy	或曰：世守也，非身之所能为也。	孟子·梁惠王下 2.58	1
ssyfszsnwy	世守也，非身之所能为也。	孟子·梁惠王下 2.58	2
fszsnwy	非身之所能为也。	孟子·梁惠王下 2.58	2
xswq	效死勿去。	孟子·梁惠王下 2.58	1
jqzysez	君请择于斯二者。	孟子·梁惠王下 2.58	1
lpgjc	鲁平公将出。	孟子·梁惠王下 2.59	1
brzczqytrjczbmyssz	嬖人臧仓者请曰：他日君出，则必命有司所之。	孟子·梁惠王下 2.59	1
trjczbmyssz	他日君出，则必命有司所之。	孟子·梁惠王下 2.59	2
zbmyssz	则必命有司所之。	孟子·梁惠王下 2.59	2
jsyyjyyswzsz	今乘舆已驾矣，有司未知所之。	孟子·梁惠王下 2.59	1
yswzsz	有司未知所之。	孟子·梁惠王下 2.59	2
gq	敢请。	孟子·梁惠王下 2.59	1
gyjjmz	公曰：“将见孟子。”	孟子·梁惠王下 2.59	1
jjmz	“将见孟子。”	孟子·梁惠王下 2.59	2
yhz	曰：何哉？	孟子·梁惠王下 2.59	1
hz	何哉？	孟子·梁惠王下 2.59	2
jswqsyxypfzywxh	君所为轻身以先于匹夫者，以为贤乎？	孟子·梁惠王下 2.59	1
ywxh	以为贤乎？	孟子·梁惠王下 2.59	2
lyyxzc	礼义由贤者出。	孟子·梁惠王下 2.59	1
emzzhsyqs	而孟子之后丧逾前丧。	孟子·梁惠王下 2.59	1
jwjy	君无见焉！	孟子·梁惠王下 2.59	1
gyn	公曰：“诺。”	孟子·梁惠王下 2.59	1
lzzrjyjxwbjmky	乐正子入见，曰：“君奚为不见孟轲也？”	孟子·梁惠王下 2.60	1
yjxwbjmky	曰：“君奚为不见孟轲也？”	孟子·梁惠王下 2.60	2
jxwbjmky	“君奚为不见孟轲也？”	孟子·梁惠王下 2.60	2
yhggrymzzhsyqssybwjy	曰：“或告寡人曰，‘孟子之后丧逾前丧’，是以不往见也。”	孟子·梁惠王下 2.60	1
hggrymzzhsyqssybwjy	“或告寡人曰，‘孟子之后丧逾前丧’，是以不往见也。”	孟子·梁惠王下 2.60	2
mzzhsyqssybwjy	‘孟子之后丧逾前丧’，是以不往见也。	孟子·梁惠王下 2.60	2
sybwjy	是以不往见也。	孟子·梁惠王下 2.60	2
yhzjswyz	曰：何哉君所谓逾者？	孟子·梁惠王下 2.60	1
hzjswyz	何哉君所谓逾者？	孟子·梁惠王下 2.60	2
qyshydfqysdehywdy	前以士，后以大夫；前以三鼎，而后以五鼎与？	孟子·梁惠王下 2.60	1
hydfqysdehywdy	后以大夫；前以三鼎，而后以五鼎与？	孟子·梁惠王下 2.60	2
qysdehywdy	前以三鼎，而后以五鼎与？	孟子·梁惠王下 2.60	2
ehywdy	而后以五鼎与？	孟子·梁惠王下 2.60	2
wggyqzmy	谓棺椁衣衾之美也。	孟子·梁惠王下 2.60	1
yfswyypfbty	曰：“非所谓逾也，贫富不同也。”	孟子·梁惠王下 2.60	1
fswyypfbty	“非所谓逾也，贫富不同也。”	孟子·梁惠王下 2.60	2
pfbty	贫富不同也。	孟子·梁惠王下 2.60	2
lzzjmzykgyjjwljy	乐正子见孟子，曰：克告于君，君为来见也。	孟子·梁惠王下 2.61	1
ykgyjjwljy	曰：克告于君，君为来见也。	孟子·梁惠王下 2.61	2
kgyjjwljy	克告于君，君为来见也。	孟子·梁惠王下 2.61	2
jwljy	君为来见也。	孟子·梁惠王下 2.61	2
bryzczjjjsybgly	嬖人有臧仓者沮君，君是以不果来也。	孟子·梁惠王下 2.61	1
jsybgly	君是以不果来也。	孟子·梁惠王下 2.61	2
yxhszzhnz	曰：行或使之，止或尼之。	孟子·梁惠王下 2.61	1
xhszzhnz	行或使之，止或尼之。	孟子·梁惠王下 2.61	2
zhnz	止或尼之。	孟子·梁惠王下 2.61	2
xzfrsny	行止，非人所能也。	孟子·梁惠王下 2.61	1
frsny	非人所能也。	孟子·梁惠王下 2.61	2
wzbylhty	吾之不遇鲁侯，天也。	孟子·梁惠王下 2.61	1
ty	天也。	孟子·梁惠王下 2.61	2
zszzynsybyz	臧氏之子焉能使予不遇哉？	孟子·梁惠王下 2.61	1
gscwyfzdlyqgzyzzgkfxh	公孙丑问曰：“夫子当路于齐，管仲、晏子之功，可复许乎？”	孟子·公孙丑上 3.1	1
fzdlyqgzyzzgkfxh	“夫子当路于齐，管仲、晏子之功，可复许乎？”	孟子·公孙丑上 3.1	2
gzyzzgkfxh	管仲、晏子之功，可复许乎？	孟子·公孙丑上 3.1	2
yzzgkfxh	晏子之功，可复许乎？	孟子·公孙丑上 3.1	2
kfxh	可复许乎？	孟子·公孙丑上 3.1	2
mzyzcqryzgzyzeyy	孟子曰：子诚齐人也，知管仲、晏子而已矣。	孟子·公孙丑上 3.2	1
zcqryzgzyzeyy	子诚齐人也，知管仲、晏子而已矣。	孟子·公孙丑上 3.2	2
zgzyzeyy	知管仲、晏子而已矣。	孟子·公孙丑上 3.2	2
yzeyy	晏子而已矣。	孟子·公孙丑上 3.2	2
hwhcxywzyzlsx	或问乎曾西曰；‘吾子与子路孰贤？’	孟子·公孙丑上 3.2	1
wzyzlsx	‘吾子与子路孰贤？’	孟子·公孙丑上 3.2	2
cxcrywxzzswy	曾西蹴然曰：‘吾先子之所畏也。’	孟子·公孙丑上 3.2	1
wxzzswy	‘吾先子之所畏也。’	孟子·公孙丑上 3.2	2
yrzwzygzsx	曰：‘然则吾子与管仲孰贤？’	孟子·公孙丑上 3.2	1
rzwzygzsx	‘然则吾子与管仲孰贤？’	孟子·公孙丑上 3.2	2
cxfrbyyehzbyygz	曾西艴然不悦，曰：尔何曾比予于管仲？	孟子·公孙丑上 3.2	1
yehzbyygz	曰：尔何曾比予于管仲？	孟子·公孙丑上 3.2	2
ehzbyygz	尔何曾比予于管仲？	孟子·公孙丑上 3.2	2
gzdjrbqzyxhgzrbqjyglrbqby	管仲得君，如彼其专也；行乎国政，如彼其久也；功烈，如彼其卑也。	孟子·公孙丑上 3.2	1
rbqzyxhgzrbqjyglrbqby	如彼其专也；行乎国政，如彼其久也；功烈，如彼其卑也。	孟子·公孙丑上 3.2	2
xhgzrbqjyglrbqby	行乎国政，如彼其久也；功烈，如彼其卑也。	孟子·公孙丑上 3.2	2
rbqjyglrbqby	如彼其久也；功烈，如彼其卑也。	孟子·公孙丑上 3.2	2
glrbqby	功烈，如彼其卑也。	孟子·公孙丑上 3.2	2
rbqby	如彼其卑也。	孟子·公孙丑上 3.2	2
ehzbyys	尔何曾比予于是？	孟子·公孙丑上 3.2	1
ygzcxzsbwyezwwyzh	曰：“管仲，曾西之所不为也，而子为我愿之乎？”	孟子·公孙丑上 3.2	1
gzcxzsbwyezwwyzh	“管仲，曾西之所不为也，而子为我愿之乎？”	孟子·公孙丑上 3.2	2
cxzsbwyezwwyzh	曾西之所不为也，而子为我愿之乎？	孟子·公孙丑上 3.2	2
ezwwyzh	而子为我愿之乎？	孟子·公孙丑上 3.2	2
ygzyqjbyzyqjx	曰：管仲以其君霸，晏子以其君显。	孟子·公孙丑上 3.3	1
gzyqjbyzyqjx	管仲以其君霸，晏子以其君显。	孟子·公孙丑上 3.3	2
yzyqjx	晏子以其君显。	孟子·公孙丑上 3.3	2
gzyzybzwy	管仲、晏子犹不足为与？	孟子·公孙丑上 3.3	1
yzybzwy	晏子犹不足为与？	孟子·公孙丑上 3.3	2
yyqwyfsy	曰：“以齐王，由反手也。”	孟子·公孙丑上 3.4	1
yqwyfsy	“以齐王，由反手也。”	孟子·公孙丑上 3.4	2
yfsy	由反手也。	孟子·公孙丑上 3.4	2
yrszdzzhzs	曰：若是，则弟子之惑滋甚。	孟子·公孙丑上 3.5	1
rszdzzhzs	若是，则弟子之惑滋甚。	孟子·公孙丑上 3.5	2
zdzzhzs	则弟子之惑滋甚。	孟子·公孙丑上 3.5	2
qywwzdbnehbywqytxwwzgjzrhdx	且以文王之德，百年而后崩，犹未洽于天下；武王、周公继之，然后大行。	孟子·公孙丑上 3.5	1
bnehbywqytxwwzgjzrhdx	百年而后崩，犹未洽于天下；武王、周公继之，然后大行。	孟子·公孙丑上 3.5	2
ywqytxwwzgjzrhdx	犹未洽于天下；武王、周公继之，然后大行。	孟子·公孙丑上 3.5	2
wwzgjzrhdx	武王、周公继之，然后大行。	孟子·公孙丑上 3.5	2
zgjzrhdx	周公继之，然后大行。	孟子·公孙丑上 3.5	2
rhdx	然后大行。	孟子·公孙丑上 3.5	2
jywryrzwwbzfy	今言王若易然，则文王不足法与？	孟子·公孙丑上 3.5	1
zwwbzfy	则文王不足法与？	孟子·公孙丑上 3.5	2
ywwhkdy	曰：文王何可当也？	孟子·公孙丑上 3.6	1
wwhkdy	文王何可当也？	孟子·公孙丑上 3.6	2
ytzywdxszjlqz	由汤至于武丁，贤圣之君六七作。	孟子·公孙丑上 3.6	1
xszjlqz	贤圣之君六七作。	孟子·公孙丑上 3.6	2
txgyjyjznby	天下归殷久矣，久则难变也。	孟子·公孙丑上 3.6	1
jznby	久则难变也。	孟子·公孙丑上 3.6	2
wdczhytxyyzzy	武丁朝诸侯有天下，犹运之掌也。	孟子·公孙丑上 3.6	1
yyzzy	犹运之掌也。	孟子·公孙丑上 3.6	2
zzqwdwjyqgjyslfszyyczyywzwzwzbgjzjgjxryxyfxzgjehszy	纣之去武丁未久也，其故家遗俗，流风善政，犹有存者；又有微子、微仲、王子比干、箕子、胶鬲皆贤人也，相与辅相之，故久而后失之也。	孟子·公孙丑上 3.6	1
qgjyslfszyyczyywzwzwzbgjzjgjxryxyfxzgjehszy	其故家遗俗，流风善政，犹有存者；又有微子、微仲、王子比干、箕子、胶鬲皆贤人也，相与辅相之，故久而后失之也。	孟子·公孙丑上 3.6	2
lfszyyczyywzwzwzbgjzjgjxryxyfxzgjehszy	流风善政，犹有存者；又有微子、微仲、王子比干、箕子、胶鬲皆贤人也，相与辅相之，故久而后失之也。	孟子·公孙丑上 3.6	2
yyczyywzwzwzbgjzjgjxryxyfxzgjehszy	犹有存者；又有微子、微仲、王子比干、箕子、胶鬲皆贤人也，相与辅相之，故久而后失之也。	孟子·公孙丑上 3.6	2
yywzwzwzbgjzjgjxryxyfxzgjehszy	又有微子、微仲、王子比干、箕子、胶鬲皆贤人也，相与辅相之，故久而后失之也。	孟子·公孙丑上 3.6	2
wzwzbgjzjgjxryxyfxzgjehszy	微仲、王子比干、箕子、胶鬲皆贤人也，相与辅相之，故久而后失之也。	孟子·公孙丑上 3.6	2
wzbgjzjgjxryxyfxzgjehszy	王子比干、箕子、胶鬲皆贤人也，相与辅相之，故久而后失之也。	孟子·公孙丑上 3.6	2
jzjgjxryxyfxzgjehszy	箕子、胶鬲皆贤人也，相与辅相之，故久而后失之也。	孟子·公孙丑上 3.6	2
jgjxryxyfxzgjehszy	胶鬲皆贤人也，相与辅相之，故久而后失之也。	孟子·公孙丑上 3.6	2
xyfxzgjehszy	相与辅相之，故久而后失之也。	孟子·公孙丑上 3.6	2
gjehszy	故久而后失之也。	孟子·公孙丑上 3.6	2
cdmfqyyymmfqcyrewwyfblqsyny	尺地莫非其有也，一民莫非其臣也，然而文王犹方百里起，是以难也。	孟子·公孙丑上 3.6	1
ymmfqcyrewwyfblqsyny	一民莫非其臣也，然而文王犹方百里起，是以难也。	孟子·公孙丑上 3.6	2
rewwyfblqsyny	然而文王犹方百里起，是以难也。	孟子·公孙丑上 3.6	2
syny	是以难也。	孟子·公孙丑上 3.6	2
qryyysyzhbrcssyzjbrds	齐人有言曰：‘虽有智慧，不如乘势；虽有镃基，不如待时。’	孟子·公孙丑上 3.6	1
syzhbrcssyzjbrds	‘虽有智慧，不如乘势；虽有镃基，不如待时。’	孟子·公孙丑上 3.6	2
brcssyzjbrds	不如乘势；虽有镃基，不如待时。	孟子·公孙丑上 3.6	2
syzjbrds	虽有镃基，不如待时。	孟子·公孙丑上 3.6	2
brds	不如待时。	孟子·公孙丑上 3.6	2
jszyry	今时则易然也。	孟子·公孙丑上 3.7	1
xhyzzsdwygqlzyeqyqdyjmgfxwedhsjeqyqmy	夏后、殷、周之盛，地未有过千里者也，而齐有其地矣；鸡鸣狗吠相闻，而达乎四境，而齐有其民矣。	孟子·公孙丑上 3.7	1
yzzsdwygqlzyeqyqdyjmgfxwedhsjeqyqmy	殷、周之盛，地未有过千里者也，而齐有其地矣；鸡鸣狗吠相闻，而达乎四境，而齐有其民矣。	孟子·公孙丑上 3.7	2
zzsdwygqlzyeqyqdyjmgfxwedhsjeqyqmy	周之盛，地未有过千里者也，而齐有其地矣；鸡鸣狗吠相闻，而达乎四境，而齐有其民矣。	孟子·公孙丑上 3.7	2
dwygqlzyeqyqdyjmgfxwedhsjeqyqmy	地未有过千里者也，而齐有其地矣；鸡鸣狗吠相闻，而达乎四境，而齐有其民矣。	孟子·公孙丑上 3.7	2
eqyqdyjmgfxwedhsjeqyqmy	而齐有其地矣；鸡鸣狗吠相闻，而达乎四境，而齐有其民矣。	孟子·公孙丑上 3.7	2
jmgfxwedhsjeqyqmy	鸡鸣狗吠相闻，而达乎四境，而齐有其民矣。	孟子·公孙丑上 3.7	2
edhsjeqyqmy	而达乎四境，而齐有其民矣。	孟子·公孙丑上 3.7	2
eqyqmy	而齐有其民矣。	孟子·公孙丑上 3.7	2
dbgpymbgjyxrzewmznyy	地不改辟矣，民不改聚矣，行仁政而王，莫之能御也。	孟子·公孙丑上 3.7	1
mbgjyxrzewmznyy	民不改聚矣，行仁政而王，莫之能御也。	孟子·公孙丑上 3.7	2
xrzewmznyy	行仁政而王，莫之能御也。	孟子·公孙丑上 3.7	2
qwzzbzwysycszymzqcynzwysycszy	且王者之不作，未有疏于此时者也；民之憔悴于虐政，未有甚于此时者也。	孟子·公孙丑上 3.7	1
wysycszymzqcynzwysycszy	未有疏于此时者也；民之憔悴于虐政，未有甚于此时者也。	孟子·公孙丑上 3.7	2
mzqcynzwysycszy	民之憔悴于虐政，未有甚于此时者也。	孟子·公孙丑上 3.7	2
wysycszy	未有甚于此时者也。	孟子·公孙丑上 3.7	2
jzywskzywy	饥者易为食，渴者易为饮。	孟子·公孙丑上 3.7	1
kzywy	渴者易为饮。	孟子·公孙丑上 3.7	2
kzydzlxsyzyecm	孔子曰：‘德之流行，速于置邮而传命。’	孟子·公孙丑上 3.7	1
dzlxsyzyecm	‘德之流行，速于置邮而传命。’	孟子·公孙丑上 3.7	2
syzyecm	速于置邮而传命。	孟子·公孙丑上 3.7	2
djzswczgxrzmzyzyjdxy	当今之时，万乘之国行仁政，民之悦之，犹解倒悬也。	孟子·公孙丑上 3.7	1
wczgxrzmzyzyjdxy	万乘之国行仁政，民之悦之，犹解倒悬也。	孟子·公孙丑上 3.7	2
mzyzyjdxy	民之悦之，犹解倒悬也。	孟子·公孙丑上 3.7	2
yjdxy	犹解倒悬也。	孟子·公孙丑上 3.7	2
gsbgzrgbbzwcswr	故事半古之人，功必倍之，惟此时为然。	孟子·公孙丑上 3.7	1
gbbzwcswr	功必倍之，惟此时为然。	孟子·公孙丑上 3.7	2
wcswr	惟此时为然。	孟子·公孙丑上 3.7	2
gscwyfzjqzqxdhdysycbwbyy	公孙丑问曰：夫子加齐之卿相，得行道焉，虽由此霸王不异矣。	孟子·公孙丑上 3.8	1
fzjqzqxdhdysycbwbyy	夫子加齐之卿相，得行道焉，虽由此霸王不异矣。	孟子·公孙丑上 3.8	2
dhdysycbwbyy	得行道焉，虽由此霸王不异矣。	孟子·公孙丑上 3.8	2
sycbwbyy	虽由此霸王不异矣。	孟子·公孙丑上 3.8	2
rczdxfh	如此，则动心否乎？	孟子·公孙丑上 3.8	1
zdxfh	则动心否乎？	孟子·公孙丑上 3.8	2
mzyf	孟子曰：否。	孟子·公孙丑上 3.9	1
wssbdx	我四十不动心。	孟子·公孙丑上 3.9	1
yrszfzgmbyy	曰：“若是，则夫子过孟贲远矣。”	孟子·公孙丑上 3.10	1
rszfzgmbyy	“若是，则夫子过孟贲远矣。”	孟子·公孙丑上 3.10	2
zfzgmbyy	则夫子过孟贲远矣。	孟子·公孙丑上 3.10	2
ysbngzxwbdx	曰：“是不难，告子先我不动心。”	孟子·公孙丑上 3.11	1
sbngzxwbdx	“是不难，告子先我不动心。”	孟子·公孙丑上 3.11	2
gzxwbdx	告子先我不动心。	孟子·公孙丑上 3.11	2
ybdxydh	曰：“不动心有道乎？”	孟子·公孙丑上 3.12	1
bdxydh	“不动心有道乎？”	孟子·公孙丑上 3.12	2
yy	曰：有。	孟子·公孙丑上 3.13	1
bgyzyyybfnbmtsyyhcyrrtzysc	北宫黝之养勇也，不肤挠，不目逃，思以一豪挫于人，若挞之于市朝。	孟子·公孙丑上 3.13	1
bfnbmtsyyhcyrrtzysc	不肤挠，不目逃，思以一豪挫于人，若挞之于市朝。	孟子·公孙丑上 3.13	2
bmtsyyhcyrrtzysc	不目逃，思以一豪挫于人，若挞之于市朝。	孟子·公孙丑上 3.13	2
syyhcyrrtzysc	思以一豪挫于人，若挞之于市朝。	孟子·公孙丑上 3.13	2
rtzysc	若挞之于市朝。	孟子·公孙丑上 3.13	2
bsyhkbybsywczj	不受于褐宽博，亦不受于万乘之君。	孟子·公孙丑上 3.13	1
ybsywczj	亦不受于万乘之君。	孟子·公孙丑上 3.13	2
scwczjrchf	视刺万乘之君，若刺褐夫。	孟子·公孙丑上 3.13	1
rchf	若刺褐夫。	孟子·公孙丑上 3.13	2
wyzh	无严诸侯。	孟子·公孙丑上 3.13	1
eszbfz	恶声至，必反之。	孟子·公孙丑上 3.13	1
bfz	必反之。	孟子·公孙丑上 3.13	2
msszsyyyysbsysy	孟施舍之所养勇也，曰：视不胜犹胜也。	孟子·公孙丑上 3.13	1
ysbsysy	曰：视不胜犹胜也。	孟子·公孙丑上 3.13	2
sbsysy	视不胜犹胜也。	孟子·公孙丑上 3.13	2
ldehjlsehhswsjzy	量敌而后进，虑胜而后会，是畏三军者也。	孟子·公孙丑上 3.13	1
lsehhswsjzy	虑胜而后会，是畏三军者也。	孟子·公孙丑上 3.13	2
swsjzy	是畏三军者也。	孟子·公孙丑上 3.13	2
sqnwbsz	舍岂能为必胜哉？	孟子·公孙丑上 3.13	1
nwjeyy	能无惧而已矣。	孟子·公孙丑上 3.13	1
msssczbgyszx	孟施舍似曾子，北宫黝似子夏。	孟子·公孙丑上 3.13	1
bgyszx	北宫黝似子夏。	孟子·公孙丑上 3.13	2
fezzywzqsxremsssyy	夫二子之勇，未知其孰贤，然而孟施舍守约也。	孟子·公孙丑上 3.13	1
wzqsxremsssyy	未知其孰贤，然而孟施舍守约也。	孟子·公孙丑上 3.13	2
remsssyy	然而孟施舍守约也。	孟子·公孙丑上 3.13	2
xzczwzxyzhyh	昔者曾子谓子襄曰：子好勇乎？	孟子·公孙丑上 3.13	1
zhyh	子好勇乎？	孟子·公孙丑上 3.13	2
wcwdyyfzyzfebsshkbwbzyzfessqwrwwy	吾尝闻大勇于夫子矣：自反而不缩，虽褐宽博，吾不惴焉；自反而缩，虽千万人，吾往矣。	孟子·公孙丑上 3.13	1
zfebsshkbwbzyzfessqwrwwy	自反而不缩，虽褐宽博，吾不惴焉；自反而缩，虽千万人，吾往矣。	孟子·公孙丑上 3.13	2
shkbwbzyzfessqwrwwy	虽褐宽博，吾不惴焉；自反而缩，虽千万人，吾往矣。	孟子·公孙丑上 3.13	2
wbzyzfessqwrwwy	吾不惴焉；自反而缩，虽千万人，吾往矣。	孟子·公孙丑上 3.13	2
zfessqwrwwy	自反而缩，虽千万人，吾往矣。	孟子·公孙丑上 3.13	2
sqwrwwy	虽千万人，吾往矣。	孟子·公孙丑上 3.13	2
wwy	吾往矣。	孟子·公孙丑上 3.13	2
msszsqybrczzsyy	孟施舍之守气，又不如曾子之守约也。	孟子·公孙丑上 3.13	1
ybrczzsyy	又不如曾子之守约也。	孟子·公孙丑上 3.13	2
ygwfzzbdxygzzbdxkdwy	曰：“敢问夫子之不动心，与告子之不动心，可得闻与？”	孟子·公孙丑上 3.14	1
gwfzzbdxygzzbdxkdwy	“敢问夫子之不动心，与告子之不动心，可得闻与？”	孟子·公孙丑上 3.14	2
ygzzbdxkdwy	与告子之不动心，可得闻与？	孟子·公孙丑上 3.14	2
kdwy	可得闻与？	孟子·公孙丑上 3.14	2
gzybdyywqyxbdyxwqyq	告子曰：‘不得于言，勿求于心；不得于心，勿求于气。’	孟子·公孙丑上 3.15	1
bdyywqyxbdyxwqyq	‘不得于言，勿求于心；不得于心，勿求于气。’	孟子·公孙丑上 3.15	2
wqyxbdyxwqyq	勿求于心；不得于心，勿求于气。	孟子·公孙丑上 3.15	2
bdyxwqyq	不得于心，勿求于气。	孟子·公孙丑上 3.15	2
wqyq	勿求于气。	孟子·公孙丑上 3.15	2
bdyxwqyqkbdyywqyxbk	不得于心，勿求于气，可；不得于言，勿求于心，不可。	孟子·公孙丑上 3.15	1
wqyqkbdyywqyxbk	勿求于气，可；不得于言，勿求于心，不可。	孟子·公孙丑上 3.15	2
kbdyywqyxbk	可；不得于言，勿求于心，不可。	孟子·公孙丑上 3.15	2
bdyywqyxbk	不得于言，勿求于心，不可。	孟子·公孙丑上 3.15	2
wqyxbk	勿求于心，不可。	孟子·公孙丑上 3.15	2
fzqzsyqtzcy	夫志，气之帅也；气，体之充也。	孟子·公孙丑上 3.15	1
qzsyqtzcy	气之帅也；气，体之充也。	孟子·公孙丑上 3.15	2
qtzcy	气，体之充也。	孟子·公孙丑上 3.15	2
tzcy	体之充也。	孟子·公孙丑上 3.15	2
fzzyqcy	夫志至焉，气次焉。	孟子·公孙丑上 3.15	1
qcy	气次焉。	孟子·公孙丑上 3.15	2
gycqzwbqq	故曰：‘持其志，无暴其气。’	孟子·公孙丑上 3.15	1
cqzwbqq	‘持其志，无暴其气。’	孟子·公孙丑上 3.15	2
wbqq	无暴其气。	孟子·公孙丑上 3.15	2
jyzzyqcyyycqzwbqqzhy	“既曰‘志至焉，气次焉’，又曰‘持其志无暴其气’者，何也？”	孟子·公孙丑上 3.16	1
qcyyycqzwbqqzhy	气次焉’，又曰‘持其志无暴其气者，何也？	孟子·公孙丑上 3.16	2
yycqzwbqqzhy	又曰‘持其志无暴其气’者，何也？	孟子·公孙丑上 3.16	2
yzyzdqqyzdzy	曰：志壹则动气，气壹则动志也。	孟子·公孙丑上 3.17	1
zyzdqqyzdzy	志壹则动气，气壹则动志也。	孟子·公孙丑上 3.17	2
qyzdzy	气壹则动志也。	孟子·公孙丑上 3.17	2
jfjzqzsqyefdqx	今夫蹶者趋者，是气也，而反动其心。	孟子·公孙丑上 3.17	1
sqyefdqx	是气也，而反动其心。	孟子·公孙丑上 3.17	2
efdqx	而反动其心。	孟子·公孙丑上 3.17	2
gwfzehz	“敢问夫子恶乎长？”	孟子·公孙丑上 3.18	1
ywzywsywhrzq	曰：“我知言，我善养吾浩然之气。”	孟子·公孙丑上 3.19	1
wzywsywhrzq	“我知言，我善养吾浩然之气。”	孟子·公孙丑上 3.19	2
wsywhrzq	我善养吾浩然之气。	孟子·公孙丑上 3.19	2
gwhwhrzq	“敢问何谓浩然之气？”	孟子·公孙丑上 3.20	1
ynyy	曰：难言也。	孟子·公孙丑上 3.21	1
nyy	难言也。	孟子·公孙丑上 3.21	2
qwqyzdzgyzyewhzsytdzx	其为气也，至大至刚，以直养而无害，则塞于天地之闲。	孟子·公孙丑上 3.21	1
zdzgyzyewhzsytdzx	至大至刚，以直养而无害，则塞于天地之闲。	孟子·公孙丑上 3.21	2
yzyewhzsytdzx	以直养而无害，则塞于天地之闲。	孟子·公孙丑上 3.21	2
zsytdzx	则塞于天地之闲。	孟子·公孙丑上 3.21	2
qwqypyydwsny	其为气也，配义与道；无是，馁也。	孟子·公孙丑上 3.21	1
pyydwsny	配义与道；无是，馁也。	孟子·公孙丑上 3.21	2
wsny	无是，馁也。	孟子·公孙丑上 3.21	2
ny	馁也。	孟子·公孙丑上 3.21	2
sjysszfyxeqzy	是集义所生者，非义袭而取之也。	孟子·公孙丑上 3.21	1
fyxeqzy	非义袭而取之也。	孟子·公孙丑上 3.21	2
xybqyxzny	行有不慊于心，则馁矣。	孟子·公孙丑上 3.21	1
zny	则馁矣。	孟子·公孙丑上 3.21	2
wgygzwczyyqwzy	我故曰，告子未尝知义，以其外之也。	孟子·公孙丑上 3.21	1
gzwczyyqwzy	告子未尝知义，以其外之也。	孟子·公孙丑上 3.21	2
yqwzy	以其外之也。	孟子·公孙丑上 3.21	2
bysyewzxwwwzzy	必有事焉而勿正，心勿忘，勿助长也。	孟子·公孙丑上 3.21	1
xwwwzzy	心勿忘，勿助长也。	孟子·公孙丑上 3.21	2
wzzy	勿助长也。	孟子·公孙丑上 3.21	2
wrsrrsrymqmzbzeyzzmmrg	无若宋人然：宋人有闵其苗之不长而揠之者，芒芒然归。	孟子·公孙丑上 3.21	1
srymqmzbzeyzzmmrg	宋人有闵其苗之不长而揠之者，芒芒然归。	孟子·公孙丑上 3.21	2
mmrg	芒芒然归。	孟子·公孙丑上 3.21	2
wqryjrbyyzmzy	谓其人曰：‘今日病矣，予助苗长矣。’	孟子·公孙丑上 3.21	1
jrbyyzmzy	‘今日病矣，予助苗长矣。’	孟子·公孙丑上 3.21	2
yzmzy	予助苗长矣。	孟子·公孙丑上 3.21	2
qzqewszmzgy	其子趋而往视之，苗则槁矣。	孟子·公孙丑上 3.21	1
mzgy	苗则槁矣。	孟子·公孙丑上 3.21	2
txzbzmzzgy	天下之不助苗长者寡矣。	孟子·公孙丑上 3.21	1
ywwyeszzbymzyzzzzymzy	以为无益而舍之者，不耘苗者也；助之长者，揠苗者也。	孟子·公孙丑上 3.21	1
bymzyzzzzymzy	不耘苗者也；助之长者，揠苗者也。	孟子·公孙丑上 3.21	2
zzzzymzy	助之长者，揠苗者也。	孟子·公孙丑上 3.21	2
ymzy	揠苗者也。	孟子·公孙丑上 3.21	2
ftwyeyhz	非徒无益，而又害之。	孟子·公孙丑上 3.21	1
eyhz	而又害之。	孟子·公孙丑上 3.21	2
hwzy	“何谓知言？”	孟子·公孙丑上 3.22	1
ybczqsbyczqsxxczqsldczqsq	曰：诐辞知其所蔽，淫辞知其所陷，邪辞知其所离，遁辞知其所穷。	孟子·公孙丑上 3.23	1
bczqsbyczqsxxczqsldczqsq	诐辞知其所蔽，淫辞知其所陷，邪辞知其所离，遁辞知其所穷。	孟子·公孙丑上 3.23	2
yczqsxxczqsldczqsq	淫辞知其所陷，邪辞知其所离，遁辞知其所穷。	孟子·公孙丑上 3.23	2
xczqsldczqsq	邪辞知其所离，遁辞知其所穷。	孟子·公孙丑上 3.23	2
dczqsq	遁辞知其所穷。	孟子·公孙丑上 3.23	2
syqxhyqzfyqzhyqs	生于其心，害于其政；发于其政，害于其事。	孟子·公孙丑上 3.23	1
hyqzfyqzhyqs	害于其政；发于其政，害于其事。	孟子·公孙丑上 3.23	2
fyqzhyqs	发于其政，害于其事。	孟子·公孙丑上 3.23	2
hyqs	害于其事。	孟子·公孙丑上 3.23	2
srfqbcwyy	圣人复起，必从吾言矣。	孟子·公孙丑上 3.23	1
bcwyy	必从吾言矣。	孟子·公孙丑上 3.23	2
zwzgswscrnmzyysydx	宰我、子贡善为说辞，冉牛、闵子、颜渊善言德行。	孟子·公孙丑上 3.24	1
zgswscrnmzyysydx	子贡善为说辞，冉牛、闵子、颜渊善言德行。	孟子·公孙丑上 3.24	2
rnmzyysydx	冉牛、闵子、颜渊善言德行。	孟子·公孙丑上 3.24	2
mzyysydx	闵子、颜渊善言德行。	孟子·公孙丑上 3.24	2
yysydx	颜渊善言德行。	孟子·公孙丑上 3.24	2
kzjzywycmzbny	孔子兼之，曰：‘我于辞命则不能也。’	孟子·公孙丑上 3.24	1
ywycmzbny	曰：‘我于辞命则不能也。’	孟子·公孙丑上 3.24	2
wycmzbny	‘我于辞命则不能也。’	孟子·公孙丑上 3.24	2
rzfzjsyh	然则夫子既圣矣乎？	孟子·公孙丑上 3.24	1
ye	曰：恶！	孟子·公孙丑上 3.25	1
shyy	是何言也？	孟子·公孙丑上 3.25	1
xzzgwykzyfzsyh	昔者子贡、问于孔子曰：‘夫子圣矣乎？’	孟子·公孙丑上 3.25	1
wykzyfzsyh	问于孔子曰：‘夫子圣矣乎？’	孟子·公孙丑上 3.25	2
fzsyh	‘夫子圣矣乎？’	孟子·公孙丑上 3.25	2
kzyszwbnwxbyejbjy	孔子曰：‘圣则吾不能，我学不厌而教不倦也。’	孟子·公孙丑上 3.25	1
szwbnwxbyejbjy	‘圣则吾不能，我学不厌而教不倦也。’	孟子·公孙丑上 3.25	2
wxbyejbjy	我学不厌而教不倦也。	孟子·公孙丑上 3.25	2
zgyxbyzyjbjry	子贡曰：学不厌，智也；教不倦，仁也。	孟子·公孙丑上 3.25	1
xbyzyjbjry	学不厌，智也；教不倦，仁也。	孟子·公孙丑上 3.25	2
zyjbjry	智也；教不倦，仁也。	孟子·公孙丑上 3.25	2
jbjry	教不倦，仁也。	孟子·公孙丑上 3.25	2
ry	仁也。	孟子·公孙丑上 3.25	2
rqzfzjsy	仁且智，夫子既圣矣！	孟子·公孙丑上 3.25	1
fzjsy	夫子既圣矣！	孟子·公孙丑上 3.25	2
fskzbjshyy	夫圣，孔子不居，是何言也？	孟子·公孙丑上 3.25	1
kzbjshyy	孔子不居，是何言也？	孟子·公孙丑上 3.25	2
xzqwzzxzyzzjysrzytrnmzyyzjtew	昔者窃闻之：子夏、子游、子张皆有圣人之一体，冉牛、闵子、颜渊则具体而微。	孟子·公孙丑上 3.26	1
zxzyzzjysrzytrnmzyyzjtew	子夏、子游、子张皆有圣人之一体，冉牛、闵子、颜渊则具体而微。	孟子·公孙丑上 3.26	2
zyzzjysrzytrnmzyyzjtew	子游、子张皆有圣人之一体，冉牛、闵子、颜渊则具体而微。	孟子·公孙丑上 3.26	2
zzjysrzytrnmzyyzjtew	子张皆有圣人之一体，冉牛、闵子、颜渊则具体而微。	孟子·公孙丑上 3.26	2
rnmzyyzjtew	冉牛、闵子、颜渊则具体而微。	孟子·公孙丑上 3.26	2
mzyyzjtew	闵子、颜渊则具体而微。	孟子·公孙丑上 3.26	2
yyzjtew	颜渊则具体而微。	孟子·公孙丑上 3.26	2
gwsa	敢问所安。	孟子·公孙丑上 3.26	1
ygss	曰：“姑舍是。”	孟子·公孙丑上 3.27	1
gss	“姑舍是。”	孟子·公孙丑上 3.27	2
ybyyyhr	曰：“伯夷、伊尹何如？”	孟子·公孙丑上 3.28	1
byyyhr	“伯夷、伊尹何如？”	孟子·公孙丑上 3.28	2
yyhr	伊尹何如？	孟子·公孙丑上 3.28	2
ybtd	曰：不同道。	孟子·公孙丑上 3.29	1
btd	不同道。	孟子·公孙丑上 3.29	2
fqjbsfqmbszzjlztbyy	非其君不事，非其民不使；治则进，乱则退，伯夷也。	孟子·公孙丑上 3.29	1
fqmbszzjlztbyy	非其民不使；治则进，乱则退，伯夷也。	孟子·公孙丑上 3.29	2
zzjlztbyy	治则进，乱则退，伯夷也。	孟子·公孙丑上 3.29	2
lztbyy	乱则退，伯夷也。	孟子·公孙丑上 3.29	2
byy	伯夷也。	孟子·公孙丑上 3.29	2
hsfjhsfmzyjlyjyyy	何事非君，何使非民；治亦进，乱亦进，伊尹也。	孟子·公孙丑上 3.29	1
hsfmzyjlyjyyy	何使非民；治亦进，乱亦进，伊尹也。	孟子·公孙丑上 3.29	2
zyjlyjyyy	治亦进，乱亦进，伊尹也。	孟子·公孙丑上 3.29	2
lyjyyy	乱亦进，伊尹也。	孟子·公孙丑上 3.29	2
yyy	伊尹也。	孟子·公孙丑上 3.29	2
kyszskyzzzkyjzjkyszskzy	可以仕则仕，可以止则止，可以久则久，可以速则速，孔子也。	孟子·公孙丑上 3.29	1
kyzzzkyjzjkyszskzy	可以止则止，可以久则久，可以速则速，孔子也。	孟子·公孙丑上 3.29	2
kyjzjkyszskzy	可以久则久，可以速则速，孔子也。	孟子·公孙丑上 3.29	2
kyszskzy	可以速则速，孔子也。	孟子·公孙丑上 3.29	2
kzy	孔子也。	孟子·公孙丑上 3.29	2
jgsrywwnyxynsyzxkzy	皆古圣人也，吾未能有行焉；乃所愿，则学孔子也。	孟子·公孙丑上 3.29	1
wwnyxynsyzxkzy	吾未能有行焉；乃所愿，则学孔子也。	孟子·公孙丑上 3.29	2
nsyzxkzy	乃所愿，则学孔子也。	孟子·公孙丑上 3.29	2
zxkzy	则学孔子也。	孟子·公孙丑上 3.29	2
byyyykzrsbh	“伯夷、伊尹于孔子，若是班乎？”	孟子·公孙丑上 3.30	1
yyykzrsbh	伊尹于孔子，若是班乎？	孟子·公孙丑上 3.30	2
rsbh	若是班乎？	孟子·公孙丑上 3.30	2
zysmylwykzy	自有生民以来，未有孔子也。	孟子·公孙丑上 3.31	1
wykzy	未有孔子也。	孟子·公孙丑上 3.31	2
yrzyty	曰：“然则有同与？”	孟子·公孙丑上 3.32	1
rzyty	“然则有同与？”	孟子·公孙丑上 3.32	2
dblzdejzjnyczhytx	得百里之地而君之，皆能以朝诸侯有天下。	孟子·公孙丑上 3.33	1
jnyczhytx	皆能以朝诸侯有天下。	孟子·公孙丑上 3.33	2
xybysybgedtxjbwy	行一不义、杀一不辜而得天下，皆不为也。	孟子·公孙丑上 3.33	1
sybgedtxjbwy	杀一不辜而得天下，皆不为也。	孟子·公孙丑上 3.33	2
jbwy	皆不为也。	孟子·公孙丑上 3.33	2
szt	是则同。	孟子·公孙丑上 3.33	1
ygwqsyy	曰：“敢问其所以异？”	孟子·公孙丑上 3.34	1
gwqsyy	“敢问其所以异？”	孟子·公孙丑上 3.34	2
yzwzgyrzzyzsr	曰：宰我、子贡、有若智足以知圣人。	孟子·公孙丑上 3.35	1
zwzgyrzzyzsr	宰我、子贡、有若智足以知圣人。	孟子·公孙丑上 3.35	2
zgyrzzyzsr	子贡、有若智足以知圣人。	孟子·公孙丑上 3.35	2
yrzzyzsr	有若智足以知圣人。	孟子·公孙丑上 3.35	2
wbzeqsh	污，不至阿其所好。	孟子·公孙丑上 3.35	1
bzeqsh	不至阿其所好。	孟子·公孙丑上 3.35	2
zwyyygyfzxyysyy	宰我曰：‘以予观于夫子，贤于尧舜远矣。’	孟子·公孙丑上 3.35	1
yygyfzxyysyy	‘以予观于夫子，贤于尧舜远矣。’	孟子·公孙丑上 3.35	2
xyysyy	贤于尧舜远矣。	孟子·公孙丑上 3.35	2
zgyjqlezqzwqlezqd	子贡曰：见其礼而知其政，闻其乐而知其德。	孟子·公孙丑上 3.35	1
jqlezqzwqlezqd	见其礼而知其政，闻其乐而知其德。	孟子·公孙丑上 3.35	2
wqlezqd	闻其乐而知其德。	孟子·公孙丑上 3.35	2
ybszhdbszwmznwy	由百世之后，等百世之王，莫之能违也。	孟子·公孙丑上 3.35	1
dbszwmznwy	等百世之王，莫之能违也。	孟子·公孙丑上 3.35	2
mznwy	莫之能违也。	孟子·公孙丑上 3.35	2
zsmylwyfzy	自生民以来，未有夫子也。	孟子·公孙丑上 3.35	1
wyfzy	未有夫子也。	孟子·公孙丑上 3.35	2
yryqwmz	有若曰：岂惟民哉？	孟子·公孙丑上 3.35	1
qwmz	岂惟民哉？	孟子·公孙丑上 3.35	2
qlzyzsfhzyfntszyqdhhzyxlly	麒麟之于走兽，凤凰之于飞鸟，太山之于丘垤，河海之于行潦，类也。	孟子·公孙丑上 3.35	1
fhzyfntszyqdhhzyxlly	凤凰之于飞鸟，太山之于丘垤，河海之于行潦，类也。	孟子·公孙丑上 3.35	2
tszyqdhhzyxlly	太山之于丘垤，河海之于行潦，类也。	孟子·公孙丑上 3.35	2
hhzyxlly	河海之于行潦，类也。	孟子·公孙丑上 3.35	2
ly	类也。	孟子·公孙丑上 3.35	2
srzymyly	圣人之于民，亦类也。	孟子·公孙丑上 3.35	1
yly	亦类也。	孟子·公孙丑上 3.35	2
cyqlbhqczsmylwysykzy	出于其类，拔乎其萃，自生民以来，未有盛于孔子也。	孟子·公孙丑上 3.35	1
bhqczsmylwysykzy	拔乎其萃，自生民以来，未有盛于孔子也。	孟子·公孙丑上 3.35	2
zsmylwysykzy	自生民以来，未有盛于孔子也。	孟子·公孙丑上 3.35	2
wysykzy	未有盛于孔子也。	孟子·公孙丑上 3.35	2
mzyyljrzbbbydgydxrzwwbdd	孟子曰：以力假仁者霸，霸必有大国，以德行仁者王，王不待大。	孟子·公孙丑上 3.36	1
yljrzbbbydgydxrzwwbdd	以力假仁者霸，霸必有大国，以德行仁者王，王不待大。	孟子·公孙丑上 3.36	2
bbydgydxrzwwbdd	霸必有大国，以德行仁者王，王不待大。	孟子·公孙丑上 3.36	2
ydxrzwwbdd	以德行仁者王，王不待大。	孟子·公孙丑上 3.36	2
wbdd	王不待大。	孟子·公孙丑上 3.36	2
tyqslwwybl	汤以七十里，文王以百里。	孟子·公孙丑上 3.36	1
wwybl	文王以百里。	孟子·公孙丑上 3.36	2
ylfrzfxfylbsyydfrzzxyecfyrqszzfkzy	以力服人者，非心服也，力不赡也；以德服人者，中心悦而诚服也，如七十子之服孔子也。	孟子·公孙丑上 3.36	1
fxfylbsyydfrzzxyecfyrqszzfkzy	非心服也，力不赡也；以德服人者，中心悦而诚服也，如七十子之服孔子也。	孟子·公孙丑上 3.36	2
lbsyydfrzzxyecfyrqszzfkzy	力不赡也；以德服人者，中心悦而诚服也，如七十子之服孔子也。	孟子·公孙丑上 3.36	2
ydfrzzxyecfyrqszzfkzy	以德服人者，中心悦而诚服也，如七十子之服孔子也。	孟子·公孙丑上 3.36	2
zxyecfyrqszzfkzy	中心悦而诚服也，如七十子之服孔子也。	孟子·公孙丑上 3.36	2
rqszzfkzy	如七十子之服孔子也。	孟子·公孙丑上 3.36	2
syzxzdznzbwsbf	《诗》云：‘自西自东，自南自北，无思不服。’	孟子·公孙丑上 3.36	1
zxzdznzbwsbf	‘自西自东，自南自北，无思不服。’	孟子·公孙丑上 3.36	2
znzbwsbf	自南自北，无思不服。	孟子·公孙丑上 3.36	2
wsbf	无思不服。	孟子·公孙丑上 3.36	2
czwy	此之谓也。	孟子·公孙丑上 3.36	1
mzyrzrbrzr	孟子曰：仁则荣，不仁则辱。	孟子·公孙丑上 3.37	1
rzrbrzr	仁则荣，不仁则辱。	孟子·公孙丑上 3.37	2
brzr	不仁则辱。	孟子·公孙丑上 3.37	2
jerejbrsyesejxy	今恶辱而居不仁，是犹恶湿而居下也。	孟子·公孙丑上 3.37	1
syesejxy	是犹恶湿而居下也。	孟子·公孙丑上 3.37	2
rezmrgdezsxzzwnzzz	如恶之，莫如贵德而尊士，贤者在位，能者在职。	孟子·公孙丑上 3.37	1
mrgdezsxzzwnzzz	莫如贵德而尊士，贤者在位，能者在职。	孟子·公孙丑上 3.37	2
xzzwnzzz	贤者在位，能者在职。	孟子·公孙丑上 3.37	2
nzzz	能者在职。	孟子·公孙丑上 3.37	2
gjxxjssmqzx	国家闲暇，及是时明其政刑。	孟子·公孙丑上 3.37	1
jssmqzx	及是时明其政刑。	孟子·公孙丑上 3.37	2
sdgbwzy	虽大国，必畏之矣。	孟子·公孙丑上 3.37	1
bwzy	必畏之矣。	孟子·公孙丑上 3.37	2
sydtzwyycbstcmyh	《诗》云：迨天之未阴雨，彻彼桑土，绸缪牖户。	孟子·公孙丑上 3.37	1
dtzwyycbstcmyh	迨天之未阴雨，彻彼桑土，绸缪牖户。	孟子·公孙丑上 3.37	2
cbstcmyh	彻彼桑土，绸缪牖户。	孟子·公孙丑上 3.37	2
cmyh	绸缪牖户。	孟子·公孙丑上 3.37	2
jcxmhgwy	今此下民，或敢侮予？	孟子·公孙丑上 3.37	1
hgwy	或敢侮予？	孟子·公孙丑上 3.37	2
kzywcszqzdh	孔子曰：为此诗者，其知道乎！	孟子·公孙丑上 3.37	1
wcszqzdh	为此诗者，其知道乎！	孟子·公孙丑上 3.37	2
qzdh	其知道乎！	孟子·公孙丑上 3.37	2
nzqgjsgwz	能治其国家，谁敢侮之？	孟子·公孙丑上 3.37	1
sgwz	谁敢侮之？	孟子·公孙丑上 3.37	2
jgjxxjssbldaszqhy	今国家闲暇，及是时般乐怠敖，是自求祸也。	孟子·公孙丑上 3.37	1
jssbldaszqhy	及是时般乐怠敖，是自求祸也。	孟子·公孙丑上 3.37	2
szqhy	是自求祸也。	孟子·公孙丑上 3.37	2
hfwbzjqzz	祸褔无不自己求之者。	孟子·公孙丑上 3.37	1
syyypmzqdf	《诗》云：‘永言配命，自求多褔。’	孟子·公孙丑上 3.37	1
yypmzqdf	‘永言配命，自求多褔。’	孟子·公孙丑上 3.37	2
zqdf	自求多褔。	孟子·公孙丑上 3.37	2
tjytznykwzznbkh	《太甲》曰：‘天作孽，犹可违；自作孽，不可活。’	孟子·公孙丑上 3.37	1
tznykwzznbkh	‘天作孽，犹可违；自作孽，不可活。’	孟子·公孙丑上 3.37	2
ykwzznbkh	犹可违；自作孽，不可活。	孟子·公孙丑上 3.37	2
zznbkh	自作孽，不可活。	孟子·公孙丑上 3.37	2
bkh	不可活。	孟子·公孙丑上 3.37	2
mzyzxsnjjzwztxzsjyeylyqcy	孟子曰：尊贤使能，俊杰在位，则天下之士皆悦而愿立于其朝矣。	孟子·公孙丑上 3.38	1
zxsnjjzwztxzsjyeylyqcy	尊贤使能，俊杰在位，则天下之士皆悦而愿立于其朝矣。	孟子·公孙丑上 3.38	2
jjzwztxzsjyeylyqcy	俊杰在位，则天下之士皆悦而愿立于其朝矣。	孟子·公孙丑上 3.38	2
ztxzsjyeylyqcy	则天下之士皆悦而愿立于其朝矣。	孟子·公孙丑上 3.38	2
scebzfebcztxzsjyeycyqsy	市廛而不征，法而不廛，则天下之商皆悦而愿藏于其市矣。	孟子·公孙丑上 3.38	1
febcztxzsjyeycyqsy	法而不廛，则天下之商皆悦而愿藏于其市矣。	孟子·公孙丑上 3.38	2
ztxzsjyeycyqsy	则天下之商皆悦而愿藏于其市矣。	孟子·公孙丑上 3.38	2
gjebzztxzljyeycyqly	关讥而不征，则天下之旅皆悦而愿出于其路矣。	孟子·公孙丑上 3.38	1
ztxzljyeycyqly	则天下之旅皆悦而愿出于其路矣。	孟子·公孙丑上 3.38	2
gzzebsztxznjyeygyqyy	耕者助而不税，则天下之农皆悦而愿耕于其野矣。	孟子·公孙丑上 3.38	1
ztxznjyeygyqyy	则天下之农皆悦而愿耕于其野矣。	孟子·公孙丑上 3.38	2
cwflzbztxzmjyeywzmy	廛无夫里之布，则天下之民皆悦而愿为之氓矣。	孟子·公孙丑上 3.38	1
ztxzmjyeywzmy	则天下之民皆悦而愿为之氓矣。	孟子·公孙丑上 3.38	2
xnxcwzzlgzmyzrfmy	信能行此五者，则邻国之民仰之若父母矣。	孟子·公孙丑上 3.38	1
zlgzmyzrfmy	则邻国之民仰之若父母矣。	孟子·公孙丑上 3.38	2
lqzdgqfmzsmylwynjzy	率其子弟，攻其父母，自生民以来，未有能济者也。	孟子·公孙丑上 3.38	1
gqfmzsmylwynjzy	攻其父母，自生民以来，未有能济者也。	孟子·公孙丑上 3.38	2
zsmylwynjzy	自生民以来，未有能济者也。	孟子·公孙丑上 3.38	2
wynjzy	未有能济者也。	孟子·公孙丑上 3.38	2
rczwdytx	如此，则无敌于天下。	孟子·公孙丑上 3.38	1
zwdytx	则无敌于天下。	孟子·公孙丑上 3.38	2
wdytxztly	无敌于天下者，天吏也。	孟子·公孙丑上 3.38	1
tly	天吏也。	孟子·公孙丑上 3.38	2
mzyrjybrrzx	孟子曰：人皆有不忍人之心。	孟子·公孙丑上 3.39	1
rjybrrzx	人皆有不忍人之心。	孟子·公孙丑上 3.39	2
xwybrrzxsybrrzzy	先王有不忍人之心，斯有不忍人之政矣。	孟子·公孙丑上 3.39	1
sybrrzzy	斯有不忍人之政矣。	孟子·公孙丑上 3.39	2
ybrrzxxbrrzzztxkyzzs	以不忍人之心，行不忍人之政，治天下可运之掌上。	孟子·公孙丑上 3.39	1
xbrrzzztxkyzzs	行不忍人之政，治天下可运之掌上。	孟子·公孙丑上 3.39	2
ztxkyzzs	治天下可运之掌上。	孟子·公孙丑上 3.39	2
sywrjybrrzxzjrzjrzjryjjyctcyzx	所以谓人皆有不忍人之心者，今人乍见孺子将入于井，皆有怵惕恻隐之心。	孟子·公孙丑上 3.39	1
jrzjrzjryjjyctcyzx	今人乍见孺子将入于井，皆有怵惕恻隐之心。	孟子·公孙丑上 3.39	2
jyctcyzx	皆有怵惕恻隐之心。	孟子·公孙丑上 3.39	2
fsynjyrzzfmyfsyyyyxdpyyfeqsery	非所以内交于孺子之父母也，非所以要誉于乡党朋友也，非恶其声而然也。	孟子·公孙丑上 3.39	1
fsyyyyxdpyyfeqsery	非所以要誉于乡党朋友也，非恶其声而然也。	孟子·公孙丑上 3.39	2
feqsery	非恶其声而然也。	孟子·公孙丑上 3.39	2
ysgzwcyzxfrywxwzxfrywcrzxfrywsfzxfry	由是观之，无恻隐之心，非人也；无羞恶之心，非人也；无辞让之心，非人也；无是非之心，非人也。	孟子·公孙丑上 3.39	1
wcyzxfrywxwzxfrywcrzxfrywsfzxfry	无恻隐之心，非人也；无羞恶之心，非人也；无辞让之心，非人也；无是非之心，非人也。	孟子·公孙丑上 3.39	2
frywxwzxfrywcrzxfrywsfzxfry	非人也；无羞恶之心，非人也；无辞让之心，非人也；无是非之心，非人也。	孟子·公孙丑上 3.39	2
wxwzxfrywcrzxfrywsfzxfry	无羞恶之心，非人也；无辞让之心，非人也；无是非之心，非人也。	孟子·公孙丑上 3.39	2
frywcrzxfrywsfzxfry	非人也；无辞让之心，非人也；无是非之心，非人也。	孟子·公孙丑上 3.39	2
wcrzxfrywsfzxfry	无辞让之心，非人也；无是非之心，非人也。	孟子·公孙丑上 3.39	2
frywsfzxfry	非人也；无是非之心，非人也。	孟子·公孙丑上 3.39	2
wsfzxfry	无是非之心，非人也。	孟子·公孙丑上 3.39	2
fry	非人也。	孟子·公孙丑上 3.39	2
cyzxrzdyxwzxyzdycrzxlzdysfzxzzdy	恻隐之心，仁之端也；羞恶之心，义之端也；辞让之心，礼之端也；是非之心，智之端也。	孟子·公孙丑上 3.39	1
rzdyxwzxyzdycrzxlzdysfzxzzdy	仁之端也；羞恶之心，义之端也；辞让之心，礼之端也；是非之心，智之端也。	孟子·公孙丑上 3.39	2
xwzxyzdycrzxlzdysfzxzzdy	羞恶之心，义之端也；辞让之心，礼之端也；是非之心，智之端也。	孟子·公孙丑上 3.39	2
yzdycrzxlzdysfzxzzdy	义之端也；辞让之心，礼之端也；是非之心，智之端也。	孟子·公孙丑上 3.39	2
crzxlzdysfzxzzdy	辞让之心，礼之端也；是非之心，智之端也。	孟子·公孙丑上 3.39	2
lzdysfzxzzdy	礼之端也；是非之心，智之端也。	孟子·公孙丑上 3.39	2
sfzxzzdy	是非之心，智之端也。	孟子·公孙丑上 3.39	2
zzdy	智之端也。	孟子·公孙丑上 3.39	2
rzyssdyyqysty	人之有是四端也，犹其有四体也。	孟子·公孙丑上 3.39	1
yqysty	犹其有四体也。	孟子·公孙丑上 3.39	2
yssdezwbnzzzzywqjbnzzqjzy	有是四端而自谓不能者，自贼者也；谓其君不能者，贼其君者也。	孟子·公孙丑上 3.39	1
zzzywqjbnzzqjzy	自贼者也；谓其君不能者，贼其君者也。	孟子·公孙丑上 3.39	2
wqjbnzzqjzy	谓其君不能者，贼其君者也。	孟子·公孙丑上 3.39	2
zqjzy	贼其君者也。	孟子·公孙丑上 3.39	2
fysdywzzjkeczyrhzsrqzsd	凡有四端于我者，知皆扩而充之矣，若火之始然，泉之始达。	孟子·公孙丑上 3.39	1
zjkeczyrhzsrqzsd	知皆扩而充之矣，若火之始然，泉之始达。	孟子·公孙丑上 3.39	2
rhzsrqzsd	若火之始然，泉之始达。	孟子·公孙丑上 3.39	2
qzsd	泉之始达。	孟子·公孙丑上 3.39	2
gnczzybshgbczbzysfm	苟能充之，足以保四海；苟不充之，不足以事父母。	孟子·公孙丑上 3.39	1
zybshgbczbzysfm	足以保四海；苟不充之，不足以事父母。	孟子·公孙丑上 3.39	2
gbczbzysfm	苟不充之，不足以事父母。	孟子·公孙丑上 3.39	2
bzysfm	不足以事父母。	孟子·公孙丑上 3.39	2
mzysrqbryhrz	孟子曰：矢人岂不仁于函人哉？	孟子·公孙丑上 3.40	1
srqbryhrz	矢人岂不仁于函人哉？	孟子·公孙丑上 3.40	2
srwkbsrhrwksr	矢人唯恐不伤人，函人唯恐伤人。	孟子·公孙丑上 3.40	1
hrwksr	函人唯恐伤人。	孟子·公孙丑上 3.40	2
wjyrgsbkbsy	巫匠亦然，故术不可不慎也。	孟子·公孙丑上 3.40	1
gsbkbsy	故术不可不慎也。	孟子·公孙丑上 3.40	2
kzylrwm	孔子曰：里仁为美。	孟子·公孙丑上 3.40	1
zbcrydz	择不处仁，焉得智？	孟子·公孙丑上 3.40	1
ydz	焉得智？	孟子·公孙丑上 3.40	2
frtzzjyrzazy	夫仁，天之尊爵也，人之安宅也。	孟子·公孙丑上 3.40	1
tzzjyrzazy	天之尊爵也，人之安宅也。	孟子·公孙丑上 3.40	2
rzazy	人之安宅也。	孟子·公孙丑上 3.40	2
mzyebrsbzy	莫之御而不仁，是不智也。	孟子·公孙丑上 3.40	1
sbzy	是不智也。	孟子·公孙丑上 3.40	2
brbzwlwyryy	不仁、不智、无礼、无义，人役也。	孟子·公孙丑上 3.40	1
bzwlwyryy	不智、无礼、无义，人役也。	孟子·公孙丑上 3.40	2
wlwyryy	无礼、无义，人役也。	孟子·公孙丑上 3.40	2
wyryy	无义，人役也。	孟子·公孙丑上 3.40	2
ryy	人役也。	孟子·公孙丑上 3.40	2
ryecwyygrecwgsrecwsy	人役而耻为役，由弓人而耻为弓，矢人而耻为矢也。	孟子·公孙丑上 3.40	1
ygrecwgsrecwsy	由弓人而耻为弓，矢人而耻为矢也。	孟子·公孙丑上 3.40	2
srecwsy	矢人而耻为矢也。	孟子·公孙丑上 3.40	2
rczmrwr	如耻之，莫如为仁。	孟子·公孙丑上 3.40	1
mrwr	莫如为仁。	孟子·公孙丑上 3.40	2
rzrsszzjehf	仁者如射，射者正己而后发。	孟子·公孙丑上 3.40	1
szzjehf	射者正己而后发。	孟子·公孙丑上 3.40	2
febzbysjzfqzjeyy	发而不中，不怨胜己者，反求诸己而已矣。	孟子·公孙丑上 3.40	1
bysjzfqzjeyy	不怨胜己者，反求诸己而已矣。	孟子·公孙丑上 3.40	2
fqzjeyy	反求诸己而已矣。	孟子·公孙丑上 3.40	2
mzyzlrgzyygzx	孟子曰：子路，人告之以有过则喜。	孟子·公孙丑上 3.41	1
zlrgzyygzx	子路，人告之以有过则喜。	孟子·公孙丑上 3.41	2
rgzyygzx	人告之以有过则喜。	孟子·公孙丑上 3.41	2
ywsyzb	禹闻善言则拜。	孟子·公孙丑上 3.41	1
dsydysyrt	大舜有大焉，善与人同。	孟子·公孙丑上 3.41	1
syrt	善与人同。	孟子·公孙丑上 3.41	2
sjcrlqyryws	舍己从人，乐取于人以为善。	孟子·公孙丑上 3.41	1
lqyryws	乐取于人以为善。	孟子·公孙丑上 3.41	2
zgjtyyzwdwfqyrz	自耕、稼、陶、渔以至为帝，无非取于人者。	孟子·公孙丑上 3.41	1
jtyyzwdwfqyrz	稼、陶、渔以至为帝，无非取于人者。	孟子·公孙丑上 3.41	2
tyyzwdwfqyrz	陶、渔以至为帝，无非取于人者。	孟子·公孙丑上 3.41	2
yyzwdwfqyrz	渔以至为帝，无非取于人者。	孟子·公孙丑上 3.41	2
wfqyrz	无非取于人者。	孟子·公孙丑上 3.41	2
qzrywssyrwszy	取诸人以为善，是与人为善者也。	孟子·公孙丑上 3.41	1
syrwszy	是与人为善者也。	孟子·公孙丑上 3.41	2
gjzmdhyrws	故君子莫大乎与人为善。	孟子·公孙丑上 3.41	1
mzybyfqjbsfqyby	孟子曰：伯夷，非其君不事，非其友不友。	孟子·公孙丑上 3.42	1
byfqjbsfqyby	伯夷，非其君不事，非其友不友。	孟子·公孙丑上 3.42	2
fqjbsfqyby	非其君不事，非其友不友。	孟子·公孙丑上 3.42	2
fqyby	非其友不友。	孟子·公孙丑上 3.42	2
blyerzcbyery	不立于恶人之朝，不与恶人言。	孟子·公孙丑上 3.42	1
byery	不与恶人言。	孟子·公孙丑上 3.42	2
lyerzcyeryrycycgzytt	立于恶人之朝，与恶人言，如以朝衣朝冠坐于涂炭。	孟子·公孙丑上 3.42	1
yeryrycycgzytt	与恶人言，如以朝衣朝冠坐于涂炭。	孟子·公孙丑上 3.42	2
rycycgzytt	如以朝衣朝冠坐于涂炭。	孟子·公孙丑上 3.42	2
teezxsyxrlqgbzwwrqzrjmy	推恶恶之心，思与乡人立，其冠不正，望望然去之，若将浼焉。	孟子·公孙丑上 3.42	1
syxrlqgbzwwrqzrjmy	思与乡人立，其冠不正，望望然去之，若将浼焉。	孟子·公孙丑上 3.42	2
qgbzwwrqzrjmy	其冠不正，望望然去之，若将浼焉。	孟子·公孙丑上 3.42	2
wwrqzrjmy	望望然去之，若将浼焉。	孟子·公孙丑上 3.42	2
rjmy	若将浼焉。	孟子·公孙丑上 3.42	2
sgzhsysqcmezzbsy	是故诸侯虽有善其辞命而至者，不受也。	孟子·公孙丑上 3.42	1
bsy	不受也。	孟子·公孙丑上 3.42	2
bsyzsybxjy	不受也者，是亦不屑就已。	孟子·公孙丑上 3.42	1
sybxjy	是亦不屑就已。	孟子·公孙丑上 3.42	2
lxhbxwjbbxg	柳下惠，不羞污君，不卑小官。	孟子·公孙丑上 3.42	1
bxwjbbxg	不羞污君，不卑小官。	孟子·公孙丑上 3.42	2
bbxg	不卑小官。	孟子·公孙丑上 3.42	2
jbyxbyqd	进不隐贤，必以其道。	孟子·公孙丑上 3.42	1
byqd	必以其道。	孟子·公孙丑上 3.42	2
yyebyeqebm	遗佚而不怨，阨穷而不悯。	孟子·公孙丑上 3.42	1
eqebm	阨穷而不悯。	孟子·公孙丑上 3.42	2
gyewewwwstxlcywceynmwz	故曰：‘尔为尔，我为我，虽袒裼裸裎于我侧，尔焉能浼我哉？’	孟子·公孙丑上 3.42	1
ewewwwstxlcywceynmwz	‘尔为尔，我为我，虽袒裼裸裎于我侧，尔焉能浼我哉？’	孟子·公孙丑上 3.42	2
wwwstxlcywceynmwz	我为我，虽袒裼裸裎于我侧，尔焉能浼我哉？	孟子·公孙丑上 3.42	2
stxlcywceynmwz	虽袒裼裸裎于我侧，尔焉能浼我哉？	孟子·公孙丑上 3.42	2
eynmwz	尔焉能浼我哉？	孟子·公孙丑上 3.42	2
gyyryzxebzsyyezzez	故由由然与之偕而不自失焉，援而止之而止。	孟子·公孙丑上 3.42	1
yezzez	援而止之而止。	孟子·公孙丑上 3.42	2
yezzezzsybxqy	援而止之而止者，是亦不屑去已。	孟子·公孙丑上 3.42	1
sybxqy	是亦不屑去已。	孟子·公孙丑上 3.42	2
mzybyalxhbg	孟子曰：伯夷隘，柳下惠不恭。	孟子·公孙丑上 3.43	1
byalxhbg	伯夷隘，柳下惠不恭。	孟子·公孙丑上 3.43	2
lxhbg	柳下惠不恭。	孟子·公孙丑上 3.43	2
aybgjzbyy	隘与不恭，君子不由也。	孟子·公孙丑上 3.43	1
jzbyy	君子不由也。	孟子·公孙丑上 3.43	2
mzytsbrdldlbrrh	孟子曰：天时不如地利，地利不如人和。	孟子·公孙丑下 4.1	1
tsbrdldlbrrh	天时不如地利，地利不如人和。	孟子·公孙丑下 4.1	2
dlbrrh	地利不如人和。	孟子·公孙丑下 4.1	2
slzcqlzghegzebs	三里之城，七里之郭，环而攻之而不胜。	孟子·公孙丑下 4.1	1
qlzghegzebs	七里之郭，环而攻之而不胜。	孟子·公孙丑下 4.1	2
hegzebs	环而攻之而不胜。	孟子·公孙丑下 4.1	2
fhegzbydtszyrebszstsbrdly	夫环而攻之，必有得天时者矣；然而不胜者，是天时不如地利也。	孟子·公孙丑下 4.1	1
bydtszyrebszstsbrdly	必有得天时者矣；然而不胜者，是天时不如地利也。	孟子·公孙丑下 4.1	2
rebszstsbrdly	然而不胜者，是天时不如地利也。	孟子·公孙丑下 4.1	2
stsbrdly	是天时不如地利也。	孟子·公孙丑下 4.1	2
cfbgycfbsybgfbjlymsfbdyweqzsdlbrrhy	城非不高也，池非不深也，兵革非不坚利也，米粟非不多也；委而去之，是地利不如人和也。	孟子·公孙丑下 4.1	1
cfbsybgfbjlymsfbdyweqzsdlbrrhy	池非不深也，兵革非不坚利也，米粟非不多也；委而去之，是地利不如人和也。	孟子·公孙丑下 4.1	2
bgfbjlymsfbdyweqzsdlbrrhy	兵革非不坚利也，米粟非不多也；委而去之，是地利不如人和也。	孟子·公孙丑下 4.1	2
msfbdyweqzsdlbrrhy	米粟非不多也；委而去之，是地利不如人和也。	孟子·公孙丑下 4.1	2
weqzsdlbrrhy	委而去之，是地利不如人和也。	孟子·公孙丑下 4.1	2
sdlbrrhy	是地利不如人和也。	孟子·公孙丑下 4.1	2
gyymbyfjzjggbysxzxwtxbybgzl	故曰：域民不以封疆之界，固国不以山谿之险，威天下不以兵革之利。	孟子·公孙丑下 4.1	1
ymbyfjzjggbysxzxwtxbybgzl	域民不以封疆之界，固国不以山谿之险，威天下不以兵革之利。	孟子·公孙丑下 4.1	2
ggbysxzxwtxbybgzl	固国不以山谿之险，威天下不以兵革之利。	孟子·公孙丑下 4.1	2
wtxbybgzl	威天下不以兵革之利。	孟子·公孙丑下 4.1	2
ddzdzsdzgz	得道者多助，失道者寡助。	孟子·公孙丑下 4.1	1
sdzgz	失道者寡助。	孟子·公孙丑下 4.1	2
gzzzqqpzdzzztxsz	寡助之至，亲戚畔之；多助之至，天下顺之。	孟子·公孙丑下 4.1	1
qqpzdzzztxsz	亲戚畔之；多助之至，天下顺之。	孟子·公孙丑下 4.1	2
dzzztxsz	多助之至，天下顺之。	孟子·公孙丑下 4.1	2
txsz	天下顺之。	孟子·公孙丑下 4.1	2
ytxzssgqqzspgjzybzzbsy	以天下之所顺，攻亲戚之所畔；故君子有不战，战必胜矣。	孟子·公孙丑下 4.1	1
gqqzspgjzybzzbsy	攻亲戚之所畔；故君子有不战，战必胜矣。	孟子·公孙丑下 4.1	2
gjzybzzbsy	故君子有不战，战必胜矣。	孟子·公孙丑下 4.1	2
zbsy	战必胜矣。	孟子·公孙丑下 4.1	2
mzjcwwsrlygrrjjzyyhjbkyf	孟子将朝王，王使人来曰：寡人如就见者也，有寒疾，不可以风。	孟子·公孙丑下 4.2	1
wsrlygrrjjzyyhjbkyf	王使人来曰：寡人如就见者也，有寒疾，不可以风。	孟子·公孙丑下 4.2	2
grrjjzyyhjbkyf	寡人如就见者也，有寒疾，不可以风。	孟子·公孙丑下 4.2	2
yhjbkyf	有寒疾，不可以风。	孟子·公孙丑下 4.2	2
bkyf	不可以风。	孟子·公孙丑下 4.2	2
cjscbsksgrdjh	朝将视朝，不识可使寡人得见乎？	孟子·公孙丑下 4.2	1
bsksgrdjh	不识可使寡人得见乎？	孟子·公孙丑下 4.2	2
dybxeyjbnzc	对曰：“不幸而有疾，不能造朝。”	孟子·公孙丑下 4.2	1
bxeyjbnzc	“不幸而有疾，不能造朝。”	孟子·公孙丑下 4.2	2
bnzc	不能造朝。	孟子·公孙丑下 4.2	2
mrcdydgsgscyxzcybjrdhzbkh	明日，出吊于东郭氏，公孙丑曰：“昔者辞以病，今日吊，或者不可乎！”	孟子·公孙丑下 4.3	1
cdydgsgscyxzcybjrdhzbkh	出吊于东郭氏，公孙丑曰：“昔者辞以病，今日吊，或者不可乎！”	孟子·公孙丑下 4.3	2
gscyxzcybjrdhzbkh	公孙丑曰：“昔者辞以病，今日吊，或者不可乎！”	孟子·公孙丑下 4.3	2
xzcybjrdhzbkh	“昔者辞以病，今日吊，或者不可乎！”	孟子·公孙丑下 4.3	2
jrdhzbkh	今日吊，或者不可乎！	孟子·公孙丑下 4.3	2
hzbkh	或者不可乎！	孟子·公孙丑下 4.3	2
yxzjjryrzhbd	曰：“昔者疾，今日愈，如之何不吊？”	孟子·公孙丑下 4.3	1
xzjjryrzhbd	“昔者疾，今日愈，如之何不吊？”	孟子·公孙丑下 4.3	2
jryrzhbd	今日愈，如之何不吊？	孟子·公孙丑下 4.3	2
rzhbd	如之何不吊？	孟子·公孙丑下 4.3	2
wsrwjyl	王使人问疾，医来。	孟子·公孙丑下 4.4	1
yl	医来。	孟子·公孙丑下 4.4	2
mzzdyxzywmycxzybnzc	孟仲子对曰：昔者有王命，有采薪之忧，不能造朝。	孟子·公孙丑下 4.4	1
xzywmycxzybnzc	昔者有王命，有采薪之忧，不能造朝。	孟子·公孙丑下 4.4	2
ycxzybnzc	有采薪之忧，不能造朝。	孟子·公孙丑下 4.4	2
jbxyqzycwbsnzfh	今病小愈，趋造于朝，我不识能至否乎？	孟子·公孙丑下 4.4	1
qzycwbsnzfh	趋造于朝，我不识能至否乎？	孟子·公孙丑下 4.4	2
wbsnzfh	我不识能至否乎？	孟子·公孙丑下 4.4	2
ssryylyqbwgezyc	使数人要于路，曰：“请必无归，而造于朝！”	孟子·公孙丑下 4.4	1
yqbwgezyc	曰：“请必无归，而造于朝！”	孟子·公孙丑下 4.4	2
qbwgezyc	“请必无归，而造于朝！”	孟子·公孙丑下 4.4	2
ezyc	而造于朝！	孟子·公孙丑下 4.4	2
bdyezjcssy	不得已而之景丑氏宿焉。	孟子·公孙丑下 4.5	1
jzynzfzwzjcrzdly	景子曰：内则父子，外则君臣，人之大伦也。	孟子·公孙丑下 4.5	1
nzfzwzjcrzdly	内则父子，外则君臣，人之大伦也。	孟子·公孙丑下 4.5	2
wzjcrzdly	外则君臣，人之大伦也。	孟子·公孙丑下 4.5	2
rzdly	人之大伦也。	孟子·公孙丑下 4.5	2
fzzejczj	父子主恩，君臣主敬。	孟子·公孙丑下 4.5	1
jczj	君臣主敬。	孟子·公孙丑下 4.5	2
cjwzjzywjsyjwy	丑见王之敬子也，未见所以敬王也。	孟子·公孙丑下 4.5	1
wjsyjwy	未见所以敬王也。	孟子·公孙丑下 4.5	2
shyy	是何言也！	孟子·公孙丑下 4.6	1
qrwyryywyzqyrywbmy	齐人无以仁义与王言者，岂以仁义为不美也？	孟子·公孙丑下 4.6	1
qyrywbmy	岂以仁义为不美也？	孟子·公孙丑下 4.6	2
qxyshzyyryyyezbjmdhs	其心曰‘是何足与言仁义也’云尔，则不敬莫大乎是。	孟子·公孙丑下 4.6	1
zbjmdhs	则不敬莫大乎是。	孟子·公孙丑下 4.6	2
wfyszdbgycywqgqrmrwjwy	我非尧舜之道，不敢以陈于王前，故齐人莫如我敬王也。	孟子·公孙丑下 4.6	1
bgycywqgqrmrwjwy	不敢以陈于王前，故齐人莫如我敬王也。	孟子·公孙丑下 4.6	2
gqrmrwjwy	故齐人莫如我敬王也。	孟子·公孙丑下 4.6	2
jzyffczwy	景子曰：否，非此之谓也。	孟子·公孙丑下 4.7	1
ffczwy	否，非此之谓也。	孟子·公孙丑下 4.7	2
fczwy	非此之谓也。	孟子·公孙丑下 4.7	2
lyfzwnjmzbqj	礼曰：‘父召，无诺；君命召，不俟驾。’	孟子·公孙丑下 4.7	1
fzwnjmzbqj	‘父召，无诺；君命召，不俟驾。’	孟子·公孙丑下 4.7	2
wnjmzbqj	无诺；君命召，不俟驾。	孟子·公孙丑下 4.7	2
jmzbqj	君命召，不俟驾。	孟子·公孙丑下 4.7	2
bqj	不俟驾。	孟子·公孙丑下 4.7	2
gjcywwmesbgyyflrbxsr	固将朝也，闻王命而遂不果，宜与夫礼若不相似然。	孟子·公孙丑下 4.7	1
wwmesbgyyflrbxsr	闻王命而遂不果，宜与夫礼若不相似然。	孟子·公孙丑下 4.7	2
yyflrbxsr	宜与夫礼若不相似然。	孟子·公孙丑下 4.7	2
yqwsy	曰：岂谓是与？	孟子·公孙丑下 4.8	1
qwsy	岂谓是与？	孟子·公孙丑下 4.8	2
czyjczfbkjy	曾子曰：晋楚之富，不可及也。	孟子·公孙丑下 4.8	1
jczfbkjy	晋楚之富，不可及也。	孟子·公孙丑下 4.8	2
bkjy	不可及也。	孟子·公孙丑下 4.8	2
byqfwywrbyqjwywywhqhz	彼以其富，我以吾仁；彼以其爵，我以吾义，吾何慊乎哉？	孟子·公孙丑下 4.8	1
wywrbyqjwywywhqhz	我以吾仁；彼以其爵，我以吾义，吾何慊乎哉？	孟子·公孙丑下 4.8	2
byqjwywywhqhz	彼以其爵，我以吾义，吾何慊乎哉？	孟子·公孙丑下 4.8	2
wywywhqhz	我以吾义，吾何慊乎哉？	孟子·公孙丑下 4.8	2
whqhz	吾何慊乎哉？	孟子·公孙丑下 4.8	2
fqbyeczyz	夫岂不义而曾子言之？	孟子·公孙丑下 4.8	1
shydy	是或一道也。	孟子·公孙丑下 4.8	1
txydzsjycydy	天下有达尊三：爵一，齿一，德一。	孟子·公孙丑下 4.8	1
jycydy	爵一，齿一，德一。	孟子·公孙丑下 4.8	2
cydy	齿一，德一。	孟子·公孙丑下 4.8	2
dy	德一。	孟子·公孙丑下 4.8	2
ctmrjxdmrcfszmmrd	朝廷莫如爵，乡党莫如齿，辅世长民莫如德。	孟子·公孙丑下 4.8	1
xdmrcfszmmrd	乡党莫如齿，辅世长民莫如德。	孟子·公孙丑下 4.8	2
fszmmrd	辅世长民莫如德。	孟子·公孙丑下 4.8	2
edyqyymqez	恶得有其一，以慢其二哉？	孟子·公孙丑下 4.8	1
ymqez	以慢其二哉？	孟子·公孙丑下 4.8	2
gjdywzjbysbzzc	故将大有为之君，必有所不召之臣。	孟子·公孙丑下 4.8	1
bysbzzc	必有所不召之臣。	孟子·公孙丑下 4.8	2
yymyzjz	欲有谋焉，则就之。	孟子·公孙丑下 4.8	1
zjz	则就之。	孟子·公孙丑下 4.8	2
qzdldbrsbzyywy	其尊德乐道，不如是不足与有为也。	孟子·公孙丑下 4.8	1
brsbzyywy	不如是不足与有为也。	孟子·公孙丑下 4.8	2
gtzyyyxyehczgblewhgzygzxyehczgbleb	故汤之于伊尹，学焉而后臣之，故不劳而王；桓公之于管仲，学焉而后臣之，故不劳而霸。	孟子·公孙丑下 4.8	1
xyehczgblewhgzygzxyehczgbleb	学焉而后臣之，故不劳而王；桓公之于管仲，学焉而后臣之，故不劳而霸。	孟子·公孙丑下 4.8	2
gblewhgzygzxyehczgbleb	故不劳而王；桓公之于管仲，学焉而后臣之，故不劳而霸。	孟子·公孙丑下 4.8	2
hgzygzxyehczgbleb	桓公之于管仲，学焉而后臣之，故不劳而霸。	孟子·公孙丑下 4.8	2
xyehczgbleb	学焉而后臣之，故不劳而霸。	孟子·公孙丑下 4.8	2
gbleb	故不劳而霸。	孟子·公孙丑下 4.8	2
jtxdcdqmnxs	今天下地丑德齐，莫能相尚。	孟子·公孙丑下 4.8	1
mnxs	莫能相尚。	孟子·公孙丑下 4.8	2
wthcqsjebhcqssj	无他，好臣其所教，而不好臣其所受教。	孟子·公孙丑下 4.8	1
hcqsjebhcqssj	好臣其所教，而不好臣其所受教。	孟子·公孙丑下 4.8	2
ebhcqssj	而不好臣其所受教。	孟子·公孙丑下 4.8	2
tzyyyhgzygzzbgz	汤之于伊尹，桓公之于管仲，则不敢召。	孟子·公孙丑下 4.8	1
hgzygzzbgz	桓公之于管仲，则不敢召。	孟子·公孙丑下 4.8	2
zbgz	则不敢召。	孟子·公孙丑下 4.8	2
gzqybkzekbwgzzh	管仲且犹不可召，而况不为管仲者乎？	孟子·公孙丑下 4.8	1
ekbwgzzh	而况不为管仲者乎？	孟子·公孙丑下 4.8	2
czwyqryqwkjjybebsyskqsyesyxkwsyes	陈臻问曰：前日于齐，王餽兼金一百而不受；于宋，餽七十镒而受；于薛，餽五十镒而受。	孟子·公孙丑下 4.9	1
qryqwkjjybebsyskqsyesyxkwsyes	前日于齐，王餽兼金一百而不受；于宋，餽七十镒而受；于薛，餽五十镒而受。	孟子·公孙丑下 4.9	2
wkjjybebsyskqsyesyxkwsyes	王餽兼金一百而不受；于宋，餽七十镒而受；于薛，餽五十镒而受。	孟子·公孙丑下 4.9	2
yskqsyesyxkwsyes	于宋，餽七十镒而受；于薛，餽五十镒而受。	孟子·公孙丑下 4.9	2
kqsyesyxkwsyes	餽七十镒而受；于薛，餽五十镒而受。	孟子·公孙丑下 4.9	2
yxkwsyes	于薛，餽五十镒而受。	孟子·公孙丑下 4.9	2
kwsyes	餽五十镒而受。	孟子·公孙丑下 4.9	2
qrzbsszjrzsfyjrzsszqrzbsfy	前日之不受是，则今日之受非也；今日之受是，则前日之不受非也。	孟子·公孙丑下 4.9	1
zjrzsfyjrzsszqrzbsfy	则今日之受非也；今日之受是，则前日之不受非也。	孟子·公孙丑下 4.9	2
jrzsszqrzbsfy	今日之受是，则前日之不受非也。	孟子·公孙丑下 4.9	2
zqrzbsfy	则前日之不受非也。	孟子·公孙丑下 4.9	2
fzbjyycy	夫子必居一于此矣。	孟子·公孙丑下 4.9	1
mzyjsy	孟子曰：皆是也。	孟子·公孙丑下 4.10	1
jsy	皆是也。	孟子·公孙丑下 4.10	2
dzsyyjyyx	当在宋也，予将有远行。	孟子·公孙丑下 4.10	1
yjyyx	予将有远行。	孟子·公孙丑下 4.10	2
xzbyjcykj	行者必以赆，辞曰：‘餽赆。’	孟子·公孙丑下 4.10	1
cykj	辞曰：‘餽赆。’	孟子·公孙丑下 4.10	2
kj	‘餽赆。’	孟子·公孙丑下 4.10	2
yhwbs	予何为不受？	孟子·公孙丑下 4.10	1
dzxyyyjx	当在薛也，予有戒心。	孟子·公孙丑下 4.10	1
yyjx	予有戒心。	孟子·公孙丑下 4.10	2
cywj	辞曰：‘闻戒。’	孟子·公孙丑下 4.10	1
wj	‘闻戒。’	孟子·公孙丑下 4.10	2
gwbkzyhwbs	故为兵餽之，予何为不受？	孟子·公孙丑下 4.10	1
ryqzwycy	若于齐，则未有处也。	孟子·公孙丑下 4.10	1
zwycy	则未有处也。	孟子·公孙丑下 4.10	2
wcekzshzy	无处而餽之，是货之也。	孟子·公孙丑下 4.10	1
shzy	是货之也。	孟子·公孙丑下 4.10	2
yyjzekyhqh	焉有君子而可以货取乎？	孟子·公孙丑下 4.10	1
mzzpl	孟子之平陆。	孟子·公孙丑下 4.11	1
wqdfyzzcjzsyresswzqzfh	谓其大夫曰：“子之持戟之士，一日而三失伍，则去之否乎？”	孟子·公孙丑下 4.11	1
zzcjzsyresswzqzfh	“子之持戟之士，一日而三失伍，则去之否乎？”	孟子·公孙丑下 4.11	2
yresswzqzfh	一日而三失伍，则去之否乎？	孟子·公孙丑下 4.11	2
zqzfh	则去之否乎？	孟子·公孙丑下 4.11	2
ybds	曰：“不待三。”	孟子·公孙丑下 4.12	1
bds	“不待三。”	孟子·公孙丑下 4.12	2
rzzzswyydy	然则子之失伍也亦多矣。	孟子·公孙丑下 4.13	1
xnjszzmllzyghzzsezsfzjqry	凶年饥岁，子之民，老羸转于沟壑，壮者散而之四方者，几千人矣。	孟子·公孙丑下 4.13	1
zzmllzyghzzsezsfzjqry	子之民，老羸转于沟壑，壮者散而之四方者，几千人矣。	孟子·公孙丑下 4.13	2
llzyghzzsezsfzjqry	老羸转于沟壑，壮者散而之四方者，几千人矣。	孟子·公孙丑下 4.13	2
zzsezsfzjqry	壮者散而之四方者，几千人矣。	孟子·公孙丑下 4.13	2
jqry	几千人矣。	孟子·公孙丑下 4.13	2
ycfjxzsdwy	曰：“此非距心之所得为也。”	孟子·公孙丑下 4.14	1
cfjxzsdwy	“此非距心之所得为也。”	孟子·公孙丑下 4.14	2
yjysrznyewzmzzzbwzqmycy	曰：今有受人之牛羊而为之牧之者，则必为之求牧与刍矣。	孟子·公孙丑下 4.15	1
jysrznyewzmzzzbwzqmycy	今有受人之牛羊而为之牧之者，则必为之求牧与刍矣。	孟子·公孙丑下 4.15	2
zbwzqmycy	则必为之求牧与刍矣。	孟子·公孙丑下 4.15	2
qmycebdzfzqrh	求牧与刍而不得，则反诸其人乎？	孟子·公孙丑下 4.15	1
zfzqrh	则反诸其人乎？	孟子·公孙丑下 4.15	2
yylesqsy	抑亦立而视其死与？	孟子·公孙丑下 4.15	1
yczjxzzy	曰：“此则距心之罪也。”	孟子·公孙丑下 4.16	1
czjxzzy	“此则距心之罪也。”	孟子·公孙丑下 4.16	2
trjywywzwdzczwry	他日，见于王曰：王之为都者，臣知五人焉。	孟子·公孙丑下 4.17	1
jywywzwdzczwry	见于王曰：王之为都者，臣知五人焉。	孟子·公孙丑下 4.17	2
wzwdzczwry	王之为都者，臣知五人焉。	孟子·公孙丑下 4.17	2
czwry	臣知五人焉。	孟子·公孙丑下 4.17	2
zqzzwkjx	知其罪者，惟孔距心。	孟子·公孙丑下 4.17	1
wkjx	惟孔距心。	孟子·公孙丑下 4.17	2
wwsz	为王诵之。	孟子·公孙丑下 4.17	1
wyczgrzzy	王曰：“此则寡人之罪也。”	孟子·公孙丑下 4.17	1
czgrzzy	“此则寡人之罪也。”	孟子·公孙丑下 4.17	2
mzwqwyzzclqeqsssywqkyyy	孟子谓蚔鼃曰：子之辞灵丘而请士师，似也，为其可以言也。	孟子·公孙丑下 4.18	1
zzclqeqsssywqkyyy	子之辞灵丘而请士师，似也，为其可以言也。	孟子·公孙丑下 4.18	2
sywqkyyy	似也，为其可以言也。	孟子·公孙丑下 4.18	2
wqkyyy	为其可以言也。	孟子·公孙丑下 4.18	2
jjsyywkyyy	今既数月矣，未可以言与？	孟子·公孙丑下 4.18	1
wkyyy	未可以言与？	孟子·公孙丑下 4.18	2
qwjywebyzwceq	蚔鼃谏于王而不用，致为臣而去。	孟子·公孙丑下 4.19	1
zwceq	致为臣而去。	孟子·公孙丑下 4.19	2
qrysywqwzsysyzwzwbzy	齐人曰：“所以为蚔鼃，则善矣；所以自为，则吾不知也。”	孟子·公孙丑下 4.19	1
sywqwzsysyzwzwbzy	“所以为蚔鼃，则善矣；所以自为，则吾不知也。”	孟子·公孙丑下 4.19	2
zsysyzwzwbzy	则善矣；所以自为，则吾不知也。	孟子·公孙丑下 4.19	2
syzwzwbzy	所以自为，则吾不知也。	孟子·公孙丑下 4.19	2
zwbzy	则吾不知也。	孟子·公孙丑下 4.19	2
gdzyg	公都子以告。	孟子·公孙丑下 4.20	1
ywwzyygszbdqzzqyyzzbdqyzq	曰：吾闻之也：有官守者，不得其职则去；有言责者，不得其言则去。	孟子·公孙丑下 4.20	1
wwzyygszbdqzzqyyzzbdqyzq	吾闻之也：有官守者，不得其职则去；有言责者，不得其言则去。	孟子·公孙丑下 4.20	2
ygszbdqzzqyyzzbdqyzq	有官守者，不得其职则去；有言责者，不得其言则去。	孟子·公孙丑下 4.20	2
bdqzzqyyzzbdqyzq	不得其职则去；有言责者，不得其言则去。	孟子·公孙丑下 4.20	2
yyzzbdqyzq	有言责者，不得其言则去。	孟子·公孙丑下 4.20	2
bdqyzq	不得其言则去。	孟子·公孙丑下 4.20	2
wwgswwyzyzwjtqbccryyyz	我无官守，我无言责也，则吾进退，岂不绰绰然有余裕哉？	孟子·公孙丑下 4.20	1
wwyzyzwjtqbccryyyz	我无言责也，则吾进退，岂不绰绰然有余裕哉？	孟子·公孙丑下 4.20	2
zwjtqbccryyyz	则吾进退，岂不绰绰然有余裕哉？	孟子·公孙丑下 4.20	2
qbccryyyz	岂不绰绰然有余裕哉？	孟子·公孙丑下 4.20	2
mzwqyqcdytwsgdfwhwfx	孟子为卿于齐，出吊于滕，王使盖大夫王驩为辅行。	孟子·公孙丑下 4.21	1
cdytwsgdfwhwfx	出吊于滕，王使盖大夫王驩为辅行。	孟子·公孙丑下 4.21	2
wsgdfwhwfx	王使盖大夫王驩为辅行。	孟子·公孙丑下 4.21	2
whzmjfqtzlwcyzyxsy	王驩朝暮见，反齐滕之路，未尝与之言行事也。	孟子·公孙丑下 4.21	1
fqtzlwcyzyxsy	反齐滕之路，未尝与之言行事也。	孟子·公孙丑下 4.21	2
wcyzyxsy	未尝与之言行事也。	孟子·公孙丑下 4.21	2
gscyqqzwbwxyqtzlbwjy	公孙丑曰：齐卿之位，不为小矣；齐滕之路，不为近矣。	孟子·公孙丑下 4.22	1
qqzwbwxyqtzlbwjy	齐卿之位，不为小矣；齐滕之路，不为近矣。	孟子·公孙丑下 4.22	2
bwxyqtzlbwjy	不为小矣；齐滕之路，不为近矣。	孟子·公孙丑下 4.22	2
qtzlbwjy	齐滕之路，不为近矣。	孟子·公孙丑下 4.22	2
bwjy	不为近矣。	孟子·公孙丑下 4.22	2
fzewcyyxshy	反之而未尝与言行事，何也？	孟子·公孙丑下 4.22	1
yfjhzzyhyz	曰：“夫既或治之，予何言哉？”	孟子·公孙丑下 4.23	1
fjhzzyhyz	“夫既或治之，予何言哉？”	孟子·公孙丑下 4.23	2
yhyz	予何言哉？	孟子·公孙丑下 4.23	2
mzzqzylfyqzyy	孟子自齐葬于鲁，反于齐，止于嬴。	孟子·公孙丑下 4.24	1
fyqzyy	反于齐，止于嬴。	孟子·公孙丑下 4.24	2
zyy	止于嬴。	孟子·公孙丑下 4.24	2
cyqyqrbzyzbxsydjs	充虞请曰：前日不知虞之不肖，使虞敦匠事。	孟子·公孙丑下 4.25	1
qrbzyzbxsydjs	前日不知虞之不肖，使虞敦匠事。	孟子·公孙丑下 4.25	2
sydjs	使虞敦匠事。	孟子·公孙丑下 4.25	2
yybgq	严，虞不敢请。	孟子·公孙丑下 4.25	1
ybgq	虞不敢请。	孟子·公孙丑下 4.25	2
jyqyqymrymr	今愿窃有请也，木若以美然。	孟子·公孙丑下 4.25	1
mrymr	木若以美然。	孟子·公孙丑下 4.25	2
ygzggwdzggqcgcz	曰：古者棺椁无度，中古棺七寸，椁称之。	孟子·公孙丑下 4.26	1
gzggwdzggqcgcz	古者棺椁无度，中古棺七寸，椁称之。	孟子·公孙丑下 4.26	2
zggqcgcz	中古棺七寸，椁称之。	孟子·公孙丑下 4.26	2
gcz	椁称之。	孟子·公孙丑下 4.26	2
ztzdysr	自天子达于庶人。	孟子·公孙丑下 4.26	1
fzwgmyrhjyrx	非直为观美也，然后尽于人心。	孟子·公孙丑下 4.26	1
rhjyrx	然后尽于人心。	孟子·公孙丑下 4.26	2
bdbkywywcbkywy	不得，不可以为悦；无财，不可以为悦。	孟子·公孙丑下 4.26	1
bkywywcbkywy	不可以为悦；无财，不可以为悦。	孟子·公孙丑下 4.26	2
wcbkywy	无财，不可以为悦。	孟子·公孙丑下 4.26	2
bkywy	不可以为悦。	孟子·公孙丑下 4.26	2
dzwycgzrjyzwhwdbr	得之为有财，古之人皆用之，吾何为独不然？	孟子·公孙丑下 4.26	1
gzrjyzwhwdbr	古之人皆用之，吾何为独不然？	孟子·公孙丑下 4.26	2
whwdbr	吾何为独不然？	孟子·公孙丑下 4.26	2
qbhzwstqfyrxdwjh	且比化者，无使土亲肤，于人心独无恔乎？	孟子·公孙丑下 4.26	1
wstqfyrxdwjh	无使土亲肤，于人心独无恔乎？	孟子·公孙丑下 4.26	2
yrxdwjh	于人心独无恔乎？	孟子·公孙丑下 4.26	2
wwzjzbytxjqq	吾闻之君子：不以天下俭其亲。	孟子·公孙丑下 4.26	1
bytxjqq	不以天下俭其亲。	孟子·公孙丑下 4.26	2
styqswyykfy	沈同以其私问曰：“燕可伐与？”	孟子·公孙丑下 4.27	1
ykfy	“燕可伐与？”	孟子·公孙丑下 4.27	2
mzyk	孟子曰：可。	孟子·公孙丑下 4.28	1
zkbdyryzzbdsyyzk	子哙不得与人燕，子之不得受燕于子哙。	孟子·公孙丑下 4.28	1
zzbdsyyzk	子之不得受燕于子哙。	孟子·公孙丑下 4.28	2
ysycezyzbgywesyzwzzljfsyywwmesszyzzkh	有仕于此，而子悦之，不告于王而私与之吾子之禄爵；夫士也，亦无王命而私受之于子，则可乎？	孟子·公孙丑下 4.28	1
ezyzbgywesyzwzzljfsyywwmesszyzzkh	而子悦之，不告于王而私与之吾子之禄爵；夫士也，亦无王命而私受之于子，则可乎？	孟子·公孙丑下 4.28	2
bgywesyzwzzljfsyywwmesszyzzkh	不告于王而私与之吾子之禄爵；夫士也，亦无王命而私受之于子，则可乎？	孟子·公孙丑下 4.28	2
fsyywwmesszyzzkh	夫士也，亦无王命而私受之于子，则可乎？	孟子·公孙丑下 4.28	2
ywwmesszyzzkh	亦无王命而私受之于子，则可乎？	孟子·公孙丑下 4.28	2
zkh	则可乎？	孟子·公孙丑下 4.28	2
hyyys	何以异于是？	孟子·公孙丑下 4.28	1
qrfy	齐人伐燕。	孟子·公孙丑下 4.29	1
hwyqqfyyz	或问曰：“劝齐伐燕，有诸？”	孟子·公孙丑下 4.29	1
qqfyyz	“劝齐伐燕，有诸？”	孟子·公孙丑下 4.29	2
ywy	曰：未也。	孟子·公孙丑下 4.30	1
stwykfy	沈同问‘燕可伐与’？	孟子·公孙丑下 4.30	1
wyzykbrefzy	吾应之曰‘可’，彼然而伐之也。	孟子·公孙丑下 4.30	1
brefzy	彼然而伐之也。	孟子·公孙丑下 4.30	2
bryskyfz	彼如曰‘孰可以伐之’？	孟子·公孙丑下 4.30	1
zjyzywtlzkyfz	则将应之曰：‘为天吏，则可以伐之。’	孟子·公孙丑下 4.30	1
wtlzkyfz	‘为天吏，则可以伐之。’	孟子·公孙丑下 4.30	2
zkyfz	则可以伐之。	孟子·公孙丑下 4.30	2
jysrzhwzyrksy	今有杀人者，或问之曰‘人可杀与’？	孟子·公孙丑下 4.30	1
hwzyrksy	或问之曰‘人可杀与’？	孟子·公孙丑下 4.30	2
zjyzyk	则将应之曰‘可’。	孟子·公孙丑下 4.30	1
bryskysz	彼如曰‘孰可以杀之’？	孟子·公孙丑下 4.30	1
zjyzywsszkysz	则将应之曰：‘为士师，则可以杀之。’	孟子·公孙丑下 4.30	1
wsszkysz	‘为士师，则可以杀之。’	孟子·公孙丑下 4.30	2
zkysz	则可以杀之。	孟子·公孙丑下 4.30	2
jyyfyhwqzz	今以燕伐燕，何为劝之哉？	孟子·公孙丑下 4.30	1
hwqzz	何为劝之哉？	孟子·公孙丑下 4.30	2
yrp	燕人畔。	孟子·公孙丑下 4.31	1
wywscymz	王曰：“吾甚惭于孟子。”	孟子·公孙丑下 4.31	1
wscymz	“吾甚惭于孟子。”	孟子·公孙丑下 4.31	2
cjywwhy	陈贾曰：王无患焉。	孟子·公孙丑下 4.32	1
wwhy	王无患焉。	孟子·公孙丑下 4.32	2
wzywyzgsrqz	王自以为与周公，孰仁且智？	孟子·公孙丑下 4.32	1
srqz	孰仁且智？	孟子·公孙丑下 4.32	2
wye	王曰：恶！	孟子·公孙丑下 4.33	1
yzgsgsjygsyyp	曰：周公使管叔监殷，管叔以殷畔。	孟子·公孙丑下 4.34	1
zgsgsjygsyyp	周公使管叔监殷，管叔以殷畔。	孟子·公孙丑下 4.34	2
gsyyp	管叔以殷畔。	孟子·公孙丑下 4.34	2
zeszsbrybzeszsbzy	知而使之，是不仁也；不知而使之，是不智也。	孟子·公孙丑下 4.34	1
sbrybzeszsbzy	是不仁也；不知而使之，是不智也。	孟子·公孙丑下 4.34	2
bzeszsbzy	不知而使之，是不智也。	孟子·公孙丑下 4.34	2
rzzgwzjyekywh	仁智，周公未之尽也，而况于王乎？	孟子·公孙丑下 4.34	1
zgwzjyekywh	周公未之尽也，而况于王乎？	孟子·公孙丑下 4.34	2
ekywh	而况于王乎？	孟子·公孙丑下 4.34	2
jqjejz	贾请见而解之。	孟子·公孙丑下 4.34	1
jmzwyzghry	见孟子，问曰：“周公何人也？”	孟子·公孙丑下 4.35	1
wyzghry	问曰：“周公何人也？”	孟子·公孙丑下 4.35	2
zghry	“周公何人也？”	孟子·公孙丑下 4.35	2
ygsry	曰：“古圣人也。”	孟子·公孙丑下 4.36	1
gsry	“古圣人也。”	孟子·公孙丑下 4.36	2
ysgsjygsyypyyz	曰：“使管叔监殷，管叔以殷畔也，有诸？”	孟子·公孙丑下 4.37	1
sgsjygsyypyyz	“使管叔监殷，管叔以殷畔也，有诸？”	孟子·公孙丑下 4.37	2
gsyypyyz	管叔以殷畔也，有诸？	孟子·公孙丑下 4.37	2
yr	曰：“然。”	孟子·公孙丑下 4.38	1
yzgzqjpeszy	曰：“周公知其将畔而使之与？”	孟子·公孙丑下 4.39	1
zgzqjpeszy	“周公知其将畔而使之与？”	孟子·公孙丑下 4.39	2
ybzy	曰：“不知也。”	孟子·公孙丑下 4.40	1
rzsrqygy	“然则圣人且有过与？”	孟子·公孙丑下 4.41	1
yzgdygsxy	曰：周公，弟也；管叔，兄也。	孟子·公孙丑下 4.42	1
zgdygsxy	周公，弟也；管叔，兄也。	孟子·公孙丑下 4.42	2
dygsxy	弟也；管叔，兄也。	孟子·公孙丑下 4.42	2
gsxy	管叔，兄也。	孟子·公孙丑下 4.42	2
xy	兄也。	孟子·公孙丑下 4.42	2
zgzgbyyh	周公之过，不亦宜乎？	孟子·公孙丑下 4.42	1
qgzjzgzgzjzjzgzsz	且古之君子，过则改之；今之君子，过则顺之。	孟子·公孙丑下 4.42	1
gzgzjzjzgzsz	过则改之；今之君子，过则顺之。	孟子·公孙丑下 4.42	2
jzjzgzsz	今之君子，过则顺之。	孟子·公孙丑下 4.42	2
gzsz	过则顺之。	孟子·公孙丑下 4.42	2
gzjzqgyrryzsmjjzjqgymjyz	古之君子，其过也，如日月之食，民皆见之；及其更也，民皆仰之。	孟子·公孙丑下 4.42	1
qgyrryzsmjjzjqgymjyz	其过也，如日月之食，民皆见之；及其更也，民皆仰之。	孟子·公孙丑下 4.42	2
rryzsmjjzjqgymjyz	如日月之食，民皆见之；及其更也，民皆仰之。	孟子·公孙丑下 4.42	2
mjjzjqgymjyz	民皆见之；及其更也，民皆仰之。	孟子·公孙丑下 4.42	2
jqgymjyz	及其更也，民皆仰之。	孟子·公孙丑下 4.42	2
mjyz	民皆仰之。	孟子·公孙丑下 4.42	2
jzjzqtszycwzc	今之君子，岂徒顺之，又从为之辞。	孟子·公孙丑下 4.42	1
qtszycwzc	岂徒顺之，又从为之辞。	孟子·公孙丑下 4.42	2
ycwzc	又从为之辞。	孟子·公孙丑下 4.42	2
mzzwceg	孟子致为臣而归。	孟子·公孙丑下 4.43	1
wjjmzyqryjebkddstcsx	王就见孟子，曰：前日愿见而不可得，得侍，同朝甚喜。	孟子·公孙丑下 4.43	1
yqryjebkddstcsx	曰：前日愿见而不可得，得侍，同朝甚喜。	孟子·公孙丑下 4.43	2
qryjebkddstcsx	前日愿见而不可得，得侍，同朝甚喜。	孟子·公孙丑下 4.43	2
dstcsx	得侍，同朝甚喜。	孟子·公孙丑下 4.43	2
tcsx	同朝甚喜。	孟子·公孙丑下 4.43	2
jyqgregbskyjcedjh	今又弃寡人而归，不识可以继此而得见乎？	孟子·公孙丑下 4.43	1
bskyjcedjh	不识可以继此而得见乎？	孟子·公孙丑下 4.43	2
dybgqegsyy	对曰：“不敢请耳，固所愿也。”	孟子·公孙丑下 4.43	1
bgqegsyy	“不敢请耳，固所愿也。”	孟子·公孙丑下 4.43	2
gsyy	固所愿也。	孟子·公孙丑下 4.43	2
trwwszywyzgesmzsydzywzszdfgrjysjs	他日，王谓时子曰：我欲中国而授孟子室，养弟子以万锺，使诸大夫国人皆有所矜式。	孟子·公孙丑下 4.44	1
wwszywyzgesmzsydzywzszdfgrjysjs	王谓时子曰：我欲中国而授孟子室，养弟子以万锺，使诸大夫国人皆有所矜式。	孟子·公孙丑下 4.44	2
wyzgesmzsydzywzszdfgrjysjs	我欲中国而授孟子室，养弟子以万锺，使诸大夫国人皆有所矜式。	孟子·公孙丑下 4.44	2
ydzywzszdfgrjysjs	养弟子以万锺，使诸大夫国人皆有所矜式。	孟子·公孙丑下 4.44	2
szdfgrjysjs	使诸大夫国人皆有所矜式。	孟子·公孙丑下 4.44	2
zhwwyz	子盍为我言之？	孟子·公孙丑下 4.44	1
szyczeygmzczyszzygmz	时子因陈子而以告孟子，陈子以时子之言告孟子。	孟子·公孙丑下 4.45	1
czyszzygmz	陈子以时子之言告孟子。	孟子·公孙丑下 4.45	2
mzyr	孟子曰：然。	孟子·公孙丑下 4.45	1
fszezqbky	夫时子恶知其不可也？	孟子·公孙丑下 4.45	1
rsyyfcsweswswyfh	如使予欲富，辞十万而受万，是为欲富乎？	孟子·公孙丑下 4.45	1
csweswswyfh	辞十万而受万，是为欲富乎？	孟子·公孙丑下 4.45	2
swyfh	是为欲富乎？	孟子·公孙丑下 4.45	2
jsyyzzsy	季孙曰：异哉子叔疑！	孟子·公孙丑下 4.45	1
yzzsy	异哉子叔疑！	孟子·公孙丑下 4.45	2
sjwzbyzyyyysqzdwq	使己为政，不用，则亦已矣，又使其子弟为卿。	孟子·公孙丑下 4.45	1
byzyyyysqzdwq	不用，则亦已矣，又使其子弟为卿。	孟子·公孙丑下 4.45	2
zyyyysqzdwq	则亦已矣，又使其子弟为卿。	孟子·公孙丑下 4.45	2
ysqzdwq	又使其子弟为卿。	孟子·公孙丑下 4.45	2
rysbyfg	人亦孰不欲富贵？	孟子·公孙丑下 4.45	1
edyfgzzysldy	而独于富贵之中，有私龙断焉。	孟子·公孙丑下 4.45	1
ysldy	有私龙断焉。	孟子·公孙丑下 4.45	2
gzwsyyqsyyqswzyszzze	古之为市也，以其所有易其所无者，有司者治之耳。	孟子·公孙丑下 4.45	1
yqsyyqswzyszzze	以其所有易其所无者，有司者治之耳。	孟子·公孙丑下 4.45	2
yszzze	有司者治之耳。	孟子·公孙丑下 4.45	2
yjzfybqldedzyzywewsl	有贱丈夫焉，必求龙断而登之，以左右望而罔市利。	孟子·公孙丑下 4.45	1
bqldedzyzywewsl	必求龙断而登之，以左右望而罔市利。	孟子·公孙丑下 4.45	2
yzywewsl	以左右望而罔市利。	孟子·公孙丑下 4.45	2
rjywjgcezz	人皆以为贱，故从而征之。	孟子·公孙丑下 4.45	1
gcezz	故从而征之。	孟子·公孙丑下 4.45	2
zszcjzfsy	征商，自此贱丈夫始矣。	孟子·公孙丑下 4.45	1
zcjzfsy	自此贱丈夫始矣。	孟子·公孙丑下 4.45	2
mzqqsyz	孟子去齐，宿于昼。	孟子·公孙丑下 4.46	1
syz	宿于昼。	孟子·公孙丑下 4.46	2
yywwlxzzey	有欲为王留行者，坐而言。	孟子·公孙丑下 4.47	1
zey	坐而言。	孟子·公孙丑下 4.47	2
byyjew	不应，隐几而卧。	孟子·公孙丑下 4.47	1
yjew	隐几而卧。	孟子·公孙丑下 4.47	2
kbyydzqsehgyfzwebtqwfgjy	客不悦曰：“弟子齐宿而后敢言，夫子卧而不听，请勿复敢见矣。”	孟子·公孙丑下 4.47	1
dzqsehgyfzwebtqwfgjy	“弟子齐宿而后敢言，夫子卧而不听，请勿复敢见矣。”	孟子·公孙丑下 4.47	2
fzwebtqwfgjy	夫子卧而不听，请勿复敢见矣。	孟子·公孙丑下 4.47	2
qwfgjy	请勿复敢见矣。	孟子·公孙丑下 4.47	2
yz	曰：坐！	孟子·公孙丑下 4.48	1
wmyz	我明语子。	孟子·公孙丑下 4.48	1
xzlmgwrhzszczbnazsxlsxwrhmgzczbnaqs	昔者鲁缪公无人乎子思之侧，则不能安子思；泄柳、申详，无人乎缪公之侧，则不能安其身。	孟子·公孙丑下 4.48	1
zbnazsxlsxwrhmgzczbnaqs	则不能安子思；泄柳、申详，无人乎缪公之侧，则不能安其身。	孟子·公孙丑下 4.48	2
xlsxwrhmgzczbnaqs	泄柳、申详，无人乎缪公之侧，则不能安其身。	孟子·公孙丑下 4.48	2
sxwrhmgzczbnaqs	申详，无人乎缪公之侧，则不能安其身。	孟子·公孙丑下 4.48	2
wrhmgzczbnaqs	无人乎缪公之侧，则不能安其身。	孟子·公孙丑下 4.48	2
zbnaqs	则不能安其身。	孟子·公孙丑下 4.48	2
zwzzlebjzszjzzh	子为长者虑，而不及子思，子绝长者乎？	孟子·公孙丑下 4.48	1
ebjzszjzzh	而不及子思，子绝长者乎？	孟子·公孙丑下 4.48	2
zjzzh	子绝长者乎？	孟子·公孙丑下 4.48	2
zzjzh	长者绝子乎？	孟子·公孙丑下 4.48	1
mzqq	孟子去齐。	孟子·公孙丑下 4.49	1
ysyrybswzbkywtwzsbmysqbkrqzzsgzy	尹士语人曰：不识王之不可以为汤武，则是不明也；识其不可，然且至，则是干泽也。	孟子·公孙丑下 4.49	1
bswzbkywtwzsbmysqbkrqzzsgzy	不识王之不可以为汤武，则是不明也；识其不可，然且至，则是干泽也。	孟子·公孙丑下 4.49	2
zsbmysqbkrqzzsgzy	则是不明也；识其不可，然且至，则是干泽也。	孟子·公孙丑下 4.49	2
sqbkrqzzsgzy	识其不可，然且至，则是干泽也。	孟子·公孙丑下 4.49	2
rqzzsgzy	然且至，则是干泽也。	孟子·公孙丑下 4.49	2
zsgzy	则是干泽也。	孟子·公孙丑下 4.49	2
qlejwbygq	千里而见王，不遇故去。	孟子·公孙丑下 4.49	1
bygq	不遇故去。	孟子·公孙丑下 4.49	2
ssehczshrzy	三宿而后出昼，是何濡滞也？	孟子·公孙丑下 4.49	1
shrzy	是何濡滞也？	孟子·公孙丑下 4.49	2
szzby	士则兹不悦。	孟子·公孙丑下 4.49	1
gzyg	高子以告。	孟子·公孙丑下 4.50	1
yfysezyz	曰：夫尹士恶知予哉？	孟子·公孙丑下 4.50	1
fysezyz	夫尹士恶知予哉？	孟子·公孙丑下 4.50	2
qlejwsysyybygqqysyz	千里而见王，是予所欲也；不遇故去，岂予所欲哉？	孟子·公孙丑下 4.50	1
sysyybygqqysyz	是予所欲也；不遇故去，岂予所欲哉？	孟子·公孙丑下 4.50	2
bygqqysyz	不遇故去，岂予所欲哉？	孟子·公孙丑下 4.50	2
qysyz	岂予所欲哉？	孟子·公孙丑下 4.50	2
ybdyy	予不得已也。	孟子·公孙丑下 4.50	1
ysseczyyxyyws	予三宿而出昼，于予心犹以为速。	孟子·公孙丑下 4.50	1
yyxyyws	于予心犹以为速。	孟子·公孙丑下 4.50	2
wsjgz	王庶几改之。	孟子·公孙丑下 4.50	1
wrgzzbfy	王如改诸，则必反予。	孟子·公孙丑下 4.50	1
zbfy	则必反予。	孟子·公孙丑下 4.50	2
fczewbyzyyrhhrygz	夫出昼而王不予追也，予然后浩然有归志。	孟子·公孙丑下 4.50	1
yrhhrygz	予然后浩然有归志。	孟子·公孙丑下 4.50	2
ysrqswz	予虽然，岂舍王哉？	孟子·公孙丑下 4.50	1
qswz	岂舍王哉？	孟子·公孙丑下 4.50	2
wyzyws	王由足用为善。	孟子·公孙丑下 4.50	1
wryyzqtqmatxzmja	王如用予，则岂徒齐民安，天下之民举安。	孟子·公孙丑下 4.50	1
zqtqmatxzmja	则岂徒齐民安，天下之民举安。	孟子·公孙丑下 4.50	2
txzmja	天下之民举安。	孟子·公孙丑下 4.50	2
wsjgzyrwz	王庶几改之，予日望之。	孟子·公孙丑下 4.50	1
yrwz	予日望之。	孟子·公孙丑下 4.50	2
yqrsxzfrz	予岂若是小丈夫然哉？	孟子·公孙丑下 4.50	1
jyqjebsznxxrjyqm	谏于其君而不受，则怒，悻悻然见于其面。	孟子·公孙丑下 4.50	1
znxxrjyqm	则怒，悻悻然见于其面。	孟子·公孙丑下 4.50	2
xxrjyqm	悻悻然见于其面。	孟子·公孙丑下 4.50	2
qzqrzlehsz	去则穷日之力而后宿哉？	孟子·公孙丑下 4.50	1
yswzyscxry	尹士闻之曰：“士诚小人也。”	孟子·公孙丑下 4.51	1
scxry	“士诚小人也。”	孟子·公孙丑下 4.51	2
cylwyfzrybysr	充虞路问曰：夫子若有不豫色然。	孟子·公孙丑下 4.52	1
fzrybysr	夫子若有不豫色然。	孟子·公孙丑下 4.52	2
qrywzfzyjzbytbyr	前日虞闻诸夫子曰：‘君子不怨天，不尤人。’	孟子·公孙丑下 4.52	1
jzbytbyr	‘君子不怨天，不尤人。’	孟子·公孙丑下 4.52	2
byr	不尤人。	孟子·公孙丑下 4.52	2
ybyscysy	曰：彼一时，此一时也。	孟子·公孙丑下 4.53	1
byscysy	彼一时，此一时也。	孟子·公孙丑下 4.53	2
cysy	此一时也。	孟子·公孙丑下 4.53	2
wbnbywzxqjbymsz	五百年必有王者兴，其间必有名世者。	孟子·公孙丑下 4.53	1
qjbymsz	其间必有名世者。	孟子·公孙丑下 4.53	2
yzelqbyysy	由周而来，七百有余岁矣。	孟子·公孙丑下 4.53	1
qbyysy	七百有余岁矣。	孟子·公孙丑下 4.53	2
yqszgyyqskzzky	以其数则过矣，以其时考之则可矣。	孟子·公孙丑下 4.53	1
yqskzzky	以其时考之则可矣。	孟子·公孙丑下 4.53	2
ftwypztxyrypztxdjzsswqsy	夫天，未欲平治天下也；如欲平治天下，当今之世，舍我其谁也？	孟子·公孙丑下 4.53	1
wypztxyrypztxdjzsswqsy	未欲平治天下也；如欲平治天下，当今之世，舍我其谁也？	孟子·公孙丑下 4.53	2
rypztxdjzsswqsy	如欲平治天下，当今之世，舍我其谁也？	孟子·公孙丑下 4.53	2
djzsswqsy	当今之世，舍我其谁也？	孟子·公孙丑下 4.53	2
swqsy	舍我其谁也？	孟子·公孙丑下 4.53	2
whwbyz	吾何为不豫哉？	孟子·公孙丑下 4.53	1
mzqqjx	孟子去齐，居休。	孟子·公孙丑下 4.54	1
jx	居休。	孟子·公孙丑下 4.54	2
gscwysebslgzdh	公孙丑问曰：“仕而不受禄，古之道乎？”	孟子·公孙丑下 4.55	1
sebslgzdh	“仕而不受禄，古之道乎？”	孟子·公孙丑下 4.55	2
gzdh	古之道乎？	孟子·公孙丑下 4.55	2
yfy	曰：非也。	孟子·公孙丑下 4.56	1
fy	非也。	孟子·公孙丑下 4.56	2
ycwdjw	于崇，吾得见王。	孟子·公孙丑下 4.56	1
wdjw	吾得见王。	孟子·公孙丑下 4.56	2
teyqzbybgbsy	退而有去志，不欲变，故不受也。	孟子·公孙丑下 4.56	1
bybgbsy	不欲变，故不受也。	孟子·公孙丑下 4.56	2
gbsy	故不受也。	孟子·公孙丑下 4.56	2
jeysmbkyq	继而有师命，不可以请。	孟子·公孙丑下 4.56	1
bkyq	不可以请。	孟子·公孙丑下 4.56	2
jyqfwzy	久于齐，非我志也。	孟子·公孙丑下 4.56	1
fwzy	非我志也。	孟子·公孙丑下 4.56	2
twgwszjzcgsejmz	滕文公为世子，将之楚，过宋而见孟子。	孟子·滕文公上 5.1	1
jzcgsejmz	将之楚，过宋而见孟子。	孟子·滕文公上 5.1	2
gsejmz	过宋而见孟子。	孟子·滕文公上 5.1	2
mzdxsybcys	孟子道性善，言必称尧舜。	孟子·滕文公上 5.1	1
ybcys	言必称尧舜。	孟子·滕文公上 5.1	2
szzcffjmz	世子自楚反，复见孟子。	孟子·滕文公上 5.2	1
fjmz	复见孟子。	孟子·滕文公上 5.2	2
mzyszywyh	孟子曰：世子疑吾言乎？	孟子·滕文公上 5.2	1
szywyh	世子疑吾言乎？	孟子·滕文公上 5.2	2
fdyeyy	夫道一而已矣。	孟子·滕文公上 5.2	1
cjwqjgybzfywzfywhwbz	成覸谓齐景公曰：‘彼丈夫也，我丈夫也，吾何畏彼哉？’	孟子·滕文公上 5.2	1
bzfywzfywhwbz	‘彼丈夫也，我丈夫也，吾何畏彼哉？’	孟子·滕文公上 5.2	2
wzfywhwbz	我丈夫也，吾何畏彼哉？	孟子·滕文公上 5.2	2
whwbz	吾何畏彼哉？	孟子·滕文公上 5.2	2
yyyshry	颜渊曰：舜何人也？	孟子·滕文公上 5.2	1
shry	舜何人也？	孟子·滕文公上 5.2	2
yhry	予何人也？	孟子·滕文公上 5.2	1
ywzyrs	有为者亦若是。	孟子·滕文公上 5.2	1
gmyywwwsyzgqqwz	公明仪曰：‘文王我师也，周公岂欺我哉？’	孟子·滕文公上 5.2	1
wwwsyzgqqwz	‘文王我师也，周公岂欺我哉？’	孟子·滕文公上 5.2	2
zgqqwz	周公岂欺我哉？	孟子·滕文公上 5.2	2
jtjcbdjwslyykywsg	今滕，绝长补短，将五十里也，犹可以为善国。	孟子·滕文公上 5.2	1
jcbdjwslyykywsg	绝长补短，将五十里也，犹可以为善国。	孟子·滕文公上 5.2	2
jwslyykywsg	将五十里也，犹可以为善国。	孟子·滕文公上 5.2	2
ykywsg	犹可以为善国。	孟子·滕文公上 5.2	2
syrybmxjjbc	《书》曰：‘若药不瞑眩，厥疾不瘳。’	孟子·滕文公上 5.2	1
rybmxjjbc	‘若药不瞑眩，厥疾不瘳。’	孟子·滕文公上 5.2	2
jjbc	厥疾不瘳。	孟子·滕文公上 5.2	2
tdgh	滕定公薨。	孟子·滕文公上 5.3	1
szwryyxzmzcywyysyxzbw	世子谓然友曰：昔者孟子尝与我言于宋，于心终不忘。	孟子·滕文公上 5.3	1
xzmzcywyysyxzbw	昔者孟子尝与我言于宋，于心终不忘。	孟子·滕文公上 5.3	2
yxzbw	于心终不忘。	孟子·滕文公上 5.3	2
jybxzydgwyszwymzrhxs	今也不幸至于大故，吾欲使子问于孟子，然后行事。	孟子·滕文公上 5.3	1
wyszwymzrhxs	吾欲使子问于孟子，然后行事。	孟子·滕文公上 5.3	2
rhxs	然后行事。	孟子·滕文公上 5.3	2
ryzzwymz	然友之邹问于孟子。	孟子·滕文公上 5.4	1
mzybysh	孟子曰：不亦善乎！	孟子·滕文公上 5.4	1
bysh	不亦善乎！	孟子·滕文公上 5.4	2
qsgszjy	亲丧固所自尽也。	孟子·滕文公上 5.4	1
czysszylszzyljzylkwxy	曾子曰：‘生事之以礼；死葬之以礼，祭之以礼，可谓孝矣。’	孟子·滕文公上 5.4	1
sszylszzyljzylkwxy	‘生事之以礼；死葬之以礼，祭之以礼，可谓孝矣。’	孟子·滕文公上 5.4	2
szzyljzylkwxy	死葬之以礼，祭之以礼，可谓孝矣。	孟子·滕文公上 5.4	2
jzylkwxy	祭之以礼，可谓孝矣。	孟子·滕文公上 5.4	2
zhzlwwzxysrwcwzy	诸侯之礼，吾未之学也；虽然，吾尝闻之矣。	孟子·滕文公上 5.4	1
wwzxysrwcwzy	吾未之学也；虽然，吾尝闻之矣。	孟子·滕文公上 5.4	2
srwcwzy	虽然，吾尝闻之矣。	孟子·滕文公上 5.4	2
wcwzy	吾尝闻之矣。	孟子·滕文公上 5.4	2
snzsqszfzzsztzdysrsdgz	三年之丧，齐疏之服，𫗞粥之食，自天子达于庶人，三代共之。	孟子·滕文公上 5.4	1
qszfzzsztzdysrsdgz	齐疏之服，𫗞粥之食，自天子达于庶人，三代共之。	孟子·滕文公上 5.4	2
zzsztzdysrsdgz	𫗞粥之食，自天子达于庶人，三代共之。	孟子·滕文公上 5.4	2
ztzdysrsdgz	自天子达于庶人，三代共之。	孟子·滕文公上 5.4	2
sdgz	三代共之。	孟子·滕文公上 5.4	2
ryfmdwsnzs	然友反命，定为三年之丧。	孟子·滕文公上 5.5	1
dwsnzs	定为三年之丧。	孟子·滕文公上 5.5	2
fxbgjbyywzglxjmzxwxjymzxyzyzzsefzbk	父兄百官皆不欲，曰：吾宗国鲁先君莫之行，吾先君亦莫之行也，至于子之身而反之，不可。	孟子·滕文公上 5.5	1
ywzglxjmzxwxjymzxyzyzzsefzbk	曰：吾宗国鲁先君莫之行，吾先君亦莫之行也，至于子之身而反之，不可。	孟子·滕文公上 5.5	2
wzglxjmzxwxjymzxyzyzzsefzbk	吾宗国鲁先君莫之行，吾先君亦莫之行也，至于子之身而反之，不可。	孟子·滕文公上 5.5	2
wxjymzxyzyzzsefzbk	吾先君亦莫之行也，至于子之身而反之，不可。	孟子·滕文公上 5.5	2
zyzzsefzbk	至于子之身而反之，不可。	孟子·滕文公上 5.5	2
qzysjcxz	且志曰：‘丧祭从先祖。’	孟子·滕文公上 5.5	1
sjcxz	‘丧祭从先祖。’	孟子·滕文公上 5.5	2
ywysszy	曰：“吾有所受之也。”	孟子·滕文公上 5.5	1
wysszy	“吾有所受之也。”	孟子·滕文公上 5.5	2
wryywtrwcxwhcmsj	谓然友曰：吾他日未尝学问，好驰马试剑。	孟子·滕文公上 5.5	1
wtrwcxwhcmsj	吾他日未尝学问，好驰马试剑。	孟子·滕文公上 5.5	2
hcmsj	好驰马试剑。	孟子·滕文公上 5.5	2
jyfxbgbwzykqbnjydszwwwmz	今也父兄百官不我足也，恐其不能尽于大事，子为我问孟子。	孟子·滕文公上 5.5	1
kqbnjydszwwwmz	恐其不能尽于大事，子为我问孟子。	孟子·滕文公上 5.5	2
zwwwmz	子为我问孟子。	孟子·滕文公上 5.5	2
ryfzzwmz	然友复之邹问孟子。	孟子·滕文公上 5.6	1
bkytqzy	不可以他求者也。	孟子·滕文公上 5.6	1
kzyjhtyzz	孔子曰：君薨，听于冢宰。	孟子·滕文公上 5.6	1
jhtyzz	君薨，听于冢宰。	孟子·滕文公上 5.6	2
tyzz	听于冢宰。	孟子·滕文公上 5.6	2
czmsm	歠粥，面深墨。	孟子·滕文公上 5.6	1
msm	面深墨。	孟子·滕文公上 5.6	2
jwekbgysmgbaxzy	即位而哭，百官有司，莫敢不哀，先之也。	孟子·滕文公上 5.6	1
bgysmgbaxzy	百官有司，莫敢不哀，先之也。	孟子·滕文公上 5.6	2
mgbaxzy	莫敢不哀，先之也。	孟子·滕文公上 5.6	2
xzy	先之也。	孟子·滕文公上 5.6	2
syhzxbysyzy	上有好者，下必有甚焉者矣。	孟子·滕文公上 5.6	1
xbysyzy	下必有甚焉者矣。	孟子·滕文公上 5.6	2
jzzdfyxrzdcy	君子之德，风也；小人之德，草也。	孟子·滕文公上 5.6	1
fyxrzdcy	风也；小人之德，草也。	孟子·滕文公上 5.6	2
xrzdcy	小人之德，草也。	孟子·滕文公上 5.6	2
cy	草也。	孟子·滕文公上 5.6	2
cszfby	草尚之风必偃。	孟子·滕文公上 5.6	1
szsz	是在世子。	孟子·滕文公上 5.6	1
ryfm	然友反命。	孟子·滕文公上 5.7	1
szyr	世子曰：然。	孟子·滕文公上 5.7	1
sczw	是诚在我。	孟子·滕文公上 5.7	1
wyjlwymj	五月居庐，未有命戒。	孟子·滕文公上 5.7	1
wymj	未有命戒。	孟子·滕文公上 5.7	2
bgzrkwyz	百官族人可谓曰知。	孟子·滕文公上 5.7	1
jzzsflgzyszqkqzadzdy	及至葬，四方来观之，颜色之戚，哭泣之哀，吊者大悦。	孟子·滕文公上 5.7	1
sflgzyszqkqzadzdy	四方来观之，颜色之戚，哭泣之哀，吊者大悦。	孟子·滕文公上 5.7	2
yszqkqzadzdy	颜色之戚，哭泣之哀，吊者大悦。	孟子·滕文公上 5.7	2
kqzadzdy	哭泣之哀，吊者大悦。	孟子·滕文公上 5.7	2
dzdy	吊者大悦。	孟子·滕文公上 5.7	2
twgwwg	滕文公问为国。	孟子·滕文公上 5.8	1
mzymsbkhy	孟子曰：民事不可缓也。	孟子·滕文公上 5.8	1
msbkhy	民事不可缓也。	孟子·滕文公上 5.8	2
syzeymxestjqcwqsbbg	《诗》云：‘昼尔于茅，宵尔索绹；亟其乘屋，其始播百谷。’	孟子·滕文公上 5.8	1
zeymxestjqcwqsbbg	‘昼尔于茅，宵尔索绹；亟其乘屋，其始播百谷。’	孟子·滕文公上 5.8	2
xestjqcwqsbbg	宵尔索绹；亟其乘屋，其始播百谷。	孟子·滕文公上 5.8	2
jqcwqsbbg	亟其乘屋，其始播百谷。	孟子·滕文公上 5.8	2
qsbbg	其始播百谷。	孟子·滕文公上 5.8	2
mzwdyyhczyhxwhczwhx	民之为道也，有恒产者有恒心，无恒产者无恒心。	孟子·滕文公上 5.8	1
yhczyhxwhczwhx	有恒产者有恒心，无恒产者无恒心。	孟子·滕文公上 5.8	2
whczwhx	无恒产者无恒心。	孟子·滕文公上 5.8	2
gwhxfpxcwbwy	苟无恒心，放辟邪侈，无不为已。	孟子·滕文公上 5.8	1
fpxcwbwy	放辟邪侈，无不为已。	孟子·滕文公上 5.8	2
jxhzrhcexzswmy	及陷乎罪，然后从而刑之，是罔民也。	孟子·滕文公上 5.8	1
sgxjbgjlxqymyz	是故贤君必恭俭礼下，取于民有制。	孟子·滕文公上 5.8	1
qymyz	取于民有制。	孟子·滕文公上 5.8	2
yhywfbrywrbfy	阳虎曰：‘为富不仁矣，为仁不富矣。’	孟子·滕文公上 5.8	1
wfbrywrbfy	‘为富不仁矣，为仁不富矣。’	孟子·滕文公上 5.8	2
wrbfy	为仁不富矣。	孟子·滕文公上 5.8	2
xhswsegyrqsezzrbmecqsjsyy	夏后氏五十而贡，殷人七十而助，周人百亩而彻，其实皆什一也。	孟子·滕文公上 5.9	1
yrqsezzrbmecqsjsyy	殷人七十而助，周人百亩而彻，其实皆什一也。	孟子·滕文公上 5.9	2
zrbmecqsjsyy	周人百亩而彻，其实皆什一也。	孟子·滕文公上 5.9	2
qsjsyy	其实皆什一也。	孟子·滕文公上 5.9	2
czcyzzjy	彻者，彻也；助者，藉也。	孟子·滕文公上 5.9	1
cyzzjy	彻也；助者，藉也。	孟子·滕文公上 5.9	2
zzjy	助者，藉也。	孟子·滕文公上 5.9	2
jy	藉也。	孟子·滕文公上 5.9	2
lzyzdmsyzmbsyg	龙子曰：治地莫善于助，莫不善于贡。	孟子·滕文公上 5.9	1
zdmsyzmbsyg	治地莫善于助，莫不善于贡。	孟子·滕文公上 5.9	2
mbsyg	莫不善于贡。	孟子·滕文公上 5.9	2
gzxsszzywc	贡者校数岁之中以为常。	孟子·滕文公上 5.9	1
lslmlldqzebwnzgqzxnfqtebzzbqyy	乐岁，粒米狼戾，多取之而不为虐，则寡取之；凶年，粪其田而不足，则必取盈焉。	孟子·滕文公上 5.9	1
lmlldqzebwnzgqzxnfqtebzzbqyy	粒米狼戾，多取之而不为虐，则寡取之；凶年，粪其田而不足，则必取盈焉。	孟子·滕文公上 5.9	2
dqzebwnzgqzxnfqtebzzbqyy	多取之而不为虐，则寡取之；凶年，粪其田而不足，则必取盈焉。	孟子·滕文公上 5.9	2
zgqzxnfqtebzzbqyy	则寡取之；凶年，粪其田而不足，则必取盈焉。	孟子·滕文公上 5.9	2
xnfqtebzzbqyy	凶年，粪其田而不足，则必取盈焉。	孟子·滕文公上 5.9	2
fqtebzzbqyy	粪其田而不足，则必取盈焉。	孟子·滕文公上 5.9	2
zbqyy	则必取盈焉。	孟子·滕文公上 5.9	2
wmfmsmxxrjzsqdbdyyqfmycdeyz	为民父母，使民盻盻然，将终岁勤动，不得以养其父母，又称贷而益之。	孟子·滕文公上 5.9	1
smxxrjzsqdbdyyqfmycdeyz	使民盻盻然，将终岁勤动，不得以养其父母，又称贷而益之。	孟子·滕文公上 5.9	2
jzsqdbdyyqfmycdeyz	将终岁勤动，不得以养其父母，又称贷而益之。	孟子·滕文公上 5.9	2
bdyyqfmycdeyz	不得以养其父母，又称贷而益之。	孟子·滕文公上 5.9	2
ycdeyz	又称贷而益之。	孟子·滕文公上 5.9	2
slzzhghezqwmfmy	使老稚转乎沟壑，恶在其为民父母也？	孟子·滕文公上 5.9	1
fsltgxzy	夫世禄，滕固行之矣。	孟子·滕文公上 5.9	1
tgxzy	滕固行之矣。	孟子·滕文公上 5.9	2
syywgtsjws	《诗》云：‘雨我公田，遂及我私。’	孟子·滕文公上 5.9	1
ywgtsjws	‘雨我公田，遂及我私。’	孟子·滕文公上 5.9	2
sjws	遂及我私。	孟子·滕文公上 5.9	2
wzwygt	惟助为有公田。	孟子·滕文公上 5.9	1
ycgzszyzy	由此观之，虽周亦助也。	孟子·滕文公上 5.9	1
szyzy	虽周亦助也。	孟子·滕文公上 5.9	2
swxxxxyjzxzyyxzjyxzsy	设为庠序学校以教之：庠者，养也；校者，教也；序者，射也。	孟子·滕文公上 5.10	1
xzyyxzjyxzsy	庠者，养也；校者，教也；序者，射也。	孟子·滕文公上 5.10	2
yyxzjyxzsy	养也；校者，教也；序者，射也。	孟子·滕文公上 5.10	2
xzjyxzsy	校者，教也；序者，射也。	孟子·滕文公上 5.10	2
jyxzsy	教也；序者，射也。	孟子·滕文公上 5.10	2
xzsy	序者，射也。	孟子·滕文公上 5.10	2
sy	射也。	孟子·滕文公上 5.10	2
xyxyyxzyxxzsdgzjsymrly	夏曰校，殷曰序，周曰庠，学则三代共之，皆所以明人伦也。	孟子·滕文公上 5.10	1
yyxzyxxzsdgzjsymrly	殷曰序，周曰庠，学则三代共之，皆所以明人伦也。	孟子·滕文公上 5.10	2
zyxxzsdgzjsymrly	周曰庠，学则三代共之，皆所以明人伦也。	孟子·滕文公上 5.10	2
xzsdgzjsymrly	学则三代共之，皆所以明人伦也。	孟子·滕文公上 5.10	2
jsymrly	皆所以明人伦也。	孟子·滕文公上 5.10	2
rlmysxmqyx	人伦明于上，小民亲于下。	孟子·滕文公上 5.10	1
xmqyx	小民亲于下。	孟子·滕文公上 5.10	2
ywzqblqfswwzsy	有王者起，必来取法，是为王者师也。	孟子·滕文公上 5.10	1
blqfswwzsy	必来取法，是为王者师也。	孟子·滕文公上 5.10	2
swwzsy	是为王者师也。	孟子·滕文公上 5.10	2
syzsjbqmwxwwzwy	《诗》云‘周虽旧邦，其命惟新’，文王之谓也。	孟子·滕文公上 5.10	1
qmwxwwzwy	其命惟新，文王之谓也。	孟子·滕文公上 5.10	2
wwzwy	文王之谓也。	孟子·滕文公上 5.10	2
zlxzyyxzzg	子力行之，亦以新子之国。	孟子·滕文公上 5.10	1
yyxzzg	亦以新子之国。	孟子·滕文公上 5.10	2
sbzwjd	使毕战问井地。	孟子·滕文公上 5.11	1
mzyzzjjxrzxzeszzbmz	孟子曰：子之君将行仁政，选择而使子，子必勉之！	孟子·滕文公上 5.11	1
zzjjxrzxzeszzbmz	子之君将行仁政，选择而使子，子必勉之！	孟子·滕文公上 5.11	2
xzeszzbmz	选择而使子，子必勉之！	孟子·滕文公上 5.11	2
zbmz	子必勉之！	孟子·滕文公上 5.11	2
frzbzjjs	夫仁政，必自经界始。	孟子·滕文公上 5.11	1
bzjjs	必自经界始。	孟子·滕文公上 5.11	2
jjbzjdbjglbp	经界不正，井地不钧，谷禄不平。	孟子·滕文公上 5.11	1
jdbjglbp	井地不钧，谷禄不平。	孟子·滕文公上 5.11	2
glbp	谷禄不平。	孟子·滕文公上 5.11	2
sgbjwlbmqjj	是故暴君污吏必慢其经界。	孟子·滕文公上 5.11	1
jjjzftzlkzedy	经界既正，分田制禄可坐而定也。	孟子·滕文公上 5.11	1
ftzlkzedy	分田制禄可坐而定也。	孟子·滕文公上 5.11	2
ftrdbxjwjzyjwyry	夫滕壤地褊小，将为君子焉，将为野人焉。	孟子·滕文公上 5.11	1
jwjzyjwyry	将为君子焉，将为野人焉。	孟子·滕文公上 5.11	2
jwyry	将为野人焉。	孟子·滕文公上 5.11	2
wjzmzyrwyrmyjz	无君子莫治野人，无野人莫养君子。	孟子·滕文公上 5.11	1
wyrmyjz	无野人莫养君子。	孟子·滕文公上 5.11	2
qyjyezgzsyszf	请野九一而助，国中什一使自赋。	孟子·滕文公上 5.11	1
gzsyszf	国中什一使自赋。	孟子·滕文公上 5.11	2
qyxbygtgtwsm	卿以下必有圭田，圭田五十亩。	孟子·滕文公上 5.11	1
gtwsm	圭田五十亩。	孟子·滕文公上 5.11	2
yfeswm	余夫二十五亩。	孟子·滕文公上 5.11	1
sxwcxxttj	死徙无出乡，乡田同井。	孟子·滕文公上 5.11	1
xttj	乡田同井。	孟子·滕文公上 5.11	2
crxyswxzjbxfczbxqm	出入相友，守望相助，疾病相扶持，则百姓亲睦。	孟子·滕文公上 5.11	1
swxzjbxfczbxqm	守望相助，疾病相扶持，则百姓亲睦。	孟子·滕文公上 5.11	2
jbxfczbxqm	疾病相扶持，则百姓亲睦。	孟子·滕文公上 5.11	2
zbxqm	则百姓亲睦。	孟子·滕文公上 5.11	2
flejjjbmqzwgt	方里而井，井九百亩，其中为公田。	孟子·滕文公上 5.11	1
jjbmqzwgt	井九百亩，其中为公田。	孟子·滕文公上 5.11	2
qzwgt	其中为公田。	孟子·滕文公上 5.11	2
bjjsbmtygt	八家皆私百亩，同养公田。	孟子·滕文公上 5.11	1
tygt	同养公田。	孟子·滕文公上 5.11	2
gsbrhgzsssybyry	公事毕，然后敢治私事，所以别野人也。	孟子·滕文公上 5.11	1
rhgzsssybyry	然后敢治私事，所以别野人也。	孟子·滕文公上 5.11	2
sybyry	所以别野人也。	孟子·滕文公上 5.11	2
cqdly	此其大略也。	孟子·滕文公上 5.11	1
rfrzzzzjyzy	若夫润泽之，则在君与子矣。	孟子·滕文公上 5.11	1
zzjyzy	则在君与子矣。	孟子·滕文公上 5.11	2
ywsnzyzxxzcztzmegwgyyfzrwjxrzysycewm	有为神农之言者许行，自楚之滕，踵门而告文公曰：“远方之人闻君行仁政，愿受一廛而为氓。”	孟子·滕文公上 5.12	1
zcztzmegwgyyfzrwjxrzysycewm	自楚之滕，踵门而告文公曰：“远方之人闻君行仁政，愿受一廛而为氓。”	孟子·滕文公上 5.12	2
zmegwgyyfzrwjxrzysycewm	踵门而告文公曰：“远方之人闻君行仁政，愿受一廛而为氓。”	孟子·滕文公上 5.12	2
yfzrwjxrzysycewm	“远方之人闻君行仁政，愿受一廛而为氓。”	孟子·滕文公上 5.12	2
ysycewm	愿受一廛而为氓。	孟子·滕文公上 5.12	2
wgyzcqtssrjyhkjzxyws	文公与之处，其徒数十人，皆衣褐，捆屦、织席以为食。	孟子·滕文公上 5.12	1
qtssrjyhkjzxyws	其徒数十人，皆衣褐，捆屦、织席以为食。	孟子·滕文公上 5.12	2
jyhkjzxyws	皆衣褐，捆屦、织席以为食。	孟子·滕文公上 5.12	2
kjzxyws	捆屦、织席以为食。	孟子·滕文公上 5.12	2
zxyws	织席以为食。	孟子·滕文公上 5.12	2
clztcxyqdxflsezsztywjxsrzzsysryywsrm	陈良之徒陈相与其弟辛，负耒耜而自宋之滕，曰：“闻君行圣人之政，是亦圣人也，愿为圣人氓。”	孟子·滕文公上 5.13	1
flsezsztywjxsrzzsysryywsrm	负耒耜而自宋之滕，曰：“闻君行圣人之政，是亦圣人也，愿为圣人氓。”	孟子·滕文公上 5.13	2
ywjxsrzzsysryywsrm	曰：“闻君行圣人之政，是亦圣人也，愿为圣人氓。”	孟子·滕文公上 5.13	2
wjxsrzzsysryywsrm	“闻君行圣人之政，是亦圣人也，愿为圣人氓。”	孟子·滕文公上 5.13	2
sysryywsrm	是亦圣人也，愿为圣人氓。	孟子·滕文公上 5.13	2
ywsrm	愿为圣人氓。	孟子·滕文公上 5.13	2
cxjxxedyjqqxexy	陈相见许行而大悦，尽弃其学而学焉。	孟子·滕文公上 5.13	1
jqqxexy	尽弃其学而学焉。	孟子·滕文公上 5.13	2
cxjmzdxxzyytjzcxjysrwwdy	陈相见孟子，道许行之言曰：滕君，则诚贤君也；虽然，未闻道也。	孟子·滕文公上 5.14	1
dxxzyytjzcxjysrwwdy	道许行之言曰：滕君，则诚贤君也；虽然，未闻道也。	孟子·滕文公上 5.14	2
tjzcxjysrwwdy	滕君，则诚贤君也；虽然，未闻道也。	孟子·滕文公上 5.14	2
zcxjysrwwdy	则诚贤君也；虽然，未闻道也。	孟子·滕文公上 5.14	2
srwwdy	虽然，未闻道也。	孟子·滕文公上 5.14	2
wwdy	未闻道也。	孟子·滕文公上 5.14	2
xzymbgesysez	贤者与民并耕而食，饔飧而治。	孟子·滕文公上 5.14	1
ysez	饔飧而治。	孟子·滕文公上 5.14	2
jytyclfkzslmeyzyyedx	今也滕有仓廪府库，则是厉民而以自养也，恶得贤？	孟子·滕文公上 5.14	1
zslmeyzyyedx	则是厉民而以自养也，恶得贤？	孟子·滕文公上 5.14	2
edx	恶得贤？	孟子·滕文公上 5.14	2
mzyxzbzsehsh	孟子曰：“许子必种粟而后食乎？”	孟子·滕文公上 5.15	1
xzbzsehsh	“许子必种粟而后食乎？”	孟子·滕文公上 5.15	2
xzbzbehyh	“许子必织布而后衣乎？”	孟子·滕文公上 5.16	1
xzyh	许子衣褐。	孟子·滕文公上 5.16	1
xzgh	“许子冠乎？”	孟子·滕文公上 5.17	1
yg	曰：“冠。”	孟子·滕文公上 5.17	1
yxg	曰：“奚冠？”	孟子·滕文公上 5.18	1
xg	“奚冠？”	孟子·滕文公上 5.18	2
ygs	曰：“冠素。”	孟子·滕文公上 5.18	1
gs	“冠素。”	孟子·滕文公上 5.18	2
yzzzy	曰：“自织之与？”	孟子·滕文公上 5.19	1
zzzy	“自织之与？”	孟子·滕文公上 5.19	2
ysyz	以粟易之。	孟子·滕文公上 5.19	1
yxzxwbzz	曰：“许子奚为不自织？”	孟子·滕文公上 5.20	1
xzxwbzz	“许子奚为不自织？”	孟子·滕文公上 5.20	2
yhyg	曰：“害于耕。”	孟子·滕文公上 5.20	1
hyg	“害于耕。”	孟子·滕文公上 5.20	2
yxzyfzcytgh	曰：“许子以釜甑爨，以铁耕乎？”	孟子·滕文公上 5.21	1
xzyfzcytgh	“许子以釜甑爨，以铁耕乎？”	孟子·滕文公上 5.21	2
ytgh	以铁耕乎？	孟子·滕文公上 5.21	2
zwzy	“自为之与？”	孟子·滕文公上 5.22	1
ysyxqzbwltytyyyqxqyszqwlnfz	以粟易械器者，不为厉陶冶；陶冶亦以其械器易粟者，岂为厉农夫哉？	孟子·滕文公上 5.23	1
bwltytyyyqxqyszqwlnfz	不为厉陶冶；陶冶亦以其械器易粟者，岂为厉农夫哉？	孟子·滕文公上 5.23	2
tyyyqxqyszqwlnfz	陶冶亦以其械器易粟者，岂为厉农夫哉？	孟子·滕文公上 5.23	2
qwlnfz	岂为厉农夫哉？	孟子·滕文公上 5.23	2
qxzhbwty	且许子何不为陶冶。	孟子·滕文公上 5.23	1
sjqzqgzeyz	舍皆取诸其宫中而用之？	孟子·滕文公上 5.23	1
hwffrybgjy	何为纷纷然与百工交易？	孟子·滕文公上 5.23	1
hxzzbdf	何许子之不惮烦？	孟子·滕文公上 5.23	1
ybgzsgbkgqwy	曰：“百工之事，固不可耕且为也。”	孟子·滕文公上 5.23	1
bgzsgbkgqwy	“百工之事，固不可耕且为也。”	孟子·滕文公上 5.23	2
gbkgqwy	固不可耕且为也。	孟子·滕文公上 5.23	2
rzztxdkgqwy	然则治天下独可耕且为与？	孟子·滕文公上 5.24	1
ydrzsyxrzs	有大人之事，有小人之事。	孟子·滕文公上 5.24	1
yxrzs	有小人之事。	孟子·滕文公上 5.24	2
qyrzsebgzswb	且一人之身，而百工之所为备。	孟子·滕文公上 5.24	1
ebgzswb	而百工之所为备。	孟子·滕文公上 5.24	2
rbzwehyzsltxely	如必自为而后用之，是率天下而路也。	孟子·滕文公上 5.24	1
sltxely	是率天下而路也。	孟子·滕文公上 5.24	2
gyhlxhlllxzzrllzzyrzyrzsrzrzsyrtxztyy	故曰：或劳心，或劳力；劳心者治人，劳力者治于人；治于人者食人，治人者食于人：天下之通义也。	孟子·滕文公上 5.24	1
hlxhlllxzzrllzzyrzyrzsrzrzsyrtxztyy	或劳心，或劳力；劳心者治人，劳力者治于人；治于人者食人，治人者食于人：天下之通义也。	孟子·滕文公上 5.24	2
hlllxzzrllzzyrzyrzsrzrzsyrtxztyy	或劳力；劳心者治人，劳力者治于人；治于人者食人，治人者食于人：天下之通义也。	孟子·滕文公上 5.24	2
lxzzrllzzyrzyrzsrzrzsyrtxztyy	劳心者治人，劳力者治于人；治于人者食人，治人者食于人：天下之通义也。	孟子·滕文公上 5.24	2
llzzyrzyrzsrzrzsyrtxztyy	劳力者治于人；治于人者食人，治人者食于人：天下之通义也。	孟子·滕文公上 5.24	2
zyrzsrzrzsyrtxztyy	治于人者食人，治人者食于人：天下之通义也。	孟子·滕文公上 5.24	2
zrzsyrtxztyy	治人者食于人：天下之通义也。	孟子·滕文公上 5.24	2
txztyy	天下之通义也。	孟子·滕文公上 5.24	2
dyzstxywphshlflytx	当尧之时，天下犹未平，洪水横流，泛滥于天下。	孟子·滕文公上 5.25	1
txywphshlflytx	天下犹未平，洪水横流，泛滥于天下。	孟子·滕文公上 5.25	2
hshlflytx	洪水横流，泛滥于天下。	孟子·滕文公上 5.25	2
flytx	泛滥于天下。	孟子·滕文公上 5.25	2
cmcmqsfzwgbdqsbr	草木畅茂，禽兽繁殖，五谷不登，禽兽偪人。	孟子·滕文公上 5.25	1
qsfzwgbdqsbr	禽兽繁殖，五谷不登，禽兽偪人。	孟子·滕文公上 5.25	2
wgbdqsbr	五谷不登，禽兽偪人。	孟子·滕文公上 5.25	2
qsbr	禽兽偪人。	孟子·滕文公上 5.25	2
stnjzdjyzg	兽蹄鸟迹之道，交于中国。	孟子·滕文公上 5.25	1
jyzg	交于中国。	孟子·滕文公上 5.25	2
ydyzjsefzy	尧独忧之，举舜而敷治焉。	孟子·滕文公上 5.25	1
jsefzy	举舜而敷治焉。	孟子·滕文公上 5.25	2
ssyzhylszefzqstn	舜使益掌火，益烈山泽而焚之，禽兽逃匿。	孟子·滕文公上 5.25	1
ylszefzqstn	益烈山泽而焚之，禽兽逃匿。	孟子·滕文公上 5.25	2
qstn	禽兽逃匿。	孟子·滕文公上 5.25	2
ysjhyjlezzhjrhphsezzjrhzgkdesy	禹疏九河，瀹济漯，而注诸海；决汝汉，排淮泗，而注之江，然后中国可得而食也。	孟子·滕文公上 5.25	1
yjlezzhjrhphsezzjrhzgkdesy	瀹济漯，而注诸海；决汝汉，排淮泗，而注之江，然后中国可得而食也。	孟子·滕文公上 5.25	2
ezzhjrhphsezzjrhzgkdesy	而注诸海；决汝汉，排淮泗，而注之江，然后中国可得而食也。	孟子·滕文公上 5.25	2
jrhphsezzjrhzgkdesy	决汝汉，排淮泗，而注之江，然后中国可得而食也。	孟子·滕文公上 5.25	2
phsezzjrhzgkdesy	排淮泗，而注之江，然后中国可得而食也。	孟子·滕文公上 5.25	2
ezzjrhzgkdesy	而注之江，然后中国可得而食也。	孟子·滕文公上 5.25	2
rhzgkdesy	然后中国可得而食也。	孟子·滕文公上 5.25	2
dssyybnywsgqmebrsygdh	当是时也，禹八年于外，三过其门而不入，虽欲耕，得乎？	孟子·滕文公上 5.25	1
ybnywsgqmebrsygdh	禹八年于外，三过其门而不入，虽欲耕，得乎？	孟子·滕文公上 5.25	2
sgqmebrsygdh	三过其门而不入，虽欲耕，得乎？	孟子·滕文公上 5.25	2
sygdh	虽欲耕，得乎？	孟子·滕文公上 5.25	2
dh	得乎？	孟子·滕文公上 5.25	2
hjjmjs	后稷教民稼穑。	孟子·滕文公上 5.25	1
sywgwgsemry	树艺五谷，五谷熟而民人育。	孟子·滕文公上 5.25	1
wgsemry	五谷熟而民人育。	孟子·滕文公上 5.25	2
rzydybsnyyjewjzjyqs	人之有道也，饱食、煖衣、逸居而无教，则近于禽兽。	孟子·滕文公上 5.25	1
bsnyyjewjzjyqs	饱食、煖衣、逸居而无教，则近于禽兽。	孟子·滕文公上 5.25	2
nyyjewjzjyqs	煖衣、逸居而无教，则近于禽兽。	孟子·滕文公上 5.25	2
yjewjzjyqs	逸居而无教，则近于禽兽。	孟子·滕文公上 5.25	2
zjyqs	则近于禽兽。	孟子·滕文公上 5.25	2
sryyzsqwstjyrlfzyqjcyyffybzyyxpyyx	圣人有忧之，使契为司徒，教以人伦：父子有亲，君臣有义，夫妇有别，长幼有序，朋友有信。	孟子·滕文公上 5.25	1
sqwstjyrlfzyqjcyyffybzyyxpyyx	使契为司徒，教以人伦：父子有亲，君臣有义，夫妇有别，长幼有序，朋友有信。	孟子·滕文公上 5.25	2
jyrlfzyqjcyyffybzyyxpyyx	教以人伦：父子有亲，君臣有义，夫妇有别，长幼有序，朋友有信。	孟子·滕文公上 5.25	2
fzyqjcyyffybzyyxpyyx	父子有亲，君臣有义，夫妇有别，长幼有序，朋友有信。	孟子·滕文公上 5.25	2
jcyyffybzyyxpyyx	君臣有义，夫妇有别，长幼有序，朋友有信。	孟子·滕文公上 5.25	2
ffybzyyxpyyx	夫妇有别，长幼有序，朋友有信。	孟子·滕文公上 5.25	2
zyyxpyyx	长幼有序，朋友有信。	孟子·滕文公上 5.25	2
pyyx	朋友有信。	孟子·滕文公上 5.25	2
fxylzlzkzzzfzyzszdzycezdz	放勋曰：‘劳之来之，匡之直之，辅之翼之，使自得之，又从而振德之。’	孟子·滕文公上 5.25	1
lzlzkzzzfzyzszdzycezdz	‘劳之来之，匡之直之，辅之翼之，使自得之，又从而振德之。’	孟子·滕文公上 5.25	2
kzzzfzyzszdzycezdz	匡之直之，辅之翼之，使自得之，又从而振德之。	孟子·滕文公上 5.25	2
fzyzszdzycezdz	辅之翼之，使自得之，又从而振德之。	孟子·滕文公上 5.25	2
szdzycezdz	使自得之，又从而振德之。	孟子·滕文公上 5.25	2
ycezdz	又从而振德之。	孟子·滕文公上 5.25	2
srzymrcexgh	圣人之忧民如此，而暇耕乎？	孟子·滕文公上 5.25	1
exgh	而暇耕乎？	孟子·滕文公上 5.25	2
yybdswjysybdygtwjy	尧以不得舜为己忧，舜以不得禹、皋陶为己忧。	孟子·滕文公上 5.26	1
sybdygtwjy	舜以不得禹、皋陶为己忧。	孟子·滕文公上 5.26	2
gtwjy	皋陶为己忧。	孟子·滕文公上 5.26	2
fybmzbywjyznfy	夫以百亩之不易为己忧者，农夫也。	孟子·滕文公上 5.26	1
nfy	农夫也。	孟子·滕文公上 5.26	2
frycwzhjryswzzwtxdrzwzr	分人以财谓之惠，教人以善谓之忠，为天下得人者谓之仁。	孟子·滕文公上 5.26	1
jryswzzwtxdrzwzr	教人以善谓之忠，为天下得人者谓之仁。	孟子·滕文公上 5.26	2
wtxdrzwzr	为天下得人者谓之仁。	孟子·滕文公上 5.26	2
sgytxyrywtxdrn	是故以天下与人易，为天下得人难。	孟子·滕文公上 5.26	1
wtxdrn	为天下得人难。	孟子·滕文公上 5.26	2
kzydzyzwj	孔子曰：大哉尧之为君！	孟子·滕文公上 5.26	1
dzyzwj	大哉尧之为君！	孟子·滕文公上 5.26	2
wtwdwyzzddhmwnmy	惟天为大，惟尧则之，荡荡乎民无能名焉！	孟子·滕文公上 5.26	1
wyzzddhmwnmy	惟尧则之，荡荡乎民无能名焉！	孟子·滕文公上 5.26	2
ddhmwnmy	荡荡乎民无能名焉！	孟子·滕文公上 5.26	2
jzsy	君哉舜也！	孟子·滕文公上 5.26	1
wwhytxebyy	巍巍乎有天下而不与焉！	孟子·滕文公上 5.26	1
yszztxqwsyqxz	尧舜之治天下，岂无所用其心哉？	孟子·滕文公上 5.26	1
qwsyqxz	岂无所用其心哉？	孟子·滕文公上 5.26	2
ybyyge	亦不用于耕耳。	孟子·滕文公上 5.26	1
wwyxbyzwwbyyzy	吾闻用夏变夷者，未闻变于夷者也。	孟子·滕文公上 5.27	1
wwbyyzy	未闻变于夷者也。	孟子·滕文公上 5.27	2
clccy	陈良，楚产也。	孟子·滕文公上 5.27	1
ccy	楚产也。	孟子·滕文公上 5.27	2
yzgznzdbxyzg	悦周公、仲尼之道，北学于中国。	孟子·滕文公上 5.27	1
znzdbxyzg	仲尼之道，北学于中国。	孟子·滕文公上 5.27	2
bxyzg	北学于中国。	孟子·滕文公上 5.27	2
bfzxzwnhzxy	北方之学者，未能或之先也。	孟子·滕文公上 5.27	1
wnhzxy	未能或之先也。	孟子·滕文公上 5.27	2
bswhjzsy	彼所谓豪杰之士也。	孟子·滕文公上 5.27	1
zzxdszssnssesbz	子之兄弟事之数十年，师死而遂倍之。	孟子·滕文公上 5.27	1
ssesbz	师死而遂倍之。	孟子·滕文公上 5.27	2
xzkzmsnzwmrzrjgryyzgxxekjssrhg	昔者孔子没，三年之外，门人治任将归，入揖于子贡，相向而哭，皆失声，然后归。	孟子·滕文公上 5.27	1
snzwmrzrjgryyzgxxekjssrhg	三年之外，门人治任将归，入揖于子贡，相向而哭，皆失声，然后归。	孟子·滕文公上 5.27	2
mrzrjgryyzgxxekjssrhg	门人治任将归，入揖于子贡，相向而哭，皆失声，然后归。	孟子·滕文公上 5.27	2
ryyzgxxekjssrhg	入揖于子贡，相向而哭，皆失声，然后归。	孟子·滕文公上 5.27	2
xxekjssrhg	相向而哭，皆失声，然后归。	孟子·滕文公上 5.27	2
jssrhg	皆失声，然后归。	孟子·滕文公上 5.27	2
rhg	然后归。	孟子·滕文公上 5.27	2
zgfzsycdjsnrhg	子贡反，筑室于场，独居三年，然后归。	孟子·滕文公上 5.27	1
zsycdjsnrhg	筑室于场，独居三年，然后归。	孟子·滕文公上 5.27	2
djsnrhg	独居三年，然后归。	孟子·滕文公上 5.27	2
trzxzzzyyyrssryysskzszjcz	他日，子夏、子张、子游以有若似圣人，欲以所事孔子事之，彊曾子。	孟子·滕文公上 5.27	1
zxzzzyyyrssryysskzszjcz	子夏、子张、子游以有若似圣人，欲以所事孔子事之，彊曾子。	孟子·滕文公上 5.27	2
zzzyyyrssryysskzszjcz	子张、子游以有若似圣人，欲以所事孔子事之，彊曾子。	孟子·滕文公上 5.27	2
zyyyrssryysskzszjcz	子游以有若似圣人，欲以所事孔子事之，彊曾子。	孟子·滕文公上 5.27	2
yysskzszjcz	欲以所事孔子事之，彊曾子。	孟子·滕文公上 5.27	2
jcz	彊曾子。	孟子·滕文公上 5.27	2
czybk	曾子曰：不可。	孟子·滕文公上 5.27	1
jhyzzqyybzhhhbksy	江汉以濯之，秋阳以暴之，皜皜乎不可尚已。	孟子·滕文公上 5.27	1
qyybzhhhbksy	秋阳以暴之，皜皜乎不可尚已。	孟子·滕文公上 5.27	2
hhhbksy	皜皜乎不可尚已。	孟子·滕文公上 5.27	2
jynmjszrfxwzdzbzzsexzyyyczy	今也南蛮𫛞舌之人，非先王之道，子倍子之师而学之，亦异于曾子矣。	孟子·滕文公上 5.27	1
fxwzdzbzzsexzyyyczy	非先王之道，子倍子之师而学之，亦异于曾子矣。	孟子·滕文公上 5.27	2
zbzzsexzyyyczy	子倍子之师而学之，亦异于曾子矣。	孟子·滕文公上 5.27	2
yyyczy	亦异于曾子矣。	孟子·滕文公上 5.27	2
wwcyygqyqmzmwxqmeryygz	吾闻出于幽谷迁于乔木者，末闻下乔木而入于幽谷者。	孟子·滕文公上 5.27	1
mwxqmeryygz	末闻下乔木而入于幽谷者。	孟子·滕文公上 5.27	2
lsyrdsyjssc	《鲁颂》曰：‘戎狄是膺，荆舒是惩。’	孟子·滕文公上 5.27	1
rdsyjssc	‘戎狄是膺，荆舒是惩。’	孟子·滕文公上 5.27	2
jssc	荆舒是惩。	孟子·滕文公上 5.27	2
zgfqyzzszxywbsby	周公方且膺之，子是之学，亦为不善变矣。	孟子·滕文公上 5.27	1
zszxywbsby	子是之学，亦为不善变矣。	孟子·滕文公上 5.27	2
ywbsby	亦为不善变矣。	孟子·滕文公上 5.27	2
cxzzdzsjbegzww	从许子之道，则市贾不贰，国中无伪。	孟子·滕文公上 5.28	1
zsjbegzww	则市贾不贰，国中无伪。	孟子·滕文公上 5.28	2
gzww	国中无伪。	孟子·滕文公上 5.28	2
sswcztssmzhq	虽使五尺之童适市，莫之或欺。	孟子·滕文公上 5.28	1
mzhq	莫之或欺。	孟子·滕文公上 5.28	2
bbcdtzjxrmlsxqztzjxrwgdgtzjxrjdxtzjxr	布帛长短同，则贾相若；麻缕丝絮轻重同，则贾相若；五谷多寡同，则贾相若；屦大小同，则贾相若。	孟子·滕文公上 5.28	1
zjxrmlsxqztzjxrwgdgtzjxrjdxtzjxr	则贾相若；麻缕丝絮轻重同，则贾相若；五谷多寡同，则贾相若；屦大小同，则贾相若。	孟子·滕文公上 5.28	2
mlsxqztzjxrwgdgtzjxrjdxtzjxr	麻缕丝絮轻重同，则贾相若；五谷多寡同，则贾相若；屦大小同，则贾相若。	孟子·滕文公上 5.28	2
zjxrwgdgtzjxrjdxtzjxr	则贾相若；五谷多寡同，则贾相若；屦大小同，则贾相若。	孟子·滕文公上 5.28	2
wgdgtzjxrjdxtzjxr	五谷多寡同，则贾相若；屦大小同，则贾相若。	孟子·滕文公上 5.28	2
zjxrjdxtzjxr	则贾相若；屦大小同，则贾相若。	孟子·滕文公上 5.28	2
jdxtzjxr	屦大小同，则贾相若。	孟子·滕文公上 5.28	2
zjxr	则贾相若。	孟子·滕文公上 5.28	2
yfwzbqwzqyhxbxhxsbhxqw	曰：夫物之不齐，物之情也；或相倍蓰，或相什伯，或相千万。	孟子·滕文公上 5.28	1
fwzbqwzqyhxbxhxsbhxqw	夫物之不齐，物之情也；或相倍蓰，或相什伯，或相千万。	孟子·滕文公上 5.28	2
wzqyhxbxhxsbhxqw	物之情也；或相倍蓰，或相什伯，或相千万。	孟子·滕文公上 5.28	2
hxbxhxsbhxqw	或相倍蓰，或相什伯，或相千万。	孟子·滕文公上 5.28	2
hxsbhxqw	或相什伯，或相千万。	孟子·滕文公上 5.28	2
hxqw	或相千万。	孟子·滕文公上 5.28	2
zbetzsltxy	子比而同之，是乱天下也。	孟子·滕文公上 5.28	1
sltxy	是乱天下也。	孟子·滕文公上 5.28	2
jjxjtgrqwzz	巨屦小屦同贾，人岂为之哉？	孟子·滕文公上 5.28	1
rqwzz	人岂为之哉？	孟子·滕文公上 5.28	2
cxzzdxsewwzyenzgj	从许子之道，相率而为伪者也，恶能治国家？	孟子·滕文公上 5.28	1
xsewwzyenzgj	相率而为伪者也，恶能治国家？	孟子·滕文公上 5.28	2
enzgj	恶能治国家？	孟子·滕文公上 5.28	2
mzyzyxpeqjmz	墨者夷之，因徐辟而求见孟子。	孟子·滕文公上 5.29	1
yxpeqjmz	因徐辟而求见孟子。	孟子·滕文公上 5.29	2
mzywgyjjwsbbywqwjyzbl	孟子曰：“吾固愿见，今吾尚病，病愈，我且往见，夷子不来！”	孟子·滕文公上 5.29	1
wgyjjwsbbywqwjyzbl	“吾固愿见，今吾尚病，病愈，我且往见，夷子不来！”	孟子·滕文公上 5.29	2
jwsbbywqwjyzbl	今吾尚病，病愈，我且往见，夷子不来！	孟子·滕文公上 5.29	2
bywqwjyzbl	病愈，我且往见，夷子不来！	孟子·滕文公上 5.29	2
wqwjyzbl	我且往见，夷子不来！	孟子·滕文公上 5.29	2
yzbl	夷子不来！	孟子·滕文公上 5.29	2
tryqjmz	他日又求见孟子。	孟子·滕文公上 5.30	1
mzywjzkyjy	孟子曰：吾今则可以见矣。	孟子·滕文公上 5.30	1
wjzkyjy	吾今则可以见矣。	孟子·滕文公上 5.30	2
bzzdbjwqzz	不直，则道不见；我且直之。	孟子·滕文公上 5.30	1
zdbjwqzz	则道不见；我且直之。	孟子·滕文公上 5.30	2
wqzz	我且直之。	孟子·滕文公上 5.30	2
wwyzmz	吾闻夷子墨者。	孟子·滕文公上 5.30	1
mzzsyybwqdy	墨之治丧也，以薄为其道也。	孟子·滕文公上 5.30	1
ybwqdy	以薄为其道也。	孟子·滕文公上 5.30	2
yzsyytxqywfsebgy	夷子思以易天下，岂以为非是而不贵也？	孟子·滕文公上 5.30	1
qywfsebgy	岂以为非是而不贵也？	孟子·滕文公上 5.30	2
reyzzqqhzsysjsqy	然而夷子葬其亲厚，则是以所贱事亲也。	孟子·滕文公上 5.30	1
zsysjsqy	则是以所贱事亲也。	孟子·滕文公上 5.30	2
xzygyz	徐子以告夷子。	孟子·滕文公上 5.31	1
yzyrzzdgzrrbczcyhwy	夷子曰：儒者之道，古之人‘若保赤子’，此言何谓也？	孟子·滕文公上 5.31	1
rzzdgzrrbczcyhwy	儒者之道，古之人‘若保赤子’，此言何谓也？	孟子·滕文公上 5.31	2
gzrrbczcyhwy	古之人‘若保赤子’，此言何谓也？	孟子·滕文公上 5.31	2
cyhwy	此言何谓也？	孟子·滕文公上 5.31	2
zzywawcdsyqs	之则以为爱无差等，施由亲始。	孟子·滕文公上 5.31	1
syqs	施由亲始。	孟子·滕文公上 5.31	2
xzygmz	徐子以告孟子。	孟子·滕文公上 5.32	1
mzyfyzxywrzqqxzzwrqqlzczh	孟子曰：夫夷子，信以为人之亲其兄之子为若亲其邻之赤子乎？	孟子·滕文公上 5.32	1
fyzxywrzqqxzzwrqqlzczh	夫夷子，信以为人之亲其兄之子为若亲其邻之赤子乎？	孟子·滕文公上 5.32	2
xywrzqqxzzwrqqlzczh	信以为人之亲其兄之子为若亲其邻之赤子乎？	孟子·滕文公上 5.32	2
byqey	彼有取尔也。	孟子·滕文公上 5.32	1
czpfjrjfczzzy	赤子匍匐将入井，非赤子之罪也。	孟子·滕文公上 5.32	1
fczzzy	非赤子之罪也。	孟子·滕文公上 5.32	2
qtzswyszybeyzebgy	且天之生物也，使之一本，而夷子二本故也。	孟子·滕文公上 5.32	1
szybeyzebgy	使之一本，而夷子二本故也。	孟子·滕文公上 5.32	2
eyzebgy	而夷子二本故也。	孟子·滕文公上 5.32	2
gsscybzqqz	盖上世尝有不葬其亲者。	孟子·滕文公上 5.32	1
qqszjewzyh	其亲死，则举而委之于壑。	孟子·滕文公上 5.32	1
zjewzyh	则举而委之于壑。	孟子·滕文公上 5.32	2
trgzhlszyrgcz	他日过之，狐狸食之，蝇蚋姑嘬之。	孟子·滕文公上 5.32	1
hlszyrgcz	狐狸食之，蝇蚋姑嘬之。	孟子·滕文公上 5.32	2
yrgcz	蝇蚋姑嘬之。	孟子·滕文公上 5.32	2
qsycnebs	其颡有泚，睨而不视。	孟子·滕文公上 5.32	1
nebs	睨而不视。	孟子·滕文公上 5.32	2
fcyfwrczxdymm	夫泚也，非为人泚，中心达于面目。	孟子·滕文公上 5.32	1
fwrczxdymm	非为人泚，中心达于面目。	孟子·滕文公上 5.32	2
zxdymm	中心达于面目。	孟子·滕文公上 5.32	2
ggflleyz	盖归反蔂梩而掩之。	孟子·滕文公上 5.32	1
yzcsyzxzrrzyqqybydy	掩之诚是也，则孝子仁人之掩其亲，亦必有道矣。	孟子·滕文公上 5.32	1
zxzrrzyqqybydy	则孝子仁人之掩其亲，亦必有道矣。	孟子·滕文公上 5.32	2
ybydy	亦必有道矣。	孟子·滕文公上 5.32	2
yzwrwxymzy	夷子怃然为闲曰：“命之矣。”	孟子·滕文公上 5.33	1
mzy	“命之矣。”	孟子·滕文公上 5.33	2
cdybjzhyrxrjyjzdzywxzyb	陈代曰：不见诸侯，宜若小然；今一见之，大则以王，小则以霸。	孟子·滕文公下 6.1	1
bjzhyrxrjyjzdzywxzyb	不见诸侯，宜若小然；今一见之，大则以王，小则以霸。	孟子·滕文公下 6.1	2
yrxrjyjzdzywxzyb	宜若小然；今一见之，大则以王，小则以霸。	孟子·滕文公下 6.1	2
jyjzdzywxzyb	今一见之，大则以王，小则以霸。	孟子·滕文公下 6.1	2
dzywxzyb	大则以王，小则以霸。	孟子·滕文公下 6.1	2
xzyb	小则以霸。	孟子·滕文公下 6.1	2
qzywcezxyrkwy	且志曰：‘枉尺而直寻’，宜若可为也。	孟子·滕文公下 6.1	1
wcezxyrkwy	‘枉尺而直寻’，宜若可为也。	孟子·滕文公下 6.1	2
yrkwy	宜若可为也。	孟子·滕文公下 6.1	2
mzyxqjgtzyryjbzjsz	孟子曰：昔齐景公田，招虞人以旌，不至，将杀之。	孟子·滕文公下 6.2	1
xqjgtzyryjbzjsz	昔齐景公田，招虞人以旌，不至，将杀之。	孟子·滕文公下 6.2	2
zyryjbzjsz	招虞人以旌，不至，将杀之。	孟子·滕文公下 6.2	2
bzjsz	不至，将杀之。	孟子·滕文公下 6.2	2
jsz	将杀之。	孟子·滕文公下 6.2	2
zsbwzghysbwsqy	志士不忘在沟壑，勇士不忘丧其元。	孟子·滕文公下 6.2	1
ysbwsqy	勇士不忘丧其元。	孟子·滕文公下 6.2	2
kzxqy	孔子奚取焉？	孟子·滕文公下 6.2	1
qfqzbwyrbdqzewhz	取非其招不往也，如不待其招而往，何哉？	孟子·滕文公下 6.2	1
rbdqzewhz	如不待其招而往，何哉？	孟子·滕文公下 6.2	2
qfwcezxzylyy	且夫枉尺而直寻者，以利言也。	孟子·滕文公下 6.2	1
ylyy	以利言也。	孟子·滕文公下 6.2	2
rylzwxzcelykwy	如以利，则枉寻直尺而利，亦可为与？	孟子·滕文公下 6.2	1
zwxzcelykwy	则枉寻直尺而利，亦可为与？	孟子·滕文公下 6.2	2
ykwy	亦可为与？	孟子·滕文公下 6.2	2
xzzjzswlybxczrebhyq	昔者赵简子使王良与嬖奚乘，终日而不获一禽。	孟子·滕文公下 6.2	1
zrebhyq	终日而不获一禽。	孟子·滕文公下 6.2	2
bxfmytxzjgy	嬖奚反命曰：‘天下之贱工也。’	孟子·滕文公下 6.2	1
txzjgy	‘天下之贱工也。’	孟子·滕文公下 6.2	2
hygwl	或以告王良。	孟子·滕文公下 6.2	1
lyqfz	良曰：‘请复之。’	孟子·滕文公下 6.2	1
qfz	‘请复之。’	孟子·滕文公下 6.2	2
jehkyzehsq	彊而后可，一朝而获十禽。	孟子·滕文公下 6.2	1
yzehsq	一朝而获十禽。	孟子·滕文公下 6.2	2
bxfmytxzlgy	嬖奚反命曰：‘天下之良工也。’	孟子·滕文公下 6.2	1
txzlgy	‘天下之良工也。’	孟子·滕文公下 6.2	2
jzywszync	简子曰：‘我使掌与女乘。’	孟子·滕文公下 6.2	1
wszync	‘我使掌与女乘。’	孟子·滕文公下 6.2	2
wwl	谓王良。	孟子·滕文公下 6.2	1
lbkywwzfwcqzrbhywzgyyzehs	良不可，曰：吾为之范我驰驱，终日不获一；为之诡遇，一朝而获十。	孟子·滕文公下 6.2	1
ywwzfwcqzrbhywzgyyzehs	曰：吾为之范我驰驱，终日不获一；为之诡遇，一朝而获十。	孟子·滕文公下 6.2	2
wwzfwcqzrbhywzgyyzehs	吾为之范我驰驱，终日不获一；为之诡遇，一朝而获十。	孟子·滕文公下 6.2	2
zrbhywzgyyzehs	终日不获一；为之诡遇，一朝而获十。	孟子·滕文公下 6.2	2
wzgyyzehs	为之诡遇，一朝而获十。	孟子·滕文公下 6.2	2
yzehs	一朝而获十。	孟子·滕文公下 6.2	2
sybsqcssrp	《诗》云：“不失其驰，舍矢如破。”	孟子·滕文公下 6.2	1
bsqcssrp	“不失其驰，舍矢如破。”	孟子·滕文公下 6.2	2
ssrp	舍矢如破。	孟子·滕文公下 6.2	2
wbgyxrcqc	我不贯与小人乘，请辞。	孟子·滕文公下 6.2	1
qc	请辞。	孟子·滕文公下 6.2	2
yzqxyszb	御者且羞与射者比。	孟子·滕文公下 6.2	1
bedqssrqlfwy	比而得禽兽，虽若丘陵，弗为也。	孟子·滕文公下 6.2	1
srqlfwy	虽若丘陵，弗为也。	孟子·滕文公下 6.2	2
fwy	弗为也。	孟子·滕文公下 6.2	2
rwdecbhy	如枉道而从彼，何也？	孟子·滕文公下 6.2	1
qzgywjzwynzrzy	且子过矣，枉己者，未有能直人者也。	孟子·滕文公下 6.2	1
wjzwynzrzy	枉己者，未有能直人者也。	孟子·滕文公下 6.2	2
wynzrzy	未有能直人者也。	孟子·滕文公下 6.2	2
jcygsyzyqbcdzfz	景春曰：公孙衍、张仪岂不诚大丈夫哉？	孟子·滕文公下 6.3	1
gsyzyqbcdzfz	公孙衍、张仪岂不诚大丈夫哉？	孟子·滕文公下 6.3	2
zyqbcdzfz	张仪岂不诚大丈夫哉？	孟子·滕文公下 6.3	2
ynezhjajetxx	一怒而诸侯惧，安居而天下熄。	孟子·滕文公下 6.3	1
ajetxx	安居而天下熄。	孟子·滕文公下 6.3	2
mzysydwdzfh	孟子曰：是焉得为大丈夫乎？	孟子·滕文公下 6.4	1
sydwdzfh	是焉得为大丈夫乎？	孟子·滕文公下 6.4	2
zwxlh	子未学礼乎？	孟子·滕文公下 6.4	1
zfzgyfmznzzjymmzwszmjzywznjbjbjwwfz	丈夫之冠也，父命之；女子之嫁也，母命之，往送之门，戒之曰：‘往之女家，必敬必戒，无违夫子！’	孟子·滕文公下 6.4	1
fmznzzjymmzwszmjzywznjbjbjwwfz	父命之；女子之嫁也，母命之，往送之门，戒之曰：‘往之女家，必敬必戒，无违夫子！’	孟子·滕文公下 6.4	2
nzzjymmzwszmjzywznjbjbjwwfz	女子之嫁也，母命之，往送之门，戒之曰：‘往之女家，必敬必戒，无违夫子！’	孟子·滕文公下 6.4	2
mmzwszmjzywznjbjbjwwfz	母命之，往送之门，戒之曰：‘往之女家，必敬必戒，无违夫子！’	孟子·滕文公下 6.4	2
wszmjzywznjbjbjwwfz	往送之门，戒之曰：‘往之女家，必敬必戒，无违夫子！’	孟子·滕文公下 6.4	2
jzywznjbjbjwwfz	戒之曰：‘往之女家，必敬必戒，无违夫子！’	孟子·滕文公下 6.4	2
wznjbjbjwwfz	‘往之女家，必敬必戒，无违夫子！’	孟子·滕文公下 6.4	2
bjbjwwfz	必敬必戒，无违夫子！	孟子·滕文公下 6.4	2
wwfz	无违夫子！	孟子·滕文公下 6.4	2
yswzzqfzdy	以顺为正者，妾妇之道也。	孟子·滕文公下 6.4	1
qfzdy	妾妇之道也。	孟子·滕文公下 6.4	2
jtxzgjltxzzwxtxzdd	居天下之广居，立天下之正位，行天下之大道。	孟子·滕文公下 6.4	1
ltxzzwxtxzdd	立天下之正位，行天下之大道。	孟子·滕文公下 6.4	2
xtxzdd	行天下之大道。	孟子·滕文公下 6.4	2
dzymyzbdzdxqd	得志与民由之，不得志独行其道。	孟子·滕文公下 6.4	1
bdzdxqd	不得志独行其道。	孟子·滕文公下 6.4	2
fgbnypjbnywwbnq	富贵不能淫，贫贱不能移，威武不能屈。	孟子·滕文公下 6.4	1
pjbnywwbnq	贫贱不能移，威武不能屈。	孟子·滕文公下 6.4	2
wwbnq	威武不能屈。	孟子·滕文公下 6.4	2
czwdzf	此之谓大丈夫。	孟子·滕文公下 6.4	1
zxwygzjzsh	周霄问曰：“古之君子仕乎？”	孟子·滕文公下 6.5	1
gzjzsh	“古之君子仕乎？”	孟子·滕文公下 6.5	2
mzys	孟子曰：仕。	孟子·滕文公下 6.6	1
cykzsywjzhhrycjbzz	传曰：‘孔子三月无君，则皇皇如也，出疆必载质。’	孟子·滕文公下 6.6	1
kzsywjzhhrycjbzz	‘孔子三月无君，则皇皇如也，出疆必载质。’	孟子·滕文公下 6.6	2
zhhrycjbzz	则皇皇如也，出疆必载质。	孟子·滕文公下 6.6	2
cjbzz	出疆必载质。	孟子·滕文公下 6.6	2
gmyygzrsywjzd	公明仪曰：‘古之人三月无君则吊。’	孟子·滕文公下 6.6	1
gzrsywjzd	‘古之人三月无君则吊。’	孟子·滕文公下 6.6	2
sywjzdbyjh	“三月无君则吊，不以急乎？”	孟子·滕文公下 6.7	1
byjh	不以急乎？	孟子·滕文公下 6.7	2
yszswyyzhzsgjy	曰：士之失位也，犹诸侯之失国家也。	孟子·滕文公下 6.8	1
szswyyzhzsgjy	士之失位也，犹诸侯之失国家也。	孟子·滕文公下 6.8	2
yzhzsgjy	犹诸侯之失国家也。	孟子·滕文公下 6.8	2
lyzhgzygzsfrcsywyf	礼曰：诸侯耕助，以供粢盛；夫人蚕缫，以为衣服。	孟子·滕文公下 6.8	1
zhgzygzsfrcsywyf	诸侯耕助，以供粢盛；夫人蚕缫，以为衣服。	孟子·滕文公下 6.8	2
ygzsfrcsywyf	以供粢盛；夫人蚕缫，以为衣服。	孟子·滕文公下 6.8	2
frcsywyf	夫人蚕缫，以为衣服。	孟子·滕文公下 6.8	2
ywyf	以为衣服。	孟子·滕文公下 6.8	2
xsbczsbjyfbbbgyj	牺牲不成，粢盛不洁，衣服不备，不敢以祭。	孟子·滕文公下 6.8	1
zsbjyfbbbgyj	粢盛不洁，衣服不备，不敢以祭。	孟子·滕文公下 6.8	2
yfbbbgyj	衣服不备，不敢以祭。	孟子·滕文公下 6.8	2
bgyj	不敢以祭。	孟子·滕文公下 6.8	2
wswtzybj	惟士无田，则亦不祭。	孟子·滕文公下 6.8	1
zybj	则亦不祭。	孟子·滕文公下 6.8	2
ssqmyfbbbgyjzbgyyybzdh	牲杀器皿衣服不备，不敢以祭，则不敢以宴，亦不足吊乎？	孟子·滕文公下 6.8	1
bgyjzbgyyybzdh	不敢以祭，则不敢以宴，亦不足吊乎？	孟子·滕文公下 6.8	2
zbgyyybzdh	则不敢以宴，亦不足吊乎？	孟子·滕文公下 6.8	2
ybzdh	亦不足吊乎？	孟子·滕文公下 6.8	2
cjbzzhy	“出疆必载质，何也？”	孟子·滕文公下 6.9	1
yszsyynfzgynfqwcjsqlsz	曰：“士之仕也，犹农夫之耕也，农夫岂为出疆舍其耒耜哉？”	孟子·滕文公下 6.10	1
szsyynfzgynfqwcjsqlsz	“士之仕也，犹农夫之耕也，农夫岂为出疆舍其耒耜哉？”	孟子·滕文公下 6.10	2
ynfzgynfqwcjsqlsz	犹农夫之耕也，农夫岂为出疆舍其耒耜哉？	孟子·滕文公下 6.10	2
nfqwcjsqlsz	农夫岂为出疆舍其耒耜哉？	孟子·滕文公下 6.10	2
yjgysgywcwsrcqj	曰：晋国亦仕国也，未尝闻仕如此其急。	孟子·滕文公下 6.11	1
jgysgywcwsrcqj	晋国亦仕国也，未尝闻仕如此其急。	孟子·滕文公下 6.11	2
wcwsrcqj	未尝闻仕如此其急。	孟子·滕文公下 6.11	2
srcqjyjzznshy	仕如此其急也，君子之难仕，何也？	孟子·滕文公下 6.11	1
jzznshy	君子之难仕，何也？	孟子·滕文公下 6.11	2
yzfseywzysnzseywzyj	曰：丈夫生而愿为之有室，女子生而愿为之有家。	孟子·滕文公下 6.12	1
zfseywzysnzseywzyj	丈夫生而愿为之有室，女子生而愿为之有家。	孟子·滕文公下 6.12	2
nzseywzyj	女子生而愿为之有家。	孟子·滕文公下 6.12	2
fmzxrjyz	父母之心，人皆有之。	孟子·滕文公下 6.12	1
rjyz	人皆有之。	孟子·滕文公下 6.12	2
bdfmzmmszyzxxxkyqxczfmgrjjz	不待父母之命、媒妁之言，钻穴隙相窥，逾墙相从，则父母国人皆贱之。	孟子·滕文公下 6.12	1
mszyzxxxkyqxczfmgrjjz	媒妁之言，钻穴隙相窥，逾墙相从，则父母国人皆贱之。	孟子·滕文公下 6.12	2
zxxxkyqxczfmgrjjz	钻穴隙相窥，逾墙相从，则父母国人皆贱之。	孟子·滕文公下 6.12	2
yqxczfmgrjjz	逾墙相从，则父母国人皆贱之。	孟子·滕文公下 6.12	2
zfmgrjjz	则父母国人皆贱之。	孟子·滕文公下 6.12	2
gzrwcbysyyebyqd	古之人未尝不欲仕也，又恶不由其道。	孟子·滕文公下 6.12	1
yebyqd	又恶不由其道。	孟子·滕文公下 6.12	2
byqdewzyzxxzly	不由其道而往者，与钻穴隙之类也。	孟子·滕文公下 6.12	1
yzxxzly	与钻穴隙之类也。	孟子·滕文公下 6.12	2
pgwyhcsscczsbrycsyzhbyth	彭更问曰：“后车数十乘，从者数百人，以传食于诸侯，不以泰乎？”	孟子·滕文公下 6.13	1
hcsscczsbrycsyzhbyth	“后车数十乘，从者数百人，以传食于诸侯，不以泰乎？”	孟子·滕文公下 6.13	2
czsbrycsyzhbyth	从者数百人，以传食于诸侯，不以泰乎？	孟子·滕文公下 6.13	2
ycsyzhbyth	以传食于诸侯，不以泰乎？	孟子·滕文公下 6.13	2
byth	不以泰乎？	孟子·滕文公下 6.13	2
mzyfqdzydsbksyrrqdzssyztxbywtzywth	孟子曰：“非其道，则一箪食不可受于人；如其道，则舜受尧之天下，不以为泰，子以为泰乎？”	孟子·滕文公下 6.14	1
fqdzydsbksyrrqdzssyztxbywtzywth	“非其道，则一箪食不可受于人；如其道，则舜受尧之天下，不以为泰，子以为泰乎？”	孟子·滕文公下 6.14	2
zydsbksyrrqdzssyztxbywtzywth	则一箪食不可受于人；如其道，则舜受尧之天下，不以为泰，子以为泰乎？	孟子·滕文公下 6.14	2
rqdzssyztxbywtzywth	如其道，则舜受尧之天下，不以为泰，子以为泰乎？	孟子·滕文公下 6.14	2
zssyztxbywtzywth	则舜受尧之天下，不以为泰，子以为泰乎？	孟子·滕文公下 6.14	2
bywtzywth	不以为泰，子以为泰乎？	孟子·滕文公下 6.14	2
zywth	子以为泰乎？	孟子·滕文公下 6.14	2
swsesbky	士无事而食，不可也。	孟子·滕文公下 6.15	1
bky	不可也。	孟子·滕文公下 6.15	2
yzbtgysyxbbzznyysnyybzrtzzzjlyjdsyz	曰：子不通功易事，以羡补不足，则农有余粟，女有余布；子如通之，则梓匠轮舆皆得食于子。	孟子·滕文公下 6.16	1
zbtgysyxbbzznyysnyybzrtzzzjlyjdsyz	子不通功易事，以羡补不足，则农有余粟，女有余布；子如通之，则梓匠轮舆皆得食于子。	孟子·滕文公下 6.16	2
yxbbzznyysnyybzrtzzzjlyjdsyz	以羡补不足，则农有余粟，女有余布；子如通之，则梓匠轮舆皆得食于子。	孟子·滕文公下 6.16	2
znyysnyybzrtzzzjlyjdsyz	则农有余粟，女有余布；子如通之，则梓匠轮舆皆得食于子。	孟子·滕文公下 6.16	2
nyybzrtzzzjlyjdsyz	女有余布；子如通之，则梓匠轮舆皆得食于子。	孟子·滕文公下 6.16	2
zrtzzzjlyjdsyz	子如通之，则梓匠轮舆皆得食于子。	孟子·滕文公下 6.16	2
zzjlyjdsyz	则梓匠轮舆皆得食于子。	孟子·滕文公下 6.16	2
ycyryrzxcztsxwzdydhzxzebdsyz	于此有人焉，入则孝，出则悌，守先王之道，以待后之学者，而不得食于子。	孟子·滕文公下 6.16	1
rzxcztsxwzdydhzxzebdsyz	入则孝，出则悌，守先王之道，以待后之学者，而不得食于子。	孟子·滕文公下 6.16	2
cztsxwzdydhzxzebdsyz	出则悌，守先王之道，以待后之学者，而不得食于子。	孟子·滕文公下 6.16	2
sxwzdydhzxzebdsyz	守先王之道，以待后之学者，而不得食于子。	孟子·滕文公下 6.16	2
ydhzxzebdsyz	以待后之学者，而不得食于子。	孟子·滕文公下 6.16	2
ebdsyz	而不得食于子。	孟子·滕文公下 6.16	2
zhzzjlyeqwryzz	子何尊梓匠轮舆而轻为仁义者哉？	孟子·滕文公下 6.16	1
yzjlyqzjyqsyjzzwdyqzyjyqsy	曰：“梓匠轮舆，其志将以求食也；君子之为道也，其志亦将以求食与？”	孟子·滕文公下 6.17	1
zjlyqzjyqsyjzzwdyqzyjyqsy	“梓匠轮舆，其志将以求食也；君子之为道也，其志亦将以求食与？”	孟子·滕文公下 6.17	2
qzjyqsyjzzwdyqzyjyqsy	其志将以求食也；君子之为道也，其志亦将以求食与？	孟子·滕文公下 6.17	2
jzzwdyqzyjyqsy	君子之为道也，其志亦将以求食与？	孟子·滕文公下 6.17	2
qzyjyqsy	其志亦将以求食与？	孟子·滕文公下 6.17	2
yzhyqzwz	曰：子何以其志为哉？	孟子·滕文公下 6.18	1
zhyqzwz	子何以其志为哉？	孟子·滕文公下 6.18	2
qygyzkseszy	其有功于子，可食而食之矣。	孟子·滕文公下 6.18	1
kseszy	可食而食之矣。	孟子·滕文公下 6.18	2
qzszh	且子食志乎？	孟子·滕文公下 6.18	1
sgh	食功乎？	孟子·滕文公下 6.18	1
ysz	曰：“食志。”	孟子·滕文公下 6.19	1
sz	“食志。”	孟子·滕文公下 6.19	2
yyrychwhmqzjyqsyzzszh	曰：“有人于此，毁瓦画墁，其志将以求食也，则子食之乎？”	孟子·滕文公下 6.20	1
yrychwhmqzjyqsyzzszh	“有人于此，毁瓦画墁，其志将以求食也，则子食之乎？”	孟子·滕文公下 6.20	2
hwhmqzjyqsyzzszh	毁瓦画墁，其志将以求食也，则子食之乎？	孟子·滕文公下 6.20	2
qzjyqsyzzszh	其志将以求食也，则子食之乎？	孟子·滕文公下 6.20	2
zzszh	则子食之乎？	孟子·滕文公下 6.20	2
yrzzfszysgy	曰：“然则子非食志也，食功也。”	孟子·滕文公下 6.22	1
rzzfszysgy	“然则子非食志也，食功也。”	孟子·滕文公下 6.22	2
sgy	食功也。	孟子·滕文公下 6.22	2
wzwysxgy	万章问曰：宋，小国也。	孟子·滕文公下 6.23	1
sxgy	宋，小国也。	孟子·滕文公下 6.23	2
jjxwzqceefzzrzh	今将行王政，齐楚恶而伐之，则如之何？	孟子·滕文公下 6.23	1
qceefzzrzh	齐楚恶而伐之，则如之何？	孟子·滕文公下 6.23	2
mzytjbygwlgbfebs	孟子曰：汤居亳，与葛为邻，葛伯放而不祀。	孟子·滕文公下 6.24	1
tjbygwlgbfebs	汤居亳，与葛为邻，葛伯放而不祀。	孟子·滕文公下 6.24	2
ygwlgbfebs	与葛为邻，葛伯放而不祀。	孟子·滕文公下 6.24	2
gbfebs	葛伯放而不祀。	孟子·滕文公下 6.24	2
tsrwzyhwbs	汤使人问之曰：‘何为不祀？’	孟子·滕文公下 6.24	1
hwbs	‘何为不祀？’	孟子·滕文公下 6.24	2
ywygxsy	曰：‘无以供牺牲也。’	孟子·滕文公下 6.24	1
wygxsy	‘无以供牺牲也。’	孟子·滕文公下 6.24	2
tsyzny	汤使遗之牛羊。	孟子·滕文公下 6.24	1
gbszybys	葛伯食之，又不以祀。	孟子·滕文公下 6.24	1
ybys	又不以祀。	孟子·滕文公下 6.24	2
tysrwzyhwbs	汤又使人问之曰：‘何为不祀？’	孟子·滕文公下 6.24	1
ywygzsy	曰：‘无以供粢盛也。’	孟子·滕文公下 6.24	1
wygzsy	‘无以供粢盛也。’	孟子·滕文公下 6.24	2
tsbzwwzglrks	汤使亳众往为之耕，老弱馈食。	孟子·滕文公下 6.24	1
lrks	老弱馈食。	孟子·滕文公下 6.24	2
gblqmyqyjssdzdzbszsz	葛伯率其民，要其有酒食黍稻者夺之，不授者杀之。	孟子·滕文公下 6.24	1
yqyjssdzdzbszsz	要其有酒食黍稻者夺之，不授者杀之。	孟子·滕文公下 6.24	2
bszsz	不授者杀之。	孟子·滕文公下 6.24	2
ytzysrxsedz	有童子以黍肉饷，杀而夺之。	孟子·滕文公下 6.24	1
sedz	杀而夺之。	孟子·滕文公下 6.24	2
sygbcx	《书》曰：‘葛伯仇饷。’	孟子·滕文公下 6.24	1
gbcx	‘葛伯仇饷。’	孟子·滕文公下 6.24	2
wqsstzezzshznjyfftxywpfpffcy	为其杀是童子而征之，四海之内皆曰：‘非富天下也，为匹夫匹妇复雠也。’	孟子·滕文公下 6.24	1
shznjyfftxywpfpffcy	四海之内皆曰：‘非富天下也，为匹夫匹妇复雠也。’	孟子·滕文公下 6.24	2
fftxywpfpffcy	‘非富天下也，为匹夫匹妇复雠也。’	孟子·滕文公下 6.24	2
wpfpffcy	为匹夫匹妇复雠也。	孟子·滕文公下 6.24	2
tszzgzsyzewdytx	‘汤始征，自葛载’，十一征而无敌于天下。	孟子·滕文公下 6.24	1
zgzsyzewdytx	自葛载，十一征而无敌于天下。	孟子·滕文公下 6.24	2
syzewdytx	十一征而无敌于天下。	孟子·滕文公下 6.24	2
dmezxyynmezbdyyxwhw	东面而征，西夷怨；南面而征，北狄怨，曰：‘奚为后我？’	孟子·滕文公下 6.24	1
xyynmezbdyyxwhw	西夷怨；南面而征，北狄怨，曰：‘奚为后我？’	孟子·滕文公下 6.24	2
nmezbdyyxwhw	南面而征，北狄怨，曰：‘奚为后我？’	孟子·滕文公下 6.24	2
bdyyxwhw	北狄怨，曰：‘奚为后我？’	孟子·滕文公下 6.24	2
yxwhw	曰：‘奚为后我？’	孟子·滕文公下 6.24	2
xwhw	‘奚为后我？’	孟子·滕文公下 6.24	2
mzwzrdhzwyy	民之望之，若大旱之望雨也。	孟子·滕文公下 6.24	1
rdhzwyy	若大旱之望雨也。	孟子·滕文公下 6.24	2
gszfzyzbbzqjdqmrsyj	归市者弗止，芸者不变，诛其君，吊其民，如时雨降。	孟子·滕文公下 6.24	1
yzbbzqjdqmrsyj	芸者不变，诛其君，吊其民，如时雨降。	孟子·滕文公下 6.24	2
zqjdqmrsyj	诛其君，吊其民，如时雨降。	孟子·滕文公下 6.24	2
dqmrsyj	吊其民，如时雨降。	孟子·滕文公下 6.24	2
rsyj	如时雨降。	孟子·滕文公下 6.24	2
syxwhhlqwf	《书》曰：‘徯我后，后来其无罚。’	孟子·滕文公下 6.24	1
xwhhlqwf	‘徯我后，后来其无罚。’	孟子·滕文公下 6.24	2
hlqwf	后来其无罚。	孟子·滕文公下 6.24	2
yybwcdzsjsnfjxhswzwjxwcfydyz	‘有攸不惟臣，东征，绥厥士女，匪厥玄黄，绍我周王见休，惟臣附于大邑周。’	孟子·滕文公下 6.24	1
dzsjsnfjxhswzwjxwcfydyz	东征，绥厥士女，匪厥玄黄，绍我周王见休，惟臣附于大邑周。	孟子·滕文公下 6.24	2
sjsnfjxhswzwjxwcfydyz	绥厥士女，匪厥玄黄，绍我周王见休，惟臣附于大邑周。	孟子·滕文公下 6.24	2
fjxhswzwjxwcfydyz	匪厥玄黄，绍我周王见休，惟臣附于大邑周。	孟子·滕文公下 6.24	2
swzwjxwcfydyz	绍我周王见休，惟臣附于大邑周。	孟子·滕文公下 6.24	2
wcfydyz	惟臣附于大邑周。	孟子·滕文公下 6.24	2
qjzsxhyfyyqjzqxrdshjyyqxrjmyshzzqqceyy	其君子实玄黄于匪以迎其君子，其小人箪食壶浆以迎其小人，救民于水火之中，取其残而已矣。	孟子·滕文公下 6.24	1
qxrdshjyyqxrjmyshzzqqceyy	其小人箪食壶浆以迎其小人，救民于水火之中，取其残而已矣。	孟子·滕文公下 6.24	2
jmyshzzqqceyy	救民于水火之中，取其残而已矣。	孟子·滕文公下 6.24	2
qqceyy	取其残而已矣。	孟子·滕文公下 6.24	2
tsywwwyqyzjzqycsfyzytyg	《太誓》曰：‘我武惟扬，侵于之疆，则取于残，杀伐用张，于汤有光。’	孟子·滕文公下 6.24	1
wwwyqyzjzqycsfyzytyg	‘我武惟扬，侵于之疆，则取于残，杀伐用张，于汤有光。’	孟子·滕文公下 6.24	2
qyzjzqycsfyzytyg	侵于之疆，则取于残，杀伐用张，于汤有光。	孟子·滕文公下 6.24	2
zqycsfyzytyg	则取于残，杀伐用张，于汤有光。	孟子·滕文公下 6.24	2
sfyzytyg	杀伐用张，于汤有光。	孟子·滕文公下 6.24	2
ytyg	于汤有光。	孟子·滕文公下 6.24	2
bxwzyegxwzshznjjsewzyywj	不行王政云尔，苟行王政，四海之内皆举首而望之，欲以为君。	孟子·滕文公下 6.24	1
gxwzshznjjsewzyywj	苟行王政，四海之内皆举首而望之，欲以为君。	孟子·滕文公下 6.24	2
shznjjsewzyywj	四海之内皆举首而望之，欲以为君。	孟子·滕文公下 6.24	2
yywj	欲以为君。	孟子·滕文公下 6.24	2
qcsdhwy	齐楚虽大，何畏焉？	孟子·滕文公下 6.24	1
hwy	何畏焉？	孟子·滕文公下 6.24	2
mzwdbsyzyzzwzsy	孟子谓戴不胜曰：子欲子之王之善与？	孟子·滕文公下 6.25	1
zyzzwzsy	子欲子之王之善与？	孟子·滕文公下 6.25	2
wmgz	我明告子。	孟子·滕文公下 6.25	1
ycdfycyqzzqyyzsqrfz	有楚大夫于此，欲其子之齐语也，则使齐人傅诸？	孟子·滕文公下 6.25	1
yqzzqyyzsqrfz	欲其子之齐语也，则使齐人傅诸？	孟子·滕文公下 6.25	2
zsqrfz	则使齐人傅诸？	孟子·滕文公下 6.25	2
scrfz	使楚人傅诸？	孟子·滕文公下 6.25	1
ysqrfz	曰：“使齐人傅之。”	孟子·滕文公下 6.26	1
sqrfz	“使齐人傅之。”	孟子·滕文公下 6.26	2
yyqrfzzcrxzsrteqqqybkdyyezzzyzjsnsrteqqcybkdy	曰：一齐人傅之，众楚人咻之，虽日挞而求其齐也，不可得矣；引而置之庄岳之间数年，虽日挞而求其楚，亦不可得矣。	孟子·滕文公下 6.27	1
yqrfzzcrxzsrteqqqybkdyyezzzyzjsnsrteqqcybkdy	一齐人傅之，众楚人咻之，虽日挞而求其齐也，不可得矣；引而置之庄岳之间数年，虽日挞而求其楚，亦不可得矣。	孟子·滕文公下 6.27	2
zcrxzsrteqqqybkdyyezzzyzjsnsrteqqcybkdy	众楚人咻之，虽日挞而求其齐也，不可得矣；引而置之庄岳之间数年，虽日挞而求其楚，亦不可得矣。	孟子·滕文公下 6.27	2
srteqqqybkdyyezzzyzjsnsrteqqcybkdy	虽日挞而求其齐也，不可得矣；引而置之庄岳之间数年，虽日挞而求其楚，亦不可得矣。	孟子·滕文公下 6.27	2
bkdyyezzzyzjsnsrteqqcybkdy	不可得矣；引而置之庄岳之间数年，虽日挞而求其楚，亦不可得矣。	孟子·滕文公下 6.27	2
yezzzyzjsnsrteqqcybkdy	引而置之庄岳之间数年，虽日挞而求其楚，亦不可得矣。	孟子·滕文公下 6.27	2
srteqqcybkdy	虽日挞而求其楚，亦不可得矣。	孟子·滕文公下 6.27	2
ybkdy	亦不可得矣。	孟子·滕文公下 6.27	2
zwxjzssy	子谓薛居州，善士也。	孟子·滕文公下 6.27	1
ssy	善士也。	孟子·滕文公下 6.27	2
szjyws	使之居于王所。	孟子·滕文公下 6.27	1
zywszzybzjxjzywsywbs	在于王所者，长幼卑尊，皆薛居州也，王谁与为不善？	孟子·滕文公下 6.27	1
zybzjxjzywsywbs	长幼卑尊，皆薛居州也，王谁与为不善？	孟子·滕文公下 6.27	2
jxjzywsywbs	皆薛居州也，王谁与为不善？	孟子·滕文公下 6.27	2
wsywbs	王谁与为不善？	孟子·滕文公下 6.27	2
zwszzybzjfxjzywsyws	在王所者，长幼卑尊，皆非薛居州也，王谁与为善？	孟子·滕文公下 6.27	1
zybzjfxjzywsyws	长幼卑尊，皆非薛居州也，王谁与为善？	孟子·滕文公下 6.27	2
jfxjzywsyws	皆非薛居州也，王谁与为善？	孟子·滕文公下 6.27	2
wsyws	王谁与为善？	孟子·滕文公下 6.27	2
yxjzdrswh	一薛居州，独如宋王何？	孟子·滕文公下 6.27	1
drswh	独如宋王何？	孟子·滕文公下 6.27	2
gscwybjzhhy	公孙丑问曰：“不见诸侯何义？”	孟子·滕文公下 6.28	1
bjzhhy	“不见诸侯何义？”	孟子·滕文公下 6.28	2
mzygzbwcbj	孟子曰：古者不为臣不见。	孟子·滕文公下 6.29	1
gzbwcbj	古者不为臣不见。	孟子·滕文公下 6.29	2
dgmyyepzxlbmebnsjys	段干木逾垣而辟之，泄柳闭门而不内，是皆已甚。	孟子·滕文公下 6.29	1
xlbmebnsjys	泄柳闭门而不内，是皆已甚。	孟子·滕文公下 6.29	2
sjys	是皆已甚。	孟子·滕文公下 6.29	2
pskyjy	迫，斯可以见矣。	孟子·滕文公下 6.29	1
skyjy	斯可以见矣。	孟子·滕文公下 6.29	2
yhyjkzeewldfycysbdsyqjzwbqm	阳货欲见孔子而恶无礼，大夫有赐于士，不得受于其家，则往拜其门。	孟子·滕文公下 6.29	1
dfycysbdsyqjzwbqm	大夫有赐于士，不得受于其家，则往拜其门。	孟子·滕文公下 6.29	2
bdsyqjzwbqm	不得受于其家，则往拜其门。	孟子·滕文公下 6.29	2
zwbqm	则往拜其门。	孟子·滕文公下 6.29	2
yhkkzzwyekkzztkzykqwyewbz	阳货矙孔子之亡也，而馈孔子蒸豚；孔子亦矙其亡也，而往拜之。	孟子·滕文公下 6.29	1
ekkzztkzykqwyewbz	而馈孔子蒸豚；孔子亦矙其亡也，而往拜之。	孟子·滕文公下 6.29	2
kzykqwyewbz	孔子亦矙其亡也，而往拜之。	孟子·滕文公下 6.29	2
ewbz	而往拜之。	孟子·滕文公下 6.29	2
dssyhxqdbj	当是时，阳货先，岂得不见？	孟子·滕文公下 6.29	1
yhxqdbj	阳货先，岂得不见？	孟子·滕文公下 6.29	2
qdbj	岂得不见？	孟子·滕文公下 6.29	2
czyxjcxbyxq	曾子曰：‘胁肩谄笑，病于夏畦。’	孟子·滕文公下 6.29	1
xjcxbyxq	‘胁肩谄笑，病于夏畦。’	孟子·滕文公下 6.29	2
byxq	病于夏畦。	孟子·滕文公下 6.29	2
zlywteygqsnnrfyzszy	子路曰：‘未同而言，观其色赧赧然，非由之所知也。’	孟子·滕文公下 6.29	1
wteygqsnnrfyzszy	‘未同而言，观其色赧赧然，非由之所知也。’	孟子·滕文公下 6.29	2
gqsnnrfyzszy	观其色赧赧然，非由之所知也。	孟子·滕文公下 6.29	2
fyzszy	非由之所知也。	孟子·滕文公下 6.29	2
ysgzzjzzsykzyy	由是观之，则君子之所养可知已矣。	孟子·滕文公下 6.29	1
zjzzsykzyy	则君子之所养可知已矣。	孟子·滕文公下 6.29	2
dyzysyqgszzjzwn	戴盈之曰：什一，去关市之征，今兹未能。	孟子·滕文公下 6.30	1
syqgszzjzwn	什一，去关市之征，今兹未能。	孟子·滕文公下 6.30	2
qgszzjzwn	去关市之征，今兹未能。	孟子·滕文公下 6.30	2
jzwn	今兹未能。	孟子·滕文公下 6.30	2
qqzydlnrhyhr	请轻之，以待来年，然后已，何如？	孟子·滕文公下 6.30	1
ydlnrhyhr	以待来年，然后已，何如？	孟子·滕文公下 6.30	2
rhyhr	然后已，何如？	孟子·滕文公下 6.30	2
mzyjyrrrqlzjzhgzysfjzzd	孟子曰：今有人日攘其邻之鸡者，或告之曰：‘是非君子之道。’	孟子·滕文公下 6.31	1
jyrrrqlzjzhgzysfjzzd	今有人日攘其邻之鸡者，或告之曰：‘是非君子之道。’	孟子·滕文公下 6.31	2
hgzysfjzzd	或告之曰：‘是非君子之道。’	孟子·滕文公下 6.31	2
sfjzzd	‘是非君子之道。’	孟子·滕文公下 6.31	2
yqszyryjydlnrhy	曰：‘请损之，月攘一鸡，以待来年，然后已。’	孟子·滕文公下 6.31	1
qszyryjydlnrhy	‘请损之，月攘一鸡，以待来年，然后已。’	孟子·滕文公下 6.31	2
yryjydlnrhy	月攘一鸡，以待来年，然后已。	孟子·滕文公下 6.31	2
ydlnrhy	以待来年，然后已。	孟子·滕文公下 6.31	2
rhy	然后已。	孟子·滕文公下 6.31	2
rzqfyssyyhdln	如知其非义，斯速已矣，何待来年。	孟子·滕文公下 6.31	1
ssyyhdln	斯速已矣，何待来年。	孟子·滕文公下 6.31	2
hdln	何待来年。	孟子·滕文公下 6.31	2
gdzywrjcfzhbgwhy	公都子曰：“外人皆称夫子好辩，敢问何也？”	孟子·滕文公下 6.32	1
wrjcfzhbgwhy	“外人皆称夫子好辩，敢问何也？”	孟子·滕文公下 6.32	2
gwhy	敢问何也？	孟子·滕文公下 6.32	2
mzyyqhbz	孟子曰：予岂好辩哉？	孟子·滕文公下 6.33	1
yqhbz	予岂好辩哉？	孟子·滕文公下 6.33	2
txzsjyyzyl	天下之生久矣，一治一乱。	孟子·滕文公下 6.33	1
yzyl	一治一乱。	孟子·滕文公下 6.33	2
dyzssnxflyzg	当尧之时，水逆行，泛滥于中国。	孟子·滕文公下 6.33	1
snxflyzg	水逆行，泛滥于中国。	孟子·滕文公下 6.33	2
flyzg	泛滥于中国。	孟子·滕文公下 6.33	2
sljzmwsd	蛇龙居之，民无所定。	孟子·滕文公下 6.33	1
mwsd	民无所定。	孟子·滕文公下 6.33	2
xzwcszwyk	下者为巢，上者为营窟。	孟子·滕文公下 6.33	1
szwyk	上者为营窟。	孟子·滕文公下 6.33	2
syjsjy	《书》曰：‘洚水警余。’	孟子·滕文公下 6.33	1
jsjy	‘洚水警余。’	孟子·滕文公下 6.33	2
jszhsy	洚水者，洪水也。	孟子·滕文公下 6.33	1
hsy	洪水也。	孟子·滕文公下 6.33	2
syzzyjdezzhqslefzj	使禹治之，禹掘地而注之海，驱蛇龙而放之菹。	孟子·滕文公下 6.33	1
yjdezzhqslefzj	禹掘地而注之海，驱蛇龙而放之菹。	孟子·滕文公下 6.33	2
qslefzj	驱蛇龙而放之菹。	孟子·滕文公下 6.33	2
sydzhjhhhsy	水由地中行，江、淮、河、汉是也。	孟子·滕文公下 6.33	1
jhhhsy	江、淮、河、汉是也。	孟子·滕文公下 6.33	2
hhhsy	淮、河、汉是也。	孟子·滕文公下 6.33	2
hhsy	河、汉是也。	孟子·滕文公下 6.33	2
hsy	汉是也。	孟子·滕文公下 6.33	2
xzjynszhrzxrhrdptejz	险阻既远，鸟兽之害人者消，然后人得平土而居之。	孟子·滕文公下 6.33	1
nszhrzxrhrdptejz	鸟兽之害人者消，然后人得平土而居之。	孟子·滕文公下 6.33	2
rhrdptejz	然后人得平土而居之。	孟子·滕文公下 6.33	2
ysjmsrzds	尧、舜既没，圣人之道衰。	孟子·滕文公下 6.34	1
sjmsrzds	舜既没，圣人之道衰。	孟子·滕文公下 6.34	2
srzds	圣人之道衰。	孟子·滕文公下 6.34	2
bjdzhgsywwcmwsaxqtywyysmbdys	暴君代作，坏宫室以为污池，民无所安息；弃田以为园囿，使民不得衣食。	孟子·滕文公下 6.34	1
hgsywwcmwsaxqtywyysmbdys	坏宫室以为污池，民无所安息；弃田以为园囿，使民不得衣食。	孟子·滕文公下 6.34	2
mwsaxqtywyysmbdys	民无所安息；弃田以为园囿，使民不得衣食。	孟子·滕文公下 6.34	2
qtywyysmbdys	弃田以为园囿，使民不得衣食。	孟子·滕文公下 6.34	2
smbdys	使民不得衣食。	孟子·滕文公下 6.34	2
xsbxyzyywcpzdeqsz	邪说暴行又作，园囿、污池、沛泽多而禽兽至。	孟子·滕文公下 6.34	1
yywcpzdeqsz	园囿、污池、沛泽多而禽兽至。	孟子·滕文公下 6.34	2
wcpzdeqsz	污池、沛泽多而禽兽至。	孟子·滕文公下 6.34	2
pzdeqsz	沛泽多而禽兽至。	孟子·滕文公下 6.34	2
jzzstxydl	及纣之身，天下又大乱。	孟子·滕文公下 6.34	1
txydl	天下又大乱。	孟子·滕文公下 6.34	2
zgxwwzzfysntqjqflyhyelz	周公相武王，诛纣伐奄，三年讨其君，驱飞廉于海隅而戮之。	孟子·滕文公下 6.34	1
zzfysntqjqflyhyelz	诛纣伐奄，三年讨其君，驱飞廉于海隅而戮之。	孟子·滕文公下 6.34	2
sntqjqflyhyelz	三年讨其君，驱飞廉于海隅而戮之。	孟子·滕文公下 6.34	2
qflyhyelz	驱飞廉于海隅而戮之。	孟子·滕文公下 6.34	2
mgzwsqhbxxeyz	灭国者五十，驱虎、豹、犀、象而远之。	孟子·滕文公下 6.34	1
qhbxxeyz	驱虎、豹、犀、象而远之。	孟子·滕文公下 6.34	2
bxxeyz	豹、犀、象而远之。	孟子·滕文公下 6.34	2
xxeyz	犀、象而远之。	孟子·滕文公下 6.34	2
xeyz	象而远之。	孟子·滕文公下 6.34	2
txdy	天下大悦。	孟子·滕文公下 6.34	1
sypxzwwm	《书》曰：丕显哉，文王谟！	孟子·滕文公下 6.34	1
pxzwwm	丕显哉，文王谟！	孟子·滕文公下 6.34	2
wwm	文王谟！	孟子·滕文公下 6.34	2
pczwwl	丕承哉，武王烈！	孟子·滕文公下 6.34	1
wwl	武王烈！	孟子·滕文公下 6.34	2
yqwhrxyzwq	佑启我后人，咸以正无缺。	孟子·滕文公下 6.34	1
xyzwq	咸以正无缺。	孟子·滕文公下 6.34	2
ssdwxsbxyzcsqjzyzzsqfzyz	世衰道微，邪说暴行有作，臣弑其君者有之，子弑其父者有之。	孟子·滕文公下 6.35	1
xsbxyzcsqjzyzzsqfzyz	邪说暴行有作，臣弑其君者有之，子弑其父者有之。	孟子·滕文公下 6.35	2
csqjzyzzsqfzyz	臣弑其君者有之，子弑其父者有之。	孟子·滕文公下 6.35	2
zsqfzyz	子弑其父者有之。	孟子·滕文公下 6.35	2
kzjzcq	孔子惧，作《春秋》。	孟子·滕文公下 6.35	1
zcq	作《春秋》。	孟子·滕文公下 6.35	2
cqtzzsy	《春秋》，天子之事也。	孟子·滕文公下 6.35	1
tzzsy	天子之事也。	孟子·滕文公下 6.35	2
sgkzyzwzqwcqh	是故孔子曰：知我者其惟春秋乎！	孟子·滕文公下 6.35	1
zwzqwcqh	知我者其惟春秋乎！	孟子·滕文公下 6.35	2
zwzqwcqh	罪我者其惟春秋乎！	孟子·滕文公下 6.35	1
swbzzhfzcshyyzmdzyytx	圣王不作，诸侯放恣，处士横议，杨朱、墨翟之言盈天下。	孟子·滕文公下 6.36	1
zhfzcshyyzmdzyytx	诸侯放恣，处士横议，杨朱、墨翟之言盈天下。	孟子·滕文公下 6.36	2
cshyyzmdzyytx	处士横议，杨朱、墨翟之言盈天下。	孟子·滕文公下 6.36	2
yzmdzyytx	杨朱、墨翟之言盈天下。	孟子·滕文公下 6.36	2
mdzyytx	墨翟之言盈天下。	孟子·滕文公下 6.36	2
txzybgyzgm	天下之言，不归杨，则归墨。	孟子·滕文公下 6.36	1
bgyzgm	不归杨，则归墨。	孟子·滕文公下 6.36	2
zgm	则归墨。	孟子·滕文公下 6.36	2
yswwswjymsjaswfy	杨氏为我，是无君也；墨氏兼爱，是无父也。	孟子·滕文公下 6.36	1
swjymsjaswfy	是无君也；墨氏兼爱，是无父也。	孟子·滕文公下 6.36	2
msjaswfy	墨氏兼爱，是无父也。	孟子·滕文公下 6.36	2
swfy	是无父也。	孟子·滕文公下 6.36	2
wfwjsqsy	无父无君，是禽兽也。	孟子·滕文公下 6.36	1
sqsy	是禽兽也。	孟子·滕文公下 6.36	2
gmyypyfrjyfmmyjsyyefclsesry	公明仪曰：‘庖有肥肉，厩有肥马，民有饥色，野有饿莩，此率兽而食人也。’	孟子·滕文公下 6.36	1
pyfrjyfmmyjsyyefclsesry	‘庖有肥肉，厩有肥马，民有饥色，野有饿莩，此率兽而食人也。’	孟子·滕文公下 6.36	2
jyfmmyjsyyefclsesry	厩有肥马，民有饥色，野有饿莩，此率兽而食人也。	孟子·滕文公下 6.36	2
ymzdbxkzzdbzsxswmcsryy	杨墨之道不息，孔子之道不著，是邪说诬民，充塞仁义也。	孟子·滕文公下 6.36	1
kzzdbzsxswmcsryy	孔子之道不著，是邪说诬民，充塞仁义也。	孟子·滕文公下 6.36	2
sxswmcsryy	是邪说诬民，充塞仁义也。	孟子·滕文公下 6.36	2
csryy	充塞仁义也。	孟子·滕文公下 6.36	2
rycszsssrrjxs	仁义充塞，则率兽食人，人将相食。	孟子·滕文公下 6.36	1
zsssrrjxs	则率兽食人，人将相食。	孟子·滕文公下 6.36	2
rjxs	人将相食。	孟子·滕文公下 6.36	2
wwcjxxszdjymfycxszbdz	吾为此惧，闲先圣之道，距杨墨，放淫辞，邪说者不得作。	孟子·滕文公下 6.36	1
xxszdjymfycxszbdz	闲先圣之道，距杨墨，放淫辞，邪说者不得作。	孟子·滕文公下 6.36	2
jymfycxszbdz	距杨墨，放淫辞，邪说者不得作。	孟子·滕文公下 6.36	2
fycxszbdz	放淫辞，邪说者不得作。	孟子·滕文公下 6.36	2
xszbdz	邪说者不得作。	孟子·滕文公下 6.36	2
zyqxhyqszyqshyqz	作于其心，害于其事；作于其事，害于其政。	孟子·滕文公下 6.36	1
hyqszyqshyqz	害于其事；作于其事，害于其政。	孟子·滕文公下 6.36	2
zyqshyqz	作于其事，害于其政。	孟子·滕文公下 6.36	2
hyqz	害于其政。	孟子·滕文公下 6.36	2
srfqbywyy	圣人复起，不易吾言矣。	孟子·滕文公下 6.36	1
bywyy	不易吾言矣。	孟子·滕文公下 6.36	2
xzyyhsetxpzgjydqmsebxnkzccqelczzj	昔者禹抑洪水而天下平，周公兼夷狄驱猛兽而百姓宁，孔子成《春秋》而乱臣贼子惧。	孟子·滕文公下 6.37	1
zgjydqmsebxnkzccqelczzj	周公兼夷狄驱猛兽而百姓宁，孔子成《春秋》而乱臣贼子惧。	孟子·滕文公下 6.37	2
kzccqelczzj	孔子成《春秋》而乱臣贼子惧。	孟子·滕文公下 6.37	2
syrdsyjssczmwgc	《诗》云：‘戎狄是膺，荆舒是惩，则莫我敢承。’	孟子·滕文公下 6.37	1
rdsyjssczmwgc	‘戎狄是膺，荆舒是惩，则莫我敢承。’	孟子·滕文公下 6.37	2
jssczmwgc	荆舒是惩，则莫我敢承。	孟子·滕文公下 6.37	2
zmwgc	则莫我敢承。	孟子·滕文公下 6.37	2
wfwjszgsyy	无父无君，是周公所膺也。	孟子·滕文公下 6.37	1
szgsyy	是周公所膺也。	孟子·滕文公下 6.37	2
wyyzrxxxsjbxfycycsszqhbz	我亦欲正人心，息邪说，距诐行，放淫辞，以承三圣者；岂好辩哉？	孟子·滕文公下 6.37	1
xxsjbxfycycsszqhbz	息邪说，距诐行，放淫辞，以承三圣者；岂好辩哉？	孟子·滕文公下 6.37	2
jbxfycycsszqhbz	距诐行，放淫辞，以承三圣者；岂好辩哉？	孟子·滕文公下 6.37	2
fycycsszqhbz	放淫辞，以承三圣者；岂好辩哉？	孟子·滕文公下 6.37	2
ycsszqhbz	以承三圣者；岂好辩哉？	孟子·滕文公下 6.37	2
qhbz	岂好辩哉？	孟子·滕文公下 6.37	2
nyjymzsrzty	能言距杨墨者，圣人之徒也。	孟子·滕文公下 6.37	1
srzty	圣人之徒也。	孟子·滕文公下 6.37	2
kzyczzqbclsz	匡章曰：陈仲子岂不诚廉士哉？	孟子·滕文公下 6.38	1
czzqbclsz	陈仲子岂不诚廉士哉？	孟子·滕文公下 6.38	2
jylsrbsewwmwjy	居于陵，三日不食，耳无闻，目无见也。	孟子·滕文公下 6.38	1
srbsewwmwjy	三日不食，耳无闻，目无见也。	孟子·滕文公下 6.38	2
ewwmwjy	耳无闻，目无见也。	孟子·滕文公下 6.38	2
mwjy	目无见也。	孟子·滕文公下 6.38	2
jsylcsszgbypfwjszsyrheywmyj	井上有李，螬食实者过半矣，匍匐往将食之，三咽，然后耳有闻，目有见。	孟子·滕文公下 6.38	1
csszgbypfwjszsyrheywmyj	螬食实者过半矣，匍匐往将食之，三咽，然后耳有闻，目有见。	孟子·滕文公下 6.38	2
pfwjszsyrheywmyj	匍匐往将食之，三咽，然后耳有闻，目有见。	孟子·滕文公下 6.38	2
syrheywmyj	三咽，然后耳有闻，目有见。	孟子·滕文公下 6.38	2
rheywmyj	然后耳有闻，目有见。	孟子·滕文公下 6.38	2
myj	目有见。	孟子·滕文公下 6.38	2
mzyyqgzswbyzzwjby	孟子曰：于齐国之士，吾必以仲子为巨擘焉。	孟子·滕文公下 6.39	1
yqgzswbyzzwjby	于齐国之士，吾必以仲子为巨擘焉。	孟子·滕文公下 6.39	2
wbyzzwjby	吾必以仲子为巨擘焉。	孟子·滕文公下 6.39	2
srzzenl	虽然，仲子恶能廉？	孟子·滕文公下 6.39	1
zzenl	仲子恶能廉？	孟子·滕文公下 6.39	2
czzzczyehkzy	充仲子之操，则蚓而后可者也。	孟子·滕文公下 6.39	1
zyehkzy	则蚓而后可者也。	孟子·滕文公下 6.39	2
fyssgrxyhq	夫蚓，上食槁壤，下饮黄泉。	孟子·滕文公下 6.39	1
ssgrxyhq	上食槁壤，下饮黄泉。	孟子·滕文公下 6.39	2
xyhq	下饮黄泉。	孟子·滕文公下 6.39	2
zzsjzsbyzszy	仲子所居之室，伯夷之所筑与？	孟子·滕文公下 6.39	1
byzszy	伯夷之所筑与？	孟子·滕文公下 6.39	2
yydzzszy	抑亦盗跖之所筑与？	孟子·滕文公下 6.39	1
sszsbyzssy	所食之粟，伯夷之所树与？	孟子·滕文公下 6.39	1
byzssy	伯夷之所树与？	孟子·滕文公下 6.39	2
yydzzssy	抑亦盗跖之所树与？	孟子·滕文公下 6.39	1
swkzy	是未可知也。	孟子·滕文公下 6.39	1
yshsz	曰：是何伤哉？	孟子·滕文公下 6.40	1
shsz	是何伤哉？	孟子·滕文公下 6.40	2
bszjqplyyzy	彼身织屦，妻辟纑，以易之也。	孟子·滕文公下 6.40	1
qplyyzy	妻辟纑，以易之也。	孟子·滕文公下 6.40	2
yyzy	以易之也。	孟子·滕文公下 6.40	2
yzzqzsjy	曰：仲子，齐之世家也。	孟子·滕文公下 6.41	1
zzqzsjy	仲子，齐之世家也。	孟子·滕文公下 6.41	2
qzsjy	齐之世家也。	孟子·滕文公下 6.41	2
xdglwz	兄戴，盖禄万锺。	孟子·滕文公下 6.41	1
glwz	盖禄万锺。	孟子·滕文公下 6.41	2
yxzlwbyzlebsyyxzswbyzsebjypxlmcyyl	以兄之禄为不义之禄而不食也，以兄之室为不义之室而不居也，辟兄离母，处于于陵。	孟子·滕文公下 6.41	1
yxzswbyzsebjypxlmcyyl	以兄之室为不义之室而不居也，辟兄离母，处于于陵。	孟子·滕文公下 6.41	2
pxlmcyyl	辟兄离母，处于于陵。	孟子·滕文公下 6.41	2
cyyl	处于于陵。	孟子·滕文公下 6.41	2
trgzykqxsezjpyeysyyzwz	他日归，则有馈其兄生鹅者，己频𫖹曰：‘恶用是鶃鶃者为哉？’	孟子·滕文公下 6.41	1
zykqxsezjpyeysyyzwz	则有馈其兄生鹅者，己频𫖹曰：‘恶用是鶃鶃者为哉？’	孟子·滕文公下 6.41	2
jpyeysyyzwz	己频𫖹曰：‘恶用是鶃鶃者为哉？’	孟子·滕文公下 6.41	2
eysyyzwz	‘恶用是鶃鶃者为哉？’	孟子·滕文公下 6.41	2
trqmsseyyzsz	他日，其母杀是鹅也，与之食之。	孟子·滕文公下 6.41	1
qmsseyyzsz	其母杀是鹅也，与之食之。	孟子·滕文公下 6.41	2
yzsz	与之食之。	孟子·滕文公下 6.41	2
qxzwzysyyzry	其兄自外至，曰：‘是鶃鶃之肉也。’	孟子·滕文公下 6.41	1
ysyyzry	曰：‘是鶃鶃之肉也。’	孟子·滕文公下 6.41	2
syyzry	‘是鶃鶃之肉也。’	孟子·滕文公下 6.41	2
cewz	出而哇之。	孟子·滕文公下 6.41	1
ymzbsyqzszyxzszfjyylzjz	以母则不食，以妻则食之；以兄之室则弗居，以于陵则居之。	孟子·滕文公下 6.41	1
yqzszyxzszfjyylzjz	以妻则食之；以兄之室则弗居，以于陵则居之。	孟子·滕文公下 6.41	2
yxzszfjyylzjz	以兄之室则弗居，以于陵则居之。	孟子·滕文公下 6.41	2
yylzjz	以于陵则居之。	孟子·滕文公下 6.41	2
sswncqlyh	是尚为能充其类也乎？	孟子·滕文公下 6.41	1
rzzzyehcqczy	若仲子者，蚓而后充其操者也。	孟子·滕文公下 6.41	1
yehcqczy	蚓而后充其操者也。	孟子·滕文公下 6.41	2
mzyllzmgszzqbygjbncfyskzcbyllbnzwyyszdbyrzbnpztx	孟子曰：离娄之明，公输子之巧，不以规矩，不能成方员：师旷之聪，不以六律，不能正五音；尧舜之道，不以仁政，不能平治天下。	孟子·离娄上 7.1	1
llzmgszzqbygjbncfyskzcbyllbnzwyyszdbyrzbnpztx	离娄之明，公输子之巧，不以规矩，不能成方员：师旷之聪，不以六律，不能正五音；尧舜之道，不以仁政，不能平治天下。	孟子·离娄上 7.1	2
gszzqbygjbncfyskzcbyllbnzwyyszdbyrzbnpztx	公输子之巧，不以规矩，不能成方员：师旷之聪，不以六律，不能正五音；尧舜之道，不以仁政，不能平治天下。	孟子·离娄上 7.1	2
bygjbncfyskzcbyllbnzwyyszdbyrzbnpztx	不以规矩，不能成方员：师旷之聪，不以六律，不能正五音；尧舜之道，不以仁政，不能平治天下。	孟子·离娄上 7.1	2
bncfyskzcbyllbnzwyyszdbyrzbnpztx	不能成方员：师旷之聪，不以六律，不能正五音；尧舜之道，不以仁政，不能平治天下。	孟子·离娄上 7.1	2
skzcbyllbnzwyyszdbyrzbnpztx	师旷之聪，不以六律，不能正五音；尧舜之道，不以仁政，不能平治天下。	孟子·离娄上 7.1	2
byllbnzwyyszdbyrzbnpztx	不以六律，不能正五音；尧舜之道，不以仁政，不能平治天下。	孟子·离娄上 7.1	2
bnzwyyszdbyrzbnpztx	不能正五音；尧舜之道，不以仁政，不能平治天下。	孟子·离娄上 7.1	2
yszdbyrzbnpztx	尧舜之道，不以仁政，不能平治天下。	孟子·离娄上 7.1	2
byrzbnpztx	不以仁政，不能平治天下。	孟子·离娄上 7.1	2
bnpztx	不能平治天下。	孟子·离娄上 7.1	2
jyrxrwembbqzbkfyhszbxxwzdy	今有仁心仁闻而民不被其泽，不可法于后世者，不行先王之道也。	孟子·离娄上 7.1	1
bkfyhszbxxwzdy	不可法于后世者，不行先王之道也。	孟子·离娄上 7.1	2
bxxwzdy	不行先王之道也。	孟子·离娄上 7.1	2
gytsbzywztfbnyzx	故曰，徒善不足以为政，徒法不能以自行。	孟子·离娄上 7.2	1
tsbzywztfbnyzx	徒善不足以为政，徒法不能以自行。	孟子·离娄上 7.2	2
tfbnyzx	徒法不能以自行。	孟子·离娄上 7.2	2
sybqbwsyjz	《诗》云：‘不愆不忘，率由旧章。’	孟子·离娄上 7.2	1
bqbwsyjz	‘不愆不忘，率由旧章。’	孟子·离娄上 7.2	2
syjz	率由旧章。	孟子·离娄上 7.2	2
zxwzfegzwzyy	遵先王之法而过者，未之有也。	孟子·离娄上 7.2	1
srjjmlyjzygjzsywfypzbksyyjjelyjzyllzwybksyyjjxsyjzybrrzzerftxy	圣人既竭目力焉，继之以规矩准绳，以为方员平直，不可胜用也；既竭耳力焉，继之以六律，正五音，不可胜用也；既竭心思焉，继之以不忍人之政，而仁覆天下矣。	孟子·离娄上 7.2	1
jzygjzsywfypzbksyyjjelyjzyllzwybksyyjjxsyjzybrrzzerftxy	继之以规矩准绳，以为方员平直，不可胜用也；既竭耳力焉，继之以六律，正五音，不可胜用也；既竭心思焉，继之以不忍人之政，而仁覆天下矣。	孟子·离娄上 7.2	2
ywfypzbksyyjjelyjzyllzwybksyyjjxsyjzybrrzzerftxy	以为方员平直，不可胜用也；既竭耳力焉，继之以六律，正五音，不可胜用也；既竭心思焉，继之以不忍人之政，而仁覆天下矣。	孟子·离娄上 7.2	2
bksyyjjelyjzyllzwybksyyjjxsyjzybrrzzerftxy	不可胜用也；既竭耳力焉，继之以六律，正五音，不可胜用也；既竭心思焉，继之以不忍人之政，而仁覆天下矣。	孟子·离娄上 7.2	2
jjelyjzyllzwybksyyjjxsyjzybrrzzerftxy	既竭耳力焉，继之以六律，正五音，不可胜用也；既竭心思焉，继之以不忍人之政，而仁覆天下矣。	孟子·离娄上 7.2	2
jzyllzwybksyyjjxsyjzybrrzzerftxy	继之以六律，正五音，不可胜用也；既竭心思焉，继之以不忍人之政，而仁覆天下矣。	孟子·离娄上 7.2	2
zwybksyyjjxsyjzybrrzzerftxy	正五音，不可胜用也；既竭心思焉，继之以不忍人之政，而仁覆天下矣。	孟子·离娄上 7.2	2
bksyyjjxsyjzybrrzzerftxy	不可胜用也；既竭心思焉，继之以不忍人之政，而仁覆天下矣。	孟子·离娄上 7.2	2
jjxsyjzybrrzzerftxy	既竭心思焉，继之以不忍人之政，而仁覆天下矣。	孟子·离娄上 7.2	2
jzybrrzzerftxy	继之以不忍人之政，而仁覆天下矣。	孟子·离娄上 7.2	2
erftxy	而仁覆天下矣。	孟子·离娄上 7.2	2
gywgbyqlwxbycz	故曰，为高必因丘陵，为下必因川泽。	孟子·离娄上 7.3	1
wgbyqlwxbycz	为高必因丘陵，为下必因川泽。	孟子·离娄上 7.3	2
wxbycz	为下必因川泽。	孟子·离娄上 7.3	2
wzbyxwzdkwzh	为政不因先王之道，可谓智乎？	孟子·离娄上 7.3	1
kwzh	可谓智乎？	孟子·离娄上 7.3	2
sywrzyzgw	是以惟仁者宜在高位。	孟子·离娄上 7.3	1
brezgwsbqeyzy	不仁而在高位，是播其恶于众也。	孟子·离娄上 7.3	1
sbqeyzy	是播其恶于众也。	孟子·离娄上 7.3	2
swdky	上无道揆也。	孟子·离娄上 7.3	1
xwfsycbxdgbxdjzfyxrfxgzsczxy	下无法守也，朝不信道，工不信度，君子犯义，小人犯刑，国之所存者幸也。	孟子·离娄上 7.3	1
cbxdgbxdjzfyxrfxgzsczxy	朝不信道，工不信度，君子犯义，小人犯刑，国之所存者幸也。	孟子·离娄上 7.3	2
gbxdjzfyxrfxgzsczxy	工不信度，君子犯义，小人犯刑，国之所存者幸也。	孟子·离娄上 7.3	2
jzfyxrfxgzsczxy	君子犯义，小人犯刑，国之所存者幸也。	孟子·离娄上 7.3	2
xrfxgzsczxy	小人犯刑，国之所存者幸也。	孟子·离娄上 7.3	2
gzsczxy	国之所存者幸也。	孟子·离娄上 7.3	2
gycgbwbjbdfgzzytybphcbjfgzhy	故曰，城郭不完，兵甲不多，非国之灾也；田野不辟，货财不聚，非国之害也。	孟子·离娄上 7.4	1
cgbwbjbdfgzzytybphcbjfgzhy	城郭不完，兵甲不多，非国之灾也；田野不辟，货财不聚，非国之害也。	孟子·离娄上 7.4	2
bjbdfgzzytybphcbjfgzhy	兵甲不多，非国之灾也；田野不辟，货财不聚，非国之害也。	孟子·离娄上 7.4	2
fgzzytybphcbjfgzhy	非国之灾也；田野不辟，货财不聚，非国之害也。	孟子·离娄上 7.4	2
tybphcbjfgzhy	田野不辟，货财不聚，非国之害也。	孟子·离娄上 7.4	2
hcbjfgzhy	货财不聚，非国之害也。	孟子·离娄上 7.4	2
fgzhy	非国之害也。	孟子·离娄上 7.4	2
swlxwxzmxswry	上无礼，下无学，贼民兴，丧无日矣。	孟子·离娄上 7.4	1
xwxzmxswry	下无学，贼民兴，丧无日矣。	孟子·离娄上 7.4	2
zmxswry	贼民兴，丧无日矣。	孟子·离娄上 7.4	2
swry	丧无日矣。	孟子·离娄上 7.4	2
sytzfjwrxx	《诗》曰：‘天之方蹶，无然泄泄。’	孟子·离娄上 7.4	1
tzfjwrxx	‘天之方蹶，无然泄泄。’	孟子·离娄上 7.4	2
wrxx	无然泄泄。	孟子·离娄上 7.4	2
xxyddy	泄泄，犹沓沓也。	孟子·离娄上 7.4	1
yddy	犹沓沓也。	孟子·离娄上 7.4	2
sjwyjtwlyzfxwzdzyddy	事君无义，进退无礼，言则非先王之道者，犹沓沓也。	孟子·离娄上 7.4	1
jtwlyzfxwzdzyddy	进退无礼，言则非先王之道者，犹沓沓也。	孟子·离娄上 7.4	2
yzfxwzdzyddy	言则非先王之道者，犹沓沓也。	孟子·离娄上 7.4	2
gyznyjwzgcsbxwzjwjbnwzz	故曰：责难于君谓之恭，陈善闭邪谓之敬，吾君不能谓之贼。	孟子·离娄上 7.4	1
znyjwzgcsbxwzjwjbnwzz	责难于君谓之恭，陈善闭邪谓之敬，吾君不能谓之贼。	孟子·离娄上 7.4	2
csbxwzjwjbnwzz	陈善闭邪谓之敬，吾君不能谓之贼。	孟子·离娄上 7.4	2
wjbnwzz	吾君不能谓之贼。	孟子·离娄上 7.4	2
mzygjfyzzysrrlzzy	孟子曰：规矩，方员之至也；圣人，人伦之至也。	孟子·离娄上 7.5	1
gjfyzzysrrlzzy	规矩，方员之至也；圣人，人伦之至也。	孟子·离娄上 7.5	2
fyzzysrrlzzy	方员之至也；圣人，人伦之至也。	孟子·离娄上 7.5	2
srrlzzy	圣人，人伦之至也。	孟子·离娄上 7.5	2
rlzzy	人伦之至也。	孟子·离娄上 7.5	2
ywjjjdywcjcdezjfyseyy	欲为君尽君道，欲为臣尽臣道，二者皆法尧舜而已矣。	孟子·离娄上 7.5	1
ywcjcdezjfyseyy	欲为臣尽臣道，二者皆法尧舜而已矣。	孟子·离娄上 7.5	2
ezjfyseyy	二者皆法尧舜而已矣。	孟子·离娄上 7.5	2
byszsysysjbjqjzybyyzsyzmzmzqmzy	不以舜之所以事尧事君，不敬其君者也；不以尧之所以治民治民，贼其民者也。	孟子·离娄上 7.5	1
bjqjzybyyzsyzmzmzqmzy	不敬其君者也；不以尧之所以治民治民，贼其民者也。	孟子·离娄上 7.5	2
byyzsyzmzmzqmzy	不以尧之所以治民治民，贼其民者也。	孟子·离娄上 7.5	2
zqmzy	贼其民者也。	孟子·离娄上 7.5	2
kzyderybreyy	孔子曰：‘道二：仁与不仁而已矣。’	孟子·离娄上 7.5	1
derybreyy	‘道二：仁与不仁而已矣。’	孟子·离娄上 7.5	2
rybreyy	仁与不仁而已矣。	孟子·离娄上 7.5	2
bqmszssgwbszswgx	暴其民甚，则身弑国亡；不甚，则身危国削。	孟子·离娄上 7.5	1
zssgwbszswgx	则身弑国亡；不甚，则身危国削。	孟子·离娄上 7.5	2
bszswgx	不甚，则身危国削。	孟子·离娄上 7.5	2
zswgx	则身危国削。	孟子·离娄上 7.5	2
mzyylsxzcsbsbngy	名之曰‘幽厉’，虽孝子慈孙，百世不能改也。	孟子·离娄上 7.5	1
sxzcsbsbngy	虽孝子慈孙，百世不能改也。	孟子·离娄上 7.5	2
bsbngy	百世不能改也。	孟子·离娄上 7.5	2
syyjbyzxhzsczwy	《诗》云‘殷鉴不远，在夏后之世’，此之谓也。	孟子·离娄上 7.5	1
zxhzsczwy	在夏后之世，此之谓也。	孟子·离娄上 7.5	2
mzysdzdtxyyrqstxyybr	孟子曰：三代之得天下也以仁，其失天下也以不仁。	孟子·离娄上 7.6	1
sdzdtxyyrqstxyybr	三代之得天下也以仁，其失天下也以不仁。	孟子·离娄上 7.6	2
qstxyybr	其失天下也以不仁。	孟子·离娄上 7.6	2
gzsyfxcwzyr	国之所以废兴存亡者亦然。	孟子·离娄上 7.6	1
tzbrbbshzhbrbbsjqdfbrbbzmssrbrbbst	天子不仁，不保四海；诸侯不仁，不保社稷；卿大夫不仁，不保宗庙；士庶人不仁，不保四体。	孟子·离娄上 7.6	1
bbshzhbrbbsjqdfbrbbzmssrbrbbst	不保四海；诸侯不仁，不保社稷；卿大夫不仁，不保宗庙；士庶人不仁，不保四体。	孟子·离娄上 7.6	2
zhbrbbsjqdfbrbbzmssrbrbbst	诸侯不仁，不保社稷；卿大夫不仁，不保宗庙；士庶人不仁，不保四体。	孟子·离娄上 7.6	2
bbsjqdfbrbbzmssrbrbbst	不保社稷；卿大夫不仁，不保宗庙；士庶人不仁，不保四体。	孟子·离娄上 7.6	2
qdfbrbbzmssrbrbbst	卿大夫不仁，不保宗庙；士庶人不仁，不保四体。	孟子·离娄上 7.6	2
bbzmssrbrbbst	不保宗庙；士庶人不仁，不保四体。	孟子·离娄上 7.6	2
ssrbrbbst	士庶人不仁，不保四体。	孟子·离娄上 7.6	2
bbst	不保四体。	孟子·离娄上 7.6	2
jeswelbrsyezeqj	今恶死亡而乐不仁，是犹恶醉而强酒。	孟子·离娄上 7.6	1
syezeqj	是犹恶醉而强酒。	孟子·离娄上 7.6	2
mzyarbqfqrzrbzfqzlrbdfqj	孟子曰：爱人不亲反其仁，治人不治反其智，礼人不答反其敬。	孟子·离娄上 7.7	1
arbqfqrzrbzfqzlrbdfqj	爱人不亲反其仁，治人不治反其智，礼人不答反其敬。	孟子·离娄上 7.7	2
zrbzfqzlrbdfqj	治人不治反其智，礼人不答反其敬。	孟子·离娄上 7.7	2
lrbdfqj	礼人不答反其敬。	孟子·离娄上 7.7	2
xybdzjfqzjqszetxgz	行有不得者，皆反求诸己，其身正而天下归之。	孟子·离娄上 7.7	1
jfqzjqszetxgz	皆反求诸己，其身正而天下归之。	孟子·离娄上 7.7	2
qszetxgz	其身正而天下归之。	孟子·离娄上 7.7	2
syyypmzqdf	《诗》云：‘永言配命，自求多福。’	孟子·离娄上 7.7	1
yypmzqdf	‘永言配命，自求多福。’	孟子·离娄上 7.7	2
zqdf	自求多福。	孟子·离娄上 7.7	2
mzyryhyjytxgj	孟子曰：人有恒言，皆曰‘天下国家’。	孟子·离娄上 7.8	1
ryhyjytxgj	人有恒言，皆曰‘天下国家’。	孟子·离娄上 7.8	2
jytxgj	皆曰‘天下国家’。	孟子·离娄上 7.8	2
txzbzggzbzjjzbzs	天下之本在国，国之本在家，家之本在身。	孟子·离娄上 7.8	1
gzbzjjzbzs	国之本在家，家之本在身。	孟子·离娄上 7.8	2
jzbzs	家之本在身。	孟子·离娄上 7.8	2
mzywzbnbdzyjs	孟子曰：为政不难，不得罪于巨室。	孟子·离娄上 7.9	1
wzbnbdzyjs	为政不难，不得罪于巨室。	孟子·离娄上 7.9	2
bdzyjs	不得罪于巨室。	孟子·离娄上 7.9	2
jszsmygmzygzsmtxmzgprdjyhsh	巨室之所慕，一国慕之；一国之所慕，天下慕之；故沛然德教溢乎四海。	孟子·离娄上 7.9	1
ygmzygzsmtxmzgprdjyhsh	一国慕之；一国之所慕，天下慕之；故沛然德教溢乎四海。	孟子·离娄上 7.9	2
ygzsmtxmzgprdjyhsh	一国之所慕，天下慕之；故沛然德教溢乎四海。	孟子·离娄上 7.9	2
txmzgprdjyhsh	天下慕之；故沛然德教溢乎四海。	孟子·离娄上 7.9	2
gprdjyhsh	故沛然德教溢乎四海。	孟子·离娄上 7.9	2
mzytxydxdyddxxydxtxwdxydryq	孟子曰：天下有道，小德役大德，小贤役大贤；天下无道，小役大，弱役强。	孟子·离娄上 7.10	1
txydxdyddxxydxtxwdxydryq	天下有道，小德役大德，小贤役大贤；天下无道，小役大，弱役强。	孟子·离娄上 7.10	2
xdyddxxydxtxwdxydryq	小德役大德，小贤役大贤；天下无道，小役大，弱役强。	孟子·离娄上 7.10	2
xxydxtxwdxydryq	小贤役大贤；天下无道，小役大，弱役强。	孟子·离娄上 7.10	2
txwdxydryq	天下无道，小役大，弱役强。	孟子·离娄上 7.10	2
xydryq	小役大，弱役强。	孟子·离娄上 7.10	2
ryq	弱役强。	孟子·离娄上 7.10	2
sezty	斯二者天也。	孟子·离娄上 7.10	1
stzcntzw	顺天者存，逆天者亡。	孟子·离娄上 7.10	1
ntzw	逆天者亡。	孟子·离娄上 7.10	2
qjgyjbnlybsmsjwy	齐景公曰：‘既不能令，又不受命，是绝物也。’	孟子·离娄上 7.10	1
jbnlybsmsjwy	‘既不能令，又不受命，是绝物也。’	孟子·离娄上 7.10	2
ybsmsjwy	又不受命，是绝物也。	孟子·离娄上 7.10	2
sjwy	是绝物也。	孟子·离娄上 7.10	2
tcenyw	涕出而女于吴。	孟子·离娄上 7.10	1
jyxgsdgecsmysydzecsmyxsy	今也小国师大国而耻受命焉，是犹弟子而耻受命于先师也。	孟子·离娄上 7.11	1
sydzecsmyxsy	是犹弟子而耻受命于先师也。	孟子·离娄上 7.11	2
rczmrsww	如耻之，莫若师文王。	孟子·离娄上 7.11	1
mrsww	莫若师文王。	孟子·离娄上 7.11	2
swwdgwnxgqnbwzytxy	师文王，大国五年，小国七年，必为政于天下矣。	孟子·离娄上 7.11	1
dgwnxgqnbwzytxy	大国五年，小国七年，必为政于天下矣。	孟子·离娄上 7.11	2
xgqnbwzytxy	小国七年，必为政于天下矣。	孟子·离娄上 7.11	2
bwzytxy	必为政于天下矣。	孟子·离娄上 7.11	2
syszszqlby	《诗》云：商之孙子，其丽不亿。	孟子·离娄上 7.11	1
szszqlby	商之孙子，其丽不亿。	孟子·离娄上 7.11	2
qlby	其丽不亿。	孟子·离娄上 7.11	2
sdjmhyzf	上帝既命，侯于周服。	孟子·离娄上 7.11	1
hyzf	侯于周服。	孟子·离娄上 7.11	2
hfyztmmc	侯服于周，天命靡常。	孟子·离娄上 7.11	1
tmmc	天命靡常。	孟子·离娄上 7.11	2
ysfmgjyj	殷士肤敏，祼将于京。	孟子·离娄上 7.11	1
gjyj	祼将于京。	孟子·离娄上 7.11	2
kzyrbkwzy	孔子曰：仁不可为众也。	孟子·离娄上 7.11	1
rbkwzy	仁不可为众也。	孟子·离娄上 7.11	2
fgjhrtxwd	夫国君好仁，天下无敌。	孟子·离娄上 7.11	1
txwd	天下无敌。	孟子·离娄上 7.11	2
jyywdytxebyrsyzrebyzy	今也欲无敌于天下而不以仁，是犹执热而不以濯也。	孟子·离娄上 7.11	1
syzrebyzy	是犹执热而不以濯也。	孟子·离娄上 7.11	2
sysnzrsbyz	《诗》云：‘谁能执热，逝不以濯？’	孟子·离娄上 7.11	1
snzrsbyz	‘谁能执热，逝不以濯？’	孟子·离娄上 7.11	2
sbyz	逝不以濯？	孟子·离娄上 7.11	2
mzybrzkyyz	孟子曰：不仁者可与言哉？	孟子·离娄上 7.12	1
brzkyyz	不仁者可与言哉？	孟子·离娄上 7.12	2
aqwelqzlqsywz	安其危而利其菑，乐其所以亡者。	孟子·离娄上 7.12	1
lqsywz	乐其所以亡者。	孟子·离娄上 7.12	2
brekyyzhwgbjzy	不仁而可与言，则何亡国败家之有？	孟子·离娄上 7.12	1
zhwgbjzy	则何亡国败家之有？	孟子·离娄上 7.12	2
yrzgyclzsqxkyzwyclzszxkyzwz	有孺子歌曰：‘沧浪之水清兮，可以濯我缨；沧浪之水浊兮，可以濯我足。’	孟子·离娄上 7.12	1
clzsqxkyzwyclzszxkyzwz	‘沧浪之水清兮，可以濯我缨；沧浪之水浊兮，可以濯我足。’	孟子·离娄上 7.12	2
kyzwyclzszxkyzwz	可以濯我缨；沧浪之水浊兮，可以濯我足。	孟子·离娄上 7.12	2
clzszxkyzwz	沧浪之水浊兮，可以濯我足。	孟子·离娄上 7.12	2
kyzwz	可以濯我足。	孟子·离娄上 7.12	2
kzyxztz	孔子曰：小子听之！	孟子·离娄上 7.12	1
xztz	小子听之！	孟子·离娄上 7.12	2
qszyzszzyzqzy	清斯濯缨，浊斯濯足矣，自取之也。	孟子·离娄上 7.12	1
zszzyzqzy	浊斯濯足矣，自取之也。	孟子·离娄上 7.12	2
zqzy	自取之也。	孟子·离娄上 7.12	2
frbzwrhrwzjbzhehrhzgbzfehrfz	夫人必自侮，然后人侮之；家必自毁，而后人毁之；国必自伐，而后人伐之。	孟子·离娄上 7.12	1
rhrwzjbzhehrhzgbzfehrfz	然后人侮之；家必自毁，而后人毁之；国必自伐，而后人伐之。	孟子·离娄上 7.12	2
jbzhehrhzgbzfehrfz	家必自毁，而后人毁之；国必自伐，而后人伐之。	孟子·离娄上 7.12	2
ehrhzgbzfehrfz	而后人毁之；国必自伐，而后人伐之。	孟子·离娄上 7.12	2
gbzfehrfz	国必自伐，而后人伐之。	孟子·离娄上 7.12	2
ehrfz	而后人伐之。	孟子·离娄上 7.12	2
mzyjzzstxysqmysqmzsqxy	孟子曰：桀纣之失天下也，失其民也；失其民者，失其心也。	孟子·离娄上 7.13	1
jzzstxysqmysqmzsqxy	桀纣之失天下也，失其民也；失其民者，失其心也。	孟子·离娄上 7.13	2
sqmysqmzsqxy	失其民也；失其民者，失其心也。	孟子·离娄上 7.13	2
sqmzsqxy	失其民者，失其心也。	孟子·离娄上 7.13	2
sqxy	失其心也。	孟子·离娄上 7.13	2
dtxyddqmsdtxydqmyddqxsdmydqxydsyyzjzsewsey	得天下有道：得其民，斯得天下矣；得其民有道：得其心，斯得民矣；得其心有道：所欲与之聚之，所恶勿施尔也。	孟子·离娄上 7.13	1
dqmsdtxydqmyddqxsdmydqxydsyyzjzsewsey	得其民，斯得天下矣；得其民有道：得其心，斯得民矣；得其心有道：所欲与之聚之，所恶勿施尔也。	孟子·离娄上 7.13	2
sdtxydqmyddqxsdmydqxydsyyzjzsewsey	斯得天下矣；得其民有道：得其心，斯得民矣；得其心有道：所欲与之聚之，所恶勿施尔也。	孟子·离娄上 7.13	2
dqmyddqxsdmydqxydsyyzjzsewsey	得其民有道：得其心，斯得民矣；得其心有道：所欲与之聚之，所恶勿施尔也。	孟子·离娄上 7.13	2
dqxsdmydqxydsyyzjzsewsey	得其心，斯得民矣；得其心有道：所欲与之聚之，所恶勿施尔也。	孟子·离娄上 7.13	2
sdmydqxydsyyzjzsewsey	斯得民矣；得其心有道：所欲与之聚之，所恶勿施尔也。	孟子·离娄上 7.13	2
dqxydsyyzjzsewsey	得其心有道：所欲与之聚之，所恶勿施尔也。	孟子·离娄上 7.13	2
syyzjzsewsey	所欲与之聚之，所恶勿施尔也。	孟子·离娄上 7.13	2
sewsey	所恶勿施尔也。	孟子·离娄上 7.13	2
mzgryyszjxszzky	民之归仁也，犹水之就下、兽之走圹也。	孟子·离娄上 7.13	1
yszjxszzky	犹水之就下、兽之走圹也。	孟子·离娄上 7.13	2
szzky	兽之走圹也。	孟子·离娄上 7.13	2
gwyqyztywcqjzzywtwqmzjyzy	故为渊敺鱼者，獭也；为丛敺爵者，鹯也；为汤武敺民者，桀与纣也。	孟子·离娄上 7.13	1
tywcqjzzywtwqmzjyzy	獭也；为丛敺爵者，鹯也；为汤武敺民者，桀与纣也。	孟子·离娄上 7.13	2
wcqjzzywtwqmzjyzy	为丛敺爵者，鹯也；为汤武敺民者，桀与纣也。	孟子·离娄上 7.13	2
zywtwqmzjyzy	鹯也；为汤武敺民者，桀与纣也。	孟子·离娄上 7.13	2
wtwqmzjyzy	为汤武敺民者，桀与纣也。	孟子·离娄上 7.13	2
jyzy	桀与纣也。	孟子·离娄上 7.13	2
jtxzjyhrzzzhjwzqy	今天下之君有好仁者，则诸侯皆为之敺矣。	孟子·离娄上 7.13	1
zzhjwzqy	则诸侯皆为之敺矣。	孟子·离娄上 7.13	2
sywwbkdy	虽欲无王，不可得已。	孟子·离娄上 7.13	1
bkdy	不可得已。	孟子·离娄上 7.13	2
jzywzyqnzbqsnzay	今之欲王者，犹七年之病求三年之艾也。	孟子·离娄上 7.13	1
yqnzbqsnzay	犹七年之病求三年之艾也。	孟子·离娄上 7.13	2
gwbczsbd	苟为不畜，终身不得。	孟子·离娄上 7.13	1
zsbd	终身不得。	孟子·离娄上 7.13	2
gbzyrzsyryxysw	苟不志于仁，终身忧辱，以陷于死亡。	孟子·离娄上 7.13	1
zsyryxysw	终身忧辱，以陷于死亡。	孟子·离娄上 7.13	2
yxysw	以陷于死亡。	孟子·离娄上 7.13	2
syqhnszxjnczwy	《诗》云‘其何能淑，载胥及溺’，此之谓也。	孟子·离娄上 7.13	1
zxjnczwy	载胥及溺，此之谓也。	孟子·离娄上 7.13	2
mzyzbzbkyyyyzqzbkyywy	孟子曰：自暴者，不可与有言也；自弃者，不可与有为也。	孟子·离娄上 7.14	1
zbzbkyyyyzqzbkyywy	自暴者，不可与有言也；自弃者，不可与有为也。	孟子·离娄上 7.14	2
bkyyyyzqzbkyywy	不可与有言也；自弃者，不可与有为也。	孟子·离娄上 7.14	2
zqzbkyywy	自弃者，不可与有为也。	孟子·离娄上 7.14	2
bkyywy	不可与有为也。	孟子·离娄上 7.14	2
yflywzzbywsbnjryywzzqy	言非礼义，谓之自暴也；吾身不能居仁由义，谓之自弃也。	孟子·离娄上 7.14	1
wzzbywsbnjryywzzqy	谓之自暴也；吾身不能居仁由义，谓之自弃也。	孟子·离娄上 7.14	2
wsbnjryywzzqy	吾身不能居仁由义，谓之自弃也。	孟子·离娄上 7.14	2
wzzqy	谓之自弃也。	孟子·离娄上 7.14	2
rrzazyyrzzly	仁，人之安宅也；义，人之正路也。	孟子·离娄上 7.14	1
rzazyyrzzly	人之安宅也；义，人之正路也。	孟子·离娄上 7.14	2
yrzzly	义，人之正路也。	孟子·离娄上 7.14	2
rzzly	人之正路也。	孟子·离娄上 7.14	2
kazefjszlebyaz	旷安宅而弗居，舍正路而不由，哀哉！	孟子·离娄上 7.14	1
szlebyaz	舍正路而不由，哀哉！	孟子·离娄上 7.14	2
az	哀哉！	孟子·离娄上 7.14	2
mzydzeeqzyszyeqzn	孟子曰：道在尔而求诸远，事在易而求之难。	孟子·离娄上 7.15	1
dzeeqzyszyeqzn	道在尔而求诸远，事在易而求之难。	孟子·离娄上 7.15	2
szyeqzn	事在易而求之难。	孟子·离娄上 7.15	2
rrqqqzqzetxp	人人亲其亲、长其长而天下平。	孟子·离娄上 7.15	1
zqzetxp	长其长而天下平。	孟子·离娄上 7.15	2
mzyjxwebhysmbkdezy	孟子曰：居下位而不获于上，民不可得而治也。	孟子·离娄上 7.16	1
jxwebhysmbkdezy	居下位而不获于上，民不可得而治也。	孟子·离娄上 7.16	2
mbkdezy	民不可得而治也。	孟子·离娄上 7.16	2
hysydbxyyfhysyxyyydsqfyfxyyyyqydfsbcbyyqycsydbmhsbcqsy	获于上有道：不信于友，弗获于上矣；信于友有道：事亲弗悦，弗信于友矣；悦亲有道：反身不诚，不悦于亲矣；诚身有道：不明乎善，不诚其身矣。	孟子·离娄上 7.16	1
bxyyfhysyxyyydsqfyfxyyyyqydfsbcbyyqycsydbmhsbcqsy	不信于友，弗获于上矣；信于友有道：事亲弗悦，弗信于友矣；悦亲有道：反身不诚，不悦于亲矣；诚身有道：不明乎善，不诚其身矣。	孟子·离娄上 7.16	2
fhysyxyyydsqfyfxyyyyqydfsbcbyyqycsydbmhsbcqsy	弗获于上矣；信于友有道：事亲弗悦，弗信于友矣；悦亲有道：反身不诚，不悦于亲矣；诚身有道：不明乎善，不诚其身矣。	孟子·离娄上 7.16	2
xyyydsqfyfxyyyyqydfsbcbyyqycsydbmhsbcqsy	信于友有道：事亲弗悦，弗信于友矣；悦亲有道：反身不诚，不悦于亲矣；诚身有道：不明乎善，不诚其身矣。	孟子·离娄上 7.16	2
sqfyfxyyyyqydfsbcbyyqycsydbmhsbcqsy	事亲弗悦，弗信于友矣；悦亲有道：反身不诚，不悦于亲矣；诚身有道：不明乎善，不诚其身矣。	孟子·离娄上 7.16	2
fxyyyyqydfsbcbyyqycsydbmhsbcqsy	弗信于友矣；悦亲有道：反身不诚，不悦于亲矣；诚身有道：不明乎善，不诚其身矣。	孟子·离娄上 7.16	2
yqydfsbcbyyqycsydbmhsbcqsy	悦亲有道：反身不诚，不悦于亲矣；诚身有道：不明乎善，不诚其身矣。	孟子·离娄上 7.16	2
fsbcbyyqycsydbmhsbcqsy	反身不诚，不悦于亲矣；诚身有道：不明乎善，不诚其身矣。	孟子·离娄上 7.16	2
byyqycsydbmhsbcqsy	不悦于亲矣；诚身有道：不明乎善，不诚其身矣。	孟子·离娄上 7.16	2
csydbmhsbcqsy	诚身有道：不明乎善，不诚其身矣。	孟子·离娄上 7.16	2
bmhsbcqsy	不明乎善，不诚其身矣。	孟子·离娄上 7.16	2
bcqsy	不诚其身矣。	孟子·离娄上 7.16	2
sgcztzdysczrzdy	是故诚者，天之道也；思诚者，人之道也。	孟子·离娄上 7.16	1
tzdysczrzdy	天之道也；思诚者，人之道也。	孟子·离娄上 7.16	2
sczrzdy	思诚者，人之道也。	孟子·离娄上 7.16	2
zcebdzwzyybcwyndzy	至诚而不动者，未之有也；不诚，未有能动者也。	孟子·离娄上 7.16	1
wzyybcwyndzy	未之有也；不诚，未有能动者也。	孟子·离娄上 7.16	2
bcwyndzy	不诚，未有能动者也。	孟子·离娄上 7.16	2
wyndzy	未有能动者也。	孟子·离娄上 7.16	2
mzybypzjbhzbwwwzxyhghl	孟子曰：伯夷辟纣，居北海之滨，闻文王作，兴曰：盍归乎来！	孟子·离娄上 7.17	1
bypzjbhzbwwwzxyhghl	伯夷辟纣，居北海之滨，闻文王作，兴曰：盍归乎来！	孟子·离娄上 7.17	2
jbhzbwwwzxyhghl	居北海之滨，闻文王作，兴曰：盍归乎来！	孟子·离娄上 7.17	2
wwwzxyhghl	闻文王作，兴曰：盍归乎来！	孟子·离娄上 7.17	2
xyhghl	兴曰：盍归乎来！	孟子·离娄上 7.17	2
hghl	盍归乎来！	孟子·离娄上 7.17	2
wwxbsylz	吾闻西伯善养老者。	孟子·离娄上 7.17	1
tgpzjdhzbwwwzxyhghl	太公辟纣，居东海之滨，闻文王作，兴曰：盍归乎来！	孟子·离娄上 7.17	1
jdhzbwwwzxyhghl	居东海之滨，闻文王作，兴曰：盍归乎来！	孟子·离娄上 7.17	2
elztxzdlyegzstxzfgzy	二老者，天下之大老也，而归之，是天下之父归之也。	孟子·离娄上 7.17	1
txzdlyegzstxzfgzy	天下之大老也，而归之，是天下之父归之也。	孟子·离娄上 7.17	2
egzstxzfgzy	而归之，是天下之父归之也。	孟子·离娄上 7.17	2
stxzfgzy	是天下之父归之也。	孟子·离娄上 7.17	2
txzfgzqzyw	天下之父归之，其子焉往？	孟子·离娄上 7.17	1
qzyw	其子焉往？	孟子·离娄上 7.17	2
zhyxwwzzzqnznbwzytxy	诸侯有行文王之政者，七年之内，必为政于天下矣。	孟子·离娄上 7.17	1
qnznbwzytxy	七年之内，必为政于天下矣。	孟子·离娄上 7.17	2
mzyqywjszwngyqdefsbtr	孟子曰：求也为季氏宰，无能改于其德，而赋粟倍他日。	孟子·离娄上 7.18	1
qywjszwngyqdefsbtr	求也为季氏宰，无能改于其德，而赋粟倍他日。	孟子·离娄上 7.18	2
wngyqdefsbtr	无能改于其德，而赋粟倍他日。	孟子·离娄上 7.18	2
efsbtr	而赋粟倍他日。	孟子·离娄上 7.18	2
kzyqfwtyxzmgegzky	孔子曰：‘求非我徒也，小子鸣鼓而攻之可也。’	孟子·离娄上 7.18	1
qfwtyxzmgegzky	‘求非我徒也，小子鸣鼓而攻之可也。’	孟子·离娄上 7.18	2
ycgzjbxrzefzjqykzzy	由此观之，君不行仁政而富之，皆弃于孔子者也。	孟子·离娄上 7.18	1
jbxrzefzjqykzzy	君不行仁政而富之，皆弃于孔子者也。	孟子·离娄上 7.18	2
jqykzzy	皆弃于孔子者也。	孟子·离娄上 7.18	2
kywzqz	况于为之强战？	孟子·离娄上 7.18	1
zdyzsryyzcyzsryc	争地以战，杀人盈野；争城以战，杀人盈城。	孟子·离娄上 7.18	1
sryyzcyzsryc	杀人盈野；争城以战，杀人盈城。	孟子·离娄上 7.18	2
zcyzsryc	争城以战，杀人盈城。	孟子·离娄上 7.18	2
sryc	杀人盈城。	孟子·离娄上 7.18	2
cswltdesrrzbrys	此所谓率土地而食人肉，罪不容于死。	孟子·离娄上 7.18	1
zbrys	罪不容于死。	孟子·离娄上 7.18	2
gszzfsxlzhzczpclrtdzcz	故善战者服上刑，连诸侯者次之，辟草莱、任土地者次之。	孟子·离娄上 7.18	1
lzhzczpclrtdzcz	连诸侯者次之，辟草莱、任土地者次之。	孟子·离娄上 7.18	2
pclrtdzcz	辟草莱、任土地者次之。	孟子·离娄上 7.18	2
rtdzcz	任土地者次之。	孟子·离娄上 7.18	2
mzychrzmlymz	孟子曰：存乎人者，莫良于眸子。	孟子·离娄上 7.19	1
chrzmlymz	存乎人者，莫良于眸子。	孟子·离娄上 7.19	2
mlymz	莫良于眸子。	孟子·离娄上 7.19	2
mzbnyqe	眸子不能掩其恶。	孟子·离娄上 7.19	1
xzzzmzlyxzbzzmzmy	胸中正，则眸子瞭焉；胸中不正，则眸子眊焉。	孟子·离娄上 7.19	1
zmzlyxzbzzmzmy	则眸子瞭焉；胸中不正，则眸子眊焉。	孟子·离娄上 7.19	2
xzbzzmzmy	胸中不正，则眸子眊焉。	孟子·离娄上 7.19	2
zmzmy	则眸子眊焉。	孟子·离娄上 7.19	2
tqyygqmzrysz	听其言也，观其眸子，人焉廋哉？	孟子·离娄上 7.19	1
gqmzrysz	观其眸子，人焉廋哉？	孟子·离娄上 7.19	2
mzygzbwrjzbdr	孟子曰：恭者不侮人，俭者不夺人。	孟子·离娄上 7.20	1
gzbwrjzbdr	恭者不侮人，俭者不夺人。	孟子·离娄上 7.20	2
jzbdr	俭者不夺人。	孟子·离娄上 7.20	2
wdrzjwkbsyedwgj	侮夺人之君，惟恐不顺焉，恶得为恭俭？	孟子·离娄上 7.20	1
wkbsyedwgj	惟恐不顺焉，恶得为恭俭？	孟子·离娄上 7.20	2
edwgj	恶得为恭俭？	孟子·离娄上 7.20	2
gjqkysyxmwz	恭俭岂可以声音笑貌为哉？	孟子·离娄上 7.20	1
cykynnssbqly	淳于髡曰：“男女授受不亲，礼与？”	孟子·离娄上 7.21	1
nnssbqly	“男女授受不亲，礼与？”	孟子·离娄上 7.21	2
ly	礼与？	孟子·离娄上 7.21	2
mzyly	孟子曰：“礼也。”	孟子·离娄上 7.22	1
ly	“礼也。”	孟子·离娄上 7.22	2
ysnzyzysh	曰：“嫂溺则援之以手乎？”	孟子·离娄上 7.23	1
snzyzysh	“嫂溺则援之以手乎？”	孟子·离娄上 7.23	2
ysnbyscly	曰：嫂溺不援，是豺狼也。	孟子·离娄上 7.24	1
snbyscly	嫂溺不援，是豺狼也。	孟子·离娄上 7.24	2
scly	是豺狼也。	孟子·离娄上 7.24	2
nnssbqlysnyzyszqy	男女授受不亲，礼也；嫂溺援之以手者，权也。	孟子·离娄上 7.24	1
lysnyzyszqy	礼也；嫂溺援之以手者，权也。	孟子·离娄上 7.24	2
snyzyszqy	嫂溺援之以手者，权也。	孟子·离娄上 7.24	2
qy	权也。	孟子·离娄上 7.24	2
yjtxnyfzzbyhy	曰：“今天下溺矣，夫子之不援，何也？”	孟子·离娄上 7.25	1
jtxnyfzzbyhy	“今天下溺矣，夫子之不援，何也？”	孟子·离娄上 7.25	2
fzzbyhy	夫子之不援，何也？	孟子·离娄上 7.25	2
ytxnyzydsnyzys	曰：天下溺，援之以道；嫂溺，援之以手。	孟子·离娄上 7.26	1
txnyzydsnyzys	天下溺，援之以道；嫂溺，援之以手。	孟子·离娄上 7.26	2
yzydsnyzys	援之以道；嫂溺，援之以手。	孟子·离娄上 7.26	2
snyzys	嫂溺，援之以手。	孟子·离娄上 7.26	2
yzys	援之以手。	孟子·离娄上 7.26	2
zysytxh	子欲手援天下乎？	孟子·离娄上 7.26	1
gscyjzzbjzhy	公孙丑曰：“君子之不教子，何也？”	孟子·离娄上 7.27	1
jzzbjzhy	“君子之不教子，何也？”	孟子·离娄上 7.27	2
mzysbxy	孟子曰：势不行也。	孟子·离娄上 7.28	1
sbxy	势不行也。	孟子·离娄上 7.28	2
jzbyzyzbxjzynjzynzfyy	教者必以正；以正不行，继之以怒；继之以怒，则反夷矣。	孟子·离娄上 7.28	1
yzbxjzynjzynzfyy	以正不行，继之以怒；继之以怒，则反夷矣。	孟子·离娄上 7.28	2
jzynjzynzfyy	继之以怒；继之以怒，则反夷矣。	孟子·离娄上 7.28	2
jzynzfyy	继之以怒，则反夷矣。	孟子·离娄上 7.28	2
zfyy	则反夷矣。	孟子·离娄上 7.28	2
fzjwyzfzwcyzy	‘夫子教我以正，夫子未出于正也。’	孟子·离娄上 7.28	1
fzwcyzy	夫子未出于正也。	孟子·离娄上 7.28	2
zsfzxyy	则是父子相夷也。	孟子·离娄上 7.28	1
fzxyzey	父子相夷，则恶矣。	孟子·离娄上 7.28	1
zey	则恶矣。	孟子·离娄上 7.28	2
gzyzejz	古者易子而教之。	孟子·离娄上 7.28	1
fzzjbzs	父子之间不责善。	孟子·离娄上 7.28	1
zszllzbxmdy	责善则离，离则不祥莫大焉。	孟子·离娄上 7.28	1
lzbxmdy	离则不祥莫大焉。	孟子·离娄上 7.28	2
mzysswd	孟子曰：事孰为大？	孟子·离娄上 7.29	1
sswd	事孰为大？	孟子·离娄上 7.29	2
sqwdsswd	事亲为大；守孰为大？	孟子·离娄上 7.29	1
sswd	守孰为大？	孟子·离娄上 7.29	2
sswd	守身为大。	孟子·离娄上 7.29	1
bsqsensqqzwwzysqsensqqzwwzwy	不失其身而能事其亲者，吾闻之矣；失其身而能事其亲者，吾未之闻也。	孟子·离娄上 7.29	1
wwzysqsensqqzwwzwy	吾闻之矣；失其身而能事其亲者，吾未之闻也。	孟子·离娄上 7.29	2
sqsensqqzwwzwy	失其身而能事其亲者，吾未之闻也。	孟子·离娄上 7.29	2
wwzwy	吾未之闻也。	孟子·离娄上 7.29	2
sbws	孰不为事？	孟子·离娄上 7.29	1
sqszbysbws	事亲，事之本也；孰不为守？	孟子·离娄上 7.29	1
szbysbws	事之本也；孰不为守？	孟子·离娄上 7.29	2
sbws	孰不为守？	孟子·离娄上 7.29	2
ssszby	守身，守之本也。	孟子·离娄上 7.29	1
szby	守之本也。	孟子·离娄上 7.29	2
czycxbyjr	曾子养曾皙，必有酒肉。	孟子·离娄上 7.29	1
byjr	必有酒肉。	孟子·离娄上 7.29	2
jcbqsy	将彻，必请所与。	孟子·离娄上 7.29	1
bqsy	必请所与。	孟子·离娄上 7.29	2
wyybyy	问有余，必曰‘有’。	孟子·离娄上 7.29	1
byy	必曰‘有’。	孟子·离娄上 7.29	2
cxscyyczbyjr	曾皙死，曾元养曾子，必有酒肉。	孟子·离娄上 7.29	1
cyyczbyjr	曾元养曾子，必有酒肉。	孟子·离娄上 7.29	2
jcbqsy	将彻，不请所与。	孟子·离娄上 7.29	1
bqsy	不请所与。	孟子·离娄上 7.29	2
wyyywy	问有余，曰‘亡矣’。	孟子·离娄上 7.29	1
ywy	曰‘亡矣’。	孟子·离娄上 7.29	2
jyfjy	将以复进也。	孟子·离娄上 7.29	1
cswyktzy	此所谓养口体者也。	孟子·离娄上 7.29	1
rczzkwyzy	若曾子，则可谓养志也。	孟子·离娄上 7.29	1
zkwyzy	则可谓养志也。	孟子·离娄上 7.29	2
sqrczzky	事亲若曾子者，可也。	孟子·离娄上 7.29	1
mzyrbzysyzbzjy	孟子曰：人不足与适也，政不足间也。	孟子·离娄上 7.30	1
rbzysyzbzjy	人不足与适也，政不足间也。	孟子·离娄上 7.30	2
zbzjy	政不足间也。	孟子·离娄上 7.30	2
wdrwngjxzf	惟大人为能格君心之非。	孟子·离娄上 7.30	1
jrmbrjymbyjzmbz	君仁莫不仁，君义莫不义，君正莫不正。	孟子·离娄上 7.30	1
jymbyjzmbz	君义莫不义，君正莫不正。	孟子·离娄上 7.30	2
jzmbz	君正莫不正。	孟子·离娄上 7.30	2
yzjegdy	一正君而国定矣。	孟子·离娄上 7.30	1
mzyybyzyyqqzh	孟子曰：“有不虞之誉，有求全之毁。”	孟子·离娄上 7.31	1
ybyzyyqqzh	“有不虞之誉，有求全之毁。”	孟子·离娄上 7.31	2
yqqzh	有求全之毁。	孟子·离娄上 7.31	2
mzyrzyqyywzey	孟子曰：“人之易其言也，无责耳矣。”	孟子·离娄上 7.32	1
rzyqyywzey	“人之易其言也，无责耳矣。”	孟子·离娄上 7.32	2
wzey	无责耳矣。	孟子·离娄上 7.32	2
mzyrzhzhwrs	孟子曰：“人之患在好为人师。”	孟子·离娄上 7.33	1
rzhzhwrs	“人之患在好为人师。”	孟子·离娄上 7.33	2
lzzcyzazq	乐正子从于子敖之齐。	孟子·离娄上 7.34	1
lzzjmz	乐正子见孟子。	孟子·离娄上 7.34	1
mzyzyljwh	孟子曰：“子亦来见我乎？”	孟子·离娄上 7.34	1
zyljwh	“子亦来见我乎？”	孟子·离娄上 7.34	2
yxshwccyy	曰：“先生何为出此言也？”	孟子·离娄上 7.34	1
xshwccyy	“先生何为出此言也？”	孟子·离娄上 7.34	2
yzljry	曰：“子来几日矣？”	孟子·离娄上 7.34	1
zljry	“子来几日矣？”	孟子·离娄上 7.34	2
yxx	曰：“昔昔。”	孟子·离娄上 7.34	1
xx	“昔昔。”	孟子·离娄上 7.34	2
yxxzwccyybyyh	曰：“昔昔，则我出此言也，不亦宜乎？”	孟子·离娄上 7.34	1
xxzwccyybyyh	“昔昔，则我出此言也，不亦宜乎？”	孟子·离娄上 7.34	2
zwccyybyyh	则我出此言也，不亦宜乎？	孟子·离娄上 7.34	2
ysgwd	曰：“舍馆未定。”	孟子·离娄上 7.34	1
sgwd	“舍馆未定。”	孟子·离娄上 7.34	2
yzwzysgdrhqjzzh	曰：“子闻之也，舍馆定，然后求见长者乎？”	孟子·离娄上 7.34	1
zwzysgdrhqjzzh	“子闻之也，舍馆定，然后求见长者乎？”	孟子·离娄上 7.34	2
sgdrhqjzzh	舍馆定，然后求见长者乎？	孟子·离娄上 7.34	2
rhqjzzh	然后求见长者乎？	孟子·离娄上 7.34	2
ykyz	曰：“克有罪。”	孟子·离娄上 7.34	1
kyz	“克有罪。”	孟子·离娄上 7.34	2
mzwlzzyzzcyzaltbcy	孟子谓乐正子曰：子之从于子敖来，徒𫗦啜也。	孟子·离娄上 7.35	1
zzcyzaltbcy	子之从于子敖来，徒𫗦啜也。	孟子·离娄上 7.35	2
tbcy	徒𫗦啜也。	孟子·离娄上 7.35	2
wbyzxgzdeybcy	我不意子学古之道，而以𫗦啜也。	孟子·离娄上 7.35	1
eybcy	而以𫗦啜也。	孟子·离娄上 7.35	2
mzybxyswhwd	孟子曰：不孝有三，无后为大。	孟子·离娄上 7.36	1
bxyswhwd	不孝有三，无后为大。	孟子·离娄上 7.36	2
whwd	无后为大。	孟子·离娄上 7.36	2
sbgeqwwhyjzywygy	舜不告而娶，为无后也，君子以为犹告也。	孟子·离娄上 7.36	1
wwhyjzywygy	为无后也，君子以为犹告也。	孟子·离娄上 7.36	2
jzywygy	君子以为犹告也。	孟子·离娄上 7.36	2
mzyrzssqsyyzscxsy	孟子曰：仁之实，事亲是也；义之实，从兄是也。	孟子·离娄上 7.37	1
rzssqsyyzscxsy	仁之实，事亲是也；义之实，从兄是也。	孟子·离娄上 7.37	2
sqsyyzscxsy	事亲是也；义之实，从兄是也。	孟子·离娄上 7.37	2
yzscxsy	义之实，从兄是也。	孟子·离娄上 7.37	2
cxsy	从兄是也。	孟子·离娄上 7.37	2
zzszsezfqsylzsjwsezsylzslsezlzsyszekyyekyzbzzzdzszwz	智之实，知斯二者弗去是也；礼之实，节文斯二者是也；乐之实，乐斯二者，乐则生矣；生则恶可已也，恶可已，则不知足之蹈之、手之舞之。	孟子·离娄上 7.37	1
zsezfqsylzsjwsezsylzslsezlzsyszekyyekyzbzzzdzszwz	知斯二者弗去是也；礼之实，节文斯二者是也；乐之实，乐斯二者，乐则生矣；生则恶可已也，恶可已，则不知足之蹈之、手之舞之。	孟子·离娄上 7.37	2
lzsjwsezsylzslsezlzsyszekyyekyzbzzzdzszwz	礼之实，节文斯二者是也；乐之实，乐斯二者，乐则生矣；生则恶可已也，恶可已，则不知足之蹈之、手之舞之。	孟子·离娄上 7.37	2
jwsezsylzslsezlzsyszekyyekyzbzzzdzszwz	节文斯二者是也；乐之实，乐斯二者，乐则生矣；生则恶可已也，恶可已，则不知足之蹈之、手之舞之。	孟子·离娄上 7.37	2
lzslsezlzsyszekyyekyzbzzzdzszwz	乐之实，乐斯二者，乐则生矣；生则恶可已也，恶可已，则不知足之蹈之、手之舞之。	孟子·离娄上 7.37	2
lsezlzsyszekyyekyzbzzzdzszwz	乐斯二者，乐则生矣；生则恶可已也，恶可已，则不知足之蹈之、手之舞之。	孟子·离娄上 7.37	2
lzsyszekyyekyzbzzzdzszwz	乐则生矣；生则恶可已也，恶可已，则不知足之蹈之、手之舞之。	孟子·离娄上 7.37	2
szekyyekyzbzzzdzszwz	生则恶可已也，恶可已，则不知足之蹈之、手之舞之。	孟子·离娄上 7.37	2
ekyzbzzzdzszwz	恶可已，则不知足之蹈之、手之舞之。	孟子·离娄上 7.37	2
zbzzzdzszwz	则不知足之蹈之、手之舞之。	孟子·离娄上 7.37	2
szwz	手之舞之。	孟子·离娄上 7.37	2
mzytxdyejgj	孟子曰：天下大悦而将归己。	孟子·离娄上 7.38	1
txdyejgj	天下大悦而将归己。	孟子·离娄上 7.38	2
stxyegjycjy	视天下悦而归己，犹草芥也。	孟子·离娄上 7.38	1
ycjy	犹草芥也。	孟子·离娄上 7.38	2
wswr	惟舜为然。	孟子·离娄上 7.38	1
bdhqbkywrbshqbkywz	不得乎亲，不可以为人；不顺乎亲，不可以为子。	孟子·离娄上 7.38	1
bkywrbshqbkywz	不可以为人；不顺乎亲，不可以为子。	孟子·离娄上 7.38	2
bshqbkywz	不顺乎亲，不可以为子。	孟子·离娄上 7.38	2
bkywz	不可以为子。	孟子·离娄上 7.38	2
sjsqzdegsdygsdyetxhgsdyetxzwfzzdczwdx	舜尽事亲之道而瞽瞍厎豫，瞽瞍厎豫而天下化，瞽瞍厎豫而天下之为父子者定，此之谓大孝。	孟子·离娄上 7.38	1
gsdyetxhgsdyetxzwfzzdczwdx	瞽瞍厎豫而天下化，瞽瞍厎豫而天下之为父子者定，此之谓大孝。	孟子·离娄上 7.38	2
gsdyetxzwfzzdczwdx	瞽瞍厎豫而天下之为父子者定，此之谓大孝。	孟子·离娄上 7.38	2
czwdx	此之谓大孝。	孟子·离娄上 7.38	2
mzyssyzfqyfxzymtdyzry	孟子曰：舜生于诸冯，迁于负夏，卒于鸣条，东夷之人也。	孟子·离娄下 8.1	1
ssyzfqyfxzymtdyzry	舜生于诸冯，迁于负夏，卒于鸣条，东夷之人也。	孟子·离娄下 8.1	2
qyfxzymtdyzry	迁于负夏，卒于鸣条，东夷之人也。	孟子·离娄下 8.1	2
zymtdyzry	卒于鸣条，东夷之人也。	孟子·离娄下 8.1	2
dyzry	东夷之人也。	孟子·离娄下 8.1	2
wwsyqzzybyxyzry	文王生于岐周，卒于毕郢，西夷之人也。	孟子·离娄下 8.1	1
zybyxyzry	卒于毕郢，西夷之人也。	孟子·离娄下 8.1	2
xyzry	西夷之人也。	孟子·离娄下 8.1	2
dzxqyqyylszxhyqyys	地之相去也，千有余里；世之相后也，千有余岁。	孟子·离娄下 8.1	1
qyylszxhyqyys	千有余里；世之相后也，千有余岁。	孟子·离娄下 8.1	2
szxhyqyys	世之相后也，千有余岁。	孟子·离娄下 8.1	2
qyys	千有余岁。	孟子·离娄下 8.1	2
dzxhzgrhfj	得志行乎中国，若合符节。	孟子·离娄下 8.1	1
rhfj	若合符节。	孟子·离娄下 8.1	2
xshsqkyy	先圣后圣，其揆一也。	孟子·离娄下 8.1	1
qkyy	其揆一也。	孟子·离娄下 8.1	2
zctzgzzyqsyjryqw	子产听郑国之政，以其乘舆济人于溱洧。	孟子·离娄下 8.2	1
yqsyjryqw	以其乘舆济人于溱洧。	孟子·离娄下 8.2	2
mzyhebzwz	孟子曰：惠而不知为政。	孟子·离娄下 8.2	1
hebzwz	惠而不知为政。	孟子·离娄下 8.2	2
ssyytgcseyylcmwbsy	岁十一月徒杠成，十二月舆梁成，民未病涉也。	孟子·离娄下 8.2	1
seyylcmwbsy	十二月舆梁成，民未病涉也。	孟子·离娄下 8.2	2
mwbsy	民未病涉也。	孟子·离娄下 8.2	2
jzpqzxprky	君子平其政，行辟人可也。	孟子·离娄下 8.2	1
xprky	行辟人可也。	孟子·离娄下 8.2	2
ydrrejz	焉得人人而济之？	孟子·离娄下 8.2	1
gwzzmreyzrybzy	故为政者，每人而悦之，日亦不足矣。	孟子·离娄下 8.2	1
mreyzrybzy	每人而悦之，日亦不足矣。	孟子·离娄下 8.2	2
rybzy	日亦不足矣。	孟子·离娄下 8.2	2
mzgqxwyjzscrszzcsjrfxjzscrqmzcsjrgrjzscrtjzcsjrkc	孟子告齐宣王曰：“君之视臣如手足，则臣视君如腹心；君之视臣如犬马，则臣视君如国人；君之视臣如土芥，则臣视君如寇雠。”	孟子·离娄下 8.3	1
jzscrszzcsjrfxjzscrqmzcsjrgrjzscrtjzcsjrkc	“君之视臣如手足，则臣视君如腹心；君之视臣如犬马，则臣视君如国人；君之视臣如土芥，则臣视君如寇雠。”	孟子·离娄下 8.3	2
zcsjrfxjzscrqmzcsjrgrjzscrtjzcsjrkc	则臣视君如腹心；君之视臣如犬马，则臣视君如国人；君之视臣如土芥，则臣视君如寇雠。	孟子·离娄下 8.3	2
jzscrqmzcsjrgrjzscrtjzcsjrkc	君之视臣如犬马，则臣视君如国人；君之视臣如土芥，则臣视君如寇雠。	孟子·离娄下 8.3	2
zcsjrgrjzscrtjzcsjrkc	则臣视君如国人；君之视臣如土芥，则臣视君如寇雠。	孟子·离娄下 8.3	2
jzscrtjzcsjrkc	君之视臣如土芥，则臣视君如寇雠。	孟子·离娄下 8.3	2
zcsjrkc	则臣视君如寇雠。	孟子·离娄下 8.3	2
wylwjjyfhrskwfy	王曰：“礼，为旧君有服，何如斯可为服矣？”	孟子·离娄下 8.4	1
lwjjyfhrskwfy	“礼，为旧君有服，何如斯可为服矣？”	孟子·离娄下 8.4	2
wjjyfhrskwfy	为旧君有服，何如斯可为服矣？	孟子·离娄下 8.4	2
hrskwfy	何如斯可为服矣？	孟子·离娄下 8.4	2
yjxytgzxymygeqzjsrdzcjyxyqswqsnbfrhsqtl	曰：谏行言听，膏泽下于民；有故而去，则君使人导之出疆，又先于其所往；去三年不反，然后收其田里。	孟子·离娄下 8.5	1
jxytgzxymygeqzjsrdzcjyxyqswqsnbfrhsqtl	谏行言听，膏泽下于民；有故而去，则君使人导之出疆，又先于其所往；去三年不反，然后收其田里。	孟子·离娄下 8.5	2
gzxymygeqzjsrdzcjyxyqswqsnbfrhsqtl	膏泽下于民；有故而去，则君使人导之出疆，又先于其所往；去三年不反，然后收其田里。	孟子·离娄下 8.5	2
ygeqzjsrdzcjyxyqswqsnbfrhsqtl	有故而去，则君使人导之出疆，又先于其所往；去三年不反，然后收其田里。	孟子·离娄下 8.5	2
zjsrdzcjyxyqswqsnbfrhsqtl	则君使人导之出疆，又先于其所往；去三年不反，然后收其田里。	孟子·离娄下 8.5	2
yxyqswqsnbfrhsqtl	又先于其所往；去三年不反，然后收其田里。	孟子·离娄下 8.5	2
qsnbfrhsqtl	去三年不反，然后收其田里。	孟子·离娄下 8.5	2
rhsqtl	然后收其田里。	孟子·离娄下 8.5	2
czwsyly	此之谓三有礼焉。	孟子·离娄下 8.5	1
rczwzfy	如此，则为之服矣。	孟子·离娄下 8.5	1
zwzfy	则为之服矣。	孟子·离娄下 8.5	2
jywc	今也为臣。	孟子·离娄下 8.5	1
jzbxyzbtgzbxymygeqzjbzzyjzyqswqzrssqtl	谏则不行，言则不听；膏泽不下于民；有故而去，则君搏执之，又极之于其所往；去之日，遂收其田里。	孟子·离娄下 8.5	1
yzbtgzbxymygeqzjbzzyjzyqswqzrssqtl	言则不听；膏泽不下于民；有故而去，则君搏执之，又极之于其所往；去之日，遂收其田里。	孟子·离娄下 8.5	2
gzbxymygeqzjbzzyjzyqswqzrssqtl	膏泽不下于民；有故而去，则君搏执之，又极之于其所往；去之日，遂收其田里。	孟子·离娄下 8.5	2
ygeqzjbzzyjzyqswqzrssqtl	有故而去，则君搏执之，又极之于其所往；去之日，遂收其田里。	孟子·离娄下 8.5	2
zjbzzyjzyqswqzrssqtl	则君搏执之，又极之于其所往；去之日，遂收其田里。	孟子·离娄下 8.5	2
yjzyqswqzrssqtl	又极之于其所往；去之日，遂收其田里。	孟子·离娄下 8.5	2
qzrssqtl	去之日，遂收其田里。	孟子·离娄下 8.5	2
ssqtl	遂收其田里。	孟子·离娄下 8.5	2
czwkc	此之谓寇雠。	孟子·离娄下 8.5	1
kchfzy	寇雠何服之有？	孟子·离娄下 8.5	1
mzywzesszdfkyqwzelmzskyx	孟子曰：“无罪而杀士，则大夫可以去；无罪而戮民，则士可以徙。”	孟子·离娄下 8.6	1
wzesszdfkyqwzelmzskyx	“无罪而杀士，则大夫可以去；无罪而戮民，则士可以徙。”	孟子·离娄下 8.6	2
zdfkyqwzelmzskyx	则大夫可以去；无罪而戮民，则士可以徙。	孟子·离娄下 8.6	2
wzelmzskyx	无罪而戮民，则士可以徙。	孟子·离娄下 8.6	2
zskyx	则士可以徙。	孟子·离娄下 8.6	2
mzyjrmbrjymby	孟子曰：“君仁莫不仁，君义莫不义。”	孟子·离娄下 8.7	1
jrmbrjymby	“君仁莫不仁，君义莫不义。”	孟子·离娄下 8.7	2
jymby	君义莫不义。	孟子·离娄下 8.7	2
mzyflzlfyzydrfw	孟子曰：“非礼之礼，非义之义，大人弗为。”	孟子·离娄下 8.8	1
flzlfyzydrfw	“非礼之礼，非义之义，大人弗为。”	孟子·离娄下 8.8	2
fyzydrfw	非义之义，大人弗为。	孟子·离娄下 8.8	2
drfw	大人弗为。	孟子·离娄下 8.8	2
mzyzyybzcyybcgrlyxfxy	孟子曰：中也养不中，才也养不才，故人乐有贤父兄也。	孟子·离娄下 8.9	1
zyybzcyybcgrlyxfxy	中也养不中，才也养不才，故人乐有贤父兄也。	孟子·离娄下 8.9	2
cyybcgrlyxfxy	才也养不才，故人乐有贤父兄也。	孟子·离娄下 8.9	2
grlyxfxy	故人乐有贤父兄也。	孟子·离娄下 8.9	2
rzyqbzcyqbczxbxzxqqxbnyc	如中也弃不中，才也弃不才，则贤不肖之相去，其闲不能以寸。	孟子·离娄下 8.9	1
cyqbczxbxzxqqxbnyc	才也弃不才，则贤不肖之相去，其闲不能以寸。	孟子·离娄下 8.9	2
zxbxzxqqxbnyc	则贤不肖之相去，其闲不能以寸。	孟子·离娄下 8.9	2
qxbnyc	其闲不能以寸。	孟子·离娄下 8.9	2
mzyrybwyehkyyw	孟子曰：“人有不为也，而后可以有为。”	孟子·离娄下 8.10	1
rybwyehkyyw	“人有不为也，而后可以有为。”	孟子·离娄下 8.10	2
ehkyyw	而后可以有为。	孟子·离娄下 8.10	2
mzyyrzbsdrhhh	孟子曰：“言人之不善，当如后患何？”	孟子·离娄下 8.11	1
yrzbsdrhhh	“言人之不善，当如后患何？”	孟子·离娄下 8.11	2
drhhh	当如后患何？	孟子·离娄下 8.11	2
mzyznbwysz	孟子曰：“仲尼不为已甚者。”	孟子·离娄下 8.12	1
znbwysz	“仲尼不为已甚者。”	孟子·离娄下 8.12	2
mzydrzybbxxbbgwysz	孟子曰：“大人者，言不必信，行不必果，惟义所在。”	孟子·离娄下 8.13	1
drzybbxxbbgwysz	“大人者，言不必信，行不必果，惟义所在。”	孟子·离娄下 8.13	2
ybbxxbbgwysz	言不必信，行不必果，惟义所在。	孟子·离娄下 8.13	2
xbbgwysz	行不必果，惟义所在。	孟子·离娄下 8.13	2
wysz	惟义所在。	孟子·离娄下 8.13	2
mzydrzbsqczzxzy	孟子曰：“大人者，不失其赤子之心者也。”	孟子·离娄下 8.14	1
drzbsqczzxzy	“大人者，不失其赤子之心者也。”	孟子·离娄下 8.14	2
bsqczzxzy	不失其赤子之心者也。	孟子·离娄下 8.14	2
mzyyszbzyddswsskydds	孟子曰：“养生者不足以当大事，惟送死可以当大事。”	孟子·离娄下 8.15	1
yszbzyddswsskydds	“养生者不足以当大事，惟送死可以当大事。”	孟子·离娄下 8.15	2
wsskydds	惟送死可以当大事。	孟子·离娄下 8.15	2
mzyjzszzydyqzdzy	孟子曰：君子深造之以道，欲其自得之也。	孟子·离娄下 8.16	1
jzszzydyqzdzy	君子深造之以道，欲其自得之也。	孟子·离娄下 8.16	2
yqzdzy	欲其自得之也。	孟子·离娄下 8.16	2
zdzzjzajzazzzszzszqzzyfqygjzyqzdzy	自得之，则居之安；居之安，则资之深；资之深，则取之左右逢其原，故君子欲其自得之也。	孟子·离娄下 8.16	1
zjzajzazzzszzszqzzyfqygjzyqzdzy	则居之安；居之安，则资之深；资之深，则取之左右逢其原，故君子欲其自得之也。	孟子·离娄下 8.16	2
jzazzzszzszqzzyfqygjzyqzdzy	居之安，则资之深；资之深，则取之左右逢其原，故君子欲其自得之也。	孟子·离娄下 8.16	2
zzzszzszqzzyfqygjzyqzdzy	则资之深；资之深，则取之左右逢其原，故君子欲其自得之也。	孟子·离娄下 8.16	2
zzszqzzyfqygjzyqzdzy	资之深，则取之左右逢其原，故君子欲其自得之也。	孟子·离娄下 8.16	2
zqzzyfqygjzyqzdzy	则取之左右逢其原，故君子欲其自得之也。	孟子·离娄下 8.16	2
gjzyqzdzy	故君子欲其自得之也。	孟子·离娄下 8.16	2
mzybxexszjyfsyy	孟子曰：“博学而详说之，将以反说约也。”	孟子·离娄下 8.17	1
bxexszjyfsyy	“博学而详说之，将以反说约也。”	孟子·离娄下 8.17	2
jyfsyy	将以反说约也。	孟子·离娄下 8.17	2
mzyysfrzwynfrzyysyrrhnftx	孟子曰：以善服人者，未有能服人者也；以善养人，然后能服天下。	孟子·离娄下 8.18	1
ysfrzwynfrzyysyrrhnftx	以善服人者，未有能服人者也；以善养人，然后能服天下。	孟子·离娄下 8.18	2
wynfrzyysyrrhnftx	未有能服人者也；以善养人，然后能服天下。	孟子·离娄下 8.18	2
ysyrrhnftx	以善养人，然后能服天下。	孟子·离娄下 8.18	2
rhnftx	然后能服天下。	孟子·离娄下 8.18	2
txbxfewzwzyy	天下不心服而王者，未之有也。	孟子·离娄下 8.18	1
mzyywsbx	孟子曰：言无实不祥。	孟子·离娄下 8.19	1
ywsbx	言无实不祥。	孟子·离娄下 8.19	2
bxzsbxzdz	不祥之实，蔽贤者当之。	孟子·离娄下 8.19	1
bxzdz	蔽贤者当之。	孟子·离娄下 8.19	2
xzyznjcysyszsz	徐子曰：仲尼亟称于水，曰：‘水哉，水哉！’	孟子·离娄下 8.20	1
znjcysyszsz	仲尼亟称于水，曰：‘水哉，水哉！’	孟子·离娄下 8.20	2
yszsz	曰：‘水哉，水哉！’	孟子·离娄下 8.20	2
szsz	‘水哉，水哉！’	孟子·离娄下 8.20	2
sz	水哉！	孟子·离娄下 8.20	2
hqysy	何取于水也？	孟子·离娄下 8.20	1
mzyyqhhbszy	孟子曰：原泉混混，不舍昼夜。	孟子·离娄下 8.21	1
yqhhbszy	原泉混混，不舍昼夜。	孟子·离娄下 8.21	2
ykehjfhshybzrsszqe	盈科而后进，放乎四海，有本者如是，是之取尔。	孟子·离娄下 8.21	1
fhshybzrsszqe	放乎四海，有本者如是，是之取尔。	孟子·离娄下 8.21	2
ybzrsszqe	有本者如是，是之取尔。	孟子·离娄下 8.21	2
szqe	是之取尔。	孟子·离娄下 8.21	2
gwwbqbyzxyjghjyqhykledy	苟为无本，七八月之闲雨集，沟浍皆盈；其涸也，可立而待也。	孟子·离娄下 8.21	1
qbyzxyjghjyqhykledy	七八月之闲雨集，沟浍皆盈；其涸也，可立而待也。	孟子·离娄下 8.21	2
ghjyqhykledy	沟浍皆盈；其涸也，可立而待也。	孟子·离娄下 8.21	2
qhykledy	其涸也，可立而待也。	孟子·离娄下 8.21	2
kledy	可立而待也。	孟子·离娄下 8.21	2
gswgqjzcz	故声闻过情，君子耻之。	孟子·离娄下 8.21	1
jzcz	君子耻之。	孟子·离娄下 8.21	2
mzyrzsyyyqyszjxsmqzjzcz	孟子曰：人之所以异于禽于兽者几希，庶民去之，君子存之。	孟子·离娄下 8.22	1
rzsyyyqyszjxsmqzjzcz	人之所以异于禽于兽者几希，庶民去之，君子存之。	孟子·离娄下 8.22	2
smqzjzcz	庶民去之，君子存之。	孟子·离娄下 8.22	2
jzcz	君子存之。	孟子·离娄下 8.22	2
smyswcyrlyryxfxryy	舜明于庶物，察于人伦，由仁义行，非行仁义也。	孟子·离娄下 8.22	1
cyrlyryxfxryy	察于人伦，由仁义行，非行仁义也。	孟子·离娄下 8.22	2
yryxfxryy	由仁义行，非行仁义也。	孟子·离娄下 8.22	2
fxryy	非行仁义也。	孟子·离娄下 8.22	2
mzyyezjehsy	孟子曰：禹恶旨酒而好善言。	孟子·离娄下 8.23	1
yezjehsy	禹恶旨酒而好善言。	孟子·离娄下 8.23	2
tzzlxwf	汤执中，立贤无方。	孟子·离娄下 8.23	1
lxwf	立贤无方。	孟子·离娄下 8.23	2
wwsmrswdewzj	文王视民如伤，望道而未之见。	孟子·离娄下 8.23	1
wdewzj	望道而未之见。	孟子·离娄下 8.23	2
wwbxebwy	武王不泄迩，不忘远。	孟子·离娄下 8.23	1
bwy	不忘远。	孟子·离娄下 8.23	2
zgsjswysssqybhzyeszyyjrxedzzydd	周公思兼三王，以施四事；其有不合者，仰而思之，夜以继日；幸而得之，坐以待旦。	孟子·离娄下 8.23	1
ysssqybhzyeszyyjrxedzzydd	以施四事；其有不合者，仰而思之，夜以继日；幸而得之，坐以待旦。	孟子·离娄下 8.23	2
qybhzyeszyyjrxedzzydd	其有不合者，仰而思之，夜以继日；幸而得之，坐以待旦。	孟子·离娄下 8.23	2
yeszyyjrxedzzydd	仰而思之，夜以继日；幸而得之，坐以待旦。	孟子·离娄下 8.23	2
yyjrxedzzydd	夜以继日；幸而得之，坐以待旦。	孟子·离娄下 8.23	2
xedzzydd	幸而得之，坐以待旦。	孟子·离娄下 8.23	2
zydd	坐以待旦。	孟子·离娄下 8.23	2
mzywzzjxeswswrhcqz	孟子曰：王者之迹熄而诗亡，诗亡然后春秋作。	孟子·离娄下 8.24	1
wzzjxeswswrhcqz	王者之迹熄而诗亡，诗亡然后春秋作。	孟子·离娄下 8.24	2
swrhcqz	诗亡然后春秋作。	孟子·离娄下 8.24	2
jzccztwlzcqyy	晋之乘，楚之梼杌，鲁之春秋，一也。	孟子·离娄下 8.24	1
cztwlzcqyy	楚之梼杌，鲁之春秋，一也。	孟子·离娄下 8.24	2
lzcqyy	鲁之春秋，一也。	孟子·离娄下 8.24	2
qszqhjwqwzs	其事则齐桓、晋文，其文则史。	孟子·离娄下 8.24	1
jwqwzs	晋文，其文则史。	孟子·离娄下 8.24	2
qwzs	其文则史。	孟子·离娄下 8.24	2
kzyqyzqqqzy	孔子曰：‘其义则丘窃取之矣。’	孟子·离娄下 8.24	1
qyzqqqzy	‘其义则丘窃取之矣。’	孟子·离娄下 8.24	2
mzyjzzzwsezxrzzwsez	孟子曰：君子之泽五世而斩，小人之泽五世而斩。	孟子·离娄下 8.25	1
jzzzwsezxrzzwsez	君子之泽五世而斩，小人之泽五世而斩。	孟子·离娄下 8.25	2
xrzzwsez	小人之泽五世而斩。	孟子·离娄下 8.25	2
ywdwkztyysszry	予未得为孔子徒也，予私淑诸人也。	孟子·离娄下 8.25	1
ysszry	予私淑诸人也。	孟子·离娄下 8.25	2
mzykyqkywqqslkyykywyyshkyskywsssy	孟子曰：“可以取，可以无取，取伤廉；可以与，可以无与，与伤惠；可以死，可以无死，死伤勇。”	孟子·离娄下 8.26	1
kyqkywqqslkyykywyyshkyskywsssy	“可以取，可以无取，取伤廉；可以与，可以无与，与伤惠；可以死，可以无死，死伤勇。”	孟子·离娄下 8.26	2
kywqqslkyykywyyshkyskywsssy	可以无取，取伤廉；可以与，可以无与，与伤惠；可以死，可以无死，死伤勇。	孟子·离娄下 8.26	2
qslkyykywyyshkyskywsssy	取伤廉；可以与，可以无与，与伤惠；可以死，可以无死，死伤勇。	孟子·离娄下 8.26	2
kyykywyyshkyskywsssy	可以与，可以无与，与伤惠；可以死，可以无死，死伤勇。	孟子·离娄下 8.26	2
kywyyshkyskywsssy	可以无与，与伤惠；可以死，可以无死，死伤勇。	孟子·离娄下 8.26	2
yshkyskywsssy	与伤惠；可以死，可以无死，死伤勇。	孟子·离娄下 8.26	2
kyskywsssy	可以死，可以无死，死伤勇。	孟子·离娄下 8.26	2
kywsssy	可以无死，死伤勇。	孟子·离娄下 8.26	2
ssy	死伤勇。	孟子·离娄下 8.26	2
pmxsyyjyzdstxwywyjyssy	逄蒙学射于羿，尽羿之道，思天下惟羿为愈己，于是杀羿。	孟子·离娄下 8.27	1
jyzdstxwywyjyssy	尽羿之道，思天下惟羿为愈己，于是杀羿。	孟子·离娄下 8.27	2
stxwywyjyssy	思天下惟羿为愈己，于是杀羿。	孟子·离娄下 8.27	2
yssy	于是杀羿。	孟子·离娄下 8.27	2
mzysyyyzy	孟子曰：“是亦羿有罪焉。”	孟子·离娄下 8.27	1
syyyzy	“是亦羿有罪焉。”	孟子·离娄下 8.27	2
gmyyyrwzy	公明仪曰：“宜若无罪焉。”	孟子·离娄下 8.27	1
yrwzy	“宜若无罪焉。”	孟子·离娄下 8.27	2
ybhyeedwz	曰：薄乎云尔，恶得无罪？	孟子·离娄下 8.27	1
bhyeedwz	薄乎云尔，恶得无罪？	孟子·离娄下 8.27	2
edwz	恶得无罪？	孟子·离娄下 8.27	2
zrszzrzqwwsygzszz	郑人使子濯孺子侵卫，卫使庾公之斯追之。	孟子·离娄下 8.27	1
wsygzszz	卫使庾公之斯追之。	孟子·离娄下 8.27	2
zzrzyjrwjzbkyzgwsyf	子濯孺子曰：‘今日我疾作，不可以执弓，吾死矣夫！’	孟子·离娄下 8.27	1
jrwjzbkyzgwsyf	‘今日我疾作，不可以执弓，吾死矣夫！’	孟子·离娄下 8.27	2
bkyzgwsyf	不可以执弓，吾死矣夫！	孟子·离娄下 8.27	2
wsyf	吾死矣夫！	孟子·离娄下 8.27	2
wqpyzwzsy	问其仆曰：‘追我者谁也？’	孟子·离娄下 8.27	1
zwzsy	‘追我者谁也？’	孟子·离娄下 8.27	2
qpyygzsy	其仆曰：‘庾公之斯也。’	孟子·离娄下 8.27	1
ygzsy	‘庾公之斯也。’	孟子·离娄下 8.27	2
ywsy	曰：‘吾生矣。’	孟子·离娄下 8.27	1
wsy	‘吾生矣。’	孟子·离娄下 8.27	2
qpyygzswzsszyfzywshwy	其仆曰：‘庾公之斯，卫之善射者也，夫子曰“吾生”，何谓也？’	孟子·离娄下 8.27	1
ygzswzsszyfzywshwy	‘庾公之斯，卫之善射者也，夫子曰“吾生”，何谓也？’	孟子·离娄下 8.27	2
wzsszyfzywshwy	卫之善射者也，夫子曰“吾生”，何谓也？	孟子·离娄下 8.27	2
fzywshwy	夫子曰“吾生”，何谓也？	孟子·离娄下 8.27	2
yygzsxsyygztygztxsyw	曰：庾公之斯学射于尹公之他，尹公之他学射于我。	孟子·离娄下 8.27	1
ygzsxsyygztygztxsyw	庾公之斯学射于尹公之他，尹公之他学射于我。	孟子·离娄下 8.27	2
ygztxsyw	尹公之他学射于我。	孟子·离娄下 8.27	2
fygztdryqqybdy	夫尹公之他，端人也，其取友必端矣。	孟子·离娄下 8.27	1
dryqqybdy	端人也，其取友必端矣。	孟子·离娄下 8.27	2
qqybdy	其取友必端矣。	孟子·离娄下 8.27	2
ygzszyfzhwbzg	庾公之斯至，曰：‘夫子何为不执弓？’	孟子·离娄下 8.27	1
yfzhwbzg	曰：‘夫子何为不执弓？’	孟子·离娄下 8.27	2
fzhwbzg	‘夫子何为不执弓？’	孟子·离娄下 8.27	2
yjrwjzbkyzg	曰：‘今日我疾作，不可以执弓。’	孟子·离娄下 8.27	1
jrwjzbkyzg	‘今日我疾作，不可以执弓。’	孟子·离娄下 8.27	2
bkyzg	不可以执弓。	孟子·离娄下 8.27	2
yxrxsyygztygztxsyfz	曰：小人学射于尹公之他，尹公之他学射于夫子。	孟子·离娄下 8.27	1
xrxsyygztygztxsyfz	小人学射于尹公之他，尹公之他学射于夫子。	孟子·离娄下 8.27	2
ygztxsyfz	尹公之他学射于夫子。	孟子·离娄下 8.27	2
wbryfzzdfhfz	我不忍以夫子之道反害夫子。	孟子·离娄下 8.27	1
srjrzsjsywbgf	虽然，今日之事，君事也，我不敢废。	孟子·离娄下 8.27	1
jrzsjsywbgf	今日之事，君事也，我不敢废。	孟子·离娄下 8.27	2
jsywbgf	君事也，我不敢废。	孟子·离娄下 8.27	2
wbgf	我不敢废。	孟子·离娄下 8.27	2
csklqqjfcsehf	抽矢扣轮，去其金，发乘矢而后反。	孟子·离娄下 8.27	1
qqjfcsehf	去其金，发乘矢而后反。	孟子·离娄下 8.27	2
fcsehf	发乘矢而后反。	孟子·离娄下 8.27	2
mzyxzmbjzrjybegz	孟子曰：西子蒙不洁，则人皆掩鼻而过之。	孟子·离娄下 8.28	1
xzmbjzrjybegz	西子蒙不洁，则人皆掩鼻而过之。	孟子·离娄下 8.28	2
zrjybegz	则人皆掩鼻而过之。	孟子·离娄下 8.28	2
syerqjmyzkyssd	虽有恶人，齐戒沐浴，则可以祀上帝。	孟子·离娄下 8.28	1
qjmyzkyssd	齐戒沐浴，则可以祀上帝。	孟子·离娄下 8.28	2
zkyssd	则可以祀上帝。	孟子·离娄下 8.28	2
mzytxzyxyzgeyy	孟子曰：天下之言性也，则故而已矣。	孟子·离娄下 8.29	1
txzyxyzgeyy	天下之言性也，则故而已矣。	孟子·离娄下 8.29	2
zgeyy	则故而已矣。	孟子·离娄下 8.29	2
gzylwb	故者以利为本。	孟子·离娄下 8.29	1
seyzzwqzy	所恶于智者，为其凿也。	孟子·离娄下 8.29	1
wqzy	为其凿也。	孟子·离娄下 8.29	2
rzzryzxsyzweyzy	如智者若禹之行水也，则无恶于智矣。	孟子·离娄下 8.29	1
zweyzy	则无恶于智矣。	孟子·离娄下 8.29	2
yzxsyxqswsy	禹之行水也，行其所无事也。	孟子·离娄下 8.29	1
xqswsy	行其所无事也。	孟子·离娄下 8.29	2
rzzyxqswszzydy	如智者亦行其所无事，则智亦大矣。	孟子·离娄下 8.29	1
zzydy	则智亦大矣。	孟子·离娄下 8.29	2
tzgyxczyygqqgqszrzkzezy	天之高也，星辰之远也，苟求其故，千岁之日至，可坐而致也。	孟子·离娄下 8.29	1
xczyygqqgqszrzkzezy	星辰之远也，苟求其故，千岁之日至，可坐而致也。	孟子·离娄下 8.29	2
gqqgqszrzkzezy	苟求其故，千岁之日至，可坐而致也。	孟子·离娄下 8.29	2
qszrzkzezy	千岁之日至，可坐而致也。	孟子·离娄下 8.29	2
kzezy	可坐而致也。	孟子·离娄下 8.29	2
gxzyzzsyswdrmyjeyysyzyjyszweyysyz	公行子有子之丧，右师往吊，入门，有进而与右师言者，有就右师之位而与右师言者。	孟子·离娄下 8.30	1
yswdrmyjeyysyzyjyszweyysyz	右师往吊，入门，有进而与右师言者，有就右师之位而与右师言者。	孟子·离娄下 8.30	2
rmyjeyysyzyjyszweyysyz	入门，有进而与右师言者，有就右师之位而与右师言者。	孟子·离娄下 8.30	2
yjeyysyzyjyszweyysyz	有进而与右师言者，有就右师之位而与右师言者。	孟子·离娄下 8.30	2
yjyszweyysyz	有就右师之位而与右师言者。	孟子·离娄下 8.30	2
mzbyysyysbyyzjzjyhymzdbyhysjhy	孟子不与右师言，右师不悦曰：“诸君子皆与驩言，孟子独不与驩言，是简驩也。”	孟子·离娄下 8.30	1
ysbyyzjzjyhymzdbyhysjhy	右师不悦曰：“诸君子皆与驩言，孟子独不与驩言，是简驩也。”	孟子·离娄下 8.30	2
zjzjyhymzdbyhysjhy	“诸君子皆与驩言，孟子独不与驩言，是简驩也。”	孟子·离娄下 8.30	2
mzdbyhysjhy	孟子独不与驩言，是简驩也。	孟子·离娄下 8.30	2
sjhy	是简驩也。	孟子·离娄下 8.30	2
mzwzylctblwexyybyjexyy	孟子闻之，曰：礼，朝廷不历位而相与言，不逾阶而相揖也。	孟子·离娄下 8.31	1
ylctblwexyybyjexyy	曰：礼，朝廷不历位而相与言，不逾阶而相揖也。	孟子·离娄下 8.31	2
lctblwexyybyjexyy	礼，朝廷不历位而相与言，不逾阶而相揖也。	孟子·离娄下 8.31	2
ctblwexyybyjexyy	朝廷不历位而相与言，不逾阶而相揖也。	孟子·离娄下 8.31	2
byjexyy	不逾阶而相揖也。	孟子·离娄下 8.31	2
wyxlzaywwjbyyh	我欲行礼，子敖以我为简，不亦异乎？	孟子·离娄下 8.31	1
zaywwjbyyh	子敖以我为简，不亦异乎？	孟子·离娄下 8.31	2
byyh	不亦异乎？	孟子·离娄下 8.31	2
mzyjzsyyyrzyqcxy	孟子曰：君子所以异于人者，以其存心也。	孟子·离娄下 8.32	1
jzsyyyrzyqcxy	君子所以异于人者，以其存心也。	孟子·离娄下 8.32	2
yqcxy	以其存心也。	孟子·离娄下 8.32	2
jzyrcxylcx	君子以仁存心，以礼存心。	孟子·离娄下 8.32	1
ylcx	以礼存心。	孟子·离娄下 8.32	2
rzarylzjr	仁者爱人，有礼者敬人。	孟子·离娄下 8.32	1
ylzjr	有礼者敬人。	孟子·离娄下 8.32	2
arzrhazjrzrhjz	爱人者人恒爱之，敬人者人恒敬之。	孟子·离娄下 8.32	1
jrzrhjz	敬人者人恒敬之。	孟子·离娄下 8.32	2
yrycqdwyhnzjzbzfywbbrybwlycwxyzz	有人于此，其待我以横逆，则君子必自反也：我必不仁也，必无礼也，此物奚宜至哉？	孟子·离娄下 8.32	1
qdwyhnzjzbzfywbbrybwlycwxyzz	其待我以横逆，则君子必自反也：我必不仁也，必无礼也，此物奚宜至哉？	孟子·离娄下 8.32	2
zjzbzfywbbrybwlycwxyzz	则君子必自反也：我必不仁也，必无礼也，此物奚宜至哉？	孟子·离娄下 8.32	2
wbbrybwlycwxyzz	我必不仁也，必无礼也，此物奚宜至哉？	孟子·离娄下 8.32	2
bwlycwxyzz	必无礼也，此物奚宜至哉？	孟子·离娄下 8.32	2
cwxyzz	此物奚宜至哉？	孟子·离娄下 8.32	2
qzferyzfeylyqhnysyjzbzfywbbz	其自反而仁矣，自反而有礼矣，其横逆由是也，君子必自反也：我必不忠。	孟子·离娄下 8.32	1
zfeylyqhnysyjzbzfywbbz	自反而有礼矣，其横逆由是也，君子必自反也：我必不忠。	孟子·离娄下 8.32	2
qhnysyjzbzfywbbz	其横逆由是也，君子必自反也：我必不忠。	孟子·离娄下 8.32	2
jzbzfywbbz	君子必自反也：我必不忠。	孟子·离娄下 8.32	2
wbbz	我必不忠。	孟子·离娄下 8.32	2
zfezyqhnysyjzycywryyy	自反而忠矣，其横逆由是也，君子曰：此亦妄人也已矣。	孟子·离娄下 8.32	1
qhnysyjzycywryyy	其横逆由是也，君子曰：此亦妄人也已矣。	孟子·离娄下 8.32	2
jzycywryyy	君子曰：此亦妄人也已矣。	孟子·离娄下 8.32	2
cywryyy	此亦妄人也已矣。	孟子·离娄下 8.32	2
rczyqsxzz	如此则与禽兽奚择哉？	孟子·离娄下 8.32	1
yqsyhny	于禽兽又何难焉？	孟子·离娄下 8.32	1
sgjzyzszywyzzhy	是故君子有终身之忧，无一朝之患也。	孟子·离娄下 8.32	1
wyzzhy	无一朝之患也。	孟子·离娄下 8.32	2
nrsyzyzsrywyry	乃若所忧则有之：舜人也，我亦人也。	孟子·离娄下 8.32	1
srywyry	舜人也，我亦人也。	孟子·离娄下 8.32	2
wyry	我亦人也。	孟子·离娄下 8.32	2
swfytxkcyhswywmwxryszkyy	舜为法于天下，可传于后世，我由未免为乡人也，是则可忧也。	孟子·离娄下 8.32	1
kcyhswywmwxryszkyy	可传于后世，我由未免为乡人也，是则可忧也。	孟子·离娄下 8.32	2
wywmwxryszkyy	我由未免为乡人也，是则可忧也。	孟子·离娄下 8.32	2
szkyy	是则可忧也。	孟子·离娄下 8.32	2
yzrh	忧之如何？	孟子·离娄下 8.32	1
rseyy	如舜而已矣。	孟子·离娄下 8.32	1
rfjzshzwy	若夫君子所患则亡矣。	孟子·离娄下 8.32	1
frwwyflwxy	非仁无为也，非礼无行也。	孟子·离娄下 8.32	1
flwxy	非礼无行也。	孟子·离娄下 8.32	2
ryyzzhzjzbhy	如有一朝之患，则君子不患矣。	孟子·离娄下 8.32	1
zjzbhy	则君子不患矣。	孟子·离娄下 8.32	2
yjdpssgqmebrkzxz	禹、稷当平世，三过其门而不入，孔子贤之。	孟子·离娄下 8.33	1
jdpssgqmebrkzxz	稷当平世，三过其门而不入，孔子贤之。	孟子·离娄下 8.33	2
sgqmebrkzxz	三过其门而不入，孔子贤之。	孟子·离娄下 8.33	2
kzxz	孔子贤之。	孟子·离娄下 8.33	2
yzdlsjylx	颜子当乱世，居于陋巷。	孟子·离娄下 8.33	1
jylx	居于陋巷。	孟子·离娄下 8.33	2
ydsypy	一箪食，一瓢饮。	孟子·离娄下 8.33	1
ypy	一瓢饮。	孟子·离娄下 8.33	2
rbkqyyzbgqlkzxz	人不堪其忧，颜子不改其乐，孔子贤之。	孟子·离娄下 8.33	1
yzbgqlkzxz	颜子不改其乐，孔子贤之。	孟子·离娄下 8.33	2
mzyyjyhtd	孟子曰：禹、稷、颜回同道。	孟子·离娄下 8.33	1
yjyhtd	禹、稷、颜回同道。	孟子·离娄下 8.33	2
jyhtd	稷、颜回同道。	孟子·离娄下 8.33	2
yhtd	颜回同道。	孟子·离娄下 8.33	2
ystxynzyjnzyjstxyjzyjjzysyrsqjy	禹思天下有溺者，由己溺之也；稷思天下有饥者，由己饥之也，是以如是其急也。	孟子·离娄下 8.33	1
yjnzyjstxyjzyjjzysyrsqjy	由己溺之也；稷思天下有饥者，由己饥之也，是以如是其急也。	孟子·离娄下 8.33	2
jstxyjzyjjzysyrsqjy	稷思天下有饥者，由己饥之也，是以如是其急也。	孟子·离娄下 8.33	2
yjjzysyrsqjy	由己饥之也，是以如是其急也。	孟子·离娄下 8.33	2
syrsqjy	是以如是其急也。	孟子·离娄下 8.33	2
yjyzydzjr	禹、稷、颜子易地则皆然。	孟子·离娄下 8.33	1
jyzydzjr	稷、颜子易地则皆然。	孟子·离娄下 8.33	2
yzydzjr	颜子易地则皆然。	孟子·离娄下 8.33	2
jytszrdzjzspfygejzky	今有同室之人鬬者，救之，虽被发缨冠而救之，可也。	孟子·离娄下 8.33	1
jzspfygejzky	救之，虽被发缨冠而救之，可也。	孟子·离娄下 8.33	2
spfygejzky	虽被发缨冠而救之，可也。	孟子·离娄下 8.33	2
xlydzpfygewjzzhysbhky	乡邻有鬬者，被发缨冠而往救之，则惑也，虽闭户可也。	孟子·离娄下 8.33	1
pfygewjzzhysbhky	被发缨冠而往救之，则惑也，虽闭户可也。	孟子·离娄下 8.33	2
zhysbhky	则惑也，虽闭户可也。	孟子·离娄下 8.33	2
sbhky	虽闭户可也。	孟子·离娄下 8.33	2
gdzykztgjcbxy	公都子曰：匡章，通国皆称不孝焉。	孟子·离娄下 8.34	1
kztgjcbxy	匡章，通国皆称不孝焉。	孟子·离娄下 8.34	2
tgjcbxy	通国皆称不孝焉。	孟子·离娄下 8.34	2
fzyzyycelmzgwhy	夫子与之游，又从而礼貌之，敢问何也？	孟子·离娄下 8.34	1
ycelmzgwhy	又从而礼貌之，敢问何也？	孟子·离娄下 8.34	2
mzyssswbxzwdqszbgfmzyybxybyhyjbgfmzyebxyhhcsqzbgfmzysbxycemzyywfmlsbxyhydhywfmwbxy	孟子曰：世俗所谓不孝者五：惰其四支，不顾父母之养，一不孝也；博弈好饮酒，不顾父母之养，二不孝也；好货财，私妻子，不顾父母之养，三不孝也；从耳目之欲，以为父母戮，四不孝也；好勇斗很，以危父母，五不孝也。	孟子·离娄下 8.35	1
ssswbxzwdqszbgfmzyybxybyhyjbgfmzyebxyhhcsqzbgfmzysbxycemzyywfmlsbxyhydhywfmwbxy	世俗所谓不孝者五：惰其四支，不顾父母之养，一不孝也；博弈好饮酒，不顾父母之养，二不孝也；好货财，私妻子，不顾父母之养，三不孝也；从耳目之欲，以为父母戮，四不孝也；好勇斗很，以危父母，五不孝也。	孟子·离娄下 8.35	2
dqszbgfmzyybxybyhyjbgfmzyebxyhhcsqzbgfmzysbxycemzyywfmlsbxyhydhywfmwbxy	惰其四支，不顾父母之养，一不孝也；博弈好饮酒，不顾父母之养，二不孝也；好货财，私妻子，不顾父母之养，三不孝也；从耳目之欲，以为父母戮，四不孝也；好勇斗很，以危父母，五不孝也。	孟子·离娄下 8.35	2
bgfmzyybxybyhyjbgfmzyebxyhhcsqzbgfmzysbxycemzyywfmlsbxyhydhywfmwbxy	不顾父母之养，一不孝也；博弈好饮酒，不顾父母之养，二不孝也；好货财，私妻子，不顾父母之养，三不孝也；从耳目之欲，以为父母戮，四不孝也；好勇斗很，以危父母，五不孝也。	孟子·离娄下 8.35	2
ybxybyhyjbgfmzyebxyhhcsqzbgfmzysbxycemzyywfmlsbxyhydhywfmwbxy	一不孝也；博弈好饮酒，不顾父母之养，二不孝也；好货财，私妻子，不顾父母之养，三不孝也；从耳目之欲，以为父母戮，四不孝也；好勇斗很，以危父母，五不孝也。	孟子·离娄下 8.35	2
byhyjbgfmzyebxyhhcsqzbgfmzysbxycemzyywfmlsbxyhydhywfmwbxy	博弈好饮酒，不顾父母之养，二不孝也；好货财，私妻子，不顾父母之养，三不孝也；从耳目之欲，以为父母戮，四不孝也；好勇斗很，以危父母，五不孝也。	孟子·离娄下 8.35	2
bgfmzyebxyhhcsqzbgfmzysbxycemzyywfmlsbxyhydhywfmwbxy	不顾父母之养，二不孝也；好货财，私妻子，不顾父母之养，三不孝也；从耳目之欲，以为父母戮，四不孝也；好勇斗很，以危父母，五不孝也。	孟子·离娄下 8.35	2
ebxyhhcsqzbgfmzysbxycemzyywfmlsbxyhydhywfmwbxy	二不孝也；好货财，私妻子，不顾父母之养，三不孝也；从耳目之欲，以为父母戮，四不孝也；好勇斗很，以危父母，五不孝也。	孟子·离娄下 8.35	2
hhcsqzbgfmzysbxycemzyywfmlsbxyhydhywfmwbxy	好货财，私妻子，不顾父母之养，三不孝也；从耳目之欲，以为父母戮，四不孝也；好勇斗很，以危父母，五不孝也。	孟子·离娄下 8.35	2
sqzbgfmzysbxycemzyywfmlsbxyhydhywfmwbxy	私妻子，不顾父母之养，三不孝也；从耳目之欲，以为父母戮，四不孝也；好勇斗很，以危父母，五不孝也。	孟子·离娄下 8.35	2
bgfmzysbxycemzyywfmlsbxyhydhywfmwbxy	不顾父母之养，三不孝也；从耳目之欲，以为父母戮，四不孝也；好勇斗很，以危父母，五不孝也。	孟子·离娄下 8.35	2
sbxycemzyywfmlsbxyhydhywfmwbxy	三不孝也；从耳目之欲，以为父母戮，四不孝也；好勇斗很，以危父母，五不孝也。	孟子·离娄下 8.35	2
cemzyywfmlsbxyhydhywfmwbxy	从耳目之欲，以为父母戮，四不孝也；好勇斗很，以危父母，五不孝也。	孟子·离娄下 8.35	2
ywfmlsbxyhydhywfmwbxy	以为父母戮，四不孝也；好勇斗很，以危父母，五不孝也。	孟子·离娄下 8.35	2
sbxyhydhywfmwbxy	四不孝也；好勇斗很，以危父母，五不孝也。	孟子·离娄下 8.35	2
hydhywfmwbxy	好勇斗很，以危父母，五不孝也。	孟子·离娄下 8.35	2
ywfmwbxy	以危父母，五不孝也。	孟子·离娄下 8.35	2
wbxy	五不孝也。	孟子·离娄下 8.35	2
zzyyysh	章子有一于是乎？	孟子·离娄下 8.35	1
fzzzfzsebxyy	夫章子，子父责善而不相遇也。	孟子·离娄下 8.35	1
zfzsebxyy	子父责善而不相遇也。	孟子·离娄下 8.35	2
zspyzdyfzzszezdz	责善，朋友之道也；父子责善，贼恩之大者。	孟子·离娄下 8.35	1
pyzdyfzzszezdz	朋友之道也；父子责善，贼恩之大者。	孟子·离娄下 8.35	2
fzzszezdz	父子责善，贼恩之大者。	孟子·离娄下 8.35	2
zezdz	贼恩之大者。	孟子·离娄下 8.35	2
fzzqbyyfqzmzsz	夫章子，岂不欲有夫妻子母之属哉？	孟子·离娄下 8.35	1
qbyyfqzmzsz	岂不欲有夫妻子母之属哉？	孟子·离娄下 8.35	2
wdzyfbdj	为得罪于父，不得近。	孟子·离娄下 8.35	1
bdj	不得近。	孟子·离娄下 8.35	2
cqpzzsbyy	出妻屏子，终身不养焉。	孟子·离娄下 8.35	1
zsbyy	终身不养焉。	孟子·离娄下 8.35	2
qsxywbrsszzzdzszzzyy	其设心以为不若是，是则罪之大者，是则章子已矣。	孟子·离娄下 8.35	1
szzzdzszzzyy	是则罪之大者，是则章子已矣。	孟子·离娄下 8.35	2
szzzyy	是则章子已矣。	孟子·离娄下 8.35	2
czjwcyyk	曾子居武城，有越寇。	孟子·离娄下 8.36	1
yyk	有越寇。	孟子·离娄下 8.36	2
hykzhqz	或曰：“寇至，盍去诸？”	孟子·离娄下 8.36	1
kzhqz	“寇至，盍去诸？”	孟子·离娄下 8.36	2
hqz	盍去诸？	孟子·离娄下 8.36	2
ywyrywshsqxm	曰：“无寓人于我室，毁伤其薪木。”	孟子·离娄下 8.36	1
wyrywshsqxm	“无寓人于我室，毁伤其薪木。”	孟子·离娄下 8.36	2
hsqxm	毁伤其薪木。	孟子·离娄下 8.36	2
ktzyxwqwwjf	寇退，则曰：“修我墙屋，我将反。”	孟子·离娄下 8.36	1
zyxwqwwjf	则曰：“修我墙屋，我将反。”	孟子·离娄下 8.36	2
xwqwwjf	“修我墙屋，我将反。”	孟子·离娄下 8.36	2
wjf	我将反。	孟子·离娄下 8.36	2
ktczf	寇退，曾子反。	孟子·离娄下 8.36	1
czf	曾子反。	孟子·离娄下 8.36	2
zyydxsrcqzqjy	左右曰：待先生，如此其忠且敬也。	孟子·离娄下 8.36	1
dxsrcqzqjy	待先生，如此其忠且敬也。	孟子·离娄下 8.36	2
rcqzqjy	如此其忠且敬也。	孟子·离娄下 8.36	2
kzzxqywmwktzfdybk	寇至则先去以为民望，寇退则反，殆于不可。	孟子·离娄下 8.36	1
ktzfdybk	寇退则反，殆于不可。	孟子·离娄下 8.36	2
dybk	殆于不可。	孟子·离娄下 8.36	2
syxysfrszy	沈犹行曰：是非汝所知也。	孟子·离娄下 8.36	1
sfrszy	是非汝所知也。	孟子·离娄下 8.36	2
xsyyfczhcxszqsrwyyy	昔沈犹有负刍之祸，从先生者七十人，未有与焉。	孟子·离娄下 8.36	1
cxszqsrwyyy	从先生者七十人，未有与焉。	孟子·离娄下 8.36	2
wyyy	未有与焉。	孟子·离娄下 8.36	2
zsjywyqk	子思居于卫，有齐寇。	孟子·离娄下 8.37	1
yqk	有齐寇。	孟子·离娄下 8.37	2
zsyrjqjsys	子思曰：“如伋去，君谁与守？”	孟子·离娄下 8.37	1
rjqjsys	“如伋去，君谁与守？”	孟子·离娄下 8.37	2
jsys	君谁与守？	孟子·离娄下 8.37	2
mzyczzstd	孟子曰：曾子、子思同道。	孟子·离娄下 8.38	1
czzstd	曾子、子思同道。	孟子·离娄下 8.38	2
zstd	子思同道。	孟子·离娄下 8.38	2
czsyfxyzscywy	曾子，师也，父兄也；子思，臣也，微也。	孟子·离娄下 8.38	1
syfxyzscywy	师也，父兄也；子思，臣也，微也。	孟子·离娄下 8.38	2
fxyzscywy	父兄也；子思，臣也，微也。	孟子·离娄下 8.38	2
zscywy	子思，臣也，微也。	孟子·离娄下 8.38	2
cywy	臣也，微也。	孟子·离娄下 8.38	2
wy	微也。	孟子·离娄下 8.38	2
czzsydzjr	曾子、子思易地则皆然。	孟子·离娄下 8.38	1
zsydzjr	子思易地则皆然。	孟子·离娄下 8.38	2
czywsrjfzgyyyyrh	储子曰：“王使人瞷夫子，果有以异于人乎？”	孟子·离娄下 8.39	1
wsrjfzgyyyyrh	“王使人瞷夫子，果有以异于人乎？”	孟子·离娄下 8.39	2
gyyyyrh	果有以异于人乎？	孟子·离娄下 8.39	2
mzyhyyyrz	孟子曰：何以异于人哉？	孟子·离娄下 8.40	1
hyyyrz	何以异于人哉？	孟子·离娄下 8.40	2
ysyrte	尧舜与人同耳。	孟子·离娄下 8.40	1
qryyqyqecszqlrczbyjrehf	齐人有一妻一妾而处室者，其良人出，则必餍酒肉而后反。	孟子·离娄下 8.41	1
qlrczbyjrehf	其良人出，则必餍酒肉而后反。	孟子·离娄下 8.41	2
zbyjrehf	则必餍酒肉而后反。	孟子·离娄下 8.41	2
qqwsyyszzjfgy	其妻问所与饮食者，则尽富贵也。	孟子·离娄下 8.41	1
zjfgy	则尽富贵也。	孟子·离娄下 8.41	2
qqgqqylrczbyjrehfwqyyszjfgyewcyxzlwjjlrzszy	其妻告其妾曰：“良人出，则必餍酒肉而后反；问其与饮食者，尽富贵也，而未尝有显者来，吾将瞷良人之所之也。”	孟子·离娄下 8.41	1
lrczbyjrehfwqyyszjfgyewcyxzlwjjlrzszy	“良人出，则必餍酒肉而后反；问其与饮食者，尽富贵也，而未尝有显者来，吾将瞷良人之所之也。”	孟子·离娄下 8.41	2
zbyjrehfwqyyszjfgyewcyxzlwjjlrzszy	则必餍酒肉而后反；问其与饮食者，尽富贵也，而未尝有显者来，吾将瞷良人之所之也。	孟子·离娄下 8.41	2
wqyyszjfgyewcyxzlwjjlrzszy	问其与饮食者，尽富贵也，而未尝有显者来，吾将瞷良人之所之也。	孟子·离娄下 8.41	2
jfgyewcyxzlwjjlrzszy	尽富贵也，而未尝有显者来，吾将瞷良人之所之也。	孟子·离娄下 8.41	2
ewcyxzlwjjlrzszy	而未尝有显者来，吾将瞷良人之所之也。	孟子·离娄下 8.41	2
wjjlrzszy	吾将瞷良人之所之也。	孟子·离娄下 8.41	2
zqsclrzszbgzwyltz	蚤起，施从良人之所之，遍国中无与立谈者。	孟子·离娄下 8.42	1
sclrzszbgzwyltz	施从良人之所之，遍国中无与立谈者。	孟子·离娄下 8.42	2
bgzwyltz	遍国中无与立谈者。	孟子·离娄下 8.42	2
zzdgfxzjzqqybzygeztcqwyzzdy	卒之东郭墦闲，之祭者，乞其余；不足，又顾而之他，此其为餍足之道也。	孟子·离娄下 8.42	1
zjzqqybzygeztcqwyzzdy	之祭者，乞其余；不足，又顾而之他，此其为餍足之道也。	孟子·离娄下 8.42	2
qqybzygeztcqwyzzdy	乞其余；不足，又顾而之他，此其为餍足之道也。	孟子·离娄下 8.42	2
bzygeztcqwyzzdy	不足，又顾而之他，此其为餍足之道也。	孟子·离娄下 8.42	2
ygeztcqwyzzdy	又顾而之他，此其为餍足之道也。	孟子·离娄下 8.42	2
cqwyzzdy	此其为餍足之道也。	孟子·离娄下 8.42	2
qqggqqylrzsywezsy	其妻归，告其妾曰：良人者，所仰望而终身也。	孟子·离娄下 8.42	1
gqqylrzsywezsy	告其妾曰：良人者，所仰望而终身也。	孟子·离娄下 8.42	2
lrzsywezsy	良人者，所仰望而终身也。	孟子·离娄下 8.42	2
sywezsy	所仰望而终身也。	孟子·离娄下 8.42	2
jrc	今若此。	孟子·离娄下 8.42	1
yqqsqlrexqyzt	与其妾讪其良人，而相泣于中庭。	孟子·离娄下 8.42	1
exqyzt	而相泣于中庭。	孟子·离娄下 8.42	2
elrwzzysscwljqqq	而良人未之知也，施施从外来，骄其妻妾。	孟子·离娄下 8.42	1
sscwljqqq	施施从外来，骄其妻妾。	孟子·离娄下 8.42	2
jqqq	骄其妻妾。	孟子·离娄下 8.42	2
yjzgzzrzsyqfgldzqqqbxyebxqzjxy	由君子观之，则人之所以求富贵利达者，其妻妾不羞也，而不相泣者，几希矣。	孟子·离娄下 8.43	1
zrzsyqfgldzqqqbxyebxqzjxy	则人之所以求富贵利达者，其妻妾不羞也，而不相泣者，几希矣。	孟子·离娄下 8.43	2
qqqbxyebxqzjxy	其妻妾不羞也，而不相泣者，几希矣。	孟子·离娄下 8.43	2
ebxqzjxy	而不相泣者，几希矣。	孟子·离娄下 8.43	2
jxy	几希矣。	孟子·离娄下 8.43	2
wzwyswythqymthwqhqy	万章问曰：“舜往于田，号泣于旻天，何为其号泣也？”	孟子·万章上 9.1	1
swythqymthwqhqy	“舜往于田，号泣于旻天，何为其号泣也？”	孟子·万章上 9.1	2
hqymthwqhqy	号泣于旻天，何为其号泣也？	孟子·万章上 9.1	2
hwqhqy	何为其号泣也？	孟子·万章上 9.1	2
mzyymy	孟子曰：“怨慕也。”	孟子·万章上 9.2	1
ymy	“怨慕也。”	孟子·万章上 9.2	2
wzyfmazxebwfmezleby	万章曰：父母爱之，喜而不忘；父母恶之，劳而不怨。	孟子·万章上 9.3	1
fmazxebwfmezleby	父母爱之，喜而不忘；父母恶之，劳而不怨。	孟子·万章上 9.3	2
xebwfmezleby	喜而不忘；父母恶之，劳而不怨。	孟子·万章上 9.3	2
fmezleby	父母恶之，劳而不怨。	孟子·万章上 9.3	2
rzsyh	然则舜怨乎？	孟子·万章上 9.3	1
yzxwygmgyswytzwjdwmyhqymtyfmzwbzy	曰：长息问于公明高曰：‘舜往于田，则吾既得闻命矣；号泣于旻天，于父母，则吾不知也。’	孟子·万章上 9.4	1
zxwygmgyswytzwjdwmyhqymtyfmzwbzy	长息问于公明高曰：‘舜往于田，则吾既得闻命矣；号泣于旻天，于父母，则吾不知也。’	孟子·万章上 9.4	2
swytzwjdwmyhqymtyfmzwbzy	‘舜往于田，则吾既得闻命矣；号泣于旻天，于父母，则吾不知也。’	孟子·万章上 9.4	2
zwjdwmyhqymtyfmzwbzy	则吾既得闻命矣；号泣于旻天，于父母，则吾不知也。	孟子·万章上 9.4	2
hqymtyfmzwbzy	号泣于旻天，于父母，则吾不知也。	孟子·万章上 9.4	2
yfmzwbzy	于父母，则吾不知也。	孟子·万章上 9.4	2
gmgysfeszy	公明高曰：‘是非尔所知也。’	孟子·万章上 9.4	1
sfeszy	‘是非尔所知也。’	孟子·万章上 9.4	2
fgmgyxzzxwbrsjwjlgtgwzzeyyfmzbwaywhz	夫公明高以孝子之心，为不若是恝，我竭力耕田，共为子职而已矣，父母之不我爱，于我何哉？	孟子·万章上 9.4	1
wbrsjwjlgtgwzzeyyfmzbwaywhz	为不若是恝，我竭力耕田，共为子职而已矣，父母之不我爱，于我何哉？	孟子·万章上 9.4	2
wjlgtgwzzeyyfmzbwaywhz	我竭力耕田，共为子职而已矣，父母之不我爱，于我何哉？	孟子·万章上 9.4	2
gwzzeyyfmzbwaywhz	共为子职而已矣，父母之不我爱，于我何哉？	孟子·万章上 9.4	2
fmzbwaywhz	父母之不我爱，于我何哉？	孟子·万章上 9.4	2
ywhz	于我何哉？	孟子·万章上 9.4	2
dsqzjnenbgnyclbyssyqmzz	帝使其子九男二女，百官牛羊仓廪备，以事舜于畎亩之中。	孟子·万章上 9.4	1
bgnyclbyssyqmzz	百官牛羊仓廪备，以事舜于畎亩之中。	孟子·万章上 9.4	2
yssyqmzz	以事舜于畎亩之中。	孟子·万章上 9.4	2
txzsdjzzdjxtxeqzy	天下之士多就之者，帝将胥天下而迁之焉。	孟子·万章上 9.4	1
djxtxeqzy	帝将胥天下而迁之焉。	孟子·万章上 9.4	2
wbsyfmrqrwsg	为不顺于父母，如穷人无所归。	孟子·万章上 9.4	1
rqrwsg	如穷人无所归。	孟子·万章上 9.4	2
txzsyzrzsyyebzyjyhsrzsyqdzenebzyjyfrzsyfytxebzyjygrzsygwtzebzyjy	天下之士悦之，人之所欲也，而不足以解忧；好色，人之所欲，妻帝之二女，而不足以解忧；富，人之所欲，富有天下，而不足以解忧；贵，人之所欲，贵为天子，而不足以解忧。	孟子·万章上 9.4	1
rzsyyebzyjyhsrzsyqdzenebzyjyfrzsyfytxebzyjygrzsygwtzebzyjy	人之所欲也，而不足以解忧；好色，人之所欲，妻帝之二女，而不足以解忧；富，人之所欲，富有天下，而不足以解忧；贵，人之所欲，贵为天子，而不足以解忧。	孟子·万章上 9.4	2
ebzyjyhsrzsyqdzenebzyjyfrzsyfytxebzyjygrzsygwtzebzyjy	而不足以解忧；好色，人之所欲，妻帝之二女，而不足以解忧；富，人之所欲，富有天下，而不足以解忧；贵，人之所欲，贵为天子，而不足以解忧。	孟子·万章上 9.4	2
hsrzsyqdzenebzyjyfrzsyfytxebzyjygrzsygwtzebzyjy	好色，人之所欲，妻帝之二女，而不足以解忧；富，人之所欲，富有天下，而不足以解忧；贵，人之所欲，贵为天子，而不足以解忧。	孟子·万章上 9.4	2
rzsyqdzenebzyjyfrzsyfytxebzyjygrzsygwtzebzyjy	人之所欲，妻帝之二女，而不足以解忧；富，人之所欲，富有天下，而不足以解忧；贵，人之所欲，贵为天子，而不足以解忧。	孟子·万章上 9.4	2
qdzenebzyjyfrzsyfytxebzyjygrzsygwtzebzyjy	妻帝之二女，而不足以解忧；富，人之所欲，富有天下，而不足以解忧；贵，人之所欲，贵为天子，而不足以解忧。	孟子·万章上 9.4	2
ebzyjyfrzsyfytxebzyjygrzsygwtzebzyjy	而不足以解忧；富，人之所欲，富有天下，而不足以解忧；贵，人之所欲，贵为天子，而不足以解忧。	孟子·万章上 9.4	2
frzsyfytxebzyjygrzsygwtzebzyjy	富，人之所欲，富有天下，而不足以解忧；贵，人之所欲，贵为天子，而不足以解忧。	孟子·万章上 9.4	2
rzsyfytxebzyjygrzsygwtzebzyjy	人之所欲，富有天下，而不足以解忧；贵，人之所欲，贵为天子，而不足以解忧。	孟子·万章上 9.4	2
fytxebzyjygrzsygwtzebzyjy	富有天下，而不足以解忧；贵，人之所欲，贵为天子，而不足以解忧。	孟子·万章上 9.4	2
ebzyjygrzsygwtzebzyjy	而不足以解忧；贵，人之所欲，贵为天子，而不足以解忧。	孟子·万章上 9.4	2
grzsygwtzebzyjy	贵，人之所欲，贵为天子，而不足以解忧。	孟子·万章上 9.4	2
rzsygwtzebzyjy	人之所欲，贵为天子，而不足以解忧。	孟子·万章上 9.4	2
gwtzebzyjy	贵为天子，而不足以解忧。	孟子·万章上 9.4	2
ebzyjy	而不足以解忧。	孟子·万章上 9.4	2
ryzhsfgwzyjyzwsyfmkyjy	人悦之、好色、富贵，无足以解忧者，惟顺于父母，可以解忧。	孟子·万章上 9.4	1
hsfgwzyjyzwsyfmkyjy	好色、富贵，无足以解忧者，惟顺于父母，可以解忧。	孟子·万章上 9.4	2
fgwzyjyzwsyfmkyjy	富贵，无足以解忧者，惟顺于父母，可以解忧。	孟子·万章上 9.4	2
wzyjyzwsyfmkyjy	无足以解忧者，惟顺于父母，可以解忧。	孟子·万章上 9.4	2
wsyfmkyjy	惟顺于父母，可以解忧。	孟子·万章上 9.4	2
kyjy	可以解忧。	孟子·万章上 9.4	2
rszmfmzhszmsayqzzmqzszmjbdyjzrz	人少，则慕父母；知好色，则慕少艾；有妻子，则慕妻子；仕则慕君，不得于君则热中。	孟子·万章上 9.4	1
zmfmzhszmsayqzzmqzszmjbdyjzrz	则慕父母；知好色，则慕少艾；有妻子，则慕妻子；仕则慕君，不得于君则热中。	孟子·万章上 9.4	2
zhszmsayqzzmqzszmjbdyjzrz	知好色，则慕少艾；有妻子，则慕妻子；仕则慕君，不得于君则热中。	孟子·万章上 9.4	2
zmsayqzzmqzszmjbdyjzrz	则慕少艾；有妻子，则慕妻子；仕则慕君，不得于君则热中。	孟子·万章上 9.4	2
yqzzmqzszmjbdyjzrz	有妻子，则慕妻子；仕则慕君，不得于君则热中。	孟子·万章上 9.4	2
zmqzszmjbdyjzrz	则慕妻子；仕则慕君，不得于君则热中。	孟子·万章上 9.4	2
szmjbdyjzrz	仕则慕君，不得于君则热中。	孟子·万章上 9.4	2
bdyjzrz	不得于君则热中。	孟子·万章上 9.4	2
dxzsmfm	大孝终身慕父母。	孟子·万章上 9.4	1
wsemzyydsjzy	五十而慕者，予于大舜见之矣。	孟子·万章上 9.4	1
yydsjzy	予于大舜见之矣。	孟子·万章上 9.4	2
wzwysyqqrzh	万章问曰：《诗》云：娶妻如之何？	孟子·万章上 9.5	1
syqqrzh	《诗》云：娶妻如之何？	孟子·万章上 9.5	2
qqrzh	娶妻如之何？	孟子·万章上 9.5	2
bgfm	必告父母。	孟子·万章上 9.5	1
xsyyymrs	信斯言也，宜莫如舜。	孟子·万章上 9.5	1
ymrs	宜莫如舜。	孟子·万章上 9.5	2
szbgeqhy	舜之不告而娶，何也？	孟子·万章上 9.5	1
mzygzbdq	孟子曰：告则不得娶。	孟子·万章上 9.6	1
gzbdq	告则不得娶。	孟子·万章上 9.6	2
nnjsrzdly	男女居室，人之大伦也。	孟子·万章上 9.6	1
rgzfrzdlydfmsybgy	如告，则废人之大伦，以怼父母，是以不告也。	孟子·万章上 9.6	1
zfrzdlydfmsybgy	则废人之大伦，以怼父母，是以不告也。	孟子·万章上 9.6	2
ydfmsybgy	以怼父母，是以不告也。	孟子·万章上 9.6	2
sybgy	是以不告也。	孟子·万章上 9.6	2
wzyszbgeqzwjdwmydzqsebghy	万章曰：“舜之不告而娶，则吾既得闻命矣；帝之妻舜而不告，何也？”	孟子·万章上 9.7	1
szbgeqzwjdwmydzqsebghy	“舜之不告而娶，则吾既得闻命矣；帝之妻舜而不告，何也？”	孟子·万章上 9.7	2
zwjdwmydzqsebghy	则吾既得闻命矣；帝之妻舜而不告，何也？	孟子·万章上 9.7	2
dzqsebghy	帝之妻舜而不告，何也？	孟子·万章上 9.7	2
ydyzgyzbdqy	曰：“帝亦知告焉则不得妻也。”	孟子·万章上 9.8	1
dyzgyzbdqy	“帝亦知告焉则不得妻也。”	孟子·万章上 9.8	2
wzyfmsswljjgsfl	万章曰：父母使舜完廪，捐阶，瞽瞍焚廪。	孟子·万章上 9.9	1
fmsswljjgsfl	父母使舜完廪，捐阶，瞽瞍焚廪。	孟子·万章上 9.9	2
jjgsfl	捐阶，瞽瞍焚廪。	孟子·万章上 9.9	2
gsfl	瞽瞍焚廪。	孟子·万章上 9.9	2
sjjcceyz	使浚井，出，从而揜之。	孟子·万章上 9.9	1
cceyz	出，从而揜之。	孟子·万章上 9.9	2
ceyz	从而揜之。	孟子·万章上 9.9	2
xymgdjxwj	象曰：谟盖都君咸我绩。	孟子·万章上 9.9	1
mgdjxwj	谟盖都君咸我绩。	孟子·万章上 9.9	2
nyfmclfmggzqzdzesszzq	牛羊父母，仓廪父母，干戈朕，琴朕，弤朕，二嫂使治朕栖。	孟子·万章上 9.9	1
clfmggzqzdzesszzq	仓廪父母，干戈朕，琴朕，弤朕，二嫂使治朕栖。	孟子·万章上 9.9	2
ggzqzdzesszzq	干戈朕，琴朕，弤朕，二嫂使治朕栖。	孟子·万章上 9.9	2
qzdzesszzq	琴朕，弤朕，二嫂使治朕栖。	孟子·万章上 9.9	2
dzesszzq	弤朕，二嫂使治朕栖。	孟子·万章上 9.9	2
esszzq	二嫂使治朕栖。	孟子·万章上 9.9	2
xwrsgszcq	象往入舜宫，舜在床琴。	孟子·万章上 9.9	1
szcq	舜在床琴。	孟子·万章上 9.9	2
xyytsje	象曰：‘郁陶思君尔。’	孟子·万章上 9.9	1
ytsje	‘郁陶思君尔。’	孟子·万章上 9.9	2
nn	忸怩。	孟子·万章上 9.9	1
sywzcsrqyyz	舜曰：‘惟兹臣庶，汝其于予治。’	孟子·万章上 9.9	1
wzcsrqyyz	‘惟兹臣庶，汝其于予治。’	孟子·万章上 9.9	2
rqyyz	汝其于予治。	孟子·万章上 9.9	2
bssbzxzjsjy	不识舜不知象之将杀己与？	孟子·万章上 9.9	1
yxebzy	曰：奚而不知也？	孟子·万章上 9.10	1
xebzy	奚而不知也？	孟子·万章上 9.10	2
xyyyxxyx	象忧亦忧，象喜亦喜。	孟子·万章上 9.10	1
xxyx	象喜亦喜。	孟子·万章上 9.10	2
yrzswxzy	曰：“然则舜伪喜者与？”	孟子·万章上 9.11	1
rzswxzy	“然则舜伪喜者与？”	孟子·万章上 9.11	2
xzyksyyzzczcsxrczc	昔者有馈生鱼于郑子产，子产使校人畜之池。	孟子·万章上 9.12	1
zcsxrczc	子产使校人畜之池。	孟子·万章上 9.12	2
xrpzfmysszyyyszyyyyres	校人烹之，反命曰：‘始舍之圉圉焉，少则洋洋焉，攸然而逝。’	孟子·万章上 9.12	1
fmysszyyyszyyyyres	反命曰：‘始舍之圉圉焉，少则洋洋焉，攸然而逝。’	孟子·万章上 9.12	2
sszyyyszyyyyres	‘始舍之圉圉焉，少则洋洋焉，攸然而逝。’	孟子·万章上 9.12	2
szyyyyres	少则洋洋焉，攸然而逝。	孟子·万章上 9.12	2
yres	攸然而逝。	孟子·万章上 9.12	2
zcydqsz	子产曰得其所哉！	孟子·万章上 9.12	1
dqsz	得其所哉！	孟子·万章上 9.12	1
xrcyswzcz	校人出，曰：孰谓子产智？	孟子·万章上 9.12	1
yswzcz	曰：孰谓子产智？	孟子·万章上 9.12	2
swzcz	孰谓子产智？	孟子·万章上 9.12	2
yjpeszydqsz	予既烹而食之，曰：得其所哉？	孟子·万章上 9.12	1
ydqsz	曰：得其所哉？	孟子·万章上 9.12	2
dqsz	得其所哉？	孟子·万章上 9.12	2
dqsz	得其所哉。	孟子·万章上 9.12	1
gjzkqyqfnwyfqd	故君子可欺以其方，难罔以非其道。	孟子·万章上 9.12	1
nwyfqd	难罔以非其道。	孟子·万章上 9.12	2
byaxzdlgcxexzxwy	彼以爱兄之道来，故诚信而喜之，奚伪焉？	孟子·万章上 9.12	1
gcxexzxwy	故诚信而喜之，奚伪焉？	孟子·万章上 9.12	2
xwy	奚伪焉？	孟子·万章上 9.12	2
wzwyxrysswslwtzzfzhy	万章问曰：“象日以杀舜为事，立为天子，则放之，何也？”	孟子·万章上 9.13	1
xrysswslwtzzfzhy	“象日以杀舜为事，立为天子，则放之，何也？”	孟子·万章上 9.13	2
lwtzzfzhy	立为天子，则放之，何也？	孟子·万章上 9.13	2
zfzhy	则放之，何也？	孟子·万章上 9.13	2
mzyfzyhyfy	孟子曰：“封之也，或曰放焉。”	孟子·万章上 9.14	1
fzyhyfy	“封之也，或曰放焉。”	孟子·万章上 9.14	2
hyfy	或曰放焉。	孟子·万章上 9.14	2
wzyslggyyzfhdycsssmyswjgyysszetxxfzbry	万章曰：舜流共工于幽州，放驩兜于崇山，杀三苗于三危，殛鲧于羽山，四罪而天下咸服，诛不仁也。	孟子·万章上 9.15	1
slggyyzfhdycsssmyswjgyysszetxxfzbry	舜流共工于幽州，放驩兜于崇山，杀三苗于三危，殛鲧于羽山，四罪而天下咸服，诛不仁也。	孟子·万章上 9.15	2
fhdycsssmyswjgyysszetxxfzbry	放驩兜于崇山，杀三苗于三危，殛鲧于羽山，四罪而天下咸服，诛不仁也。	孟子·万章上 9.15	2
ssmyswjgyysszetxxfzbry	杀三苗于三危，殛鲧于羽山，四罪而天下咸服，诛不仁也。	孟子·万章上 9.15	2
jgyysszetxxfzbry	殛鲧于羽山，四罪而天下咸服，诛不仁也。	孟子·万章上 9.15	2
szetxxfzbry	四罪而天下咸服，诛不仁也。	孟子·万章上 9.15	2
zbry	诛不仁也。	孟子·万章上 9.15	2
xzbrfzyb	象至不仁，封之有庳。	孟子·万章上 9.15	1
fzyb	封之有庳。	孟子·万章上 9.15	2
ybzrxzy	有庳之人奚罪焉？	孟子·万章上 9.15	1
rrgrsh	仁人固如是乎？	孟子·万章上 9.15	1
ztrzzzzdzfz	在他人则诛之，在弟则封之。	孟子·万章上 9.15	1
zdzfz	在弟则封之。	孟子·万章上 9.15	2
yrrzydybcnybsyyqazeyy	曰：仁人之于弟也，不藏怒焉，不宿怨焉，亲爱之而已矣。	孟子·万章上 9.16	1
rrzydybcnybsyyqazeyy	仁人之于弟也，不藏怒焉，不宿怨焉，亲爱之而已矣。	孟子·万章上 9.16	2
bcnybsyyqazeyy	不藏怒焉，不宿怨焉，亲爱之而已矣。	孟子·万章上 9.16	2
bsyyqazeyy	不宿怨焉，亲爱之而已矣。	孟子·万章上 9.16	2
qazeyy	亲爱之而已矣。	孟子·万章上 9.16	2
qzyqgyazyqfy	亲之欲其贵也，爱之欲其富也。	孟子·万章上 9.16	1
azyqfy	爱之欲其富也。	孟子·万章上 9.16	2
fzybfgzy	封之有庳，富贵之也。	孟子·万章上 9.16	1
fgzy	富贵之也。	孟子·万章上 9.16	2
swtzdwpfkwqazh	身为天子，弟为匹夫，可谓亲爱之乎？	孟子·万章上 9.16	1
dwpfkwqazh	弟为匹夫，可谓亲爱之乎？	孟子·万章上 9.16	2
kwqazh	可谓亲爱之乎？	孟子·万章上 9.16	2
gwhyfzhwy	“敢问或曰放者，何谓也？”	孟子·万章上 9.17	1
yxbdywyqgtzslzqgenqgsygwzfqdbbmz	曰：象不得有为于其国，天子使吏治其国，而纳其贡税焉，故谓之放，岂得暴彼民哉？	孟子·万章上 9.18	1
xbdywyqgtzslzqgenqgsygwzfqdbbmz	象不得有为于其国，天子使吏治其国，而纳其贡税焉，故谓之放，岂得暴彼民哉？	孟子·万章上 9.18	2
tzslzqgenqgsygwzfqdbbmz	天子使吏治其国，而纳其贡税焉，故谓之放，岂得暴彼民哉？	孟子·万章上 9.18	2
enqgsygwzfqdbbmz	而纳其贡税焉，故谓之放，岂得暴彼民哉？	孟子·万章上 9.18	2
gwzfqdbbmz	故谓之放，岂得暴彼民哉？	孟子·万章上 9.18	2
qdbbmz	岂得暴彼民哉？	孟子·万章上 9.18	2
sryccejzgyyel	虽然，欲常常而见之，故源源而来。	孟子·万章上 9.18	1
yccejzgyyel	欲常常而见之，故源源而来。	孟子·万章上 9.18	2
gyyel	故源源而来。	孟子·万章上 9.18	2
bjgyzjyybczwy	‘不及贡，以政接于有庳’，此之谓也。	孟子·万章上 9.18	1
yzjyybczwy	以政接于有庳，此之谓也。	孟子·万章上 9.18	2
xqmwyyysdzsjbdecfbdez	咸丘蒙问曰：语云：‘盛德之士，君不得而臣，父不得而子。’	孟子·万章上 9.19	1
yysdzsjbdecfbdez	语云：‘盛德之士，君不得而臣，父不得而子。’	孟子·万章上 9.19	2
sdzsjbdecfbdez	‘盛德之士，君不得而臣，父不得而子。’	孟子·万章上 9.19	2
jbdecfbdez	君不得而臣，父不得而子。	孟子·万章上 9.19	2
fbdez	父不得而子。	孟子·万章上 9.19	2
snmelyszhbmeczgsybmecz	舜南面而立，尧帅诸侯北面而朝之，瞽瞍亦北面而朝之。	孟子·万章上 9.19	1
yszhbmeczgsybmecz	尧帅诸侯北面而朝之，瞽瞍亦北面而朝之。	孟子·万章上 9.19	2
gsybmecz	瞽瞍亦北面而朝之。	孟子·万章上 9.19	2
sjgsqryc	舜见瞽瞍，其容有蹙。	孟子·万章上 9.19	1
qryc	其容有蹙。	孟子·万章上 9.19	2
kzyyssytxdzjjh	孔子曰：‘于斯时也，天下殆哉，岌岌乎！’	孟子·万章上 9.19	1
yssytxdzjjh	‘于斯时也，天下殆哉，岌岌乎！’	孟子·万章上 9.19	2
txdzjjh	天下殆哉，岌岌乎！	孟子·万章上 9.19	2
jjh	岌岌乎！	孟子·万章上 9.19	2
bscycrhz	不识此语诚然乎哉？	孟子·万章上 9.19	1
cfjzzyqdyrzyy	此非君子之言，齐东野人之语也。	孟子·万章上 9.20	1
qdyrzyy	齐东野人之语也。	孟子·万章上 9.20	2
ylessy	尧老而舜摄也。	孟子·万章上 9.20	1
ydyesybzfxnclbxrskbsnshemby	《尧典》曰：‘二十有八载，放勋乃徂落，百姓如丧考妣，三年，四海遏密八音。’	孟子·万章上 9.20	1
esybzfxnclbxrskbsnshemby	‘二十有八载，放勋乃徂落，百姓如丧考妣，三年，四海遏密八音。’	孟子·万章上 9.20	2
fxnclbxrskbsnshemby	放勋乃徂落，百姓如丧考妣，三年，四海遏密八音。	孟子·万章上 9.20	2
bxrskbsnshemby	百姓如丧考妣，三年，四海遏密八音。	孟子·万章上 9.20	2
snshemby	三年，四海遏密八音。	孟子·万章上 9.20	2
shemby	四海遏密八音。	孟子·万章上 9.20	2
kzytwermwew	孔子曰：‘天无二日，民无二王。’	孟子·万章上 9.20	1
twermwew	‘天无二日，民无二王。’	孟子·万章上 9.20	2
mwew	民无二王。	孟子·万章上 9.20	2
sjwtzyystxzhywysnssetzy	舜既为天子矣，又帅天下诸侯以为尧三年丧，是二天子矣。	孟子·万章上 9.20	1
ystxzhywysnssetzy	又帅天下诸侯以为尧三年丧，是二天子矣。	孟子·万章上 9.20	2
setzy	是二天子矣。	孟子·万章上 9.20	2
xqmyszbcyzwjdwmy	咸丘蒙曰：舜之不臣尧，则吾既得闻命矣。	孟子·万章上 9.21	1
szbcyzwjdwmy	舜之不臣尧，则吾既得闻命矣。	孟子·万章上 9.21	2
zwjdwmy	则吾既得闻命矣。	孟子·万章上 9.21	2
syptzxmfwtltzbmfwc	《诗》云：‘普天之下，莫非王土；率土之滨，莫非王臣。’	孟子·万章上 9.21	1
ptzxmfwtltzbmfwc	‘普天之下，莫非王土；率土之滨，莫非王臣。’	孟子·万章上 9.21	2
mfwtltzbmfwc	莫非王土；率土之滨，莫非王臣。	孟子·万章上 9.21	2
ltzbmfwc	率土之滨，莫非王臣。	孟子·万章上 9.21	2
mfwc	莫非王臣。	孟子·万章上 9.21	2
esjwtzygwgszfcrh	而舜既为天子矣，敢问瞽瞍之非臣，如何？	孟子·万章上 9.21	1
gwgszfcrh	敢问瞽瞍之非臣，如何？	孟子·万章上 9.21	2
rh	如何？	孟子·万章上 9.21	2
yssyfszwylywsebdyfmy	曰：是诗也，非是之谓也；劳于王事，而不得养父母也。	孟子·万章上 9.22	1
ssyfszwylywsebdyfmy	是诗也，非是之谓也；劳于王事，而不得养父母也。	孟子·万章上 9.22	2
fszwylywsebdyfmy	非是之谓也；劳于王事，而不得养父母也。	孟子·万章上 9.22	2
lywsebdyfmy	劳于王事，而不得养父母也。	孟子·万章上 9.22	2
ebdyfmy	而不得养父母也。	孟子·万章上 9.22	2
ycmfwswdxly	曰：‘此莫非王事，我独贤劳也。’	孟子·万章上 9.22	1
cmfwswdxly	‘此莫非王事，我独贤劳也。’	孟子·万章上 9.22	2
wdxly	我独贤劳也。	孟子·万章上 9.22	2
gsszbywhcbychz	故说《诗》者，不以文害辞，不以辞害志。	孟子·万章上 9.22	1
bywhcbychz	不以文害辞，不以辞害志。	孟子·万章上 9.22	2
bychz	不以辞害志。	孟子·万章上 9.22	2
yynzswdz	以意逆志，是为得之。	孟子·万章上 9.22	1
swdz	是为得之。	孟子·万章上 9.22	2
ryceyyyhzsyzylmmyjy	如以辞而已矣，《云汉》之诗曰：‘周余黎民，靡有孑遗。’	孟子·万章上 9.22	1
yhzsyzylmmyjy	《云汉》之诗曰：‘周余黎民，靡有孑遗。’	孟子·万章上 9.22	2
zylmmyjy	‘周余黎民，靡有孑遗。’	孟子·万章上 9.22	2
myjy	靡有孑遗。	孟子·万章上 9.22	2
xsyyszwymy	信斯言也，是周无遗民也。	孟子·万章上 9.22	1
szwymy	是周无遗民也。	孟子·万章上 9.22	2
xzzzmdhzqzqzzmdhytxy	孝子之至，莫大乎尊亲；尊亲之至，莫大乎以天下养。	孟子·万章上 9.22	1
mdhzqzqzzmdhytxy	莫大乎尊亲；尊亲之至，莫大乎以天下养。	孟子·万章上 9.22	2
zqzzmdhytxy	尊亲之至，莫大乎以天下养。	孟子·万章上 9.22	2
mdhytxy	莫大乎以天下养。	孟子·万章上 9.22	2
wtzfzzzyytxyyzzy	为天子父，尊之至也；以天下养，养之至也。	孟子·万章上 9.22	1
zzzyytxyyzzy	尊之至也；以天下养，养之至也。	孟子·万章上 9.22	2
ytxyyzzy	以天下养，养之至也。	孟子·万章上 9.22	2
yzzy	养之至也。	孟子·万章上 9.22	2
syyyxsxswz	《诗》曰：‘永言孝思，孝思维则。’	孟子·万章上 9.22	1
yyxsxswz	‘永言孝思，孝思维则。’	孟子·万章上 9.22	2
xswz	孝思维则。	孟子·万章上 9.22	2
syzzjgskkqlgsyyr	《书》曰：‘祗载见瞽瞍，夔夔齐栗，瞽瞍亦允若。’	孟子·万章上 9.22	1
zzjgskkqlgsyyr	‘祗载见瞽瞍，夔夔齐栗，瞽瞍亦允若。’	孟子·万章上 9.22	2
kkqlgsyyr	夔夔齐栗，瞽瞍亦允若。	孟子·万章上 9.22	2
gsyyr	瞽瞍亦允若。	孟子·万章上 9.22	2
swfbdezy	是为父不得而子也。	孟子·万章上 9.22	1
wzyyytxysyz	万章曰：“尧以天下与舜，有诸？”	孟子·万章上 9.23	1
yytxysyz	“尧以天下与舜，有诸？”	孟子·万章上 9.23	2
tzbnytxyr	天子不能以天下与人。	孟子·万章上 9.24	1
rzsytxysyz	“然则舜有天下也，孰与之？”	孟子·万章上 9.25	1
syz	孰与之？	孟子·万章上 9.25	2
ytyz	曰：“天与之。”	孟子·万章上 9.26	1
tyz	“天与之。”	孟子·万章上 9.26	2
tyzzzzrmzh	“天与之者，谆谆然命之乎？”	孟子·万章上 9.27	1
zzrmzh	谆谆然命之乎？	孟子·万章上 9.27	2
tbyyxysszeyy	天不言，以行与事示之而已矣。	孟子·万章上 9.28	1
yxysszeyy	以行与事示之而已矣。	孟子·万章上 9.28	2
yyxysszzrzh	曰：“以行与事示之者如之何？”	孟子·万章上 9.29	1
yxysszzrzh	“以行与事示之者如之何？”	孟子·万章上 9.29	2
ytznjrytbnstyztxzhnjrytzbnstzyzzhdfnjryzhbnszhyzdf	曰：天子能荐人于天，不能使天与之天下；诸侯能荐人于天子，不能使天子与之诸侯；大夫能荐人于诸侯，不能使诸侯与之大夫。	孟子·万章上 9.30	1
tznjrytbnstyztxzhnjrytzbnstzyzzhdfnjryzhbnszhyzdf	天子能荐人于天，不能使天与之天下；诸侯能荐人于天子，不能使天子与之诸侯；大夫能荐人于诸侯，不能使诸侯与之大夫。	孟子·万章上 9.30	2
bnstyztxzhnjrytzbnstzyzzhdfnjryzhbnszhyzdf	不能使天与之天下；诸侯能荐人于天子，不能使天子与之诸侯；大夫能荐人于诸侯，不能使诸侯与之大夫。	孟子·万章上 9.30	2
zhnjrytzbnstzyzzhdfnjryzhbnszhyzdf	诸侯能荐人于天子，不能使天子与之诸侯；大夫能荐人于诸侯，不能使诸侯与之大夫。	孟子·万章上 9.30	2
bnstzyzzhdfnjryzhbnszhyzdf	不能使天子与之诸侯；大夫能荐人于诸侯，不能使诸侯与之大夫。	孟子·万章上 9.30	2
dfnjryzhbnszhyzdf	大夫能荐人于诸侯，不能使诸侯与之大夫。	孟子·万章上 9.30	2
bnszhyzdf	不能使诸侯与之大夫。	孟子·万章上 9.30	2
xzyjsytetszbzymemszgytbyyxysszeyy	昔者尧荐舜于天而天受之，暴之于民而民受之，故曰：天不言，以行与事示之而已矣。	孟子·万章上 9.30	1
bzymemszgytbyyxysszeyy	暴之于民而民受之，故曰：天不言，以行与事示之而已矣。	孟子·万章上 9.30	2
gytbyyxysszeyy	故曰：天不言，以行与事示之而已矣。	孟子·万章上 9.30	2
ygwjzytetszbzymemszrh	曰：“敢问荐之于天而天受之，暴之于民而民受之，如何？”	孟子·万章上 9.31	1
gwjzytetszbzymemszrh	“敢问荐之于天而天受之，暴之于民而民受之，如何？”	孟子·万章上 9.31	2
bzymemszrh	暴之于民而民受之，如何？	孟子·万章上 9.31	2
yszzjebsxzstszszzseszbxazsmszy	曰：使之主祭而百神享之，是天受之；使之主事而事治，百姓安之，是民受之也。	孟子·万章上 9.32	1
szzjebsxzstszszzseszbxazsmszy	使之主祭而百神享之，是天受之；使之主事而事治，百姓安之，是民受之也。	孟子·万章上 9.32	2
stszszzseszbxazsmszy	是天受之；使之主事而事治，百姓安之，是民受之也。	孟子·万章上 9.32	2
szzseszbxazsmszy	使之主事而事治，百姓安之，是民受之也。	孟子·万章上 9.32	2
bxazsmszy	百姓安之，是民受之也。	孟子·万章上 9.32	2
smszy	是民受之也。	孟子·万章上 9.32	2
tyzryzgytzbnytxyr	天与之，人与之，故曰：天子不能以天下与人。	孟子·万章上 9.32	1
ryzgytzbnytxyr	人与之，故曰：天子不能以天下与人。	孟子·万章上 9.32	2
gytzbnytxyr	故曰：天子不能以天下与人。	孟子·万章上 9.32	2
sxyesybzfrzsnwyty	舜相尧二十有八载，非人之所能为也，天也。	孟子·万章上 9.32	1
frzsnwyty	非人之所能为也，天也。	孟子·万章上 9.32	2
ybsnzsbsbyzzynhzn	尧崩，三年之丧毕，舜避尧之子于南河之南。	孟子·万章上 9.32	1
snzsbsbyzzynhzn	三年之丧毕，舜避尧之子于南河之南。	孟子·万章上 9.32	2
sbyzzynhzn	舜避尧之子于南河之南。	孟子·万章上 9.32	2
txzhcjzbzyzzezssyzbzyzzezsogzbogyzzeogsgyty	天下诸侯朝觐者，不之尧之子而之舜；讼狱者，不之尧之子而之舜；讴歌者，不讴歌尧之子而讴歌舜，故曰天也。	孟子·万章上 9.32	1
bzyzzezssyzbzyzzezsogzbogyzzeogsgyty	不之尧之子而之舜；讼狱者，不之尧之子而之舜；讴歌者，不讴歌尧之子而讴歌舜，故曰天也。	孟子·万章上 9.32	2
syzbzyzzezsogzbogyzzeogsgyty	讼狱者，不之尧之子而之舜；讴歌者，不讴歌尧之子而讴歌舜，故曰天也。	孟子·万章上 9.32	2
bzyzzezsogzbogyzzeogsgyty	不之尧之子而之舜；讴歌者，不讴歌尧之子而讴歌舜，故曰天也。	孟子·万章上 9.32	2
ogzbogyzzeogsgyty	讴歌者，不讴歌尧之子而讴歌舜，故曰天也。	孟子·万章上 9.32	2
bogyzzeogsgyty	不讴歌尧之子而讴歌舜，故曰天也。	孟子·万章上 9.32	2
gyty	故曰天也。	孟子·万章上 9.32	2
frhzzgjtzwy	夫然后之中国，践天子位焉。	孟子·万章上 9.32	1
jtzwy	践天子位焉。	孟子·万章上 9.32	2
ejyzgbyzzscyftyy	而居尧之宫，逼尧之子，是篡也，非天与也。	孟子·万章上 9.32	1
byzzscyftyy	逼尧之子，是篡也，非天与也。	孟子·万章上 9.32	2
scyftyy	是篡也，非天与也。	孟子·万章上 9.32	2
ftyy	非天与也。	孟子·万章上 9.32	2
tsytszwmsttzwmtczwy	《太誓》曰：‘天视自我民视，天听自我民听’，此之谓也。	孟子·万章上 9.32	1
tszwmsttzwmtczwy	‘天视自我民视，天听自我民听’，此之谓也。	孟子·万章上 9.32	2
ttzwmtczwy	天听自我民听，此之谓也。	孟子·万章上 9.32	2
wzwyryyzyyedsbcyxecyz	万章问曰：人有言：‘至于禹而德衰，不传于贤而传于子。’	孟子·万章上 9.33	1
ryyzyyedsbcyxecyz	人有言：‘至于禹而德衰，不传于贤而传于子。’	孟子·万章上 9.33	2
zyyedsbcyxecyz	‘至于禹而德衰，不传于贤而传于子。’	孟子·万章上 9.33	2
bcyxecyz	不传于贤而传于子。	孟子·万章上 9.33	2
mzyfbry	孟子曰：否，不然也。	孟子·万章上 9.34	1
fbry	否，不然也。	孟子·万章上 9.34	2
bry	不然也。	孟子·万章上 9.34	2
tyxzyxtyzzyz	天与贤，则与贤；天与子，则与子。	孟子·万章上 9.34	1
zyxtyzzyz	则与贤；天与子，则与子。	孟子·万章上 9.34	2
tyzzyz	天与子，则与子。	孟子·万章上 9.34	2
zyz	则与子。	孟子·万章上 9.34	2
xzsjyytsyqnsb	昔者舜荐禹于天，十有七年，舜崩。	孟子·万章上 9.34	1
syqnsb	十有七年，舜崩。	孟子·万章上 9.34	2
sb	舜崩。	孟子·万章上 9.34	2
snzsbybszzyyc	三年之丧毕，禹避舜之子于阳城。	孟子·万章上 9.34	1
ybszzyyc	禹避舜之子于阳城。	孟子·万章上 9.34	2
txzmczrybzhbcyzzecsy	天下之民从之，若尧崩之后，不从尧之子而从舜也。	孟子·万章上 9.34	1
rybzhbcyzzecsy	若尧崩之后，不从尧之子而从舜也。	孟子·万章上 9.34	2
bcyzzecsy	不从尧之子而从舜也。	孟子·万章上 9.34	2
yjyytqnyb	禹荐益于天，七年，禹崩。	孟子·万章上 9.34	1
qnyb	七年，禹崩。	孟子·万章上 9.34	2
yb	禹崩。	孟子·万章上 9.34	2
snzsbybyzzyjszy	三年之丧毕，益避禹之子于箕山之阴。	孟子·万章上 9.34	1
ybyzzyjszy	益避禹之子于箕山之阴。	孟子·万章上 9.34	2
cjsyzbzyezqywjzzy	朝觐讼狱者不之益而之启，曰：‘吾君之子也。’	孟子·万章上 9.34	1
ywjzzy	曰：‘吾君之子也。’	孟子·万章上 9.34	2
wjzzy	‘吾君之子也。’	孟子·万章上 9.34	2
ogzbogyeogqywjzzy	讴歌者不讴歌益而讴歌启，曰：‘吾君之子也。’	孟子·万章上 9.34	1
dzzbxszzybx	丹朱之不肖，舜之子亦不肖。	孟子·万章上 9.34	1
szzybx	舜之子亦不肖。	孟子·万章上 9.34	2
szxyyzxsylndszymj	舜之相尧，禹之相舜也，历年多，施泽于民久。	孟子·万章上 9.34	1
yzxsylndszymj	禹之相舜也，历年多，施泽于民久。	孟子·万章上 9.34	2
lndszymj	历年多，施泽于民久。	孟子·万章上 9.34	2
szymj	施泽于民久。	孟子·万章上 9.34	2
qxnjcjyzd	启贤，能敬承继禹之道。	孟子·万章上 9.34	1
njcjyzd	能敬承继禹之道。	孟子·万章上 9.34	2
yzxyylnsszymwj	益之相禹也，历年少，施泽于民未久。	孟子·万章上 9.34	1
lnsszymwj	历年少，施泽于民未久。	孟子·万章上 9.34	2
szymwj	施泽于民未久。	孟子·万章上 9.34	2
syyxqjyqzzxbxjtyfrzsnwy	舜、禹、益相去久远，其子之贤不肖，皆天也，非人之所能为也。	孟子·万章上 9.34	1
yyxqjyqzzxbxjtyfrzsnwy	禹、益相去久远，其子之贤不肖，皆天也，非人之所能为也。	孟子·万章上 9.34	2
yxqjyqzzxbxjtyfrzsnwy	益相去久远，其子之贤不肖，皆天也，非人之所能为也。	孟子·万章上 9.34	2
qzzxbxjtyfrzsnwy	其子之贤不肖，皆天也，非人之所能为也。	孟子·万章上 9.34	2
jtyfrzsnwy	皆天也，非人之所能为也。	孟子·万章上 9.34	2
frzsnwy	非人之所能为也。	孟子·万章上 9.34	2
mzwewztymzzezzmy	莫之为而为者，天也；莫之致而至者，命也。	孟子·万章上 9.34	1
tymzzezzmy	天也；莫之致而至者，命也。	孟子·万章上 9.34	2
mzzezzmy	莫之致而至者，命也。	孟子·万章上 9.34	2
pfeytxzdbrsyeyytzjzzgznbytx	匹夫而有天下者，德必若舜禹，而又有天子荐之者，故仲尼不有天下。	孟子·万章上 9.34	1
dbrsyeyytzjzzgznbytx	德必若舜禹，而又有天子荐之者，故仲尼不有天下。	孟子·万章上 9.34	2
eyytzjzzgznbytx	而又有天子荐之者，故仲尼不有天下。	孟子·万章上 9.34	2
gznbytx	故仲尼不有天下。	孟子·万章上 9.34	2
jsyytxtzsfbrjzzygyyyzgbytx	继世以有天下，天之所废，必若桀纣者也，故益、伊尹、周公不有天下。	孟子·万章上 9.34	1
tzsfbrjzzygyyyzgbytx	天之所废，必若桀纣者也，故益、伊尹、周公不有天下。	孟子·万章上 9.34	2
brjzzygyyyzgbytx	必若桀纣者也，故益、伊尹、周公不有天下。	孟子·万章上 9.34	2
gyyyzgbytx	故益、伊尹、周公不有天下。	孟子·万章上 9.34	2
yyzgbytx	伊尹、周公不有天下。	孟子·万章上 9.34	2
zgbytx	周公不有天下。	孟子·万章上 9.34	2
yyxtywytx	伊尹相汤以王于天下。	孟子·万章上 9.34	1
tbtdwlwbenzrsn	汤崩，太丁未立，外丙二年，仲壬四年。	孟子·万章上 9.34	1
tdwlwbenzrsn	太丁未立，外丙二年，仲壬四年。	孟子·万章上 9.34	2
wbenzrsn	外丙二年，仲壬四年。	孟子·万章上 9.34	2
zrsn	仲壬四年。	孟子·万章上 9.34	2
tjdftzdxyyfzyt	太甲颠覆汤之典刑，伊尹放之于桐。	孟子·万章上 9.34	1
yyfzyt	伊尹放之于桐。	孟子·万章上 9.34	2
sntjhgzyzyytcrqysnytyyzxjyfgyb	三年，太甲悔过，自怨自艾，于桐处仁迁义；三年，以听伊尹之训己也，复归于亳。	孟子·万章上 9.34	1
tjhgzyzyytcrqysnytyyzxjyfgyb	太甲悔过，自怨自艾，于桐处仁迁义；三年，以听伊尹之训己也，复归于亳。	孟子·万章上 9.34	2
zyzyytcrqysnytyyzxjyfgyb	自怨自艾，于桐处仁迁义；三年，以听伊尹之训己也，复归于亳。	孟子·万章上 9.34	2
ytcrqysnytyyzxjyfgyb	于桐处仁迁义；三年，以听伊尹之训己也，复归于亳。	孟子·万章上 9.34	2
snytyyzxjyfgyb	三年，以听伊尹之训己也，复归于亳。	孟子·万章上 9.34	2
ytyyzxjyfgyb	以听伊尹之训己也，复归于亳。	孟子·万章上 9.34	2
fgyb	复归于亳。	孟子·万章上 9.34	2
zgzbytxyyzyxyyzyyy	周公之不有天下，犹益之于夏，伊尹之于殷也。	孟子·万章上 9.34	1
yyzyxyyzyyy	犹益之于夏，伊尹之于殷也。	孟子·万章上 9.34	2
yyzyyy	伊尹之于殷也。	孟子·万章上 9.34	2
kzytycxhyzjqyyy	孔子曰：‘唐虞禅，夏后、殷、周继，其义一也。’	孟子·万章上 9.34	1
tycxhyzjqyyy	‘唐虞禅，夏后、殷、周继，其义一也。’	孟子·万章上 9.34	2
xhyzjqyyy	夏后、殷、周继，其义一也。	孟子·万章上 9.34	2
yzjqyyy	殷、周继，其义一也。	孟子·万章上 9.34	2
zjqyyy	周继，其义一也。	孟子·万章上 9.34	2
qyyy	其义一也。	孟子·万章上 9.34	2
wzwyryyyyygpytyz	万章问曰：“人有言‘伊尹以割烹要汤’有诸？”	孟子·万章上 9.35	1
ryyyyygpytyz	“人有言‘伊尹以割烹要汤’有诸？”	孟子·万章上 9.35	2
mzyfbr	孟子曰：否，不然。	孟子·万章上 9.36	1
fbr	否，不然。	孟子·万章上 9.36	2
br	不然。	孟子·万章上 9.36	2
yygyyszyelyszdy	伊尹耕于有莘之野，而乐尧舜之道焉。	孟子·万章上 9.36	1
elyszdy	而乐尧舜之道焉。	孟子·万章上 9.36	2
fqyyfqdylzytxfgyxmqsfsy	非其义也，非其道也，禄之以天下，弗顾也；系马千驷，弗视也。	孟子·万章上 9.36	1
fqdylzytxfgyxmqsfsy	非其道也，禄之以天下，弗顾也；系马千驷，弗视也。	孟子·万章上 9.36	2
lzytxfgyxmqsfsy	禄之以天下，弗顾也；系马千驷，弗视也。	孟子·万章上 9.36	2
fgyxmqsfsy	弗顾也；系马千驷，弗视也。	孟子·万章上 9.36	2
xmqsfsy	系马千驷，弗视也。	孟子·万章上 9.36	2
fsy	弗视也。	孟子·万章上 9.36	2
fqyyfqdyyjbyyryjbyqzrtsrybpzxxrywhytzpbwz	非其义也，非其道也，一介不以与人，一介不以取诸人，汤使人以币聘之，嚣嚣然曰：我何以汤之聘币为哉？	孟子·万章上 9.36	1
fqdyyjbyyryjbyqzrtsrybpzxxrywhytzpbwz	非其道也，一介不以与人，一介不以取诸人，汤使人以币聘之，嚣嚣然曰：我何以汤之聘币为哉？	孟子·万章上 9.36	2
yjbyyryjbyqzrtsrybpzxxrywhytzpbwz	一介不以与人，一介不以取诸人，汤使人以币聘之，嚣嚣然曰：我何以汤之聘币为哉？	孟子·万章上 9.36	2
yjbyqzrtsrybpzxxrywhytzpbwz	一介不以取诸人，汤使人以币聘之，嚣嚣然曰：我何以汤之聘币为哉？	孟子·万章上 9.36	2
tsrybpzxxrywhytzpbwz	汤使人以币聘之，嚣嚣然曰：我何以汤之聘币为哉？	孟子·万章上 9.36	2
xxrywhytzpbwz	嚣嚣然曰：我何以汤之聘币为哉？	孟子·万章上 9.36	2
whytzpbwz	我何以汤之聘币为哉？	孟子·万章上 9.36	2
wqrcqmzzysylyszdz	我岂若处畎亩之中，由是以乐尧舜之道哉？	孟子·万章上 9.36	1
ysylyszdz	由是以乐尧舜之道哉？	孟子·万章上 9.36	2
tsswpzjefrgyywcqmzzysylyszdwqrssjwyszjz	汤三使往聘之，既而幡然改曰：与我处畎亩之中，由是以乐尧舜之道，吾岂若使是君为尧舜之君哉？	孟子·万章上 9.36	1
jefrgyywcqmzzysylyszdwqrssjwyszjz	既而幡然改曰：与我处畎亩之中，由是以乐尧舜之道，吾岂若使是君为尧舜之君哉？	孟子·万章上 9.36	2
ywcqmzzysylyszdwqrssjwyszjz	与我处畎亩之中，由是以乐尧舜之道，吾岂若使是君为尧舜之君哉？	孟子·万章上 9.36	2
ysylyszdwqrssjwyszjz	由是以乐尧舜之道，吾岂若使是君为尧舜之君哉？	孟子·万章上 9.36	2
wqrssjwyszjz	吾岂若使是君为尧舜之君哉？	孟子·万章上 9.36	2
wqrssmwyszmz	吾岂若使是民为尧舜之民哉？	孟子·万章上 9.36	1
wqrywsqjzz	吾岂若于吾身亲见之哉？	孟子·万章上 9.36	1
tzscmysxzjhzsxjjhjy	天之生此民也，使先知觉后知，使先觉觉后觉也。	孟子·万章上 9.36	1
sxzjhzsxjjhjy	使先知觉后知，使先觉觉后觉也。	孟子·万章上 9.36	2
sxjjhjy	使先觉觉后觉也。	孟子·万章上 9.36	2
ytmzxjzyyjysdjsmy	予，天民之先觉者也；予将以斯道觉斯民也。	孟子·万章上 9.36	1
tmzxjzyyjysdjsmy	天民之先觉者也；予将以斯道觉斯民也。	孟子·万章上 9.36	2
yjysdjsmy	予将以斯道觉斯民也。	孟子·万章上 9.36	2
fyjzesy	非予觉之，而谁也？	孟子·万章上 9.36	1
esy	而谁也？	孟子·万章上 9.36	2
stxzmpfpfybbyszzzrjtenzgz	思天下之民匹夫匹妇有不被尧舜之泽者，若己推而内之沟中。	孟子·万章上 9.36	1
rjtenzgz	若己推而内之沟中。	孟子·万章上 9.36	2
qzrytxzzrcgjteszyfxjm	其自任以天下之重如此，故就汤而说之以伐夏救民。	孟子·万章上 9.36	1
gjteszyfxjm	故就汤而说之以伐夏救民。	孟子·万章上 9.36	2
wwwwjezrzykrjyztxzh	吾未闻枉己而正人者也，况辱己以正天下者乎？	孟子·万章上 9.36	1
krjyztxzh	况辱己以正天下者乎？	孟子·万章上 9.36	2
srzxbtyhyhjhqhbqgjqseyy	圣人之行不同也，或远或近，或去或不去，归洁其身而已矣。	孟子·万章上 9.36	1
hyhjhqhbqgjqseyy	或远或近，或去或不去，归洁其身而已矣。	孟子·万章上 9.36	2
hqhbqgjqseyy	或去或不去，归洁其身而已矣。	孟子·万章上 9.36	2
gjqseyy	归洁其身而已矣。	孟子·万章上 9.36	2
wwqyyszdytwwygpy	吾闻其以尧舜之道要汤，未闻以割烹也。	孟子·万章上 9.36	1
wwygpy	未闻以割烹也。	孟子·万章上 9.36	2
yxytzzgzmgzzzb	伊训曰：‘天诛造攻自牧宫，朕载自亳。’	孟子·万章上 9.36	1
tzzgzmgzzzb	‘天诛造攻自牧宫，朕载自亳。’	孟子·万章上 9.36	2
zzzb	朕载自亳。	孟子·万章上 9.36	2
wzwyhwkzywzyjyqzsrjhyzh	万章问曰：“或谓孔子于卫主痈疽，于齐主侍人瘠环，有诸乎？”	孟子·万章上 9.37	1
hwkzywzyjyqzsrjhyzh	“或谓孔子于卫主痈疽，于齐主侍人瘠环，有诸乎？”	孟子·万章上 9.37	2
yqzsrjhyzh	于齐主侍人瘠环，有诸乎？	孟子·万章上 9.37	2
yzh	有诸乎？	孟子·万章上 9.37	2
hszwzy	好事者为之也。	孟子·万章上 9.38	1
ywzycy	于卫主颜雠由。	孟子·万章上 9.38	1
mzzqyzlzqxdy	弥子之妻与子路之妻，兄弟也。	孟子·万章上 9.38	1
mzwzlykzzwwqkdy	弥子谓子路曰：‘孔子主我，卫卿可得也。’	孟子·万章上 9.38	1
kzzwwqkdy	‘孔子主我，卫卿可得也。’	孟子·万章上 9.38	2
wqkdy	卫卿可得也。	孟子·万章上 9.38	2
zlyg	子路以告。	孟子·万章上 9.38	1
kzyym	孔子曰：‘有命。’	孟子·万章上 9.38	1
ym	‘有命。’	孟子·万章上 9.38	2
kzjyltyydzbdyym	孔子进以礼，退以义，得之不得曰‘有命’。	孟子·万章上 9.38	1
tyydzbdyym	退以义，得之不得曰‘有命’。	孟子·万章上 9.38	2
dzbdyym	得之不得曰‘有命’。	孟子·万章上 9.38	2
ezyjysrjhswywmy	而主痈疽与侍人瘠环，是无义无命也。	孟子·万章上 9.38	1
swywmy	是无义无命也。	孟子·万章上 9.38	2
kzyylwzshsmjyeszwfegs	孔子悦于鲁卫，遭宋桓司马将要而杀之，微服而过宋。	孟子·万章上 9.38	1
zshsmjyeszwfegs	遭宋桓司马将要而杀之，微服而过宋。	孟子·万章上 9.38	2
wfegs	微服而过宋。	孟子·万章上 9.38	2
sskzdezsczzwchzc	是时孔子当阨，主司城贞子，为陈侯周臣。	孟子·万章上 9.38	1
zsczzwchzc	主司城贞子，为陈侯周臣。	孟子·万章上 9.38	2
wchzc	为陈侯周臣。	孟子·万章上 9.38	2
wwgjcyqswzgycyqsz	吾闻观近臣，以其所为主；观远臣，以其所主。	孟子·万章上 9.38	1
yqswzgycyqsz	以其所为主；观远臣，以其所主。	孟子·万章上 9.38	2
gycyqsz	观远臣，以其所主。	孟子·万章上 9.38	2
yqsz	以其所主。	孟子·万章上 9.38	2
rkzzyjysrjhhywkz	若孔子主痈疽与侍人瘠环，何以为孔子？	孟子·万章上 9.38	1
hywkz	何以为孔子？	孟子·万章上 9.38	2
wzwyhyblxzyyqyszwyzpsnyyqmg	万章问曰：或曰：‘百里奚自鬻于秦养牲者，五羊之皮，食牛，以要秦穆公。’	孟子·万章上 9.39	1
hyblxzyyqyszwyzpsnyyqmg	或曰：‘百里奚自鬻于秦养牲者，五羊之皮，食牛，以要秦穆公。’	孟子·万章上 9.39	2
blxzyyqyszwyzpsnyyqmg	‘百里奚自鬻于秦养牲者，五羊之皮，食牛，以要秦穆公。’	孟子·万章上 9.39	2
wyzpsnyyqmg	五羊之皮，食牛，以要秦穆公。	孟子·万章上 9.39	2
snyyqmg	食牛，以要秦穆公。	孟子·万章上 9.39	2
yyqmg	以要秦穆公。	孟子·万章上 9.39	2
xh	信乎？	孟子·万章上 9.39	1
blxyry	百里奚，虞人也。	孟子·万章上 9.40	1
yry	虞人也。	孟子·万章上 9.40	2
jrycjzbyqczcjdyyyfg	晋人以垂棘之璧与屈产之乘，假道于虞以伐虢。	孟子·万章上 9.40	1
jdyyyfg	假道于虞以伐虢。	孟子·万章上 9.40	2
gzqjblxbj	宫之奇谏，百里奚不谏。	孟子·万章上 9.40	1
blxbj	百里奚不谏。	孟子·万章上 9.40	2
zygzbkjeqzqnyqsycbzysngqmgzwwykwzh	知虞公之不可谏而去，之秦，年已七十矣，曾不知以食牛干秦穆公之为污也，可谓智乎？	孟子·万章上 9.40	1
zqnyqsycbzysngqmgzwwykwzh	之秦，年已七十矣，曾不知以食牛干秦穆公之为污也，可谓智乎？	孟子·万章上 9.40	2
nyqsycbzysngqmgzwwykwzh	年已七十矣，曾不知以食牛干秦穆公之为污也，可谓智乎？	孟子·万章上 9.40	2
cbzysngqmgzwwykwzh	曾不知以食牛干秦穆公之为污也，可谓智乎？	孟子·万章上 9.40	2
bkjebjkwbzh	不可谏而不谏，可谓不智乎？	孟子·万章上 9.40	1
kwbzh	可谓不智乎？	孟子·万章上 9.40	2
zygzjwexqzbkwbzy	知虞公之将亡而先去之，不可谓不智也。	孟子·万章上 9.40	1
bkwbzy	不可谓不智也。	孟子·万章上 9.40	2
sjyqzmgzkyyxyexzkwbzh	时举于秦，知穆公之可与有行也而相之，可谓不智乎？	孟子·万章上 9.40	1
zmgzkyyxyexzkwbzh	知穆公之可与有行也而相之，可谓不智乎？	孟子·万章上 9.40	2
xqexqjytxkcyhsbxenzh	相秦而显其君于天下，可传于后世，不贤而能之乎？	孟子·万章上 9.40	1
kcyhsbxenzh	可传于后世，不贤而能之乎？	孟子·万章上 9.40	2
bxenzh	不贤而能之乎？	孟子·万章上 9.40	2
zyycqjxdzhzbwewxzwzh	自鬻以成其君，乡党自好者不为，而谓贤者为之乎？	孟子·万章上 9.40	1
xdzhzbwewxzwzh	乡党自好者不为，而谓贤者为之乎？	孟子·万章上 9.40	2
ewxzwzh	而谓贤者为之乎？	孟子·万章上 9.40	2
mzybymbsesebtes	孟子曰：伯夷，目不视恶色，耳不听恶声。	孟子·万章下 10.1	1
bymbsesebtes	伯夷，目不视恶色，耳不听恶声。	孟子·万章下 10.1	2
mbsesebtes	目不视恶色，耳不听恶声。	孟子·万章下 10.1	2
ebtes	耳不听恶声。	孟子·万章下 10.1	2
fqjbsfqmbs	非其君不事，非其民不使。	孟子·万章下 10.1	1
fqmbs	非其民不使。	孟子·万章下 10.1	2
zzjlzt	治则进，乱则退。	孟子·万章下 10.1	1
lzt	乱则退。	孟子·万章下 10.1	2
hzzschmzszbrjy	横政之所出，横民之所止，不忍居也。	孟子·万章下 10.1	1
hmzszbrjy	横民之所止，不忍居也。	孟子·万章下 10.1	2
brjy	不忍居也。	孟子·万章下 10.1	2
syxrcrycycgzytty	思与乡人处，如以朝衣朝冠坐于涂炭也。	孟子·万章下 10.1	1
rycycgzytty	如以朝衣朝冠坐于涂炭也。	孟子·万章下 10.1	2
dzzsjbhzbydtxzqy	当纣之时，居北海之滨，以待天下之清也。	孟子·万章下 10.1	1
jbhzbydtxzqy	居北海之滨，以待天下之清也。	孟子·万章下 10.1	2
ydtxzqy	以待天下之清也。	孟子·万章下 10.1	2
gwbyzfzwflnfylz	故闻伯夷之风者，顽夫廉，懦夫有立志。	孟子·万章下 10.1	1
wflnfylz	顽夫廉，懦夫有立志。	孟子·万章下 10.1	2
nfylz	懦夫有立志。	孟子·万章下 10.1	2
yyyhsfj	伊尹曰：何事非君？	孟子·万章下 10.2	1
hsfj	何事非君？	孟子·万章下 10.2	2
hsfm	何使非民？	孟子·万章下 10.2	1
zyjlyj	治亦进，乱亦进。	孟子·万章下 10.2	1
lyj	乱亦进。	孟子·万章下 10.2	2
ytzssmysxzjhzsxjjhj	曰：天之生斯民也，使先知觉后知，使先觉觉后觉。	孟子·万章下 10.2	1
tzssmysxzjhzsxjjhj	天之生斯民也，使先知觉后知，使先觉觉后觉。	孟子·万章下 10.2	2
sxzjhzsxjjhj	使先知觉后知，使先觉觉后觉。	孟子·万章下 10.2	2
sxjjhj	使先觉觉后觉。	孟子·万章下 10.2	2
ytmzxjzyyjycdjcmy	予，天民之先觉者也；予将以此道觉此民也。	孟子·万章下 10.2	1
tmzxjzyyjycdjcmy	天民之先觉者也；予将以此道觉此民也。	孟子·万章下 10.2	2
yjycdjcmy	予将以此道觉此民也。	孟子·万章下 10.2	2
stxzmpfpfybybyszzzrjtenzgzqzrytxzzy	思天下之民匹夫匹妇有不与被尧舜之泽者，若己推而内之沟中，其自任以天下之重也。	孟子·万章下 10.2	1
rjtenzgzqzrytxzzy	若己推而内之沟中，其自任以天下之重也。	孟子·万章下 10.2	2
qzrytxzzy	其自任以天下之重也。	孟子·万章下 10.2	2
lxhbxwjbcxg	柳下惠，不羞污君，不辞小官。	孟子·万章下 10.3	1
bxwjbcxg	不羞污君，不辞小官。	孟子·万章下 10.3	2
bcxg	不辞小官。	孟子·万章下 10.3	2
yxrcyyrbrqy	与乡人处，由由然不忍去也。	孟子·万章下 10.3	1
yyrbrqy	由由然不忍去也。	孟子·万章下 10.3	2
gwlxhzfzbfkbfd	故闻柳下惠之风者，鄙夫宽，薄夫敦。	孟子·万章下 10.3	1
bfkbfd	鄙夫宽，薄夫敦。	孟子·万章下 10.3	2
bfd	薄夫敦。	孟子·万章下 10.3	2
kzzqqjxexqlyccwxy	孔子之去齐，接淅而行；去鲁，曰：‘迟迟吾行也。’	孟子·万章下 10.4	1
jxexqlyccwxy	接淅而行；去鲁，曰：‘迟迟吾行也。’	孟子·万章下 10.4	2
qlyccwxy	去鲁，曰：‘迟迟吾行也。’	孟子·万章下 10.4	2
yccwxy	曰：‘迟迟吾行也。’	孟子·万章下 10.4	2
ccwxy	‘迟迟吾行也。’	孟子·万章下 10.4	2
qfmgzdy	去父母国之道也。	孟子·万章下 10.4	1
kyseskyjejkyceckyseskzy	可以速而速，可以久而久，可以处而处，可以仕而仕，孔子也。	孟子·万章下 10.4	1
kyjejkyceckyseskzy	可以久而久，可以处而处，可以仕而仕，孔子也。	孟子·万章下 10.4	2
kyceckyseskzy	可以处而处，可以仕而仕，孔子也。	孟子·万章下 10.4	2
kyseskzy	可以仕而仕，孔子也。	孟子·万章下 10.4	2
mzybyszqzyyyszrzylxhszhzykzszszy	孟子曰：伯夷，圣之清者也；伊尹，圣之任者也；柳下惠，圣之和者也；孔子，圣之时者也。	孟子·万章下 10.5	1
byszqzyyyszrzylxhszhzykzszszy	伯夷，圣之清者也；伊尹，圣之任者也；柳下惠，圣之和者也；孔子，圣之时者也。	孟子·万章下 10.5	2
szqzyyyszrzylxhszhzykzszszy	圣之清者也；伊尹，圣之任者也；柳下惠，圣之和者也；孔子，圣之时者也。	孟子·万章下 10.5	2
yyszrzylxhszhzykzszszy	伊尹，圣之任者也；柳下惠，圣之和者也；孔子，圣之时者也。	孟子·万章下 10.5	2
szrzylxhszhzykzszszy	圣之任者也；柳下惠，圣之和者也；孔子，圣之时者也。	孟子·万章下 10.5	2
lxhszhzykzszszy	柳下惠，圣之和者也；孔子，圣之时者也。	孟子·万章下 10.5	2
szhzykzszszy	圣之和者也；孔子，圣之时者也。	孟子·万章下 10.5	2
kzszszy	孔子，圣之时者也。	孟子·万章下 10.5	2
szszy	圣之时者也。	孟子·万章下 10.5	2
kzzwjdc	孔子之谓集大成。	孟子·万章下 10.5	1
jdcyzjseyzzy	集大成也者，金声而玉振之也。	孟子·万章下 10.5	1
jseyzzy	金声而玉振之也。	孟子·万章下 10.5	2
jsyzstlyyzzyzztly	金声也者，始条理也；玉振之也者，终条理也。	孟子·万章下 10.5	1
stlyyzzyzztly	始条理也；玉振之也者，终条理也。	孟子·万章下 10.5	2
yzzyzztly	玉振之也者，终条理也。	孟子·万章下 10.5	2
ztly	终条理也。	孟子·万章下 10.5	2
stlzzzsyztlzszsy	始条理者，智之事也；终条理者，圣之事也。	孟子·万章下 10.5	1
zzsyztlzszsy	智之事也；终条理者，圣之事也。	孟子·万章下 10.5	2
ztlzszsy	终条理者，圣之事也。	孟子·万章下 10.5	2
szsy	圣之事也。	孟子·万章下 10.5	2
zpzqyspzly	智，譬则巧也；圣，譬则力也。	孟子·万章下 10.5	1
pzqyspzly	譬则巧也；圣，譬则力也。	孟子·万章下 10.5	2
spzly	圣，譬则力也。	孟子·万章下 10.5	2
pzly	譬则力也。	孟子·万章下 10.5	2
ysybbzwyqzelyqzfely	由射于百步之外也，其至，尔力也；其中，非尔力也。	孟子·万章下 10.5	1
qzelyqzfely	其至，尔力也；其中，非尔力也。	孟子·万章下 10.5	2
elyqzfely	尔力也；其中，非尔力也。	孟子·万章下 10.5	2
qzfely	其中，非尔力也。	孟子·万章下 10.5	2
fely	非尔力也。	孟子·万章下 10.5	2
bgqwyzsbjlyrzh	北宫锜问曰：“周室班爵禄也，如之何？”	孟子·万章下 10.6	1
zsbjlyrzh	“周室班爵禄也，如之何？”	孟子·万章下 10.6	2
mzyqxbkdwy	孟子曰：其详不可得闻也。	孟子·万章下 10.7	1
qxbkdwy	其详不可得闻也。	孟子·万章下 10.7	2
zheqhjyejqqj	诸侯恶其害己也，而皆去其籍。	孟子·万章下 10.7	1
ejqqj	而皆去其籍。	孟子·万章下 10.7	2
rekycwqly	然而轲也，尝闻其略也。	孟子·万章下 10.7	1
cwqly	尝闻其略也。	孟子·万章下 10.7	2
tzywgywhywbywzntywfwdy	天子一位，公一位，侯一位，伯一位，子、男同一位，凡五等也。	孟子·万章下 10.7	1
gywhywbywzntywfwdy	公一位，侯一位，伯一位，子、男同一位，凡五等也。	孟子·万章下 10.7	2
hywbywzntywfwdy	侯一位，伯一位，子、男同一位，凡五等也。	孟子·万章下 10.7	2
bywzntywfwdy	伯一位，子、男同一位，凡五等也。	孟子·万章下 10.7	2
zntywfwdy	子、男同一位，凡五等也。	孟子·万章下 10.7	2
ntywfwdy	男同一位，凡五等也。	孟子·万章下 10.7	2
fwdy	凡五等也。	孟子·万章下 10.7	2
jywqywdfywssywzsywxsywfld	君一位，卿一位，大夫一位，上士一位，中士一位，下士一位，凡六等。	孟子·万章下 10.7	1
qywdfywssywzsywxsywfld	卿一位，大夫一位，上士一位，中士一位，下士一位，凡六等。	孟子·万章下 10.7	2
dfywssywzsywxsywfld	大夫一位，上士一位，中士一位，下士一位，凡六等。	孟子·万章下 10.7	2
ssywzsywxsywfld	上士一位，中士一位，下士一位，凡六等。	孟子·万章下 10.7	2
zsywxsywfld	中士一位，下士一位，凡六等。	孟子·万章下 10.7	2
xsywfld	下士一位，凡六等。	孟子·万章下 10.7	2
fld	凡六等。	孟子·万章下 10.7	2
tzzzdfqlghjfblbqslznwslfsd	天子之制，地方千里，公侯皆方百里，伯七十里，子、男五十里，凡四等。	孟子·万章下 10.8	1
dfqlghjfblbqslznwslfsd	地方千里，公侯皆方百里，伯七十里，子、男五十里，凡四等。	孟子·万章下 10.8	2
ghjfblbqslznwslfsd	公侯皆方百里，伯七十里，子、男五十里，凡四等。	孟子·万章下 10.8	2
bqslznwslfsd	伯七十里，子、男五十里，凡四等。	孟子·万章下 10.8	2
znwslfsd	子、男五十里，凡四等。	孟子·万章下 10.8	2
nwslfsd	男五十里，凡四等。	孟子·万章下 10.8	2
fsd	凡四等。	孟子·万章下 10.8	2
bnwslbdytzfyzhyfy	不能五十里，不达于天子，附于诸侯，曰附庸。	孟子·万章下 10.8	1
bdytzfyzhyfy	不达于天子，附于诸侯，曰附庸。	孟子·万章下 10.8	2
fyzhyfy	附于诸侯，曰附庸。	孟子·万章下 10.8	2
yfy	曰附庸。	孟子·万章下 10.8	2
tzzqsdshdfsdsbyssdszn	天子之卿受地视侯，大夫受地视伯，元士受地视子、男。	孟子·万章下 10.8	1
dfsdsbyssdszn	大夫受地视伯，元士受地视子、男。	孟子·万章下 10.8	2
yssdszn	元士受地视子、男。	孟子·万章下 10.8	2
dgdfbljsqlqlsdfdfbssssbzszsbxsxsysrzgztllzydqgy	大国地方百里，君十卿禄，卿禄四大夫，大夫倍上士，上士倍中士，中士倍下士，下士与庶人在官者同禄，禄足以代其耕也。	孟子·万章下 10.9	1
jsqlqlsdfdfbssssbzszsbxsxsysrzgztllzydqgy	君十卿禄，卿禄四大夫，大夫倍上士，上士倍中士，中士倍下士，下士与庶人在官者同禄，禄足以代其耕也。	孟子·万章下 10.9	2
qlsdfdfbssssbzszsbxsxsysrzgztllzydqgy	卿禄四大夫，大夫倍上士，上士倍中士，中士倍下士，下士与庶人在官者同禄，禄足以代其耕也。	孟子·万章下 10.9	2
dfbssssbzszsbxsxsysrzgztllzydqgy	大夫倍上士，上士倍中士，中士倍下士，下士与庶人在官者同禄，禄足以代其耕也。	孟子·万章下 10.9	2
ssbzszsbxsxsysrzgztllzydqgy	上士倍中士，中士倍下士，下士与庶人在官者同禄，禄足以代其耕也。	孟子·万章下 10.9	2
zsbxsxsysrzgztllzydqgy	中士倍下士，下士与庶人在官者同禄，禄足以代其耕也。	孟子·万章下 10.9	2
xsysrzgztllzydqgy	下士与庶人在官者同禄，禄足以代其耕也。	孟子·万章下 10.9	2
lzydqgy	禄足以代其耕也。	孟子·万章下 10.9	2
cgdfqsljsqlqlsdfdfbssssbzszsbxsxsysrzgztllzydqgy	次国地方七十里，君十卿禄，卿禄三大夫，大夫倍上士，上士倍中士，中士倍下士，下士与庶人在官者同禄，禄足以代其耕也。	孟子·万章下 10.9	1
jsqlqlsdfdfbssssbzszsbxsxsysrzgztllzydqgy	君十卿禄，卿禄三大夫，大夫倍上士，上士倍中士，中士倍下士，下士与庶人在官者同禄，禄足以代其耕也。	孟子·万章下 10.9	2
qlsdfdfbssssbzszsbxsxsysrzgztllzydqgy	卿禄三大夫，大夫倍上士，上士倍中士，中士倍下士，下士与庶人在官者同禄，禄足以代其耕也。	孟子·万章下 10.9	2
xgdfwsljsqlqledfdfbssssbzszsbxsxsysrzgztllzydqgy	小国地方五十里，君十卿禄，卿禄二大夫，大夫倍上士，上士倍中士，中士倍下士，下士与庶人在官者同禄，禄足以代其耕也。	孟子·万章下 10.9	1
jsqlqledfdfbssssbzszsbxsxsysrzgztllzydqgy	君十卿禄，卿禄二大夫，大夫倍上士，上士倍中士，中士倍下士，下士与庶人在官者同禄，禄足以代其耕也。	孟子·万章下 10.9	2
qledfdfbssssbzszsbxsxsysrzgztllzydqgy	卿禄二大夫，大夫倍上士，上士倍中士，中士倍下士，下士与庶人在官者同禄，禄足以代其耕也。	孟子·万章下 10.9	2
gzzshyfbm	耕者之所获，一夫百亩。	孟子·万章下 10.9	1
yfbm	一夫百亩。	孟子·万章下 10.9	2
bmzfsnfsjrscsbrzsqrzcslrxswr	百亩之粪，上农夫食九人，上次食八人，中食七人，中次食六人，下食五人。	孟子·万章下 10.9	1
snfsjrscsbrzsqrzcslrxswr	上农夫食九人，上次食八人，中食七人，中次食六人，下食五人。	孟子·万章下 10.9	2
scsbrzsqrzcslrxswr	上次食八人，中食七人，中次食六人，下食五人。	孟子·万章下 10.9	2
zsqrzcslrxswr	中食七人，中次食六人，下食五人。	孟子·万章下 10.9	2
zcslrxswr	中次食六人，下食五人。	孟子·万章下 10.9	2
xswr	下食五人。	孟子·万章下 10.9	2
srzgzqlyswc	庶人在官者，其禄以是为差。	孟子·万章下 10.9	1
qlyswc	其禄以是为差。	孟子·万章下 10.9	2
wzwygwy	万章问曰：“敢问友。”	孟子·万章下 10.10	1
gwy	“敢问友。”	孟子·万章下 10.10	2
mzybxzbxgbxxdey	孟子曰：不挟长，不挟贵，不挟兄弟而友。	孟子·万章下 10.11	1
bxzbxgbxxdey	不挟长，不挟贵，不挟兄弟而友。	孟子·万章下 10.11	2
bxgbxxdey	不挟贵，不挟兄弟而友。	孟子·万章下 10.11	2
bxxdey	不挟兄弟而友。	孟子·万章下 10.11	2
yyzyqdybkyyxy	友也者，友其德也，不可以有挟也。	孟子·万章下 10.11	1
yqdybkyyxy	友其德也，不可以有挟也。	孟子·万章下 10.11	2
bkyyxy	不可以有挟也。	孟子·万章下 10.11	2
mxzbczjyyywrylzqmzqsrzywzy	孟献子，百乘之家也，有友五人焉：乐正裘、牧仲，其三人，则予忘之矣。	孟子·万章下 10.11	1
bczjyyywrylzqmzqsrzywzy	百乘之家也，有友五人焉：乐正裘、牧仲，其三人，则予忘之矣。	孟子·万章下 10.11	2
yywrylzqmzqsrzywzy	有友五人焉：乐正裘、牧仲，其三人，则予忘之矣。	孟子·万章下 10.11	2
lzqmzqsrzywzy	乐正裘、牧仲，其三人，则予忘之矣。	孟子·万章下 10.11	2
mzqsrzywzy	牧仲，其三人，则予忘之矣。	孟子·万章下 10.11	2
qsrzywzy	其三人，则予忘之矣。	孟子·万章下 10.11	2
zywzy	则予忘之矣。	孟子·万章下 10.11	2
xzzycwrzyywxzzjzy	献子之与此五人者友也，无献子之家者也。	孟子·万章下 10.11	1
wxzzjzy	无献子之家者也。	孟子·万章下 10.11	2
cwrzyyxzzjzbyzyy	此五人者，亦有献子之家，则不与之友矣。	孟子·万章下 10.11	1
yyxzzjzbyzyy	亦有献子之家，则不与之友矣。	孟子·万章下 10.11	2
zbyzyy	则不与之友矣。	孟子·万章下 10.11	2
fwbczjwry	非惟百乘之家为然也。	孟子·万章下 10.11	1
sxgzjyyz	虽小国之君亦有之。	孟子·万章下 10.11	1
fhgywyzszszywyybzyzywszxzswzy	费惠公曰：‘吾于子思，则师之矣；吾于颜般，则友之矣；王顺、长息则事我者也。’	孟子·万章下 10.11	1
wyzszszywyybzyzywszxzswzy	‘吾于子思，则师之矣；吾于颜般，则友之矣；王顺、长息则事我者也。’	孟子·万章下 10.11	2
zszywyybzyzywszxzswzy	则师之矣；吾于颜般，则友之矣；王顺、长息则事我者也。	孟子·万章下 10.11	2
wyybzyzywszxzswzy	吾于颜般，则友之矣；王顺、长息则事我者也。	孟子·万章下 10.11	2
zyzywszxzswzy	则友之矣；王顺、长息则事我者也。	孟子·万章下 10.11	2
wszxzswzy	王顺、长息则事我者也。	孟子·万章下 10.11	2
zxzswzy	长息则事我者也。	孟子·万章下 10.11	2
fwxgzjwrysdgzjyyz	非惟小国之君为然也，虽大国之君亦有之。	孟子·万章下 10.11	1
sdgzjyyz	虽大国之君亦有之。	孟子·万章下 10.11	2
jpgzyhtyryzrzyzzsyzs	晋平公之于亥唐也，入云则入，坐云则坐，食云则食。	孟子·万章下 10.11	1
ryzrzyzzsyzs	入云则入，坐云则坐，食云则食。	孟子·万章下 10.11	2
zyzzsyzs	坐云则坐，食云则食。	孟子·万章下 10.11	2
syzs	食云则食。	孟子·万章下 10.11	2
ssscgwcbbgbgbby	虽疏食菜羹，未尝不饱，盖不敢不饱也。	孟子·万章下 10.11	1
wcbbgbgbby	未尝不饱，盖不敢不饱也。	孟子·万章下 10.11	2
gbgbby	盖不敢不饱也。	孟子·万章下 10.11	2
rzyceyy	然终于此而已矣。	孟子·万章下 10.11	1
fygtwyfyztzyfystlyszzxzyfwgzzxy	弗与共天位也，弗与治天职也，弗与食天禄也，士之尊贤者也，非王公之尊贤也。	孟子·万章下 10.11	1
fyztzyfystlyszzxzyfwgzzxy	弗与治天职也，弗与食天禄也，士之尊贤者也，非王公之尊贤也。	孟子·万章下 10.11	2
fystlyszzxzyfwgzzxy	弗与食天禄也，士之尊贤者也，非王公之尊贤也。	孟子·万章下 10.11	2
szzxzyfwgzzxy	士之尊贤者也，非王公之尊贤也。	孟子·万章下 10.11	2
fwgzzxy	非王公之尊贤也。	孟子·万章下 10.11	2
ssjddgsyesyxsdwbzstzeypfy	舜尚见帝，帝馆甥于贰室，亦飨舜，迭为宾主，是天子而友匹夫也。	孟子·万章下 10.11	1
dgsyesyxsdwbzstzeypfy	帝馆甥于贰室，亦飨舜，迭为宾主，是天子而友匹夫也。	孟子·万章下 10.11	2
yxsdwbzstzeypfy	亦飨舜，迭为宾主，是天子而友匹夫也。	孟子·万章下 10.11	2
dwbzstzeypfy	迭为宾主，是天子而友匹夫也。	孟子·万章下 10.11	2
stzeypfy	是天子而友匹夫也。	孟子·万章下 10.11	2
yxjswzggysjxwzzx	用下敬上，谓之贵贵；用上敬下，谓之尊贤。	孟子·万章下 10.11	1
wzggysjxwzzx	谓之贵贵；用上敬下，谓之尊贤。	孟子·万章下 10.11	2
ysjxwzzx	用上敬下，谓之尊贤。	孟子·万章下 10.11	2
wzzx	谓之尊贤。	孟子·万章下 10.11	2
ggzxqyyy	贵贵、尊贤，其义一也。	孟子·万章下 10.11	1
zxqyyy	尊贤，其义一也。	孟子·万章下 10.11	2
wzwygwjjhxy	万章问曰：“敢问交际何心也？”	孟子·万章下 10.12	1
gwjjhxy	“敢问交际何心也？”	孟子·万章下 10.12	2
mzygy	孟子曰：“恭也。”	孟子·万章下 10.13	1
gy	“恭也。”	孟子·万章下 10.13	2
yqzqzwbghz	曰：“却之却之为不恭，何哉？”	孟子·万章下 10.14	1
qzqzwbghz	“却之却之为不恭，何哉？”	孟子·万章下 10.14	2
yzzczyqsqzzyhbyhehszyswbggfqy	曰：“尊者赐之，曰其所取之者，义乎，不义乎”，而后受之，以是为不恭，故弗却也。	孟子·万章下 10.15	1
zzczyqsqzzyhbyhehszyswbggfqy	“尊者赐之，曰其所取之者，义乎，不义乎”，而后受之，以是为不恭，故弗却也。	孟子·万章下 10.15	2
yqsqzzyhbyhehszyswbggfqy	曰其所取之者，义乎，不义乎，而后受之，以是为不恭，故弗却也。	孟子·万章下 10.15	2
yhbyhehszyswbggfqy	义乎，不义乎，而后受之，以是为不恭，故弗却也。	孟子·万章下 10.15	2
byhehszyswbggfqy	不义乎，而后受之，以是为不恭，故弗却也。	孟子·万章下 10.15	2
ehszyswbggfqy	而后受之，以是为不恭，故弗却也。	孟子·万章下 10.15	2
yswbggfqy	以是为不恭，故弗却也。	孟子·万章下 10.15	2
gfqy	故弗却也。	孟子·万章下 10.15	2
yqwycqzyxqzyqqzmzbyyeytcwsbkh	曰：“请无以辞却之，以心却之，曰‘其取诸民之不义也’，而以他辞无受，不可乎？”	孟子·万章下 10.16	1
qwycqzyxqzyqqzmzbyyeytcwsbkh	“请无以辞却之，以心却之，曰‘其取诸民之不义也’，而以他辞无受，不可乎？”	孟子·万章下 10.16	2
yxqzyqqzmzbyyeytcwsbkh	以心却之，曰‘其取诸民之不义也’，而以他辞无受，不可乎？	孟子·万章下 10.16	2
yqqzmzbyyeytcwsbkh	曰‘其取诸民之不义也’，而以他辞无受，不可乎？	孟子·万章下 10.16	2
eytcwsbkh	而以他辞无受，不可乎？	孟子·万章下 10.16	2
bkh	不可乎？	孟子·万章下 10.16	2
yqjyydqjyylskzszy	曰：“其交也以道，其接也以礼，斯孔子受之矣。”	孟子·万章下 10.17	1
qjyydqjyylskzszy	“其交也以道，其接也以礼，斯孔子受之矣。”	孟子·万章下 10.17	2
qjyylskzszy	其接也以礼，斯孔子受之矣。	孟子·万章下 10.17	2
skzszy	斯孔子受之矣。	孟子·万章下 10.17	2
wzyjyyrygmzwzqjyydqkyylsksyy	万章曰：“今有御人于国门之外者，其交也以道，其餽也以礼，斯可受御与？”	孟子·万章下 10.18	1
jyyrygmzwzqjyydqkyylsksyy	“今有御人于国门之外者，其交也以道，其餽也以礼，斯可受御与？”	孟子·万章下 10.18	2
qjyydqkyylsksyy	其交也以道，其餽也以礼，斯可受御与？	孟子·万章下 10.18	2
qkyylsksyy	其餽也以礼，斯可受御与？	孟子·万章下 10.18	2
sksyy	斯可受御与？	孟子·万章下 10.18	2
ybk	曰：不可。	孟子·万章下 10.19	1
kgysyryhmbwsfmwbd	《康诰》曰：‘杀越人于货，闵不畏死，凡民罔不譈。’	孟子·万章下 10.19	1
syryhmbwsfmwbd	‘杀越人于货，闵不畏死，凡民罔不譈。’	孟子·万章下 10.19	2
mbwsfmwbd	闵不畏死，凡民罔不譈。	孟子·万章下 10.19	2
fmwbd	凡民罔不譈。	孟子·万章下 10.19	2
sbdjezzy	是不待教而诛者也。	孟子·万章下 10.19	1
ysxzsysbcy	殷受夏，周受殷，所不辞也。	孟子·万章下 10.19	1
zsysbcy	周受殷，所不辞也。	孟子·万章下 10.19	2
sbcy	所不辞也。	孟子·万章下 10.19	2
yjwlrzhqsz	于今为烈，如之何其受之？	孟子·万章下 10.19	1
rzhqsz	如之何其受之？	孟子·万章下 10.19	2
yjzzhqzymyyyy	曰：今之诸侯取之于民也，犹御也。	孟子·万章下 10.20	1
jzzhqzymyyyy	今之诸侯取之于民也，犹御也。	孟子·万章下 10.20	2
yyy	犹御也。	孟子·万章下 10.20	2
gsqljysjzszgwhsy	苟善其礼际矣，斯君子受之，敢问何说也？	孟子·万章下 10.20	1
sjzszgwhsy	斯君子受之，敢问何说也？	孟子·万章下 10.20	2
gwhsy	敢问何说也？	孟子·万章下 10.20	2
yzywywzzjbjzzhezzh	曰：子以为有王者作，将比今之诸侯而诛之乎？	孟子·万章下 10.21	1
zywywzzjbjzzhezzh	子以为有王者作，将比今之诸侯而诛之乎？	孟子·万章下 10.21	2
jbjzzhezzh	将比今之诸侯而诛之乎？	孟子·万章下 10.21	2
qjzbgehzzh	其教之不改而后诛之乎？	孟子·万章下 10.21	1
fwfqyeqzzdyclzyzjy	夫谓非其有而取之者盗也，充类至义之尽也。	孟子·万章下 10.21	1
clzyzjy	充类至义之尽也。	孟子·万章下 10.21	2
kzzsylylrljkzylj	孔子之仕于鲁也，鲁人猎较，孔子亦猎较。	孟子·万章下 10.21	1
lrljkzylj	鲁人猎较，孔子亦猎较。	孟子·万章下 10.21	2
kzylj	孔子亦猎较。	孟子·万章下 10.21	2
ljykeksqch	猎较犹可，而况受其赐乎？	孟子·万章下 10.21	1
eksqch	而况受其赐乎？	孟子·万章下 10.21	2
yrzkzzsyfsdy	曰：“然则孔子之仕也，非事道与？”	孟子·万章下 10.22	1
rzkzzsyfsdy	“然则孔子之仕也，非事道与？”	孟子·万章下 10.22	2
fsdy	非事道与？	孟子·万章下 10.22	2
ysdy	曰：“事道也。”	孟子·万章下 10.23	1
sdy	“事道也。”	孟子·万章下 10.23	2
sdxljy	“事道奚猎较也？”	孟子·万章下 10.24	1
ykzxbzjqbysfzsgbz	曰：“孔子先簿正祭器，不以四方之食供簿正。”	孟子·万章下 10.25	1
kzxbzjqbysfzsgbz	“孔子先簿正祭器，不以四方之食供簿正。”	孟子·万章下 10.25	2
bysfzsgbz	不以四方之食供簿正。	孟子·万章下 10.25	2
yxbqy	曰：“奚不去也？”	孟子·万章下 10.26	1
xbqy	“奚不去也？”	孟子·万章下 10.26	2
ywzzy	曰：为之兆也。	孟子·万章下 10.27	1
wzzy	为之兆也。	孟子·万章下 10.27	2
zzyxyebxehqsywcyszsnyy	兆足以行矣，而不行，而后去，是以未尝有所终三年淹也。	孟子·万章下 10.27	1
ebxehqsywcyszsnyy	而不行，而后去，是以未尝有所终三年淹也。	孟子·万章下 10.27	2
ehqsywcyszsnyy	而后去，是以未尝有所终三年淹也。	孟子·万章下 10.27	2
sywcyszsnyy	是以未尝有所终三年淹也。	孟子·万章下 10.27	2
kzyjxkzsyjkzsygyzsy	孔子有见行可之仕，有际可之仕，有公养之仕也。	孟子·万章下 10.27	1
yjkzsygyzsy	有际可之仕，有公养之仕也。	孟子·万章下 10.27	2
ygyzsy	有公养之仕也。	孟子·万章下 10.27	2
yjhzjxkzsyywlgjkzsyywxggyzsy	于季桓子，见行可之仕也；于卫灵公，际可之仕也；于卫孝公，公养之仕也。	孟子·万章下 10.27	1
jxkzsyywlgjkzsyywxggyzsy	见行可之仕也；于卫灵公，际可之仕也；于卫孝公，公养之仕也。	孟子·万章下 10.27	2
ywlgjkzsyywxggyzsy	于卫灵公，际可之仕也；于卫孝公，公养之仕也。	孟子·万章下 10.27	2
jkzsyywxggyzsy	际可之仕也；于卫孝公，公养之仕也。	孟子·万章下 10.27	2
ywxggyzsy	于卫孝公，公养之仕也。	孟子·万章下 10.27	2
gyzsy	公养之仕也。	孟子·万章下 10.27	2
mzysfwpyeyshwpqqfwyyeyshwy	孟子曰：仕非为贫也，而有时乎为贫；娶妻非为养也，而有时乎为养。	孟子·万章下 10.28	1
sfwpyeyshwpqqfwyyeyshwy	仕非为贫也，而有时乎为贫；娶妻非为养也，而有时乎为养。	孟子·万章下 10.28	2
eyshwpqqfwyyeyshwy	而有时乎为贫；娶妻非为养也，而有时乎为养。	孟子·万章下 10.28	2
qqfwyyeyshwy	娶妻非为养也，而有时乎为养。	孟子·万章下 10.28	2
eyshwy	而有时乎为养。	孟子·万章下 10.28	2
wpzczjbcfjp	为贫者，辞尊居卑，辞富居贫。	孟子·万章下 10.28	1
czjbcfjp	辞尊居卑，辞富居贫。	孟子·万章下 10.28	2
cfjp	辞富居贫。	孟子·万章下 10.28	2
czjbcfjpehyh	辞尊居卑，辞富居贫，恶乎宜乎？	孟子·万章下 10.28	1
cfjpehyh	辞富居贫，恶乎宜乎？	孟子·万章下 10.28	2
ehyh	恶乎宜乎？	孟子·万章下 10.28	2
bgjt	抱关击柝。	孟子·万章下 10.28	1
kzcwwlyykjdeyy	孔子尝为委吏矣，曰‘会计当而已矣’。	孟子·万章下 10.28	1
ykjdeyy	曰‘会计当而已矣’。	孟子·万章下 10.28	2
cwctyynyzzzeyy	尝为乘田矣，曰‘牛羊茁壮，长而已矣’。	孟子·万章下 10.28	1
ynyzzzeyy	曰‘牛羊茁壮，长而已矣’。	孟子·万章下 10.28	2
zeyy	长而已矣。	孟子·万章下 10.28	2
wbeygzylhrzbcedbxcy	位卑而言高，罪也；立乎人之本朝，而道不行，耻也	孟子·万章下 10.28	1
zylhrzbcedbxcy	罪也；立乎人之本朝，而道不行，耻也	孟子·万章下 10.28	2
lhrzbcedbxcy	立乎人之本朝，而道不行，耻也	孟子·万章下 10.28	2
edbxcy	而道不行，耻也	孟子·万章下 10.28	2
cy	耻也	孟子·万章下 10.28	2
wzyszbtzhhy	万章曰：“士之不托诸侯，何也？”	孟子·万章下 10.29	1
szbtzhhy	“士之不托诸侯，何也？”	孟子·万章下 10.29	2
mzybgy	孟子曰：不敢也。	孟子·万章下 10.30	1
bgy	不敢也。	孟子·万章下 10.30	2
zhsgehtyzhlysztyzhfly	诸侯失国，而后托于诸侯，礼也；士之托于诸侯，非礼也。	孟子·万章下 10.30	1
ehtyzhlysztyzhfly	而后托于诸侯，礼也；士之托于诸侯，非礼也。	孟子·万章下 10.30	2
lysztyzhfly	礼也；士之托于诸侯，非礼也。	孟子·万章下 10.30	2
sztyzhfly	士之托于诸侯，非礼也。	孟子·万章下 10.30	2
fly	非礼也。	孟子·万章下 10.30	2
wzyjkzszszh	万章曰：“君餽之粟，则受之乎？”	孟子·万章下 10.31	1
jkzszszh	“君餽之粟，则受之乎？”	孟子·万章下 10.31	2
zszh	则受之乎？	孟子·万章下 10.31	2
ysz	曰：“受之。”	孟子·万章下 10.32	1
sz	“受之。”	孟子·万章下 10.32	2
szhyy	“受之何义也？”	孟子·万章下 10.33	1
yjzymygzz	曰：“君之于氓也，固周之。”	孟子·万章下 10.34	1
jzymygzz	“君之于氓也，固周之。”	孟子·万章下 10.34	2
gzz	固周之。	孟子·万章下 10.34	2
yzzzsczzbshy	曰：“周之则受，赐之则不受，何也？”	孟子·万章下 10.35	1
zzzsczzbshy	“周之则受，赐之则不受，何也？”	孟子·万章下 10.35	2
czzbshy	赐之则不受，何也？	孟子·万章下 10.35	2
ybgy	曰：“不敢也。”	孟子·万章下 10.36	1
bgy	“不敢也。”	孟子·万章下 10.36	2
ygwqbghy	曰：“敢问其不敢何也？”	孟子·万章下 10.37	1
gwqbghy	“敢问其不敢何也？”	孟子·万章下 10.37	2
ybgjtzjyczysys	曰：抱关击柝者，皆有常职以食于上。	孟子·万章下 10.38	1
bgjtzjyczysys	抱关击柝者，皆有常职以食于上。	孟子·万章下 10.38	2
jyczysys	皆有常职以食于上。	孟子·万章下 10.38	2
wczecyszywbgy	无常职而赐于上者，以为不恭也。	孟子·万章下 10.38	1
ywbgy	以为不恭也。	孟子·万章下 10.38	2
yjkzzszbskcjh	曰：“君餽之，则受之，不识可常继乎？”	孟子·万章下 10.39	1
jkzzszbskcjh	“君餽之，则受之，不识可常继乎？”	孟子·万章下 10.39	2
zszbskcjh	则受之，不识可常继乎？	孟子·万章下 10.39	2
bskcjh	不识可常继乎？	孟子·万章下 10.39	2
ymgzyzsyjwjkdr	曰：缪公之于子思也，亟问，亟餽鼎肉。	孟子·万章下 10.40	1
mgzyzsyjwjkdr	缪公之于子思也，亟问，亟餽鼎肉。	孟子·万章下 10.40	2
jwjkdr	亟问，亟餽鼎肉。	孟子·万章下 10.40	2
jkdr	亟餽鼎肉。	孟子·万章下 10.40	2
zsby	子思不悦。	孟子·万章下 10.40	1
yzybszczdmzwbmqszbebs	于卒也，摽使者出诸大门之外，北面稽首再拜而不受。	孟子·万章下 10.40	1
bszczdmzwbmqszbebs	摽使者出诸大门之外，北面稽首再拜而不受。	孟子·万章下 10.40	2
bmqszbebs	北面稽首再拜而不受。	孟子·万章下 10.40	2
yjehzjzqmcj	曰：‘今而后知君之犬马畜伋。’	孟子·万章下 10.40	1
jehzjzqmcj	‘今而后知君之犬马畜伋。’	孟子·万章下 10.40	2
gzstwky	盖自是台无餽也。	孟子·万章下 10.40	1
yxbnjybnyykwyxh	悦贤不能举，又不能养也，可谓悦贤乎？	孟子·万章下 10.40	1
ybnyykwyxh	又不能养也，可谓悦贤乎？	孟子·万章下 10.40	2
kwyxh	可谓悦贤乎？	孟子·万章下 10.40	2
ygwgjyyjzrhskwyy	曰：“敢问国君欲养君子，如何斯可谓养矣？”	孟子·万章下 10.41	1
gwgjyyjzrhskwyy	“敢问国君欲养君子，如何斯可谓养矣？”	孟子·万章下 10.41	2
rhskwyy	如何斯可谓养矣？	孟子·万章下 10.41	2
yyjmjzzbqses	曰：以君命将之，再拜稽首而受。	孟子·万章下 10.42	1
yjmjzzbqses	以君命将之，再拜稽首而受。	孟子·万章下 10.42	2
zbqses	再拜稽首而受。	孟子·万章下 10.42	2
qhlrjsprjrbyjmjz	其后廪人继粟，庖人继肉，不以君命将之。	孟子·万章下 10.42	1
prjrbyjmjz	庖人继肉，不以君命将之。	孟子·万章下 10.42	2
byjmjz	不以君命将之。	孟子·万章下 10.42	2
zsywdrsjppejbyfyjzzdy	子思以为鼎肉，使己仆仆尔亟拜也，非养君子之道也。	孟子·万章下 10.42	1
sjppejbyfyjzzdy	使己仆仆尔亟拜也，非养君子之道也。	孟子·万章下 10.42	2
fyjzzdy	非养君子之道也。	孟子·万章下 10.42	2
yzysysqzjnszennybgnyclbyysyqmzzhjejzsw	尧之于舜也，使其子九男事之，二女女焉，百官牛羊仓廪备，以养舜于畎亩之中，后举而加诸上位。	孟子·万章下 10.42	1
sqzjnszennybgnyclbyysyqmzzhjejzsw	使其子九男事之，二女女焉，百官牛羊仓廪备，以养舜于畎亩之中，后举而加诸上位。	孟子·万章下 10.42	2
ennybgnyclbyysyqmzzhjejzsw	二女女焉，百官牛羊仓廪备，以养舜于畎亩之中，后举而加诸上位。	孟子·万章下 10.42	2
bgnyclbyysyqmzzhjejzsw	百官牛羊仓廪备，以养舜于畎亩之中，后举而加诸上位。	孟子·万章下 10.42	2
yysyqmzzhjejzsw	以养舜于畎亩之中，后举而加诸上位。	孟子·万章下 10.42	2
hjejzsw	后举而加诸上位。	孟子·万章下 10.42	2
gywgzzxzy	故曰：王公之尊贤者也。	孟子·万章下 10.42	1
wgzzxzy	王公之尊贤者也。	孟子·万章下 10.42	2
wzygwbjzhhyy	万章曰：“敢问不见诸侯，何义也？”	孟子·万章下 10.43	1
gwbjzhhyy	“敢问不见诸侯，何义也？”	孟子·万章下 10.43	2
hyy	何义也？	孟子·万章下 10.43	2
mzyzgysjzczyycmzcjwsr	孟子曰：在国曰市井之臣，在野曰草莽之臣，皆谓庶人。	孟子·万章下 10.44	1
zgysjzczyycmzcjwsr	在国曰市井之臣，在野曰草莽之臣，皆谓庶人。	孟子·万章下 10.44	2
zyycmzcjwsr	在野曰草莽之臣，皆谓庶人。	孟子·万章下 10.44	2
jwsr	皆谓庶人。	孟子·万章下 10.44	2
srbczwcbgjyzhly	庶人不传质为臣，不敢见于诸侯，礼也。	孟子·万章下 10.44	1
bgjyzhly	不敢见于诸侯，礼也。	孟子·万章下 10.44	2
ly	礼也。	孟子·万章下 10.44	2
wzysrzzyzwyjyjzzzzbwjzhy	万章曰：“庶人，召之役，则往役；君欲见之，召之，则不往见之，何也？”	孟子·万章下 10.45	1
srzzyzwyjyjzzzzbwjzhy	“庶人，召之役，则往役；君欲见之，召之，则不往见之，何也？”	孟子·万章下 10.45	2
zzyzwyjyjzzzzbwjzhy	召之役，则往役；君欲见之，召之，则不往见之，何也？	孟子·万章下 10.45	2
zwyjyjzzzzbwjzhy	则往役；君欲见之，召之，则不往见之，何也？	孟子·万章下 10.45	2
jyjzzzzbwjzhy	君欲见之，召之，则不往见之，何也？	孟子·万章下 10.45	2
zzzbwjzhy	召之，则不往见之，何也？	孟子·万章下 10.45	2
zbwjzhy	则不往见之，何也？	孟子·万章下 10.45	2
ywyyywjbyy	曰：往役，义也；往见，不义也。	孟子·万章下 10.46	1
wyyywjbyy	往役，义也；往见，不义也。	孟子·万章下 10.46	2
yywjbyy	义也；往见，不义也。	孟子·万章下 10.46	2
wjbyy	往见，不义也。	孟子·万章下 10.46	2
byy	不义也。	孟子·万章下 10.46	2
qjzyjzyhwyz	且君之欲见之也，何为也哉？	孟子·万章下 10.46	1
hwyz	何为也哉？	孟子·万章下 10.46	2
ywqdwywqxy	曰：“为其多闻也，为其贤也。”	孟子·万章下 10.47	1
wqdwywqxy	“为其多闻也，为其贤也。”	孟子·万章下 10.47	2
wqxy	为其贤也。	孟子·万章下 10.47	2
ywqdwyztzbzsekzhh	曰：为其多闻也，则天子不召师，而况诸侯乎？	孟子·万章下 10.48	1
wqdwyztzbzsekzhh	为其多闻也，则天子不召师，而况诸侯乎？	孟子·万章下 10.48	2
ztzbzsekzhh	则天子不召师，而况诸侯乎？	孟子·万章下 10.48	2
ekzhh	而况诸侯乎？	孟子·万章下 10.48	2
wqxyzwwwyjxezzy	为其贤也，则吾未闻欲见贤而召之也。	孟子·万章下 10.48	1
zwwwyjxezzy	则吾未闻欲见贤而召之也。	孟子·万章下 10.48	2
mgjjyzsygqszgyyshr	缪公亟见于子思，曰：‘古千乘之国以友士，何如？’	孟子·万章下 10.48	1
ygqszgyyshr	曰：‘古千乘之国以友士，何如？’	孟子·万章下 10.48	2
gqszgyyshr	‘古千乘之国以友士，何如？’	孟子·万章下 10.48	2
zsbyygzryyyszyhqyyzyh	子思不悦，曰：‘古之人有言：曰事之云乎，岂曰友之云乎？’	孟子·万章下 10.48	1
ygzryyyszyhqyyzyh	曰：‘古之人有言：曰事之云乎，岂曰友之云乎？’	孟子·万章下 10.48	2
gzryyyszyhqyyzyh	‘古之人有言：曰事之云乎，岂曰友之云乎？’	孟子·万章下 10.48	2
yszyhqyyzyh	曰事之云乎，岂曰友之云乎？	孟子·万章下 10.48	2
qyyzyh	岂曰友之云乎？	孟子·万章下 10.48	2
zszbyyqbyywzzjywcy	子思之不悦也，岂不曰：以位，则子，君也；我，臣也。	孟子·万章下 10.48	1
qbyywzzjywcy	岂不曰：以位，则子，君也；我，臣也。	孟子·万章下 10.48	2
ywzzjywcy	以位，则子，君也；我，臣也。	孟子·万章下 10.48	2
zzjywcy	则子，君也；我，臣也。	孟子·万章下 10.48	2
jywcy	君也；我，臣也。	孟子·万章下 10.48	2
wcy	我，臣也。	孟子·万章下 10.48	2
cy	臣也。	孟子·万章下 10.48	2
hgyjyy	何敢与君友也？	孟子·万章下 10.48	1
ydzzswzy	以德，则子事我者也。	孟子·万章下 10.48	1
zzswzy	则子事我者也。	孟子·万章下 10.48	2
xkyywy	奚可以与我友？	孟子·万章下 10.48	1
qczjqyzyebkdyekkzy	千乘之君求与之友，而不可得也，而况可召与？	孟子·万章下 10.48	1
ebkdyekkzy	而不可得也，而况可召与？	孟子·万章下 10.48	2
ekkzy	而况可召与？	孟子·万章下 10.48	2
qjgtzyryjbzjsz	齐景公田，招虞人以旌，不至，将杀之。	孟子·万章下 10.48	1
qfqzbwy	取非其招不往也。	孟子·万章下 10.48	1
ygwzyrhy	曰：“敢问招虞人何以？”	孟子·万章下 10.49	1
gwzyrhy	“敢问招虞人何以？”	孟子·万章下 10.49	2
yypg	曰：以皮冠。	孟子·万章下 10.50	1
ypg	以皮冠。	孟子·万章下 10.50	2
sryzsyqdfyj	庶人以旃，士以旗，大夫以旌。	孟子·万章下 10.50	1
syqdfyj	士以旗，大夫以旌。	孟子·万章下 10.50	2
dfyj	大夫以旌。	孟子·万章下 10.50	2
ydfzzzyryrsbgw	以大夫之招招虞人，虞人死不敢往。	孟子·万章下 10.50	1
yrsbgw	虞人死不敢往。	孟子·万章下 10.50	2
yszzzsrsrqgwz	以士之招招庶人，庶人岂敢往哉。	孟子·万章下 10.50	1
srqgwz	庶人岂敢往哉。	孟子·万章下 10.50	2
khybxrzzzxrh	况乎以不贤人之招招贤人乎？	孟子·万章下 10.50	1
yjxrebyqdyyqrebzmy	欲见贤人而不以其道，犹欲其入而闭之门也。	孟子·万章下 10.50	1
yyqrebzmy	犹欲其入而闭之门也。	孟子·万章下 10.50	2
fylylmy	夫义，路也；礼，门也。	孟子·万章下 10.50	1
lylmy	路也；礼，门也。	孟子·万章下 10.50	2
lmy	礼，门也。	孟子·万章下 10.50	2
my	门也。	孟子·万章下 10.50	2
wjznyslcrsmy	惟君子能由是路，出入是门也。	孟子·万章下 10.50	1
crsmy	出入是门也。	孟子·万章下 10.50	2
syzdrdqzrsjzslxrss	《诗》云：‘周道如砥，其直如矢；君子所履，小人所视。’	孟子·万章下 10.50	1
zdrdqzrsjzslxrss	‘周道如砥，其直如矢；君子所履，小人所视。’	孟子·万章下 10.50	2
qzrsjzslxrss	其直如矢；君子所履，小人所视。	孟子·万章下 10.50	2
jzslxrss	君子所履，小人所视。	孟子·万章下 10.50	2
xrss	小人所视。	孟子·万章下 10.50	2
wzykzjmzbqjex	万章曰：孔子，君命召，不俟驾而行。	孟子·万章下 10.51	1
kzjmzbqjex	孔子，君命召，不俟驾而行。	孟子·万章下 10.51	2
jmzbqjex	君命召，不俟驾而行。	孟子·万章下 10.51	2
bqjex	不俟驾而行。	孟子·万章下 10.51	2
rzkzfy	然则孔子非与？	孟子·万章下 10.51	1
ykzdsygzeyqgzzy	曰：“孔子当仕有官职，而以其官召之也。”	孟子·万章下 10.52	1
kzdsygzeyqgzzy	“孔子当仕有官职，而以其官召之也。”	孟子·万章下 10.52	2
eyqgzzy	而以其官召之也。	孟子·万章下 10.52	2
mzwwzyyxzsssyyxzssygzsssyygzsstxzsssytxzss	孟子谓万章曰：一乡之善士，斯友一乡之善士；一国之善士，斯友一国之善士；天下之善士，斯友天下之善士。	孟子·万章下 10.53	1
yxzsssyyxzssygzsssyygzsstxzsssytxzss	一乡之善士，斯友一乡之善士；一国之善士，斯友一国之善士；天下之善士，斯友天下之善士。	孟子·万章下 10.53	2
syyxzssygzsssyygzsstxzsssytxzss	斯友一乡之善士；一国之善士，斯友一国之善士；天下之善士，斯友天下之善士。	孟子·万章下 10.53	2
ygzsssyygzsstxzsssytxzss	一国之善士，斯友一国之善士；天下之善士，斯友天下之善士。	孟子·万章下 10.53	2
syygzsstxzsssytxzss	斯友一国之善士；天下之善士，斯友天下之善士。	孟子·万章下 10.53	2
txzsssytxzss	天下之善士，斯友天下之善士。	孟子·万章下 10.53	2
sytxzss	斯友天下之善士。	孟子·万章下 10.53	2
yytxzsswwzyslgzr	以友天下之善士为未足，又尚论古之人。	孟子·万章下 10.53	1
yslgzr	又尚论古之人。	孟子·万章下 10.53	2
sqsdqsbzqrkh	颂其诗，读其书，不知其人，可乎？	孟子·万章下 10.53	1
dqsbzqrkh	读其书，不知其人，可乎？	孟子·万章下 10.53	2
bzqrkh	不知其人，可乎？	孟子·万章下 10.53	2
kh	可乎？	孟子·万章下 10.53	2
sylqsy	是以论其世也。	孟子·万章下 10.53	1
ssyy	是尚友也。	孟子·万章下 10.53	1
qxwwq	齐宣王问卿。	孟子·万章下 10.54	1
mzywhqzwy	孟子曰：“王何卿之问也？”	孟子·万章下 10.54	1
whqzwy	“王何卿之问也？”	孟子·万章下 10.54	2
wyqbth	王曰：“卿不同乎？”	孟子·万章下 10.55	1
qbth	“卿不同乎？”	孟子·万章下 10.55	2
ybt	曰：不同。	孟子·万章下 10.56	1
bt	不同。	孟子·万章下 10.56	2
ygqzqyyxzq	有贵戚之卿，有异姓之卿。	孟子·万章下 10.56	1
yyxzq	有异姓之卿。	孟子·万章下 10.56	2
wyqwgqzq	王曰：“请问贵戚之卿。”	孟子·万章下 10.57	1
qwgqzq	“请问贵戚之卿。”	孟子·万章下 10.57	2
yjydgzjffzebtzyw	曰：“君有大过则谏，反复之而不听，则易位。”	孟子·万章下 10.58	1
jydgzjffzebtzyw	“君有大过则谏，反复之而不听，则易位。”	孟子·万章下 10.58	2
ffzebtzyw	反复之而不听，则易位。	孟子·万章下 10.58	2
zyw	则易位。	孟子·万章下 10.58	2
wbrbhs	王勃然变乎色。	孟子·万章下 10.59	1
ywwyy	曰：王勿异也。	孟子·万章下 10.59	1
wwyy	王勿异也。	孟子·万章下 10.59	2
wwccbgbyzd	王问臣，臣不敢不以正对。	孟子·万章下 10.59	1
cbgbyzd	臣不敢不以正对。	孟子·万章下 10.59	2
wsdrhqwyxzq	王色定，然后请问异姓之卿。	孟子·万章下 10.60	1
rhqwyxzq	然后请问异姓之卿。	孟子·万章下 10.60	2
yjygzjffzebtzq	曰：“君有过则谏，反复之而不听，则去。”	孟子·万章下 10.60	1
jygzjffzebtzq	“君有过则谏，反复之而不听，则去。”	孟子·万章下 10.60	2
ffzebtzq	反复之而不听，则去。	孟子·万章下 10.60	2
zq	则去。	孟子·万章下 10.60	2
gzyxyqlyyybqy	告子曰：性，犹杞柳也；义，犹桮棬也。	孟子·告子上 11.1	1
xyqlyyybqy	性，犹杞柳也；义，犹桮棬也。	孟子·告子上 11.1	2
yqlyyybqy	犹杞柳也；义，犹桮棬也。	孟子·告子上 11.1	2
yybqy	义，犹桮棬也。	孟子·告子上 11.1	2
ybqy	犹桮棬也。	孟子·告子上 11.1	2
yrxwryyyqlwbq	以人性为仁义，犹以杞柳为桮棬。	孟子·告子上 11.1	1
yyqlwbq	犹以杞柳为桮棬。	孟子·告子上 11.1	2
mzyznsqlzxeywbqh	孟子曰：子能顺杞柳之性而以为桮棬乎？	孟子·告子上 11.2	1
znsqlzxeywbqh	子能顺杞柳之性而以为桮棬乎？	孟子·告子上 11.2	2
jqzqlehywbqy	将戕贼杞柳而后以为桮棬也？	孟子·告子上 11.2	1
rjqzqleywbqzyjqzrywryy	如将戕贼杞柳而以为桮棬，则亦将戕贼人以为仁义与？	孟子·告子上 11.2	1
zyjqzrywryy	则亦将戕贼人以为仁义与？	孟子·告子上 11.2	2
ltxzrehryzbzzyf	率天下之人而祸仁义者，必子之言夫！	孟子·告子上 11.2	1
bzzyf	必子之言夫！	孟子·告子上 11.2	2
gzyxytsyjzdfzdljzxfzxl	告子曰：性犹湍水也，决诸东方则东流，决诸西方则西流。	孟子·告子上 11.3	1
xytsyjzdfzdljzxfzxl	性犹湍水也，决诸东方则东流，决诸西方则西流。	孟子·告子上 11.3	2
jzdfzdljzxfzxl	决诸东方则东流，决诸西方则西流。	孟子·告子上 11.3	2
jzxfzxl	决诸西方则西流。	孟子·告子上 11.3	2
rxzwfysbsyyszwfydxy	人性之无分于善不善也，犹水之无分于东西也。	孟子·告子上 11.3	1
yszwfydxy	犹水之无分于东西也。	孟子·告子上 11.3	2
mzysxwfydx	孟子曰：水信无分于东西。	孟子·告子上 11.4	1
sxwfydx	水信无分于东西。	孟子·告子上 11.4	2
wfysxh	无分于上下乎？	孟子·告子上 11.4	1
rxzsyyszjxy	人性之善也，犹水之就下也。	孟子·告子上 11.4	1
yszjxy	犹水之就下也。	孟子·告子上 11.4	2
rwybsswybx	人无有不善，水无有不下。	孟子·告子上 11.4	1
swybx	水无有不下。	孟子·告子上 11.4	2
jfsbeyzksgsjexzkszs	今夫水，搏而跃之，可使过颡；激而行之，可使在山。	孟子·告子上 11.4	1
beyzksgsjexzkszs	搏而跃之，可使过颡；激而行之，可使在山。	孟子·告子上 11.4	2
ksgsjexzkszs	可使过颡；激而行之，可使在山。	孟子·告子上 11.4	2
jexzkszs	激而行之，可使在山。	孟子·告子上 11.4	2
kszs	可使在山。	孟子·告子上 11.4	2
sqszxz	是岂水之性哉？	孟子·告子上 11.4	1
qszry	其势则然也。	孟子·告子上 11.4	1
rzkswbsqxyysy	人之可使为不善，其性亦犹是也。	孟子·告子上 11.4	1
qxyysy	其性亦犹是也。	孟子·告子上 11.4	2
gzyszwx	告子曰：“生之谓性。”	孟子·告子上 11.5	1
szwx	“生之谓性。”	孟子·告子上 11.5	2
mzyszwxyybzwby	孟子曰：“生之谓性也，犹白之谓白与？”	孟子·告子上 11.6	1
szwxyybzwby	“生之谓性也，犹白之谓白与？”	孟子·告子上 11.6	2
ybzwby	犹白之谓白与？	孟子·告子上 11.6	2
byzbyybxzbbxzbybyzby	“白羽之白也，犹白雪之白；白雪之白，犹白玉之白与？”	孟子·告子上 11.7	1
ybxzbbxzbybyzby	犹白雪之白；白雪之白，犹白玉之白与？	孟子·告子上 11.7	2
bxzbybyzby	白雪之白，犹白玉之白与？	孟子·告子上 11.7	2
ybyzby	犹白玉之白与？	孟子·告子上 11.7	2
rzqzxynzxnzxyrzxy	“然则犬之性，犹牛之性；牛之性，犹人之性与？”	孟子·告子上 11.8	1
ynzxnzxyrzxy	犹牛之性；牛之性，犹人之性与？	孟子·告子上 11.8	2
nzxyrzxy	牛之性，犹人之性与？	孟子·告子上 11.8	2
yrzxy	犹人之性与？	孟子·告子上 11.8	2
gzyssxy	告子曰：食色，性也。	孟子·告子上 11.9	1
ssxy	食色，性也。	孟子·告子上 11.9	2
xy	性也。	孟子·告子上 11.9	2
rnyfwyywyfny	仁，内也，非外也；义，外也，非内也。	孟子·告子上 11.9	1
nyfwyywyfny	内也，非外也；义，外也，非内也。	孟子·告子上 11.9	2
fwyywyfny	非外也；义，外也，非内也。	孟子·告子上 11.9	2
ywyfny	义，外也，非内也。	孟子·告子上 11.9	2
wyfny	外也，非内也。	孟子·告子上 11.9	2
fny	非内也。	孟子·告子上 11.9	2
mzyhywrnywy	孟子曰：“何以谓仁内义外也？”	孟子·告子上 11.10	1
hywrnywy	“何以谓仁内义外也？”	孟子·告子上 11.10	2
ybzewzzfycywyybbewbzcqbywygwzwy	曰：“彼长而我长之，非有长于我也；犹彼白而我白之，从其白于外也，故谓之外也。”	孟子·告子上 11.11	1
bzewzzfycywyybbewbzcqbywygwzwy	“彼长而我长之，非有长于我也；犹彼白而我白之，从其白于外也，故谓之外也。”	孟子·告子上 11.11	2
fycywyybbewbzcqbywygwzwy	非有长于我也；犹彼白而我白之，从其白于外也，故谓之外也。	孟子·告子上 11.11	2
ybbewbzcqbywygwzwy	犹彼白而我白之，从其白于外也，故谓之外也。	孟子·告子上 11.11	2
cqbywygwzwy	从其白于外也，故谓之外也。	孟子·告子上 11.11	2
gwzwy	故谓之外也。	孟子·告子上 11.11	2
yyybmzbywyyybrzbybszmzzywyyyzrzzy	曰：异于白马之白也，无以异于白人之白也；不识长马之长也，无以异于长人之长与？	孟子·告子上 11.12	1
yybmzbywyyybrzbybszmzzywyyyzrzzy	异于白马之白也，无以异于白人之白也；不识长马之长也，无以异于长人之长与？	孟子·告子上 11.12	2
wyyybrzbybszmzzywyyyzrzzy	无以异于白人之白也；不识长马之长也，无以异于长人之长与？	孟子·告子上 11.12	2
bszmzzywyyyzrzzy	不识长马之长也，无以异于长人之长与？	孟子·告子上 11.12	2
wyyyzrzzy	无以异于长人之长与？	孟子·告子上 11.12	2
qwzzyh	且谓长者义乎？	孟子·告子上 11.12	1
zzzyh	长之者义乎？	孟子·告子上 11.12	1
ywdzazqrzdzbaysywwyzygwzn	曰：吾弟则爱之，秦人之弟则不爱也，是以我为悦者也，故谓之内。	孟子·告子上 11.13	1
wdzazqrzdzbaysywwyzygwzn	吾弟则爱之，秦人之弟则不爱也，是以我为悦者也，故谓之内。	孟子·告子上 11.13	2
qrzdzbaysywwyzygwzn	秦人之弟则不爱也，是以我为悦者也，故谓之内。	孟子·告子上 11.13	2
sywwyzygwzn	是以我为悦者也，故谓之内。	孟子·告子上 11.13	2
gwzn	故谓之内。	孟子·告子上 11.13	2
zcrzzyzwzzsyzwyzygwzwy	长楚人之长，亦长吾之长，是以长为悦者也，故谓之外也。	孟子·告子上 11.13	1
yzwzzsyzwyzygwzwy	亦长吾之长，是以长为悦者也，故谓之外也。	孟子·告子上 11.13	2
syzwyzygwzwy	是以长为悦者也，故谓之外也。	孟子·告子上 11.13	2
yqqrzzwyyyqwz	曰：耆秦人之炙，无以异于耆吾炙。	孟子·告子上 11.14	1
qqrzzwyyyqwz	耆秦人之炙，无以异于耆吾炙。	孟子·告子上 11.14	2
wyyyqwz	无以异于耆吾炙。	孟子·告子上 11.14	2
fwzyyrzyrzqzyywy	夫物则亦有然者也，然则耆炙亦有外与？	孟子·告子上 11.14	1
rzqzyywy	然则耆炙亦有外与？	孟子·告子上 11.14	2
mjzwgdzyhywyny	孟季子问公都子曰：“何以谓义内也？”	孟子·告子上 11.15	1
hywyny	“何以谓义内也？”	孟子·告子上 11.15	2
yxwjgwzny	曰：“行吾敬，故谓之内也。”	孟子·告子上 11.15	1
xwjgwzny	“行吾敬，故谓之内也。”	孟子·告子上 11.15	2
gwzny	故谓之内也。	孟子·告子上 11.15	2
xrcybxyszsj	“乡人长于伯兄一岁，则谁敬？”	孟子·告子上 11.16	1
zsj	则谁敬？	孟子·告子上 11.16	2
yjx	曰：“敬兄。”	孟子·告子上 11.16	1
jx	“敬兄。”	孟子·告子上 11.16	2
zzsx	“酌则谁先？”	孟子·告子上 11.17	1
yxzxr	曰：“先酌乡人。”	孟子·告子上 11.17	1
xzxr	“先酌乡人。”	孟子·告子上 11.17	2
sjzcszzbgzwfyny	“所敬在此，所长在彼，果在外，非由内也。”	孟子·告子上 11.18	1
szzbgzwfyny	所长在彼，果在外，非由内也。	孟子·告子上 11.18	2
gzwfyny	果在外，非由内也。	孟子·告子上 11.18	2
fyny	非由内也。	孟子·告子上 11.18	2
gdzbndygmz	公都子不能答，以告孟子。	孟子·告子上 11.19	1
ygmz	以告孟子。	孟子·告子上 11.19	2
mzyjsfh	孟子曰：敬叔父乎？	孟子·告子上 11.19	1
jsfh	敬叔父乎？	孟子·告子上 11.19	2
jdh	敬弟乎？	孟子·告子上 11.19	1
bjyjsf	彼将曰‘敬叔父’。	孟子·告子上 11.19	1
ydwszsj	曰：‘弟为尸，则谁敬？’	孟子·告子上 11.19	1
dwszsj	‘弟为尸，则谁敬？’	孟子·告子上 11.19	2
bjyjd	彼将曰‘敬弟。’	孟子·告子上 11.19	1
zyezqjsfy	子曰：‘恶在其敬叔父也？’	孟子·告子上 11.19	1
ezqjsfy	‘恶在其敬叔父也？’	孟子·告子上 11.19	2
bjyzwgy	彼将曰‘在位故也。’	孟子·告子上 11.19	1
zyyzwgy	子亦曰：在位故也。	孟子·告子上 11.19	1
zwgy	在位故也。	孟子·告子上 11.19	2
yjzxsxzjzxr	庸敬在兄，斯须之敬在乡人。	孟子·告子上 11.19	1
sxzjzxr	斯须之敬在乡人。	孟子·告子上 11.19	2
jzwzyjsfzjjdzjgzwfyny	季子闻之曰：“敬叔父则敬，敬弟则敬，果在外，非由内也。”	孟子·告子上 11.20	1
jsfzjjdzjgzwfyny	“敬叔父则敬，敬弟则敬，果在外，非由内也。”	孟子·告子上 11.20	2
jdzjgzwfyny	敬弟则敬，果在外，非由内也。	孟子·告子上 11.20	2
gdzydrzytxrzysrzysyzwy	公都子曰：“冬日则饮汤，夏日则饮水，然则饮食亦在外也？”	孟子·告子上 11.21	1
drzytxrzysrzysyzwy	“冬日则饮汤，夏日则饮水，然则饮食亦在外也？”	孟子·告子上 11.21	2
xrzysrzysyzwy	夏日则饮水，然则饮食亦在外也？	孟子·告子上 11.21	2
rzysyzwy	然则饮食亦在外也？	孟子·告子上 11.21	2
gdzygzyxwswbsy	公都子曰：告子曰：‘性无善无不善也。’	孟子·告子上 11.22	1
gzyxwswbsy	告子曰：‘性无善无不善也。’	孟子·告子上 11.22	2
xwswbsy	‘性无善无不善也。’	孟子·告子上 11.22	2
hyxkywskywbssgwwxzmhsylxzmhb	或曰：‘性可以为善，可以为不善；是故文武兴，则民好善；幽厉兴，则民好暴。’	孟子·告子上 11.22	1
xkywskywbssgwwxzmhsylxzmhb	‘性可以为善，可以为不善；是故文武兴，则民好善；幽厉兴，则民好暴。’	孟子·告子上 11.22	2
kywbssgwwxzmhsylxzmhb	可以为不善；是故文武兴，则民好善；幽厉兴，则民好暴。	孟子·告子上 11.22	2
sgwwxzmhsylxzmhb	是故文武兴，则民好善；幽厉兴，则民好暴。	孟子·告子上 11.22	2
zmhsylxzmhb	则民好善；幽厉兴，则民好暴。	孟子·告子上 11.22	2
ylxzmhb	幽厉兴，则民好暴。	孟子·告子上 11.22	2
zmhb	则民好暴。	孟子·告子上 11.22	2
hyyxsyxbssgyywjeyxygswfeysyzwxzzqywjeywzqwzbg	或曰：‘有性善，有性不善；是故以尧为君而有象，以瞽瞍为父而有舜；以纣为兄之子且以为君，而有微子启、王子比干。’	孟子·告子上 11.22	1
yxsyxbssgyywjeyxygswfeysyzwxzzqywjeywzqwzbg	‘有性善，有性不善；是故以尧为君而有象，以瞽瞍为父而有舜；以纣为兄之子且以为君，而有微子启、王子比干。’	孟子·告子上 11.22	2
yxbssgyywjeyxygswfeysyzwxzzqywjeywzqwzbg	有性不善；是故以尧为君而有象，以瞽瞍为父而有舜；以纣为兄之子且以为君，而有微子启、王子比干。	孟子·告子上 11.22	2
sgyywjeyxygswfeysyzwxzzqywjeywzqwzbg	是故以尧为君而有象，以瞽瞍为父而有舜；以纣为兄之子且以为君，而有微子启、王子比干。	孟子·告子上 11.22	2
ygswfeysyzwxzzqywjeywzqwzbg	以瞽瞍为父而有舜；以纣为兄之子且以为君，而有微子启、王子比干。	孟子·告子上 11.22	2
yzwxzzqywjeywzqwzbg	以纣为兄之子且以为君，而有微子启、王子比干。	孟子·告子上 11.22	2
eywzqwzbg	而有微子启、王子比干。	孟子·告子上 11.22	2
wzbg	王子比干。	孟子·告子上 11.22	2
jyxsrzbjfy	今曰‘性善’，然则彼皆非与？	孟子·告子上 11.22	1
rzbjfy	然则彼皆非与？	孟子·告子上 11.22	2
mzynrqqzkywsynswsy	孟子曰：乃若其情，则可以为善矣，乃所谓善也。	孟子·告子上 11.23	1
nrqqzkywsynswsy	乃若其情，则可以为善矣，乃所谓善也。	孟子·告子上 11.23	2
zkywsynswsy	则可以为善矣，乃所谓善也。	孟子·告子上 11.23	2
nswsy	乃所谓善也。	孟子·告子上 11.23	2
rfwbsfczzy	若夫为不善，非才之罪也。	孟子·告子上 11.23	1
fczzy	非才之罪也。	孟子·告子上 11.23	2
cyzxrjyzxwzxrjyzgjzxrjyzsfzxrjyz	恻隐之心，人皆有之；羞恶之心，人皆有之；恭敬之心，人皆有之；是非之心，人皆有之。	孟子·告子上 11.23	1
rjyzxwzxrjyzgjzxrjyzsfzxrjyz	人皆有之；羞恶之心，人皆有之；恭敬之心，人皆有之；是非之心，人皆有之。	孟子·告子上 11.23	2
xwzxrjyzgjzxrjyzsfzxrjyz	羞恶之心，人皆有之；恭敬之心，人皆有之；是非之心，人皆有之。	孟子·告子上 11.23	2
rjyzgjzxrjyzsfzxrjyz	人皆有之；恭敬之心，人皆有之；是非之心，人皆有之。	孟子·告子上 11.23	2
gjzxrjyzsfzxrjyz	恭敬之心，人皆有之；是非之心，人皆有之。	孟子·告子上 11.23	2
rjyzsfzxrjyz	人皆有之；是非之心，人皆有之。	孟子·告子上 11.23	2
sfzxrjyz	是非之心，人皆有之。	孟子·告子上 11.23	2
cyzxryxwzxyygjzxlysfzxzy	恻隐之心，仁也；羞恶之心，义也；恭敬之心，礼也；是非之心，智也。	孟子·告子上 11.23	1
ryxwzxyygjzxlysfzxzy	仁也；羞恶之心，义也；恭敬之心，礼也；是非之心，智也。	孟子·告子上 11.23	2
xwzxyygjzxlysfzxzy	羞恶之心，义也；恭敬之心，礼也；是非之心，智也。	孟子·告子上 11.23	2
yygjzxlysfzxzy	义也；恭敬之心，礼也；是非之心，智也。	孟子·告子上 11.23	2
gjzxlysfzxzy	恭敬之心，礼也；是非之心，智也。	孟子·告子上 11.23	2
lysfzxzy	礼也；是非之心，智也。	孟子·告子上 11.23	2
sfzxzy	是非之心，智也。	孟子·告子上 11.23	2
zy	智也。	孟子·告子上 11.23	2
rylzfywswywgyzyfsey	仁义礼智，非由外铄我也，我固有之也，弗思耳矣。	孟子·告子上 11.23	1
fywswywgyzyfsey	非由外铄我也，我固有之也，弗思耳矣。	孟子·告子上 11.23	2
wgyzyfsey	我固有之也，弗思耳矣。	孟子·告子上 11.23	2
fsey	弗思耳矣。	孟子·告子上 11.23	2
gyqzdzszsz	故曰：‘求则得之，舍则失之。’	孟子·告子上 11.23	1
qzdzszsz	‘求则得之，舍则失之。’	孟子·告子上 11.23	2
szsz	舍则失之。	孟子·告子上 11.23	2
hxbxewszbnjqczy	或相倍蓰而无算者，不能尽其才者也。	孟子·告子上 11.23	1
bnjqczy	不能尽其才者也。	孟子·告子上 11.23	2
sytszmywyz	《诗》曰：天生蒸民，有物有则。	孟子·告子上 11.23	1
tszmywyz	天生蒸民，有物有则。	孟子·告子上 11.23	2
ywyz	有物有则。	孟子·告子上 11.23	2
mzbyhsyd	民之秉夷，好是懿德。	孟子·告子上 11.23	1
hsyd	好是懿德。	孟子·告子上 11.23	2
gywbyzmzbyyghsyd	故有物必有则，民之秉夷也，故好是懿德。	孟子·告子上 11.23	1
mzbyyghsyd	民之秉夷也，故好是懿德。	孟子·告子上 11.23	2
ghsyd	故好是懿德。	孟子·告子上 11.23	2
mzyfszddlxszddbftzjcesyqsyxnqxzry	孟子曰：富岁，子弟多赖；凶岁，子弟多暴，非天之降才尔殊也，其所以陷溺其心者然也。	孟子·告子上 11.24	1
fszddlxszddbftzjcesyqsyxnqxzry	富岁，子弟多赖；凶岁，子弟多暴，非天之降才尔殊也，其所以陷溺其心者然也。	孟子·告子上 11.24	2
zddlxszddbftzjcesyqsyxnqxzry	子弟多赖；凶岁，子弟多暴，非天之降才尔殊也，其所以陷溺其心者然也。	孟子·告子上 11.24	2
xszddbftzjcesyqsyxnqxzry	凶岁，子弟多暴，非天之降才尔殊也，其所以陷溺其心者然也。	孟子·告子上 11.24	2
zddbftzjcesyqsyxnqxzry	子弟多暴，非天之降才尔殊也，其所以陷溺其心者然也。	孟子·告子上 11.24	2
ftzjcesyqsyxnqxzry	非天之降才尔殊也，其所以陷溺其心者然也。	孟子·告子上 11.24	2
qsyxnqxzry	其所以陷溺其心者然也。	孟子·告子上 11.24	2
jfmmbzeyzqdtszsytbreszyrzzsjsy	今夫麰麦，播种而耰之，其地同，树之时又同，浡然而生，至于日至之时，皆熟矣。	孟子·告子上 11.24	1
bzeyzqdtszsytbreszyrzzsjsy	播种而耰之，其地同，树之时又同，浡然而生，至于日至之时，皆熟矣。	孟子·告子上 11.24	2
qdtszsytbreszyrzzsjsy	其地同，树之时又同，浡然而生，至于日至之时，皆熟矣。	孟子·告子上 11.24	2
szsytbreszyrzzsjsy	树之时又同，浡然而生，至于日至之时，皆熟矣。	孟子·告子上 11.24	2
breszyrzzsjsy	浡然而生，至于日至之时，皆熟矣。	孟子·告子上 11.24	2
zyrzzsjsy	至于日至之时，皆熟矣。	孟子·告子上 11.24	2
jsy	皆熟矣。	孟子·告子上 11.24	2
sybtzdyfqylzyrszbqy	虽有不同，则地有肥硗，雨露之养，人事之不齐也。	孟子·告子上 11.24	1
zdyfqylzyrszbqy	则地有肥硗，雨露之养，人事之不齐也。	孟子·告子上 11.24	2
ylzyrszbqy	雨露之养，人事之不齐也。	孟子·告子上 11.24	2
rszbqy	人事之不齐也。	孟子·告子上 11.24	2
gftlzjxsyhdzyreyz	故凡同类者，举相似也，何独至于人而疑之？	孟子·告子上 11.24	1
jxsyhdzyreyz	举相似也，何独至于人而疑之？	孟子·告子上 11.24	2
hdzyreyz	何独至于人而疑之？	孟子·告子上 11.24	2
srywtlz	圣人与我同类者。	孟子·告子上 11.24	1
glzybzzewjwzqbwky	故龙子曰：‘不知足而为屦，我知其不为蒉也。’	孟子·告子上 11.24	1
bzzewjwzqbwky	‘不知足而为屦，我知其不为蒉也。’	孟子·告子上 11.24	2
wzqbwky	我知其不为蒉也。	孟子·告子上 11.24	2
jzxstxzzty	屦之相似，天下之足同也。	孟子·告子上 11.24	1
txzzty	天下之足同也。	孟子·告子上 11.24	2
kzywytqy	口之于味，有同耆也。	孟子·告子上 11.24	1
ytqy	有同耆也。	孟子·告子上 11.24	2
yyxdwkzsqzy	易牙先得我口之所耆者也。	孟子·告子上 11.24	1
rskzywyqxyrsrqmzywbtlyztxhqjcyyzywy	如使口之于味也，其性与人殊，若犬马之与我不同类也，则天下何耆皆从易牙之于味也？	孟子·告子上 11.24	1
qxyrsrqmzywbtlyztxhqjcyyzywy	其性与人殊，若犬马之与我不同类也，则天下何耆皆从易牙之于味也？	孟子·告子上 11.24	2
rqmzywbtlyztxhqjcyyzywy	若犬马之与我不同类也，则天下何耆皆从易牙之于味也？	孟子·告子上 11.24	2
ztxhqjcyyzywy	则天下何耆皆从易牙之于味也？	孟子·告子上 11.24	2
zywtxqyyystxzkxsyweyr	至于味，天下期于易牙，是天下之口相似也惟耳亦然。	孟子·告子上 11.24	1
txqyyystxzkxsyweyr	天下期于易牙，是天下之口相似也惟耳亦然。	孟子·告子上 11.24	2
stxzkxsyweyr	是天下之口相似也惟耳亦然。	孟子·告子上 11.24	2
zystxqyskstxzexsy	至于声，天下期于师旷，是天下之耳相似也。	孟子·告子上 11.24	1
txqyskstxzexsy	天下期于师旷，是天下之耳相似也。	孟子·告子上 11.24	2
stxzexsy	是天下之耳相似也。	孟子·告子上 11.24	2
wmyr	惟目亦然。	孟子·告子上 11.24	1
zyzdtxmbzqjy	至于子都，天下莫不知其姣也。	孟子·告子上 11.24	1
txmbzqjy	天下莫不知其姣也。	孟子·告子上 11.24	2
bzzdzjzwmzy	不知子都之姣者，无目者也。	孟子·告子上 11.24	1
wmzy	无目者也。	孟子·告子上 11.24	2
gykzywyytqyezysyyttymzysyytmy	故曰：口之于味也，有同耆焉；耳之于声也，有同听焉；目之于色也，有同美焉。	孟子·告子上 11.24	1
kzywyytqyezysyyttymzysyytmy	口之于味也，有同耆焉；耳之于声也，有同听焉；目之于色也，有同美焉。	孟子·告子上 11.24	2
ytqyezysyyttymzysyytmy	有同耆焉；耳之于声也，有同听焉；目之于色也，有同美焉。	孟子·告子上 11.24	2
ezysyyttymzysyytmy	耳之于声也，有同听焉；目之于色也，有同美焉。	孟子·告子上 11.24	2
yttymzysyytmy	有同听焉；目之于色也，有同美焉。	孟子·告子上 11.24	2
mzysyytmy	目之于色也，有同美焉。	孟子·告子上 11.24	2
ytmy	有同美焉。	孟子·告子上 11.24	2
zyxdwstrh	至于心，独无所同然乎？	孟子·告子上 11.24	1
dwstrh	独无所同然乎？	孟子·告子上 11.24	2
xzstrzhy	心之所同然者何也？	孟子·告子上 11.24	1
wlyyy	谓理也，义也。	孟子·告子上 11.24	1
yy	义也。	孟子·告子上 11.24	2
srxdwxzstre	圣人先得我心之所同然耳。	孟子·告子上 11.24	1
glyzywxychzywk	故理义之悦我心，犹刍豢之悦我口。	孟子·告子上 11.24	1
ychzywk	犹刍豢之悦我口。	孟子·告子上 11.24	2
mzynszmcmyyqjydgyfjfzkywmh	孟子曰：牛山之木尝美矣，以其郊于大国也，斧斤伐之，可以为美乎？	孟子·告子上 11.25	1
nszmcmyyqjydgyfjfzkywmh	牛山之木尝美矣，以其郊于大国也，斧斤伐之，可以为美乎？	孟子·告子上 11.25	2
yqjydgyfjfzkywmh	以其郊于大国也，斧斤伐之，可以为美乎？	孟子·告子上 11.25	2
fjfzkywmh	斧斤伐之，可以为美乎？	孟子·告子上 11.25	2
kywmh	可以为美乎？	孟子·告子上 11.25	2
sqryzsxylzsrfwmnzsynyycemzsyrbzzy	是其日夜之所息，雨露之所润，非无萌蘖之生焉，牛羊又从而牧之，是以若彼濯濯也。	孟子·告子上 11.25	1
ylzsrfwmnzsynyycemzsyrbzzy	雨露之所润，非无萌蘖之生焉，牛羊又从而牧之，是以若彼濯濯也。	孟子·告子上 11.25	2
fwmnzsynyycemzsyrbzzy	非无萌蘖之生焉，牛羊又从而牧之，是以若彼濯濯也。	孟子·告子上 11.25	2
nyycemzsyrbzzy	牛羊又从而牧之，是以若彼濯濯也。	孟子·告子上 11.25	2
syrbzzy	是以若彼濯濯也。	孟子·告子上 11.25	2
rjqzzyywwcycycqszxyz	人见其濯濯也，以为未尝有材焉，此岂山之性也哉？	孟子·告子上 11.25	1
ywwcycycqszxyz	以为未尝有材焉，此岂山之性也哉？	孟子·告子上 11.25	2
cqszxyz	此岂山之性也哉？	孟子·告子上 11.25	2
schrzqwryzxz	虽存乎人者，岂无仁义之心哉？	孟子·告子上 11.25	1
qwryzxz	岂无仁义之心哉？	孟子·告子上 11.25	2
qsyfqlxzyyfjzymyddefzkywmh	其所以放其良心者，亦犹斧斤之于木也，旦旦而伐之，可以为美乎？	孟子·告子上 11.25	1
yyfjzymyddefzkywmh	亦犹斧斤之于木也，旦旦而伐之，可以为美乎？	孟子·告子上 11.25	2
ddefzkywmh	旦旦而伐之，可以为美乎？	孟子·告子上 11.25	2
qryzsxpdzqqhwyrxjyzjxzqdzzswygwzy	其日夜之所息，平旦之气，其好恶与人相近也者几希，则其旦昼之所为，有梏亡之矣。	孟子·告子上 11.25	1
pdzqqhwyrxjyzjxzqdzzswygwzy	平旦之气，其好恶与人相近也者几希，则其旦昼之所为，有梏亡之矣。	孟子·告子上 11.25	2
qhwyrxjyzjxzqdzzswygwzy	其好恶与人相近也者几希，则其旦昼之所为，有梏亡之矣。	孟子·告子上 11.25	2
zqdzzswygwzy	则其旦昼之所为，有梏亡之矣。	孟子·告子上 11.25	2
ygwzy	有梏亡之矣。	孟子·告子上 11.25	2
gzffzqyqbzycyqbzyczqwqsbyy	梏之反复，则其夜气不足以存；夜气不足以存，则其违禽兽不远矣。	孟子·告子上 11.25	1
zqyqbzycyqbzyczqwqsbyy	则其夜气不足以存；夜气不足以存，则其违禽兽不远矣。	孟子·告子上 11.25	2
yqbzyczqwqsbyy	夜气不足以存，则其违禽兽不远矣。	孟子·告子上 11.25	2
zqwqsbyy	则其违禽兽不远矣。	孟子·告子上 11.25	2
rjqqsyeywwcycyzsqrzqyz	人见其禽兽也，而以为未尝有才焉者，是岂人之情也哉？	孟子·告子上 11.25	1
eywwcycyzsqrzqyz	而以为未尝有才焉者，是岂人之情也哉？	孟子·告子上 11.25	2
sqrzqyz	是岂人之情也哉？	孟子·告子上 11.25	2
ggdqywwbzgsqywwbx	故苟得其养，无物不长；苟失其养，无物不消。	孟子·告子上 11.25	1
wwbzgsqywwbx	无物不长；苟失其养，无物不消。	孟子·告子上 11.25	2
gsqywwbx	苟失其养，无物不消。	孟子·告子上 11.25	2
wwbx	无物不消。	孟子·告子上 11.25	2
kzyczcszwcrwsmzqx	孔子曰：‘操则存，舍则亡；出入无时，莫知其乡。’	孟子·告子上 11.25	1
czcszwcrwsmzqx	‘操则存，舍则亡；出入无时，莫知其乡。’	孟子·告子上 11.25	2
szwcrwsmzqx	舍则亡；出入无时，莫知其乡。	孟子·告子上 11.25	2
crwsmzqx	出入无时，莫知其乡。	孟子·告子上 11.25	2
mzqx	莫知其乡。	孟子·告子上 11.25	2
wxzwy	惟心之谓与？	孟子·告子上 11.25	1
mzywhhwzbzysytxyszwyyrbzsrhzwynszy	孟子曰：无或乎王之不智也，虽有天下易生之物也，一日暴之、十日寒之，未有能生者也。	孟子·告子上 11.26	1
whhwzbzysytxyszwyyrbzsrhzwynszy	无或乎王之不智也，虽有天下易生之物也，一日暴之、十日寒之，未有能生者也。	孟子·告子上 11.26	2
sytxyszwyyrbzsrhzwynszy	虽有天下易生之物也，一日暴之、十日寒之，未有能生者也。	孟子·告子上 11.26	2
yrbzsrhzwynszy	一日暴之、十日寒之，未有能生者也。	孟子·告子上 11.26	2
srhzwynszy	十日寒之，未有能生者也。	孟子·告子上 11.26	2
wynszy	未有能生者也。	孟子·告子上 11.26	2
wjyhywtehzzzywrymyhz	吾见亦罕矣，吾退而寒之者至矣，吾如有萌焉何哉？	孟子·告子上 11.26	1
wtehzzzywrymyhz	吾退而寒之者至矣，吾如有萌焉何哉？	孟子·告子上 11.26	2
wrymyhz	吾如有萌焉何哉？	孟子·告子上 11.26	2
jfyzwsxsybzxzzzbdy	今夫弈之为数，小数也；不专心致志，则不得也。	孟子·告子上 11.26	1
xsybzxzzzbdy	小数也；不专心致志，则不得也。	孟子·告子上 11.26	2
bzxzzzbdy	不专心致志，则不得也。	孟子·告子上 11.26	2
zbdy	则不得也。	孟子·告子上 11.26	2
yqtgzsyzy	弈秋，通国之善弈者也。	孟子·告子上 11.26	1
tgzsyzy	通国之善弈者也。	孟子·告子上 11.26	2
syqheryqyrzxzzwyqzwt	使弈秋诲二人弈，其一人专心致志，惟弈秋之为听。	孟子·告子上 11.26	1
qyrzxzzwyqzwt	其一人专心致志，惟弈秋之为听。	孟子·告子上 11.26	2
wyqzwt	惟弈秋之为听。	孟子·告子上 11.26	2
yrstzyxywyhhjzsygjeszsyzjxfrzy	一人虽听之，一心以为有鸿鹄将至，思援弓缴而射之，虽与之俱学，弗若之矣。	孟子·告子上 11.26	1
yxywyhhjzsygjeszsyzjxfrzy	一心以为有鸿鹄将至，思援弓缴而射之，虽与之俱学，弗若之矣。	孟子·告子上 11.26	2
sygjeszsyzjxfrzy	思援弓缴而射之，虽与之俱学，弗若之矣。	孟子·告子上 11.26	2
syzjxfrzy	虽与之俱学，弗若之矣。	孟子·告子上 11.26	2
frzy	弗若之矣。	孟子·告子上 11.26	2
wsqzfry	为是其智弗若与？	孟子·告子上 11.26	1
yfry	曰非然也。	孟子·告子上 11.26	1
mzyywsyyxzywsyyezbkdjsyeqxzzy	孟子曰：鱼，我所欲也；熊掌，亦我所欲也，二者不可得兼，舍鱼而取熊掌者也。	孟子·告子上 11.27	1
ywsyyxzywsyyezbkdjsyeqxzzy	鱼，我所欲也；熊掌，亦我所欲也，二者不可得兼，舍鱼而取熊掌者也。	孟子·告子上 11.27	2
wsyyxzywsyyezbkdjsyeqxzzy	我所欲也；熊掌，亦我所欲也，二者不可得兼，舍鱼而取熊掌者也。	孟子·告子上 11.27	2
xzywsyyezbkdjsyeqxzzy	熊掌，亦我所欲也，二者不可得兼，舍鱼而取熊掌者也。	孟子·告子上 11.27	2
ywsyyezbkdjsyeqxzzy	亦我所欲也，二者不可得兼，舍鱼而取熊掌者也。	孟子·告子上 11.27	2
ezbkdjsyeqxzzy	二者不可得兼，舍鱼而取熊掌者也。	孟子·告子上 11.27	2
syeqxzzy	舍鱼而取熊掌者也。	孟子·告子上 11.27	2
sywsyyyywsyyezbkdjsseqyzy	生，亦我所欲也；义，亦我所欲也，二者不可得兼，舍生而取义者也。	孟子·告子上 11.27	1
ywsyyyywsyyezbkdjsseqyzy	亦我所欲也；义，亦我所欲也，二者不可得兼，舍生而取义者也。	孟子·告子上 11.27	2
yywsyyezbkdjsseqyzy	义，亦我所欲也，二者不可得兼，舍生而取义者也。	孟子·告子上 11.27	2
ywsyyezbkdjsseqyzy	亦我所欲也，二者不可得兼，舍生而取义者也。	孟子·告子上 11.27	2
ezbkdjsseqyzy	二者不可得兼，舍生而取义者也。	孟子·告子上 11.27	2
sseqyzy	舍生而取义者也。	孟子·告子上 11.27	2
sywsysyysyszgbwgdysywseseysyszghysbpy	生亦我所欲，所欲有甚于生者，故不为苟得也；死亦我所恶，所恶有甚于死者，故患有所不辟也。	孟子·告子上 11.27	1
syysyszgbwgdysywseseysyszghysbpy	所欲有甚于生者，故不为苟得也；死亦我所恶，所恶有甚于死者，故患有所不辟也。	孟子·告子上 11.27	2
gbwgdysywseseysyszghysbpy	故不为苟得也；死亦我所恶，所恶有甚于死者，故患有所不辟也。	孟子·告子上 11.27	2
sywseseysyszghysbpy	死亦我所恶，所恶有甚于死者，故患有所不辟也。	孟子·告子上 11.27	2
seysyszghysbpy	所恶有甚于死者，故患有所不辟也。	孟子·告子上 11.27	2
ghysbpy	故患有所不辟也。	孟子·告子上 11.27	2
rsrzsymsyszfkydszhbyy	如使人之所欲莫甚于生，则凡可以得生者，何不用也？	孟子·告子上 11.27	1
zfkydszhbyy	则凡可以得生者，何不用也？	孟子·告子上 11.27	2
hbyy	何不用也？	孟子·告子上 11.27	2
srzsemsyszzfkyphzhbwy	使人之所恶莫甚于死者，则凡可以辟患者，何不为也？	孟子·告子上 11.27	1
zfkyphzhbwy	则凡可以辟患者，何不为也？	孟子·告子上 11.27	2
hbwy	何不为也？	孟子·告子上 11.27	2
yszseybyyyszkypheybwy	由是则生而有不用也，由是则可以辟患而有不为也。	孟子·告子上 11.27	1
yszkypheybwy	由是则可以辟患而有不为也。	孟子·告子上 11.27	2
sgsyysyszseysyszfdxzysxyrjyzxznwse	是故所欲有甚于生者，所恶有甚于死者，非独贤者有是心也，人皆有之，贤者能勿丧耳。	孟子·告子上 11.27	1
seysyszfdxzysxyrjyzxznwse	所恶有甚于死者，非独贤者有是心也，人皆有之，贤者能勿丧耳。	孟子·告子上 11.27	2
fdxzysxyrjyzxznwse	非独贤者有是心也，人皆有之，贤者能勿丧耳。	孟子·告子上 11.27	2
rjyzxznwse	人皆有之，贤者能勿丧耳。	孟子·告子上 11.27	2
xznwse	贤者能勿丧耳。	孟子·告子上 11.27	2
ydsydgdzzsfdzs	一箪食，一豆羹，得之则生，弗得则死。	孟子·告子上 11.27	1
ydgdzzsfdzs	一豆羹，得之则生，弗得则死。	孟子·告子上 11.27	2
dzzsfdzs	得之则生，弗得则死。	孟子·告子上 11.27	2
fdzs	弗得则死。	孟子·告子上 11.27	2
heeyzhdzrfsceeyzqrbxy	嘑尔而与之，行道之人弗受；蹴尔而与之，乞人不屑也。	孟子·告子上 11.27	1
hdzrfsceeyzqrbxy	行道之人弗受；蹴尔而与之，乞人不屑也。	孟子·告子上 11.27	2
ceeyzqrbxy	蹴尔而与之，乞人不屑也。	孟子·告子上 11.27	2
qrbxy	乞人不屑也。	孟子·告子上 11.27	2
wzzbblyesz	万锺则不辨礼义而受之。	孟子·告子上 11.27	1
wzywhjy	万锺于我何加焉？	孟子·告子上 11.27	1
wgszmqqzfssqfzdwy	为宫室之美、妻妾之奉、所识穷乏者得我与？	孟子·告子上 11.27	1
qqzfssqfzdwy	妻妾之奉、所识穷乏者得我与？	孟子·告子上 11.27	2
ssqfzdwy	所识穷乏者得我与？	孟子·告子上 11.27	2
xwssebsjwgszmwzxwssebsjwqqzfwzxwssebsjwssqfzdwewzsybkyyh	乡为身死而不受，今为宫室之美为之；乡为身死而不受，今为妻妾之奉为之；乡为身死而不受，今为所识穷乏者得我而为之，是亦不可以已乎？	孟子·告子上 11.27	1
jwgszmwzxwssebsjwqqzfwzxwssebsjwssqfzdwewzsybkyyh	今为宫室之美为之；乡为身死而不受，今为妻妾之奉为之；乡为身死而不受，今为所识穷乏者得我而为之，是亦不可以已乎？	孟子·告子上 11.27	2
xwssebsjwqqzfwzxwssebsjwssqfzdwewzsybkyyh	乡为身死而不受，今为妻妾之奉为之；乡为身死而不受，今为所识穷乏者得我而为之，是亦不可以已乎？	孟子·告子上 11.27	2
jwqqzfwzxwssebsjwssqfzdwewzsybkyyh	今为妻妾之奉为之；乡为身死而不受，今为所识穷乏者得我而为之，是亦不可以已乎？	孟子·告子上 11.27	2
xwssebsjwssqfzdwewzsybkyyh	乡为身死而不受，今为所识穷乏者得我而为之，是亦不可以已乎？	孟子·告子上 11.27	2
jwssqfzdwewzsybkyyh	今为所识穷乏者得我而为之，是亦不可以已乎？	孟子·告子上 11.27	2
sybkyyh	是亦不可以已乎？	孟子·告子上 11.27	2
czwsqbx	此之谓失其本心。	孟子·告子上 11.27	1
mzyrrxyyrly	孟子曰：仁，人心也；义，人路也。	孟子·告子上 11.28	1
rrxyyrly	仁，人心也；义，人路也。	孟子·告子上 11.28	2
rxyyrly	人心也；义，人路也。	孟子·告子上 11.28	2
yrly	义，人路也。	孟子·告子上 11.28	2
rly	人路也。	孟子·告子上 11.28	2
sqlefyfqxebzqaz	舍其路而弗由，放其心而不知求，哀哉！	孟子·告子上 11.28	1
fqxebzqaz	放其心而不知求，哀哉！	孟子·告子上 11.28	2
ryjqfzzqzyfxebzq	人有鸡犬放，则知求之；有放心，而不知求。	孟子·告子上 11.28	1
zzqzyfxebzq	则知求之；有放心，而不知求。	孟子·告子上 11.28	2
yfxebzq	有放心，而不知求。	孟子·告子上 11.28	2
ebzq	而不知求。	孟子·告子上 11.28	2
xwzdwtqqfxeyy	学问之道无他，求其放心而已矣。	孟子·告子上 11.28	1
qqfxeyy	求其放心而已矣。	孟子·告子上 11.28	2
mzyjywmzzqebxfjthsyrynxzzzbyqczlwzzbrry	孟子曰：今有无名之指，屈而不信，非疾痛害事也，如有能信之者，则不远秦楚之路，为指之不若人也。	孟子·告子上 11.29	1
jywmzzqebxfjthsyrynxzzzbyqczlwzzbrry	今有无名之指，屈而不信，非疾痛害事也，如有能信之者，则不远秦楚之路，为指之不若人也。	孟子·告子上 11.29	2
qebxfjthsyrynxzzzbyqczlwzzbrry	屈而不信，非疾痛害事也，如有能信之者，则不远秦楚之路，为指之不若人也。	孟子·告子上 11.29	2
fjthsyrynxzzzbyqczlwzzbrry	非疾痛害事也，如有能信之者，则不远秦楚之路，为指之不若人也。	孟子·告子上 11.29	2
rynxzzzbyqczlwzzbrry	如有能信之者，则不远秦楚之路，为指之不若人也。	孟子·告子上 11.29	2
zbyqczlwzzbrry	则不远秦楚之路，为指之不若人也。	孟子·告子上 11.29	2
wzzbrry	为指之不若人也。	孟子·告子上 11.29	2
zbrrzzezxbrrzbzeczwbzly	指不若人，则知恶之；心不若人，则不知恶，此之谓不知类也。	孟子·告子上 11.29	1
zzezxbrrzbzeczwbzly	则知恶之；心不若人，则不知恶，此之谓不知类也。	孟子·告子上 11.29	2
xbrrzbzeczwbzly	心不若人，则不知恶，此之谓不知类也。	孟子·告子上 11.29	2
zbzeczwbzly	则不知恶，此之谓不知类也。	孟子·告子上 11.29	2
czwbzly	此之谓不知类也。	孟子·告子上 11.29	2
mzygbztzrgyszjzsyyzz	孟子曰：拱把之桐梓，人苟欲生之，皆知所以养之者。	孟子·告子上 11.30	1
gbztzrgyszjzsyyzz	拱把之桐梓，人苟欲生之，皆知所以养之者。	孟子·告子上 11.30	2
rgyszjzsyyzz	人苟欲生之，皆知所以养之者。	孟子·告子上 11.30	2
jzsyyzz	皆知所以养之者。	孟子·告子上 11.30	2
zysebzsyyzzqasbrtzz	至于身，而不知所以养之者，岂爱身不若桐梓哉？	孟子·告子上 11.30	1
ebzsyyzzqasbrtzz	而不知所以养之者，岂爱身不若桐梓哉？	孟子·告子上 11.30	2
qasbrtzz	岂爱身不若桐梓哉？	孟子·告子上 11.30	2
fssy	弗思甚也。	孟子·告子上 11.30	1
mzyrzysyjsa	孟子曰：人之于身也，兼所爱。	孟子·告子上 11.31	1
rzysyjsa	人之于身也，兼所爱。	孟子·告子上 11.31	2
jsa	兼所爱。	孟子·告子上 11.31	2
jsazjsyy	兼所爱，则兼所养也。	孟子·告子上 11.31	1
zjsyy	则兼所养也。	孟子·告子上 11.31	2
wcczfbayzwcczfbyy	无尺寸之肤不爱焉，则无尺寸之肤不养也。	孟子·告子上 11.31	1
zwcczfbyy	则无尺寸之肤不养也。	孟子·告子上 11.31	2
sykqsbszqytz	所以考其善不善者，岂有他哉？	孟子·告子上 11.31	1
yjqzeyy	于己取之而已矣。	孟子·告子上 11.31	1
tygjyxd	体有贵贱，有小大。	孟子·告子上 11.31	1
yxd	有小大。	孟子·告子上 11.31	2
wyxhdwyjhg	无以小害大，无以贱害贵。	孟子·告子上 11.31	1
wyjhg	无以贱害贵。	孟子·告子上 11.31	2
yqxzwxryqdzwdr	养其小者为小人，养其大者为大人。	孟子·告子上 11.31	1
yqdzwdr	养其大者为大人。	孟子·告子上 11.31	2
jycssqwjyqejzwjcsy	今有场师，舍其梧槚，养其樲棘，则为贱场师焉。	孟子·告子上 11.31	1
sqwjyqejzwjcsy	舍其梧槚，养其樲棘，则为贱场师焉。	孟子·告子上 11.31	2
yqejzwjcsy	养其樲棘，则为贱场师焉。	孟子·告子上 11.31	2
zwjcsy	则为贱场师焉。	孟子·告子上 11.31	2
yqyzesqjbebzyzwljry	养其一指而失其肩背，而不知也，则为狼疾人也。	孟子·告子上 11.31	1
ebzyzwljry	而不知也，则为狼疾人也。	孟子·告子上 11.31	2
zwljry	则为狼疾人也。	孟子·告子上 11.31	2
yszrzrjzywqyxysdy	饮食之人，则人贱之矣，为其养小以失大也。	孟子·告子上 11.31	1
zrjzywqyxysdy	则人贱之矣，为其养小以失大也。	孟子·告子上 11.31	2
wqyxysdy	为其养小以失大也。	孟子·告子上 11.31	2
yszrwysyzkfqswcczfz	饮食之人无有失也，则口腹岂适为尺寸之肤哉？	孟子·告子上 11.31	1
zkfqswcczfz	则口腹岂适为尺寸之肤哉？	孟子·告子上 11.31	2
gdzwyjsryhwdrhwxrhy	公都子问曰：“钧是人也，或为大人，或为小人，何也？”	孟子·告子上 11.32	1
jsryhwdrhwxrhy	“钧是人也，或为大人，或为小人，何也？”	孟子·告子上 11.32	2
hwdrhwxrhy	或为大人，或为小人，何也？	孟子·告子上 11.32	2
hwxrhy	或为小人，何也？	孟子·告子上 11.32	2
mzycqdtwdrcqxtwxr	孟子曰：“从其大体为大人，从其小体为小人。”	孟子·告子上 11.33	1
cqdtwdrcqxtwxr	“从其大体为大人，从其小体为小人。”	孟子·告子上 11.33	2
cqxtwxr	从其小体为小人。	孟子·告子上 11.33	2
yjsryhcqdthcqxthy	曰：“钧是人也，或从其大体，或从其小体，何也？”	孟子·告子上 11.34	1
jsryhcqdthcqxthy	“钧是人也，或从其大体，或从其小体，何也？”	孟子·告子上 11.34	2
hcqdthcqxthy	或从其大体，或从其小体，何也？	孟子·告子上 11.34	2
hcqxthy	或从其小体，何也？	孟子·告子上 11.34	2
yemzgbsebywwjwzyzeyy	曰：耳目之官不思，而蔽于物，物交物，则引之而已矣。	孟子·告子上 11.35	1
emzgbsebywwjwzyzeyy	耳目之官不思，而蔽于物，物交物，则引之而已矣。	孟子·告子上 11.35	2
ebywwjwzyzeyy	而蔽于物，物交物，则引之而已矣。	孟子·告子上 11.35	2
wjwzyzeyy	物交物，则引之而已矣。	孟子·告子上 11.35	2
zyzeyy	则引之而已矣。	孟子·告子上 11.35	2
xzgzsszdzbszbdy	心之官则思，思则得之，不思则不得也。	孟子·告子上 11.35	1
szdzbszbdy	思则得之，不思则不得也。	孟子·告子上 11.35	2
bszbdy	不思则不得也。	孟子·告子上 11.35	2
ctzsywzxlhqdzzqxzfndy	此天之所与我者，先立乎其大者，则其小者弗能夺也。	孟子·告子上 11.35	1
xlhqdzzqxzfndy	先立乎其大者，则其小者弗能夺也。	孟子·告子上 11.35	2
zqxzfndy	则其小者弗能夺也。	孟子·告子上 11.35	2
cwdreyy	此为大人而已矣。	孟子·告子上 11.35	1
mzyytjzyrjz	孟子曰：有天爵者，有人爵者。	孟子·告子上 11.36	1
ytjzyrjz	有天爵者，有人爵者。	孟子·告子上 11.36	2
yrjz	有人爵者。	孟子·告子上 11.36	2
ryzxlsbjctjygqdfcrjy	仁义忠信，乐善不倦，此天爵也；公卿大夫，此人爵也。	孟子·告子上 11.36	1
lsbjctjygqdfcrjy	乐善不倦，此天爵也；公卿大夫，此人爵也。	孟子·告子上 11.36	2
ctjygqdfcrjy	此天爵也；公卿大夫，此人爵也。	孟子·告子上 11.36	2
gqdfcrjy	公卿大夫，此人爵也。	孟子·告子上 11.36	2
crjy	此人爵也。	孟子·告子上 11.36	2
gzrxqtjerjcz	古之人修其天爵，而人爵从之。	孟子·告子上 11.36	1
erjcz	而人爵从之。	孟子·告子上 11.36	2
jzrxqtjyyrjjdrjeqqtjzhzszyzybweyy	今之人修其天爵，以要人爵；既得人爵，而弃其天爵，则惑之甚者也，终亦必亡而已矣。	孟子·告子上 11.36	1
yyrjjdrjeqqtjzhzszyzybweyy	以要人爵；既得人爵，而弃其天爵，则惑之甚者也，终亦必亡而已矣。	孟子·告子上 11.36	2
jdrjeqqtjzhzszyzybweyy	既得人爵，而弃其天爵，则惑之甚者也，终亦必亡而已矣。	孟子·告子上 11.36	2
eqqtjzhzszyzybweyy	而弃其天爵，则惑之甚者也，终亦必亡而已矣。	孟子·告子上 11.36	2
zhzszyzybweyy	则惑之甚者也，终亦必亡而已矣。	孟子·告子上 11.36	2
zybweyy	终亦必亡而已矣。	孟子·告子上 11.36	2
mzyygzrztxy	孟子曰：欲贵者，人之同心也。	孟子·告子上 11.37	1
ygzrztxy	欲贵者，人之同心也。	孟子·告子上 11.37	2
rztxy	人之同心也。	孟子·告子上 11.37	2
rrygyjzfse	人人有贵于己者，弗思耳。	孟子·告子上 11.37	1
fse	弗思耳。	孟子·告子上 11.37	2
rzsgzflgy	人之所贵者，非良贵也。	孟子·告子上 11.37	1
flgy	非良贵也。	孟子·告子上 11.37	2
zmzsgzmnjz	赵孟之所贵，赵孟能贱之。	孟子·告子上 11.37	1
zmnjz	赵孟能贱之。	孟子·告子上 11.37	2
syjzyjjbyd	《诗》云：‘既醉以酒，既饱以德。’	孟子·告子上 11.37	1
jzyjjbyd	‘既醉以酒，既饱以德。’	孟子·告子上 11.37	2
jbyd	既饱以德。	孟子·告子上 11.37	2
ybhryysybyrzglzwylwgysyssybyrzwxy	言饱乎仁义也，所以不愿人之膏粱之味也；令闻广誉施于身，所以不愿人之文绣也。	孟子·告子上 11.37	1
sybyrzglzwylwgysyssybyrzwxy	所以不愿人之膏粱之味也；令闻广誉施于身，所以不愿人之文绣也。	孟子·告子上 11.37	2
lwgysyssybyrzwxy	令闻广誉施于身，所以不愿人之文绣也。	孟子·告子上 11.37	2
sybyrzwxy	所以不愿人之文绣也。	孟子·告子上 11.37	2
mzyrzsbryyssh	孟子曰：仁之胜不仁也，犹水胜火。	孟子·告子上 11.38	1
rzsbryyssh	仁之胜不仁也，犹水胜火。	孟子·告子上 11.38	2
yssh	犹水胜火。	孟子·告子上 11.38	2
jzwrzyyybsjycxzhybxzwzsbshcyyybrzszy	今之为仁者，犹以一杯水，救一车薪之火也；不熄，则谓之水不胜火，此又与于不仁之甚者也。	孟子·告子上 11.38	1
yyybsjycxzhybxzwzsbshcyyybrzszy	犹以一杯水，救一车薪之火也；不熄，则谓之水不胜火，此又与于不仁之甚者也。	孟子·告子上 11.38	2
jycxzhybxzwzsbshcyyybrzszy	救一车薪之火也；不熄，则谓之水不胜火，此又与于不仁之甚者也。	孟子·告子上 11.38	2
bxzwzsbshcyyybrzszy	不熄，则谓之水不胜火，此又与于不仁之甚者也。	孟子·告子上 11.38	2
zwzsbshcyyybrzszy	则谓之水不胜火，此又与于不仁之甚者也。	孟子·告子上 11.38	2
cyyybrzszy	此又与于不仁之甚者也。	孟子·告子上 11.38	2
yzbweyy	亦终必亡而已矣。	孟子·告子上 11.38	1
mzywgzzzmzygwbsbrtb	孟子曰：五谷者，种之美者也；苟为不熟，不如荑稗。	孟子·告子上 11.39	1
wgzzzmzygwbsbrtb	五谷者，种之美者也；苟为不熟，不如荑稗。	孟子·告子上 11.39	2
zzmzygwbsbrtb	种之美者也；苟为不熟，不如荑稗。	孟子·告子上 11.39	2
gwbsbrtb	苟为不熟，不如荑稗。	孟子·告子上 11.39	2
brtb	不如荑稗。	孟子·告子上 11.39	2
fryzhszeyy	夫仁亦在乎熟之而已矣。	孟子·告子上 11.39	1
mzyyzjrsbzygxzybzyg	孟子曰：羿之教人射，必志于彀；学者亦必志于彀。	孟子·告子上 11.40	1
yzjrsbzygxzybzyg	羿之教人射，必志于彀；学者亦必志于彀。	孟子·告子上 11.40	2
bzygxzybzyg	必志于彀；学者亦必志于彀。	孟子·告子上 11.40	2
xzybzyg	学者亦必志于彀。	孟子·告子上 11.40	2
djhrbygjxzybygj	大匠诲人，必以规矩；学者亦必以规矩。	孟子·告子上 11.40	1
bygjxzybygj	必以规矩；学者亦必以规矩。	孟子·告子上 11.40	2
xzybygj	学者亦必以规矩。	孟子·告子上 11.40	2
rrywwlzylyssz	任人有问屋庐子曰：“礼与食孰重？”	孟子·告子下 12.1	1
lyssz	“礼与食孰重？”	孟子·告子下 12.1	2
ylz	曰：“礼重。”	孟子·告子下 12.1	1
lz	“礼重。”	孟子·告子下 12.1	2
sylsz	“色与礼孰重？”	孟子·告子下 12.2	1
yylszjesbylszdsbylh	曰：以礼食，则饥而死；不以礼食，则得食，必以礼乎？	孟子·告子下 12.3	1
ylszjesbylszdsbylh	以礼食，则饥而死；不以礼食，则得食，必以礼乎？	孟子·告子下 12.3	2
zjesbylszdsbylh	则饥而死；不以礼食，则得食，必以礼乎？	孟子·告子下 12.3	2
bylszdsbylh	不以礼食，则得食，必以礼乎？	孟子·告子下 12.3	2
zdsbylh	则得食，必以礼乎？	孟子·告子下 12.3	2
bylh	必以礼乎？	孟子·告子下 12.3	2
qyzbdqbqyzdqbqyh	亲迎，则不得妻；不亲迎，则得妻，必亲迎乎！	孟子·告子下 12.3	1
zbdqbqyzdqbqyh	则不得妻；不亲迎，则得妻，必亲迎乎！	孟子·告子下 12.3	2
bqyzdqbqyh	不亲迎，则得妻，必亲迎乎！	孟子·告子下 12.3	2
zdqbqyh	则得妻，必亲迎乎！	孟子·告子下 12.3	2
bqyh	必亲迎乎！	孟子·告子下 12.3	2
wlzbndmrzzygmz	屋庐子不能对，明日之邹以告孟子。	孟子·告子下 12.4	1
mrzzygmz	明日之邹以告孟子。	孟子·告子下 12.4	2
mzyydsyhy	孟子曰：于答是也何有？	孟子·告子下 12.4	1
ydsyhy	于答是也何有？	孟子·告子下 12.4	2
bcqbeqqmfczmksgycl	不揣其本而齐其末，方寸之木可使高于岑楼。	孟子·告子下 12.4	1
fczmksgycl	方寸之木可使高于岑楼。	孟子·告子下 12.4	2
jzyyzqwygjyyyyzwz	金重于羽者，岂谓一钩金与一舆羽之谓哉？	孟子·告子下 12.4	1
qwygjyyyyzwz	岂谓一钩金与一舆羽之谓哉？	孟子·告子下 12.4	2
qszzzylzqzebzxcsz	取食之重者，与礼之轻者而比之，奚翅食重？	孟子·告子下 12.4	1
ylzqzebzxcsz	与礼之轻者而比之，奚翅食重？	孟子·告子下 12.4	2
xcsz	奚翅食重？	孟子·告子下 12.4	2
qszzzylzqzebzxcsz	取色之重者，与礼之轻者而比之，奚翅色重？	孟子·告子下 12.4	1
ylzqzebzxcsz	与礼之轻者而比之，奚翅色重？	孟子·告子下 12.4	2
xcsz	奚翅色重？	孟子·告子下 12.4	2
wyzyzxzbedzszdsbzzbdszjzzh	往应之曰：紾兄之臂而夺之食，则得食；不紾，则不得食，则将紾之乎？	孟子·告子下 12.4	1
zxzbedzszdsbzzbdszjzzh	紾兄之臂而夺之食，则得食；不紾，则不得食，则将紾之乎？	孟子·告子下 12.4	2
zdsbzzbdszjzzh	则得食；不紾，则不得食，则将紾之乎？	孟子·告子下 12.4	2
bzzbdszjzzh	不紾，则不得食，则将紾之乎？	孟子·告子下 12.4	2
zbdszjzzh	则不得食，则将紾之乎？	孟子·告子下 12.4	2
zjzzh	则将紾之乎？	孟子·告子下 12.4	2
ydjqelqczzdqblzbdqzjlzh	逾东家墙而搂其处子，则得妻；不搂，则不得妻，则将搂之乎？	孟子·告子下 12.4	1
zdqblzbdqzjlzh	则得妻；不搂，则不得妻，则将搂之乎？	孟子·告子下 12.4	2
blzbdqzjlzh	不搂，则不得妻，则将搂之乎？	孟子·告子下 12.4	2
zbdqzjlzh	则不得妻，则将搂之乎？	孟子·告子下 12.4	2
zjlzh	则将搂之乎？	孟子·告子下 12.4	2
cjwyrjkywysyz	曹交问曰：“人皆可以为尧舜，有诸？”	孟子·告子下 12.5	1
rjkywysyz	“人皆可以为尧舜，有诸？”	孟子·告子下 12.5	2
mzyr	孟子曰：“然。”	孟子·告子下 12.6	1
jwwwsctjcjjjcscyzsseyrhzk	“交闻文王十尺，汤九尺，今交九尺四寸以长，食粟而已，如何则可？”	孟子·告子下 12.7	1
tjcjjjcscyzsseyrhzk	汤九尺，今交九尺四寸以长，食粟而已，如何则可？	孟子·告子下 12.7	2
jjjcscyzsseyrhzk	今交九尺四寸以长，食粟而已，如何则可？	孟子·告子下 12.7	2
sseyrhzk	食粟而已，如何则可？	孟子·告子下 12.7	2
rhzk	如何则可？	孟子·告子下 12.7	2
yxyys	曰：奚有于是？	孟子·告子下 12.8	1
xyys	奚有于是？	孟子·告子下 12.8	2
ywzeyy	亦为之而已矣。	孟子·告子下 12.8	1
yryclbnsypczwwlryjyjbjzwylry	有人于此，力不能胜一匹雏，则为无力人矣；今曰举百钧，则为有力人矣。	孟子·告子下 12.8	1
lbnsypczwwlryjyjbjzwylry	力不能胜一匹雏，则为无力人矣；今曰举百钧，则为有力人矣。	孟子·告子下 12.8	2
zwwlryjyjbjzwylry	则为无力人矣；今曰举百钧，则为有力人矣。	孟子·告子下 12.8	2
jyjbjzwylry	今曰举百钧，则为有力人矣。	孟子·告子下 12.8	2
zwylry	则为有力人矣。	孟子·告子下 12.8	2
rzjwhzrsywwheyy	然则举乌获之任，是亦为乌获而已矣。	孟子·告子下 12.8	1
sywwheyy	是亦为乌获而已矣。	孟子·告子下 12.8	2
frqybswhz	夫人岂以不胜为患哉？	孟子·告子下 12.8	1
fwe	弗为耳。	孟子·告子下 12.8	1
xxhzzwzdjxxzzwzbd	徐行后长者谓之弟，疾行先长者谓之不弟。	孟子·告子下 12.8	1
jxxzzwzbd	疾行先长者谓之不弟。	孟子·告子下 12.8	2
fxxzqrsbnz	夫徐行者，岂人所不能哉？	孟子·告子下 12.8	1
qrsbnz	岂人所不能哉？	孟子·告子下 12.8	2
sbwy	所不为也。	孟子·告子下 12.8	1
yszdxdeyy	尧舜之道，孝弟而已矣。	孟子·告子下 12.8	1
xdeyy	孝弟而已矣。	孟子·告子下 12.8	2
zfyzfsyzyxyzxsyeyyzfjzfsjzyxjzxsjeyy	子服尧之服，诵尧之言，行尧之行，是尧而已矣；子服桀之服，诵桀之言，行桀之行，是桀而已矣。	孟子·告子下 12.8	1
syzyxyzxsyeyyzfjzfsjzyxjzxsjeyy	诵尧之言，行尧之行，是尧而已矣；子服桀之服，诵桀之言，行桀之行，是桀而已矣。	孟子·告子下 12.8	2
xyzxsyeyyzfjzfsjzyxjzxsjeyy	行尧之行，是尧而已矣；子服桀之服，诵桀之言，行桀之行，是桀而已矣。	孟子·告子下 12.8	2
syeyyzfjzfsjzyxjzxsjeyy	是尧而已矣；子服桀之服，诵桀之言，行桀之行，是桀而已矣。	孟子·告子下 12.8	2
zfjzfsjzyxjzxsjeyy	子服桀之服，诵桀之言，行桀之行，是桀而已矣。	孟子·告子下 12.8	2
sjzyxjzxsjeyy	诵桀之言，行桀之行，是桀而已矣。	孟子·告子下 12.8	2
xjzxsjeyy	行桀之行，是桀而已矣。	孟子·告子下 12.8	2
sjeyy	是桀而已矣。	孟子·告子下 12.8	2
yjdjyzjkyjgylesyym	曰：“交得见于邹君，可以假馆，愿留而受业于门。”	孟子·告子下 12.9	1
jdjyzjkyjgylesyym	“交得见于邹君，可以假馆，愿留而受业于门。”	孟子·告子下 12.9	2
kyjgylesyym	可以假馆，愿留而受业于门。	孟子·告子下 12.9	2
ylesyym	愿留而受业于门。	孟子·告子下 12.9	2
yfdrdlrqnzz	曰：夫道，若大路然，岂难知哉？	孟子·告子下 12.10	1
fdrdlrqnzz	夫道，若大路然，岂难知哉？	孟子·告子下 12.10	2
rdlrqnzz	若大路然，岂难知哉？	孟子·告子下 12.10	2
qnzz	岂难知哉？	孟子·告子下 12.10	2
rbbqe	人病不求耳。	孟子·告子下 12.10	1
zgeqzyys	子归而求之，有余师。	孟子·告子下 12.10	1
yys	有余师。	孟子·告子下 12.10	2
gscwygzyxbxrzsy	公孙丑问曰：“高子曰：‘《小弁》，小人之诗也。’”	孟子·告子下 12.11	1
gzyxbxrzsy	“高子曰：‘《小弁》，小人之诗也。’”	孟子·告子下 12.11	2
xbxrzsy	‘《小弁》，小人之诗也。’	孟子·告子下 12.11	2
xrzsy	小人之诗也。	孟子·告子下 12.11	2
mzyhyyz	孟子曰：“何以言之？”	孟子·告子下 12.12	1
hyyz	“何以言之？”	孟子·告子下 12.12	2
yy	曰：“怨。”	孟子·告子下 12.13	1
ygzgszwsy	曰：固哉，高叟之为《诗》也！	孟子·告子下 12.14	1
gzgszwsy	固哉，高叟之为《诗》也！	孟子·告子下 12.14	2
gszwsy	高叟之为《诗》也！	孟子·告子下 12.14	2
yrycyrggeszzjtxedzwtszy	有人于此，越人关弓而射之，则己谈笑而道之；无他，疏之也。	孟子·告子下 12.14	1
yrggeszzjtxedzwtszy	越人关弓而射之，则己谈笑而道之；无他，疏之也。	孟子·告子下 12.14	2
zjtxedzwtszy	则己谈笑而道之；无他，疏之也。	孟子·告子下 12.14	2
wtszy	无他，疏之也。	孟子·告子下 12.14	2
szy	疏之也。	孟子·告子下 12.14	2
qxggeszzjctqedzwtqzy	其兄关弓而射之，则己垂涕泣而道之；无他，戚之也。	孟子·告子下 12.14	1
zjctqedzwtqzy	则己垂涕泣而道之；无他，戚之也。	孟子·告子下 12.14	2
wtqzy	无他，戚之也。	孟子·告子下 12.14	2
qzy	戚之也。	孟子·告子下 12.14	2
xbzyqqy	小弁之怨，亲亲也。	孟子·告子下 12.14	1
qqy	亲亲也。	孟子·告子下 12.14	2
qqry	亲亲，仁也。	孟子·告子下 12.14	1
gyfgszwsy	固矣夫，高叟之为《诗》也！	孟子·告子下 12.14	1
ykfhyby	曰：“《凯风》何以不怨？”	孟子·告子下 12.15	1
kfhyby	“《凯风》何以不怨？”	孟子·告子下 12.15	2
ykfqzgxzyxbqzgdzy	曰：《凯风》，亲之过小者也；《小弁》，亲之过大者也。	孟子·告子下 12.16	1
kfqzgxzyxbqzgdzy	《凯风》，亲之过小者也；《小弁》，亲之过大者也。	孟子·告子下 12.16	2
qzgxzyxbqzgdzy	亲之过小者也；《小弁》，亲之过大者也。	孟子·告子下 12.16	2
xbqzgdzy	《小弁》，亲之过大者也。	孟子·告子下 12.16	2
qzgdzy	亲之过大者也。	孟子·告子下 12.16	2
qzgdebysysyqzgxeysbkjy	亲之过大而不怨，是愈疏也；亲之过小而怨，是不可矶也。	孟子·告子下 12.16	1
sysyqzgxeysbkjy	是愈疏也；亲之过小而怨，是不可矶也。	孟子·告子下 12.16	2
qzgxeysbkjy	亲之过小而怨，是不可矶也。	孟子·告子下 12.16	2
sbkjy	是不可矶也。	孟子·告子下 12.16	2
ysbxybkjybxy	愈疏，不孝也；不可矶，亦不孝也。	孟子·告子下 12.16	1
bxybkjybxy	不孝也；不可矶，亦不孝也。	孟子·告子下 12.16	2
bkjybxy	不可矶，亦不孝也。	孟子·告子下 12.16	2
ybxy	亦不孝也。	孟子·告子下 12.16	2
kzysqzxywsem	孔子曰：‘舜其至孝矣，五十而慕。’	孟子·告子下 12.16	1
sqzxywsem	‘舜其至孝矣，五十而慕。’	孟子·告子下 12.16	2
wsem	五十而慕。	孟子·告子下 12.16	2
skjzcmzyysq	宋牼将之楚，孟子遇于石丘。	孟子·告子下 12.17	1
mzyysq	孟子遇于石丘。	孟子·告子下 12.17	2
yxsjhz	曰：“先生将何之？”	孟子·告子下 12.17	1
xsjhz	“先生将何之？”	孟子·告子下 12.17	2
ywwqcgbwjjcwsebz	曰：吾闻秦楚构兵，我将见楚王说而罢之。	孟子·告子下 12.18	1
wwqcgbwjjcwsebz	吾闻秦楚构兵，我将见楚王说而罢之。	孟子·告子下 12.18	2
wjjcwsebz	我将见楚王说而罢之。	孟子·告子下 12.18	2
cwbywjjqwsebzewwjysyy	楚王不悦，我将见秦王说而罢之，二王我将有所遇焉。	孟子·告子下 12.18	1
wjjqwsebzewwjysyy	我将见秦王说而罢之，二王我将有所遇焉。	孟子·告子下 12.18	2
ewwjysyy	二王我将有所遇焉。	孟子·告子下 12.18	2
ykyqwwqxywqz	曰：轲也请无问其详，愿闻其指。	孟子·告子下 12.19	1
kyqwwqxywqz	轲也请无问其详，愿闻其指。	孟子·告子下 12.19	2
ywqz	愿闻其指。	孟子·告子下 12.19	2
szjhr	说之将何如？	孟子·告子下 12.19	1
ywjyqbly	曰：“我将言其不利也。”	孟子·告子下 12.20	1
wjyqbly	“我将言其不利也。”	孟子·告子下 12.20	2
yxszzzdyxszhzbk	曰：先生之志则大矣，先生之号则不可。	孟子·告子下 12.21	1
xszzzdyxszhzbk	先生之志则大矣，先生之号则不可。	孟子·告子下 12.21	2
xszhzbk	先生之号则不可。	孟子·告子下 12.21	2
xsylsqczwqczwyylybsjzsssjzslbeyyly	先生以利说秦楚之王，秦楚之王悦于利，以罢三军之师，是三军之士乐罢而悦于利也。	孟子·告子下 12.21	1
qczwyylybsjzsssjzslbeyyly	秦楚之王悦于利，以罢三军之师，是三军之士乐罢而悦于利也。	孟子·告子下 12.21	2
ybsjzsssjzslbeyyly	以罢三军之师，是三军之士乐罢而悦于利也。	孟子·告子下 12.21	2
ssjzslbeyyly	是三军之士乐罢而悦于利也。	孟子·告子下 12.21	2
wrczhlysqjwrzzhlysqfwrdzhlysqx	为人臣者怀利以事其君，为人子者怀利以事其父，为人弟者怀利以事其兄。	孟子·告子下 12.21	1
wrzzhlysqfwrdzhlysqx	为人子者怀利以事其父，为人弟者怀利以事其兄。	孟子·告子下 12.21	2
wrdzhlysqx	为人弟者怀利以事其兄。	孟子·告子下 12.21	2
sjcfzxdzqryhlyxjrebwzwzyy	是君臣、父子、兄弟终去仁义，怀利以相接，然而不亡者，未之有也。	孟子·告子下 12.21	1
fzxdzqryhlyxjrebwzwzyy	父子、兄弟终去仁义，怀利以相接，然而不亡者，未之有也。	孟子·告子下 12.21	2
xdzqryhlyxjrebwzwzyy	兄弟终去仁义，怀利以相接，然而不亡者，未之有也。	孟子·告子下 12.21	2
hlyxjrebwzwzyy	怀利以相接，然而不亡者，未之有也。	孟子·告子下 12.21	2
rebwzwzyy	然而不亡者，未之有也。	孟子·告子下 12.21	2
xsyrysqczwqczwyyryebsjzsssjzslbeyyryy	先生以仁义说秦楚之王，秦楚之王悦于仁义，而罢三军之师，是三军之士乐罢而悦于仁义也。	孟子·告子下 12.21	1
qczwyyryebsjzsssjzslbeyyryy	秦楚之王悦于仁义，而罢三军之师，是三军之士乐罢而悦于仁义也。	孟子·告子下 12.21	2
ebsjzsssjzslbeyyryy	而罢三军之师，是三军之士乐罢而悦于仁义也。	孟子·告子下 12.21	2
ssjzslbeyyryy	是三军之士乐罢而悦于仁义也。	孟子·告子下 12.21	2
wrczhryysqjwrzzhryysqfwrdzhryysqxsjcfzxdqlhryyxjy	为人臣者怀仁义以事其君，为人子者怀仁义以事其父，为人弟者怀仁义以事其兄，是君臣、父子、兄弟去利，怀仁义以相接也。	孟子·告子下 12.21	1
wrzzhryysqfwrdzhryysqxsjcfzxdqlhryyxjy	为人子者怀仁义以事其父，为人弟者怀仁义以事其兄，是君臣、父子、兄弟去利，怀仁义以相接也。	孟子·告子下 12.21	2
wrdzhryysqxsjcfzxdqlhryyxjy	为人弟者怀仁义以事其兄，是君臣、父子、兄弟去利，怀仁义以相接也。	孟子·告子下 12.21	2
sjcfzxdqlhryyxjy	是君臣、父子、兄弟去利，怀仁义以相接也。	孟子·告子下 12.21	2
fzxdqlhryyxjy	父子、兄弟去利，怀仁义以相接也。	孟子·告子下 12.21	2
xdqlhryyxjy	兄弟去利，怀仁义以相接也。	孟子·告子下 12.21	2
hryyxjy	怀仁义以相接也。	孟子·告子下 12.21	2
mzjzjrwrcsybjszebb	孟子居邹，季任为任处守，以币交，受之而不报。	孟子·告子下 12.22	1
jrwrcsybjszebb	季任为任处守，以币交，受之而不报。	孟子·告子下 12.22	2
ybjszebb	以币交，受之而不报。	孟子·告子下 12.22	2
szebb	受之而不报。	孟子·告子下 12.22	2
cyplczwxybjszebb	处于平陆，储子为相，以币交，受之而不报。	孟子·告子下 12.22	1
czwxybjszebb	储子为相，以币交，受之而不报。	孟子·告子下 12.22	2
tryzzrjjzyplzqbjcz	他日由邹之任，见季子；由平陆之齐，不见储子。	孟子·告子下 12.22	1
jjzyplzqbjcz	见季子；由平陆之齐，不见储子。	孟子·告子下 12.22	2
yplzqbjcz	由平陆之齐，不见储子。	孟子·告子下 12.22	2
bjcz	不见储子。	孟子·告子下 12.22	2
wlzxyldxy	屋庐子喜曰：“连得闲矣。”	孟子·告子下 12.22	1
ldxy	“连得闲矣。”	孟子·告子下 12.22	2
wyfzzrjjzzqbjczwqwxy	问曰：“夫子之任见季子，之齐不见储子，为其为相与？”	孟子·告子下 12.22	1
fzzrjjzzqbjczwqwxy	“夫子之任见季子，之齐不见储子，为其为相与？”	孟子·告子下 12.22	2
zqbjczwqwxy	之齐不见储子，为其为相与？	孟子·告子下 12.22	2
wqwxy	为其为相与？	孟子·告子下 12.22	2
syxdyybjwybxwbyzyx	《书》曰：‘享多仪，仪不及物曰不享，惟不役志于享。’	孟子·告子下 12.23	1
xdyybjwybxwbyzyx	‘享多仪，仪不及物曰不享，惟不役志于享。’	孟子·告子下 12.23	2
ybjwybxwbyzyx	仪不及物曰不享，惟不役志于享。	孟子·告子下 12.23	2
wbyzyx	惟不役志于享。	孟子·告子下 12.23	2
wqbcxy	为其不成享也。	孟子·告子下 12.23	1
wlzy	屋庐子悦。	孟子·告子下 12.24	1
hwz	或问之。	孟子·告子下 12.24	1
wlzyjzbdzzczdzpl	屋庐子曰：“季子不得之邹，储子得之平陆。”	孟子·告子下 12.24	1
jzbdzzczdzpl	“季子不得之邹，储子得之平陆。”	孟子·告子下 12.24	2
czdzpl	储子得之平陆。	孟子·告子下 12.24	2
cykyxmszwryhmszzwy	淳于髡曰：先名实者，为人也；后名实者，自为也。	孟子·告子下 12.25	1
xmszwryhmszzwy	先名实者，为人也；后名实者，自为也。	孟子·告子下 12.25	2
wryhmszzwy	为人也；后名实者，自为也。	孟子·告子下 12.25	2
hmszzwy	后名实者，自为也。	孟子·告子下 12.25	2
zwy	自为也。	孟子·告子下 12.25	2
fzzsqzzmswjysxeqzrzgrch	夫子在三卿之中，名实未加于上下而去之，仁者固如此乎？	孟子·告子下 12.25	1
mswjysxeqzrzgrch	名实未加于上下而去之，仁者固如此乎？	孟子·告子下 12.25	2
rzgrch	仁者固如此乎？	孟子·告子下 12.25	2
mzyjxwbyxsbxzbyywjtwjjzyyybewjbcxgzlxhy	孟子曰：居下位，不以贤事不肖者，伯夷也；五就汤，五就桀者，伊尹也；不恶污君，不辞小官者，柳下惠也。	孟子·告子下 12.26	1
jxwbyxsbxzbyywjtwjjzyyybewjbcxgzlxhy	居下位，不以贤事不肖者，伯夷也；五就汤，五就桀者，伊尹也；不恶污君，不辞小官者，柳下惠也。	孟子·告子下 12.26	2
byxsbxzbyywjtwjjzyyybewjbcxgzlxhy	不以贤事不肖者，伯夷也；五就汤，五就桀者，伊尹也；不恶污君，不辞小官者，柳下惠也。	孟子·告子下 12.26	2
byywjtwjjzyyybewjbcxgzlxhy	伯夷也；五就汤，五就桀者，伊尹也；不恶污君，不辞小官者，柳下惠也。	孟子·告子下 12.26	2
wjtwjjzyyybewjbcxgzlxhy	五就汤，五就桀者，伊尹也；不恶污君，不辞小官者，柳下惠也。	孟子·告子下 12.26	2
wjjzyyybewjbcxgzlxhy	五就桀者，伊尹也；不恶污君，不辞小官者，柳下惠也。	孟子·告子下 12.26	2
yyybewjbcxgzlxhy	伊尹也；不恶污君，不辞小官者，柳下惠也。	孟子·告子下 12.26	2
bewjbcxgzlxhy	不恶污君，不辞小官者，柳下惠也。	孟子·告子下 12.26	2
bcxgzlxhy	不辞小官者，柳下惠也。	孟子·告子下 12.26	2
lxhy	柳下惠也。	孟子·告子下 12.26	2
szzbtdqqyy	三子者不同道，其趋一也。	孟子·告子下 12.26	1
qqyy	其趋一也。	孟子·告子下 12.26	2
yzhy	一者何也？	孟子·告子下 12.26	1
yry	曰：仁也。	孟子·告子下 12.26	1
jzyreyyhbt	君子亦仁而已矣，何必同？	孟子·告子下 12.26	1
hbt	何必同？	孟子·告子下 12.26	2
ylmgzsgyzwzzlzswclzxyzs	曰：鲁缪公之时，公仪子为政，子柳、子思为臣，鲁之削也滋甚。	孟子·告子下 12.27	1
lmgzsgyzwzzlzswclzxyzs	鲁缪公之时，公仪子为政，子柳、子思为臣，鲁之削也滋甚。	孟子·告子下 12.27	2
gyzwzzlzswclzxyzs	公仪子为政，子柳、子思为臣，鲁之削也滋甚。	孟子·告子下 12.27	2
zlzswclzxyzs	子柳、子思为臣，鲁之削也滋甚。	孟子·告子下 12.27	2
zswclzxyzs	子思为臣，鲁之削也滋甚。	孟子·告子下 12.27	2
lzxyzs	鲁之削也滋甚。	孟子·告子下 12.27	2
rshxzzwyygy	若是乎贤者之无益于国也！	孟子·告子下 12.27	1
yybyblxewqmgyzeb	曰：虞不用百里奚而亡，秦穆公用之而霸。	孟子·告子下 12.27	1
ybyblxewqmgyzeb	虞不用百里奚而亡，秦穆公用之而霸。	孟子·告子下 12.27	2
qmgyzeb	秦穆公用之而霸。	孟子·告子下 12.27	2
byxzwxhkdy	不用贤则亡，削何可得与？	孟子·告子下 12.27	1
xhkdy	削何可得与？	孟子·告子下 12.27	2
yxzwbcyqehxsomjcygteqysghzqlzqskqfebgs	曰：昔者王豹处于淇，而河西善讴；緜驹处于高唐，而齐右善歌；华周、杞梁之妻善哭其夫，而变国俗。	孟子·告子下 12.28	1
xzwbcyqehxsomjcygteqysghzqlzqskqfebgs	昔者王豹处于淇，而河西善讴；緜驹处于高唐，而齐右善歌；华周、杞梁之妻善哭其夫，而变国俗。	孟子·告子下 12.28	2
ehxsomjcygteqysghzqlzqskqfebgs	而河西善讴；緜驹处于高唐，而齐右善歌；华周、杞梁之妻善哭其夫，而变国俗。	孟子·告子下 12.28	2
mjcygteqysghzqlzqskqfebgs	緜驹处于高唐，而齐右善歌；华周、杞梁之妻善哭其夫，而变国俗。	孟子·告子下 12.28	2
eqysghzqlzqskqfebgs	而齐右善歌；华周、杞梁之妻善哭其夫，而变国俗。	孟子·告子下 12.28	2
hzqlzqskqfebgs	华周、杞梁之妻善哭其夫，而变国俗。	孟子·告子下 12.28	2
qlzqskqfebgs	杞梁之妻善哭其夫，而变国俗。	孟子·告子下 12.28	2
ebgs	而变国俗。	孟子·告子下 12.28	2
yznbxzw	有诸内必形诸外。	孟子·告子下 12.28	1
wqsewqgzkwcdzy	为其事而无其功者，髡未尝覩之也。	孟子·告子下 12.28	1
kwcdzy	髡未尝覩之也。	孟子·告子下 12.28	2
sgwxzyyzkbsz	是故无贤者也，有则髡必识之。	孟子·告子下 12.28	1
yzkbsz	有则髡必识之。	孟子·告子下 12.28	2
ykzwlskbycejfrbzbsmex	曰：孔子为鲁司寇，不用，从而祭，燔肉不至，不税冕而行。	孟子·告子下 12.29	1
kzwlskbycejfrbzbsmex	孔子为鲁司寇，不用，从而祭，燔肉不至，不税冕而行。	孟子·告子下 12.29	2
bycejfrbzbsmex	不用，从而祭，燔肉不至，不税冕而行。	孟子·告子下 12.29	2
cejfrbzbsmex	从而祭，燔肉不至，不税冕而行。	孟子·告子下 12.29	2
frbzbsmex	燔肉不至，不税冕而行。	孟子·告子下 12.29	2
bsmex	不税冕而行。	孟子·告子下 12.29	2
bzzywwry	不知者以为为肉也。	孟子·告子下 12.29	1
qzzywwwly	其知者以为为无礼也。	孟子·告子下 12.29	1
nkzzyywzxbywgq	乃孔子则欲以微罪行，不欲为苟去。	孟子·告子下 12.29	1
bywgq	不欲为苟去。	孟子·告子下 12.29	2
jzzswzrgbsy	君子之所为，众人固不识也。	孟子·告子下 12.29	1
zrgbsy	众人固不识也。	孟子·告子下 12.29	2
mzywbzswzzryjzzhwbzzryjzdfjzzhzzry	孟子曰：五霸者，三王之罪人也；今之诸侯，五霸之罪人也；今之大夫，今之诸侯之罪人也。	孟子·告子下 12.30	1
wbzswzzryjzzhwbzzryjzdfjzzhzzry	五霸者，三王之罪人也；今之诸侯，五霸之罪人也；今之大夫，今之诸侯之罪人也。	孟子·告子下 12.30	2
swzzryjzzhwbzzryjzdfjzzhzzry	三王之罪人也；今之诸侯，五霸之罪人也；今之大夫，今之诸侯之罪人也。	孟子·告子下 12.30	2
jzzhwbzzryjzdfjzzhzzry	今之诸侯，五霸之罪人也；今之大夫，今之诸侯之罪人也。	孟子·告子下 12.30	2
wbzzryjzdfjzzhzzry	五霸之罪人也；今之大夫，今之诸侯之罪人也。	孟子·告子下 12.30	2
jzdfjzzhzzry	今之大夫，今之诸侯之罪人也。	孟子·告子下 12.30	2
jzzhzzry	今之诸侯之罪人也。	孟子·告子下 12.30	2
tzszhyxszhcytzysz	天子适诸侯曰巡狩，诸侯朝于天子曰述职。	孟子·告子下 12.30	1
zhcytzysz	诸侯朝于天子曰述职。	孟子·告子下 12.30	2
rqjtdptyzylzxjjzwzyqqyd	入其疆，土地辟，田野治，养老尊贤，俊杰在位，则有庆，庆以地。	孟子·告子下 12.30	1
tdptyzylzxjjzwzyqqyd	土地辟，田野治，养老尊贤，俊杰在位，则有庆，庆以地。	孟子·告子下 12.30	2
tyzylzxjjzwzyqqyd	田野治，养老尊贤，俊杰在位，则有庆，庆以地。	孟子·告子下 12.30	2
ylzxjjzwzyqqyd	养老尊贤，俊杰在位，则有庆，庆以地。	孟子·告子下 12.30	2
jjzwzyqqyd	俊杰在位，则有庆，庆以地。	孟子·告子下 12.30	2
zyqqyd	则有庆，庆以地。	孟子·告子下 12.30	2
qyd	庆以地。	孟子·告子下 12.30	2
rqjtdhwylsxpkzwzyr	入其疆，土地荒芜，遗老失贤，掊克在位，则有让。	孟子·告子下 12.30	1
tdhwylsxpkzwzyr	土地荒芜，遗老失贤，掊克在位，则有让。	孟子·告子下 12.30	2
ylsxpkzwzyr	遗老失贤，掊克在位，则有让。	孟子·告子下 12.30	2
pkzwzyr	掊克在位，则有让。	孟子·告子下 12.30	2
zyr	则有让。	孟子·告子下 12.30	2
ybczbqjzbczxqdsbczlsyz	一不朝，则贬其爵；再不朝，则削其地；三不朝，则六师移之。	孟子·告子下 12.30	1
zbqjzbczxqdsbczlsyz	则贬其爵；再不朝，则削其地；三不朝，则六师移之。	孟子·告子下 12.30	2
zbczxqdsbczlsyz	再不朝，则削其地；三不朝，则六师移之。	孟子·告子下 12.30	2
zxqdsbczlsyz	则削其地；三不朝，则六师移之。	孟子·告子下 12.30	2
sbczlsyz	三不朝，则六师移之。	孟子·告子下 12.30	2
zlsyz	则六师移之。	孟子·告子下 12.30	2
sgtztebfzhfebt	是故天子讨而不伐，诸侯伐而不讨。	孟子·告子下 12.30	1
zhfebt	诸侯伐而不讨。	孟子·告子下 12.30	2
wbzlzhyfzhzygywbzswzzry	五霸者，搂诸侯以伐诸侯者也，故曰：五霸者，三王之罪人也。	孟子·告子下 12.30	1
lzhyfzhzygywbzswzzry	搂诸侯以伐诸侯者也，故曰：五霸者，三王之罪人也。	孟子·告子下 12.30	2
gywbzswzzry	故曰：五霸者，三王之罪人也。	孟子·告子下 12.30	2
wbzswzzry	五霸者，三王之罪人也。	孟子·告子下 12.30	2
swzzry	三王之罪人也。	孟子·告子下 12.30	2
wbhgws	五霸，桓公为盛。	孟子·告子下 12.31	1
hgws	桓公为盛。	孟子·告子下 12.31	2
kqzhzhsszsebsx	葵丘之会诸侯，束牲、载书而不歃血。	孟子·告子下 12.31	1
sszsebsx	束牲、载书而不歃血。	孟子·告子下 12.31	2
zsebsx	载书而不歃血。	孟子·告子下 12.31	2
cmyzbxwyszwyqwq	初命曰：‘诛不孝，无易树子，无以妾为妻。’	孟子·告子下 12.31	1
zbxwyszwyqwq	‘诛不孝，无易树子，无以妾为妻。’	孟子·告子下 12.31	2
wyszwyqwq	无易树子，无以妾为妻。	孟子·告子下 12.31	2
wyqwq	无以妾为妻。	孟子·告子下 12.31	2
zmyzxycyzyd	再命曰：‘尊贤育才，以彰有德。’	孟子·告子下 12.31	1
zxycyzyd	‘尊贤育才，以彰有德。’	孟子·告子下 12.31	2
yzyd	以彰有德。	孟子·告子下 12.31	2
smyjlcywwbl	三命曰：‘敬老慈幼，无忘宾旅。’	孟子·告子下 12.31	1
jlcywwbl	‘敬老慈幼，无忘宾旅。’	孟子·告子下 12.31	2
wwbl	无忘宾旅。	孟子·告子下 12.31	2
smyswsggswsqsbdwzsdf	四命曰：‘士无世官，官事无摄，取士必得，无专杀大夫。’	孟子·告子下 12.31	1
swsggswsqsbdwzsdf	‘士无世官，官事无摄，取士必得，无专杀大夫。’	孟子·告子下 12.31	2
gswsqsbdwzsdf	官事无摄，取士必得，无专杀大夫。	孟子·告子下 12.31	2
qsbdwzsdf	取士必得，无专杀大夫。	孟子·告子下 12.31	2
wzsdf	无专杀大夫。	孟子·告子下 12.31	2
wmywqfwedwyfebg	五命曰：‘无曲防，无遏籴，无有封而不告。’	孟子·告子下 12.31	1
wqfwedwyfebg	‘无曲防，无遏籴，无有封而不告。’	孟子·告子下 12.31	2
wedwyfebg	无遏籴，无有封而不告。	孟子·告子下 12.31	2
wyfebg	无有封而不告。	孟子·告子下 12.31	2
yfwtmzrjmzhygyh	曰：‘凡我同盟之人，既盟之后，言归于好。’	孟子·告子下 12.31	1
fwtmzrjmzhygyh	‘凡我同盟之人，既盟之后，言归于好。’	孟子·告子下 12.31	2
jmzhygyh	既盟之后，言归于好。	孟子·告子下 12.31	2
ygyh	言归于好。	孟子·告子下 12.31	2
jzzhjfcwjgyjzzhwbzzry	今之诸侯，皆犯此五禁，故曰：今之诸侯，五霸之罪人也。	孟子·告子下 12.31	1
jfcwjgyjzzhwbzzry	皆犯此五禁，故曰：今之诸侯，五霸之罪人也。	孟子·告子下 12.31	2
gyjzzhwbzzry	故曰：今之诸侯，五霸之罪人也。	孟子·告子下 12.31	2
jzzhwbzzry	今之诸侯，五霸之罪人也。	孟子·告子下 12.31	2
wbzzry	五霸之罪人也。	孟子·告子下 12.31	2
zjzeqzxfjzeqzd	长君之恶其罪小，逢君之恶其罪大。	孟子·告子下 12.32	1
fjzeqzd	逢君之恶其罪大。	孟子·告子下 12.32	2
jzdfjfjzegyjzdfjzzhzzry	今之大夫，皆逢君之恶，故曰：今之大夫，今之诸侯之罪人也。	孟子·告子下 12.32	1
jfjzegyjzdfjzzhzzry	皆逢君之恶，故曰：今之大夫，今之诸侯之罪人也。	孟子·告子下 12.32	2
gyjzdfjzzhzzry	故曰：今之大夫，今之诸侯之罪人也。	孟子·告子下 12.32	2
lysszwjj	鲁欲使慎子为将军。	孟子·告子下 12.33	1
mzybjmeyzwzym	孟子曰：不教民而用之，谓之殃民。	孟子·告子下 12.33	1
bjmeyzwzym	不教民而用之，谓之殃民。	孟子·告子下 12.33	2
wzym	谓之殃民。	孟子·告子下 12.33	2
ymzbryyszs	殃民者，不容于尧舜之世。	孟子·告子下 12.33	1
bryyszs	不容于尧舜之世。	孟子·告子下 12.33	2
yzsqsynyrqbk	一战胜齐，遂有南阳，然且不可。	孟子·告子下 12.33	1
synyrqbk	遂有南阳，然且不可。	孟子·告子下 12.33	2
rqbk	然且不可。	孟子·告子下 12.33	2
szbrbyyczhlsbsy	慎子勃然不悦曰：“此则滑厘所不识也。”	孟子·告子下 12.34	1
czhlsbsy	“此则滑厘所不识也。”	孟子·告子下 12.34	2
ywmgz	曰：吾明告子。	孟子·告子下 12.35	1
wmgz	吾明告子。	孟子·告子下 12.35	2
tzzdfqlbqlbzydzh	天子之地方千里；不千里，不足以待诸侯。	孟子·告子下 12.35	1
bqlbzydzh	不千里，不足以待诸侯。	孟子·告子下 12.35	2
bzydzh	不足以待诸侯。	孟子·告子下 12.35	2
zhzdfblbblbzyszmzdj	诸侯之地方百里；不百里，不足以守宗庙之典籍。	孟子·告子下 12.35	1
bblbzyszmzdj	不百里，不足以守宗庙之典籍。	孟子·告子下 12.35	2
bzyszmzdj	不足以守宗庙之典籍。	孟子·告子下 12.35	2
zgzfylwfblydfbzejybl	周公之封于鲁，为方百里也；地非不足，而俭于百里。	孟子·告子下 12.35	1
wfblydfbzejybl	为方百里也；地非不足，而俭于百里。	孟子·告子下 12.35	2
dfbzejybl	地非不足，而俭于百里。	孟子·告子下 12.35	2
ejybl	而俭于百里。	孟子·告子下 12.35	2
tgzfyqyywfblydfbzyejybl	太公之封于齐也，亦为方百里也；地非不足也，而俭于百里。	孟子·告子下 12.35	1
ywfblydfbzyejybl	亦为方百里也；地非不足也，而俭于百里。	孟子·告子下 12.35	2
dfbzyejybl	地非不足也，而俭于百里。	孟子·告子下 12.35	2
jlfblzwzywywzzzlzssh	今鲁方百里者五，子以为有王者作，则鲁在所损乎？	孟子·告子下 12.35	1
zywywzzzlzssh	子以为有王者作，则鲁在所损乎？	孟子·告子下 12.35	2
zlzssh	则鲁在所损乎？	孟子·告子下 12.35	2
zsyh	在所益乎？	孟子·告子下 12.35	1
tqzbyycrqrzbwkysryqzh	徒取诸彼以与此，然且仁者不为，况于杀人以求之乎？	孟子·告子下 12.35	1
rqrzbwkysryqzh	然且仁者不为，况于杀人以求之乎？	孟子·告子下 12.35	2
kysryqzh	况于杀人以求之乎？	孟子·告子下 12.35	2
jzzsjywyqjyddzyrey	君子之事君也，务引其君以当道，志于仁而已。	孟子·告子下 12.35	1
wyqjyddzyrey	务引其君以当道，志于仁而已。	孟子·告子下 12.35	2
zyrey	志于仁而已。	孟子·告子下 12.35	2
mzyjzsjzywnwjptdcfk	孟子曰：今之事君者曰：‘我能为君辟土地，充府库。’	孟子·告子下 12.36	1
jzsjzywnwjptdcfk	今之事君者曰：‘我能为君辟土地，充府库。’	孟子·告子下 12.36	2
wnwjptdcfk	‘我能为君辟土地，充府库。’	孟子·告子下 12.36	2
cfk	充府库。	孟子·告子下 12.36	2
jzswlcgzswmzy	今之所谓良臣，古之所谓民贼也。	孟子·告子下 12.36	1
gzswmzy	古之所谓民贼也。	孟子·告子下 12.36	2
jbxdbzyreqfzsfjy	君不乡道，不志于仁，而求富之，是富桀也。	孟子·告子下 12.36	1
bzyreqfzsfjy	不志于仁，而求富之，是富桀也。	孟子·告子下 12.36	2
eqfzsfjy	而求富之，是富桀也。	孟子·告子下 12.36	2
sfjy	是富桀也。	孟子·告子下 12.36	2
wnwjyygzbk	‘我能为君约与国，战必克。’	孟子·告子下 12.36	1
zbk	战必克。	孟子·告子下 12.36	2
jbxdbzyreqwzqzsfjy	君不乡道，不志于仁，而求为之强战，是辅桀也。	孟子·告子下 12.36	1
bzyreqwzqzsfjy	不志于仁，而求为之强战，是辅桀也。	孟子·告子下 12.36	2
eqwzqzsfjy	而求为之强战，是辅桀也。	孟子·告子下 12.36	2
sfjy	是辅桀也。	孟子·告子下 12.36	2
yjzdwbjzssyztxbnyzjy	由今之道，无变今之俗，虽与之天下，不能一朝居也。	孟子·告子下 12.36	1
wbjzssyztxbnyzjy	无变今之俗，虽与之天下，不能一朝居也。	孟子·告子下 12.36	2
syztxbnyzjy	虽与之天下，不能一朝居也。	孟子·告子下 12.36	2
bnyzjy	不能一朝居也。	孟子·告子下 12.36	2
bgywyeseqyhr	白圭曰：“吾欲二十而取一，何如？”	孟子·告子下 12.37	1
wyeseqyhr	“吾欲二十而取一，何如？”	孟子·告子下 12.37	2
mzyzzdhdy	孟子曰：子之道，貉道也。	孟子·告子下 12.38	1
zzdhdy	子之道，貉道也。	孟子·告子下 12.38	2
hdy	貉道也。	孟子·告子下 12.38	2
wszgyrtzkh	万室之国，一人陶，则可乎？	孟子·告子下 12.38	1
yrtzkh	一人陶，则可乎？	孟子·告子下 12.38	2
ybkqbzyy	曰：“不可，器不足用也。”	孟子·告子下 12.39	1
bkqbzyy	“不可，器不足用也。”	孟子·告子下 12.39	2
qbzyy	器不足用也。	孟子·告子下 12.39	2
yfhwgbswssz	曰：夫貉，五谷不生，惟黍生之。	孟子·告子下 12.40	1
fhwgbswssz	夫貉，五谷不生，惟黍生之。	孟子·告子下 12.40	2
wgbswssz	五谷不生，惟黍生之。	孟子·告子下 12.40	2
wssz	惟黍生之。	孟子·告子下 12.40	2
wcggszmjszlwzhbbyswbgysgesqyezy	无城郭、宫室、宗庙、祭祀之礼，无诸侯币帛饔飧，无百官有司，故二十取一而足也。	孟子·告子下 12.40	1
gszmjszlwzhbbyswbgysgesqyezy	宫室、宗庙、祭祀之礼，无诸侯币帛饔飧，无百官有司，故二十取一而足也。	孟子·告子下 12.40	2
zmjszlwzhbbyswbgysgesqyezy	宗庙、祭祀之礼，无诸侯币帛饔飧，无百官有司，故二十取一而足也。	孟子·告子下 12.40	2
jszlwzhbbyswbgysgesqyezy	祭祀之礼，无诸侯币帛饔飧，无百官有司，故二十取一而足也。	孟子·告子下 12.40	2
wzhbbyswbgysgesqyezy	无诸侯币帛饔飧，无百官有司，故二十取一而足也。	孟子·告子下 12.40	2
wbgysgesqyezy	无百官有司，故二十取一而足也。	孟子·告子下 12.40	2
gesqyezy	故二十取一而足也。	孟子·告子下 12.40	2
jjzgqrlwjzrzhqky	今居中国，去人伦，无君子，如之何其可也？	孟子·告子下 12.40	1
qrlwjzrzhqky	去人伦，无君子，如之何其可也？	孟子·告子下 12.40	2
wjzrzhqky	无君子，如之何其可也？	孟子·告子下 12.40	2
tygqbkywgkwjzh	陶以寡，且不可以为国，况无君子乎？	孟子·告子下 12.40	1
qbkywgkwjzh	且不可以为国，况无君子乎？	孟子·告子下 12.40	2
kwjzh	况无君子乎？	孟子·告子下 12.40	2
yqzyyszdzdhxhyyzzyyszdzdjxjy	欲轻之于尧舜之道者，大貉小貉也；欲重之于尧舜之道者，大桀小桀也。	孟子·告子下 12.40	1
dhxhyyzzyyszdzdjxjy	大貉小貉也；欲重之于尧舜之道者，大桀小桀也。	孟子·告子下 12.40	2
yzzyyszdzdjxjy	欲重之于尧舜之道者，大桀小桀也。	孟子·告子下 12.40	2
djxjy	大桀小桀也。	孟子·告子下 12.40	2
bgydzzsyyyy	白圭曰：“丹之治水也愈于禹。”	孟子·告子下 12.41	1
dzzsyyyy	“丹之治水也愈于禹。”	孟子·告子下 12.41	2
mzyzgy	孟子曰：子过矣。	孟子·告子下 12.42	1
zgy	子过矣。	孟子·告子下 12.42	2
yzzsszdy	禹之治水，水之道也。	孟子·告子下 12.42	1
szdy	水之道也。	孟子·告子下 12.42	2
sgyyshwhjwzylgwh	是故禹以四海为壑，今吾子以邻国为壑。	孟子·告子下 12.42	1
jwzylgwh	今吾子以邻国为壑。	孟子·告子下 12.42	2
snxwzjs	水逆行，谓之洚水。	孟子·告子下 12.42	1
wzjs	谓之洚水。	孟子·告子下 12.42	2
jszhsyrrzsey	洚水者，洪水也，仁人之所恶也。	孟子·告子下 12.42	1
hsyrrzsey	洪水也，仁人之所恶也。	孟子·告子下 12.42	2
rrzsey	仁人之所恶也。	孟子·告子下 12.42	2
wzgy	吾子过矣。	孟子·告子下 12.42	1
mzyjzblehz	孟子曰：“君子不亮，恶乎执？”	孟子·告子下 12.43	1
jzblehz	“君子不亮，恶乎执？”	孟子·告子下 12.43	2
ehz	恶乎执？	孟子·告子下 12.43	2
lyslzzwz	鲁欲使乐正子为政。	孟子·告子下 12.44	1
mzywwzxebm	孟子曰：“吾闻之，喜而不寐。”	孟子·告子下 12.45	1
wwzxebm	“吾闻之，喜而不寐。”	孟子·告子下 12.45	2
xebm	喜而不寐。	孟子·告子下 12.45	2
gscylzzqh	公孙丑曰：“乐正子强乎？”	孟子·告子下 12.46	1
lzzqh	“乐正子强乎？”	孟子·告子下 12.46	2
yzlh	“有知虑乎？”	孟子·告子下 12.47	1
dwsh	“多闻识乎？”	孟子·告子下 12.48	1
rzxwxebm	“然则奚为喜而不寐？”	孟子·告子下 12.49	1
yqwryhs	曰：“其为人也好善。”	孟子·告子下 12.49	1
qwryhs	“其为人也好善。”	孟子·告子下 12.49	2
hszh	“好善足乎？”	孟子·告子下 12.50	1
yhsyytxeklgh	曰：好善优于天下，而况鲁国乎？	孟子·告子下 12.50	1
hsyytxeklgh	好善优于天下，而况鲁国乎？	孟子·告子下 12.50	2
eklgh	而况鲁国乎？	孟子·告子下 12.50	2
fghszshznjjqqlelgzys	夫苟好善，则四海之内，皆将轻千里而来告之以善。	孟子·告子下 12.50	1
zshznjjqqlelgzys	则四海之内，皆将轻千里而来告之以善。	孟子·告子下 12.50	2
jjqqlelgzys	皆将轻千里而来告之以善。	孟子·告子下 12.50	2
fgbhszrjyyyyjyzzy	夫苟不好善，则人将曰：‘𫍙𫍙，予既已知之矣。’	孟子·告子下 12.50	1
zrjyyyyjyzzy	则人将曰：‘𫍙𫍙，予既已知之矣。’	孟子·告子下 12.50	2
yyyjyzzy	‘𫍙𫍙，予既已知之矣。’	孟子·告子下 12.50	2
yjyzzy	予既已知之矣。	孟子·告子下 12.50	2
yyzsyysjryqlzw	𫍙𫍙之声音颜色，距人于千里之外。	孟子·告子下 12.50	1
jryqlzw	距人于千里之外。	孟子·告子下 12.50	2
szyqlzwzccmyzrzy	士止于千里之外，则谗谄面谀之人至矣。	孟子·告子下 12.50	1
zccmyzrzy	则谗谄面谀之人至矣。	孟子·告子下 12.50	2
yccmyzrjgyzkdh	与谗谄面谀之人居，国欲治，可得乎？	孟子·告子下 12.50	1
gyzkdh	国欲治，可得乎？	孟子·告子下 12.50	2
kdh	可得乎？	孟子·告子下 12.50	2
czygzjzhrzs	陈子曰：“古之君子何如则仕？”	孟子·告子下 12.51	1
gzjzhrzs	“古之君子何如则仕？”	孟子·告子下 12.51	2
mzysjssqs	孟子曰：所就三，所去三。	孟子·告子下 12.52	1
sjssqs	所就三，所去三。	孟子·告子下 12.52	2
sqs	所去三。	孟子·告子下 12.52	2
yzzjyylyjxqyyzjzlmwsyfxyzqz	迎之致敬以有礼，言将行其言也，则就之；礼貌未衰，言弗行也，则去之。	孟子·告子下 12.52	1
yjxqyyzjzlmwsyfxyzqz	言将行其言也，则就之；礼貌未衰，言弗行也，则去之。	孟子·告子下 12.52	2
zjzlmwsyfxyzqz	则就之；礼貌未衰，言弗行也，则去之。	孟子·告子下 12.52	2
lmwsyfxyzqz	礼貌未衰，言弗行也，则去之。	孟子·告子下 12.52	2
yfxyzqz	言弗行也，则去之。	孟子·告子下 12.52	2
zqz	则去之。	孟子·告子下 12.52	2
qcswxqyyyzzjyylzjzlmszqz	其次，虽未行其言也，迎之致敬以有礼，则就之；礼貌衰，则去之。	孟子·告子下 12.52	1
swxqyyyzzjyylzjzlmszqz	虽未行其言也，迎之致敬以有礼，则就之；礼貌衰，则去之。	孟子·告子下 12.52	2
yzzjyylzjzlmszqz	迎之致敬以有礼，则就之；礼貌衰，则去之。	孟子·告子下 12.52	2
zjzlmszqz	则就之；礼貌衰，则去之。	孟子·告子下 12.52	2
lmszqz	礼貌衰，则去之。	孟子·告子下 12.52	2
qxcbsxbsjebncmh	其下，朝不食，夕不食，饥饿不能出门户。	孟子·告子下 12.52	1
cbsxbsjebncmh	朝不食，夕不食，饥饿不能出门户。	孟子·告子下 12.52	2
xbsjebncmh	夕不食，饥饿不能出门户。	孟子·告子下 12.52	2
jebncmh	饥饿不能出门户。	孟子·告子下 12.52	2
jwzywdzbnxqdybncqyysjeywtdwcz	君闻之曰：‘吾大者不能行其道，又不能从其言也，使饥饿于我土地，吾耻之。’	孟子·告子下 12.52	1
wdzbnxqdybncqyysjeywtdwcz	‘吾大者不能行其道，又不能从其言也，使饥饿于我土地，吾耻之。’	孟子·告子下 12.52	2
ybncqyysjeywtdwcz	又不能从其言也，使饥饿于我土地，吾耻之。	孟子·告子下 12.52	2
sjeywtdwcz	使饥饿于我土地，吾耻之。	孟子·告子下 12.52	2
wcz	吾耻之。	孟子·告子下 12.52	2
zzyksymseyy	周之，亦可受也，免死而已矣。	孟子·告子下 12.52	1
yksymseyy	亦可受也，免死而已矣。	孟子·告子下 12.52	2
mseyy	免死而已矣。	孟子·告子下 12.52	2
mzysfyqmzzfsjybzzxjgjyyyzzgywjysssajyhblxjys	孟子曰：舜发于畎亩之中，傅说举于版筑之闲，胶鬲举于鱼盐之中，管夷吾举于士，孙叔敖举于海，百里奚举于市。	孟子·告子下 12.53	1
sfyqmzzfsjybzzxjgjyyyzzgywjysssajyhblxjys	舜发于畎亩之中，傅说举于版筑之闲，胶鬲举于鱼盐之中，管夷吾举于士，孙叔敖举于海，百里奚举于市。	孟子·告子下 12.53	2
fsjybzzxjgjyyyzzgywjysssajyhblxjys	傅说举于版筑之闲，胶鬲举于鱼盐之中，管夷吾举于士，孙叔敖举于海，百里奚举于市。	孟子·告子下 12.53	2
jgjyyyzzgywjysssajyhblxjys	胶鬲举于鱼盐之中，管夷吾举于士，孙叔敖举于海，百里奚举于市。	孟子·告子下 12.53	2
gywjysssajyhblxjys	管夷吾举于士，孙叔敖举于海，百里奚举于市。	孟子·告子下 12.53	2
ssajyhblxjys	孙叔敖举于海，百里奚举于市。	孟子·告子下 12.53	2
blxjys	百里奚举于市。	孟子·告子下 12.53	2
gtjjdrysrybxkqxzlqjgeqtfkfqsxflqswsydxrxcyqsbn	故天将降大任于是人也，必先苦其心志，劳其筋骨，饿其体肤，空乏其身，行拂乱其所为，所以动心忍性，曾益其所不能。	孟子·告子下 12.53	1
bxkqxzlqjgeqtfkfqsxflqswsydxrxcyqsbn	必先苦其心志，劳其筋骨，饿其体肤，空乏其身，行拂乱其所为，所以动心忍性，曾益其所不能。	孟子·告子下 12.53	2
lqjgeqtfkfqsxflqswsydxrxcyqsbn	劳其筋骨，饿其体肤，空乏其身，行拂乱其所为，所以动心忍性，曾益其所不能。	孟子·告子下 12.53	2
eqtfkfqsxflqswsydxrxcyqsbn	饿其体肤，空乏其身，行拂乱其所为，所以动心忍性，曾益其所不能。	孟子·告子下 12.53	2
kfqsxflqswsydxrxcyqsbn	空乏其身，行拂乱其所为，所以动心忍性，曾益其所不能。	孟子·告子下 12.53	2
xflqswsydxrxcyqsbn	行拂乱其所为，所以动心忍性，曾益其所不能。	孟子·告子下 12.53	2
sydxrxcyqsbn	所以动心忍性，曾益其所不能。	孟子·告子下 12.53	2
cyqsbn	曾益其所不能。	孟子·告子下 12.53	2
rhgrhngkyxhylehzzysfysehy	人恒过，然后能改；困于心，衡于虑，而后作；征于色，发于声，而后喻。	孟子·告子下 12.53	1
rhngkyxhylehzzysfysehy	然后能改；困于心，衡于虑，而后作；征于色，发于声，而后喻。	孟子·告子下 12.53	2
kyxhylehzzysfysehy	困于心，衡于虑，而后作；征于色，发于声，而后喻。	孟子·告子下 12.53	2
hylehzzysfysehy	衡于虑，而后作；征于色，发于声，而后喻。	孟子·告子下 12.53	2
ehzzysfysehy	而后作；征于色，发于声，而后喻。	孟子·告子下 12.53	2
zysfysehy	征于色，发于声，而后喻。	孟子·告子下 12.53	2
fysehy	发于声，而后喻。	孟子·告子下 12.53	2
ehy	而后喻。	孟子·告子下 12.53	2
rzwfjbsczwdgwhzghw	入则无法家拂士，出则无敌国外患者，国恒亡。	孟子·告子下 12.53	1
czwdgwhzghw	出则无敌国外患者，国恒亡。	孟子·告子下 12.53	2
ghw	国恒亡。	孟子·告子下 12.53	2
rhzsyyhesyaly	然后知生于忧患而死于安乐也。	孟子·告子下 12.53	1
mzyjydsyybxzjhyzsyjhzeyy	孟子曰：“教亦多术矣，予不屑之教诲也者，是亦教诲之而已矣。”	孟子·告子下 12.54	1
jydsyybxzjhyzsyjhzeyy	“教亦多术矣，予不屑之教诲也者，是亦教诲之而已矣。”	孟子·告子下 12.54	2
ybxzjhyzsyjhzeyy	予不屑之教诲也者，是亦教诲之而已矣。	孟子·告子下 12.54	2
syjhzeyy	是亦教诲之而已矣。	孟子·告子下 12.54	2
mzyjqxzzqxy	孟子曰：尽其心者，知其性也。	孟子·尽心上 13.1	1
jqxzzqxy	尽其心者，知其性也。	孟子·尽心上 13.1	2
zqxy	知其性也。	孟子·尽心上 13.1	2
zqxzzty	知其性，则知天矣。	孟子·尽心上 13.1	1
zzty	则知天矣。	孟子·尽心上 13.1	2
cqxyqxsysty	存其心，养其性，所以事天也。	孟子·尽心上 13.1	1
yqxsysty	养其性，所以事天也。	孟子·尽心上 13.1	2
systy	所以事天也。	孟子·尽心上 13.1	2
ysbexsyqzsylmy	殀寿不贰，修身以俟之，所以立命也。	孟子·尽心上 13.1	1
xsyqzsylmy	修身以俟之，所以立命也。	孟子·尽心上 13.1	2
sylmy	所以立命也。	孟子·尽心上 13.1	2
mzymfmyssqz	孟子曰：莫非命也，顺受其正。	孟子·尽心上 13.2	1
mfmyssqz	莫非命也，顺受其正。	孟子·尽心上 13.2	2
ssqz	顺受其正。	孟子·尽心上 13.2	2
sgzmzblhyqzx	是故知命者，不立乎岩墙之下。	孟子·尽心上 13.2	1
blhyqzx	不立乎岩墙之下。	孟子·尽心上 13.2	2
jqdeszzmy	尽其道而死者，正命也。	孟子·尽心上 13.2	1
zmy	正命也。	孟子·尽心上 13.2	2
zgszfzmy	桎梏死者，非正命也。	孟子·尽心上 13.2	1
fzmy	非正命也。	孟子·尽心上 13.2	2
mzyqzdzszszsqyyydyqzwzy	孟子曰：求则得之，舍则失之，是求有益于得也，求在我者也。	孟子·尽心上 13.3	1
qzdzszszsqyyydyqzwzy	求则得之，舍则失之，是求有益于得也，求在我者也。	孟子·尽心上 13.3	2
szszsqyyydyqzwzy	舍则失之，是求有益于得也，求在我者也。	孟子·尽心上 13.3	2
sqyyydyqzwzy	是求有益于得也，求在我者也。	孟子·尽心上 13.3	2
qzwzy	求在我者也。	孟子·尽心上 13.3	2
qzyddzymsqwyydyqzwzy	求之有道，得之有命，是求无益于得也，求在外者也。	孟子·尽心上 13.3	1
dzymsqwyydyqzwzy	得之有命，是求无益于得也，求在外者也。	孟子·尽心上 13.3	2
sqwyydyqzwzy	是求无益于得也，求在外者也。	孟子·尽心上 13.3	2
qzwzy	求在外者也。	孟子·尽心上 13.3	2
mzywwjbywy	孟子曰：万物皆备于我矣。	孟子·尽心上 13.4	1
wwjbywy	万物皆备于我矣。	孟子·尽心上 13.4	2
fseclmdy	反身而诚，乐莫大焉。	孟子·尽心上 13.4	1
lmdy	乐莫大焉。	孟子·尽心上 13.4	2
qsexqrmjy	强恕而行，求仁莫近焉。	孟子·尽心上 13.4	1
qrmjy	求仁莫近焉。	孟子·尽心上 13.4	2
mzyxzebzyxyebcyzsyzebzqdzzy	孟子曰：“行之而不著焉，习矣而不察焉，终身由之而不知其道者，众也。”	孟子·尽心上 13.5	1
xzebzyxyebcyzsyzebzqdzzy	“行之而不著焉，习矣而不察焉，终身由之而不知其道者，众也。”	孟子·尽心上 13.5	2
xyebcyzsyzebzqdzzy	习矣而不察焉，终身由之而不知其道者，众也。	孟子·尽心上 13.5	2
zsyzebzqdzzy	终身由之而不知其道者，众也。	孟子·尽心上 13.5	2
zy	众也。	孟子·尽心上 13.5	2
mzyrbkywc	孟子曰：人不可以无耻。	孟子·尽心上 13.6	1
rbkywc	人不可以无耻。	孟子·尽心上 13.6	2
wczcwcy	无耻之耻，无耻矣。	孟子·尽心上 13.6	1
wcy	无耻矣。	孟子·尽心上 13.6	2
mzyczyrdy	孟子曰：耻之于人大矣。	孟子·尽心上 13.7	1
czyrdy	耻之于人大矣。	孟子·尽心上 13.7	2
wjbzqzwsycy	为机变之巧者，无所用耻焉。	孟子·尽心上 13.7	1
wsycy	无所用耻焉。	孟子·尽心上 13.7	2
bcbrrhrry	不耻不若人，何若人有？	孟子·尽心上 13.7	1
hrry	何若人有？	孟子·尽心上 13.7	2
mzygzxwhsewsgzxshdbr	孟子曰：古之贤王好善而忘势，古之贤士何独不然？	孟子·尽心上 13.8	1
gzxwhsewsgzxshdbr	古之贤王好善而忘势，古之贤士何独不然？	孟子·尽心上 13.8	2
gzxshdbr	古之贤士何独不然？	孟子·尽心上 13.8	2
lqdewrzs	乐其道而忘人之势。	孟子·尽心上 13.8	1
gwgbzjjlzbdjjz	故王公不致敬尽礼，则不得亟见之。	孟子·尽心上 13.8	1
zbdjjz	则不得亟见之。	孟子·尽心上 13.8	2
jqybdjekdeczh	见且犹1不得亟，而况得而臣之乎？	孟子·尽心上 13.8	1
ekdeczh	而况得而臣之乎？	孟子·尽心上 13.8	2
yhzy	1. 犹 : 或作“由”。	孟子·尽心上 13.8	1
mzzyzy	《孟子正义》作“由”。	孟子·尽心上 13.8	1
mzwsjjyzhyh	孟子谓宋句践曰：子好游乎？	孟子·尽心上 13.9	1
zhyh	子好游乎？	孟子·尽心上 13.9	2
wyzy	吾语子游。	孟子·尽心上 13.9	1
rzzyxxrbzyxx	人知之，亦嚣嚣；人不知，亦嚣嚣。	孟子·尽心上 13.9	1
yxxrbzyxx	亦嚣嚣；人不知，亦嚣嚣。	孟子·尽心上 13.9	2
rbzyxx	人不知，亦嚣嚣。	孟子·尽心上 13.9	2
yxx	亦嚣嚣。	孟子·尽心上 13.9	2
yhrskyxxy	曰：“何如斯可以嚣嚣矣？”	孟子·尽心上 13.10	1
hrskyxxy	“何如斯可以嚣嚣矣？”	孟子·尽心上 13.10	2
yzdlyzkyxxy	曰：尊德乐义，则可以嚣嚣矣。	孟子·尽心上 13.11	1
zdlyzkyxxy	尊德乐义，则可以嚣嚣矣。	孟子·尽心上 13.11	2
zkyxxy	则可以嚣嚣矣。	孟子·尽心上 13.11	2
gsqbsydbld	故士穷不失义，达不离道。	孟子·尽心上 13.11	1
dbld	达不离道。	孟子·尽心上 13.11	2
qbsygsdjydbldgmbswy	穷不失义，故士得己焉；达不离道，故民不失望焉。	孟子·尽心上 13.11	1
gsdjydbldgmbswy	故士得己焉；达不离道，故民不失望焉。	孟子·尽心上 13.11	2
dbldgmbswy	达不离道，故民不失望焉。	孟子·尽心上 13.11	2
gmbswy	故民不失望焉。	孟子·尽心上 13.11	2
gzrdzzjymbdzxsjys	古之人，得志，泽加于民；不得志，修身见于世。	孟子·尽心上 13.11	1
dzzjymbdzxsjys	得志，泽加于民；不得志，修身见于世。	孟子·尽心上 13.11	2
zjymbdzxsjys	泽加于民；不得志，修身见于世。	孟子·尽心上 13.11	2
bdzxsjys	不得志，修身见于世。	孟子·尽心上 13.11	2
xsjys	修身见于世。	孟子·尽心上 13.11	2
qzdsqsdzjstx	穷则独善其身，达则兼善天下。	孟子·尽心上 13.11	1
dzjstx	达则兼善天下。	孟子·尽心上 13.11	2
mzydwwehxzfmy	孟子曰：待文王而后兴者，凡民也。	孟子·尽心上 13.12	1
dwwehxzfmy	待文王而后兴者，凡民也。	孟子·尽心上 13.12	2
fmy	凡民也。	孟子·尽心上 13.12	2
rfhjzsswwwyx	若夫豪杰之士，虽无文王犹兴。	孟子·尽心上 13.12	1
swwwyx	虽无文王犹兴。	孟子·尽心上 13.12	2
mzyfzyhwzjrqzskrzgryy	孟子曰：“附之以韩魏之家，如其自视欿然，则过人远矣。”	孟子·尽心上 13.13	1
fzyhwzjrqzskrzgryy	“附之以韩魏之家，如其自视欿然，则过人远矣。”	孟子·尽心上 13.13	2
rqzskrzgryy	如其自视欿然，则过人远矣。	孟子·尽心上 13.13	2
zgryy	则过人远矣。	孟子·尽心上 13.13	2
mzyyydsmslbyysdsmssbysz	孟子曰：“以佚道使民，虽劳不怨；以生道杀民，虽死不怨杀者。”	孟子·尽心上 13.14	1
yydsmslbyysdsmssbysz	“以佚道使民，虽劳不怨；以生道杀民，虽死不怨杀者。”	孟子·尽心上 13.14	2
slbyysdsmssbysz	虽劳不怨；以生道杀民，虽死不怨杀者。	孟子·尽心上 13.14	2
ysdsmssbysz	以生道杀民，虽死不怨杀者。	孟子·尽心上 13.14	2
ssbysz	虽死不怨杀者。	孟子·尽心上 13.14	2
mzybzzmhyrywzzmhhry	孟子曰：霸者之民，驩虞如也；王者之民，皞皞如也。	孟子·尽心上 13.15	1
bzzmhyrywzzmhhry	霸者之民，驩虞如也；王者之民，皞皞如也。	孟子·尽心上 13.15	2
hyrywzzmhhry	驩虞如也；王者之民，皞皞如也。	孟子·尽心上 13.15	2
wzzmhhry	王者之民，皞皞如也。	孟子·尽心上 13.15	2
hhry	皞皞如也。	孟子·尽心上 13.15	2
szebylzebymrqsebzwzz	杀之而不怨，利之而不庸，民日迁善而不知为之者。	孟子·尽心上 13.15	1
lzebymrqsebzwzz	利之而不庸，民日迁善而不知为之者。	孟子·尽心上 13.15	2
mrqsebzwzz	民日迁善而不知为之者。	孟子·尽心上 13.15	2
fjzsgzhsczssxytdtlqyxbzz	夫君子所过者化，所存者神，上下与天地同流，岂曰小补之哉？	孟子·尽心上 13.15	1
sczssxytdtlqyxbzz	所存者神，上下与天地同流，岂曰小补之哉？	孟子·尽心上 13.15	2
sxytdtlqyxbzz	上下与天地同流，岂曰小补之哉？	孟子·尽心上 13.15	2
qyxbzz	岂曰小补之哉？	孟子·尽心上 13.15	2
mzyrybrrszrrsy	孟子曰：仁言，不如仁声之入人深也。	孟子·尽心上 13.16	1
rybrrszrrsy	仁言，不如仁声之入人深也。	孟子·尽心上 13.16	2
brrszrrsy	不如仁声之入人深也。	孟子·尽心上 13.16	2
szbrsjzdmy	善政，不如善教之得民也。	孟子·尽心上 13.16	1
brsjzdmy	不如善教之得民也。	孟子·尽心上 13.16	2
szmwzsjmazszdmcsjdmx	善政民畏之，善教民爱之；善政得民财，善教得民心。	孟子·尽心上 13.16	1
sjmazszdmcsjdmx	善教民爱之；善政得民财，善教得民心。	孟子·尽心上 13.16	2
szdmcsjdmx	善政得民财，善教得民心。	孟子·尽心上 13.16	2
sjdmx	善教得民心。	孟子·尽心上 13.16	2
mzyrzsbxenzqlnysblezzqlzy	孟子曰：人之所不学而能者，其良能也；所不虑而知者，其良知也。	孟子·尽心上 13.17	1
rzsbxenzqlnysblezzqlzy	人之所不学而能者，其良能也；所不虑而知者，其良知也。	孟子·尽心上 13.17	2
qlnysblezzqlzy	其良能也；所不虑而知者，其良知也。	孟子·尽心上 13.17	2
sblezzqlzy	所不虑而知者，其良知也。	孟子·尽心上 13.17	2
qlzy	其良知也。	孟子·尽心上 13.17	2
htztwbzaqqzjqzywbzjqxy	孩提之童，无不知爱其亲者；及其长也，无不知敬其兄也。	孟子·尽心上 13.17	1
wbzaqqzjqzywbzjqxy	无不知爱其亲者；及其长也，无不知敬其兄也。	孟子·尽心上 13.17	2
jqzywbzjqxy	及其长也，无不知敬其兄也。	孟子·尽心上 13.17	2
wbzjqxy	无不知敬其兄也。	孟子·尽心上 13.17	2
qqryjzyy	亲亲，仁也；敬长，义也。	孟子·尽心上 13.17	1
ryjzyy	仁也；敬长，义也。	孟子·尽心上 13.17	2
jzyy	敬长，义也。	孟子·尽心上 13.17	2
wtdztxy	无他，达之天下也。	孟子·尽心上 13.17	1
dztxy	达之天下也。	孟子·尽心上 13.17	2
mzyszjsszzymsjylsyqsyyysszyrzjx	孟子曰：舜之居深山之中，与木石居，与鹿豕游，其所以异于深山之野人者几希。	孟子·尽心上 13.18	1
szjsszzymsjylsyqsyyysszyrzjx	舜之居深山之中，与木石居，与鹿豕游，其所以异于深山之野人者几希。	孟子·尽心上 13.18	2
ymsjylsyqsyyysszyrzjx	与木石居，与鹿豕游，其所以异于深山之野人者几希。	孟子·尽心上 13.18	2
ylsyqsyyysszyrzjx	与鹿豕游，其所以异于深山之野人者几希。	孟子·尽心上 13.18	2
qsyyysszyrzjx	其所以异于深山之野人者几希。	孟子·尽心上 13.18	2
jqwysyjysxrjjhprmznyy	及其闻一善言，见一善行，若决江河，沛然莫之能御也。	孟子·尽心上 13.18	1
jysxrjjhprmznyy	见一善行，若决江河，沛然莫之能御也。	孟子·尽心上 13.18	2
rjjhprmznyy	若决江河，沛然莫之能御也。	孟子·尽心上 13.18	2
prmznyy	沛然莫之能御也。	孟子·尽心上 13.18	2
mzywwqsbwwyqsbyrceyy	孟子曰：“无为其所不为，无欲其所不欲，如此而已矣。”	孟子·尽心上 13.19	1
wwqsbwwyqsbyrceyy	“无为其所不为，无欲其所不欲，如此而已矣。”	孟子·尽心上 13.19	2
wyqsbyrceyy	无欲其所不欲，如此而已矣。	孟子·尽心上 13.19	2
rceyy	如此而已矣。	孟子·尽心上 13.19	2
mzyrzydhszzhchcj	孟子曰：人之有德慧术知者，恒存乎疢疾。	孟子·尽心上 13.20	1
rzydhszzhchcj	人之有德慧术知者，恒存乎疢疾。	孟子·尽心上 13.20	2
hchcj	恒存乎疢疾。	孟子·尽心上 13.20	2
dgcnzqcxywqlhysgd	独孤臣孽子，其操心也危，其虑患也深，故达。	孟子·尽心上 13.20	1
qcxywqlhysgd	其操心也危，其虑患也深，故达。	孟子·尽心上 13.20	2
qlhysgd	其虑患也深，故达。	孟子·尽心上 13.20	2
gd	故达。	孟子·尽心上 13.20	2
mzyysjrzssjzwryzy	孟子曰：有事君人者，事是君则为容悦者也。	孟子·尽心上 13.21	1
ysjrzssjzwryzy	有事君人者，事是君则为容悦者也。	孟子·尽心上 13.21	2
ssjzwryzy	事是君则为容悦者也。	孟子·尽心上 13.21	2
yasjczyasjwyzy	有安社稷臣者，以安社稷为悦者也。	孟子·尽心上 13.21	1
yasjwyzy	以安社稷为悦者也。	孟子·尽心上 13.21	2
ytmzdkxytxehxzzy	有天民者，达可行于天下而后行之者也。	孟子·尽心上 13.21	1
dkxytxehxzzy	达可行于天下而后行之者也。	孟子·尽心上 13.21	2
ydrzzjewzzy	有大人者，正己而物正者也。	孟子·尽心上 13.21	1
zjewzzy	正己而物正者也。	孟子·尽心上 13.21	2
mzyjzyslewtxbycy	孟子曰：君子有三乐，而王天下不与存焉。	孟子·尽心上 13.22	1
jzyslewtxbycy	君子有三乐，而王天下不与存焉。	孟子·尽心上 13.22	2
ewtxbycy	而王天下不与存焉。	孟子·尽心上 13.22	2
fmjcxdwgyly	父母俱存，兄弟无故，一乐也。	孟子·尽心上 13.22	1
xdwgyly	兄弟无故，一乐也。	孟子·尽心上 13.22	2
yly	一乐也。	孟子·尽心上 13.22	2
ybkytfbzyrely	仰不愧于天，俯不怍于人，二乐也。	孟子·尽心上 13.22	1
fbzyrely	俯不怍于人，二乐也。	孟子·尽心上 13.22	2
ely	二乐也。	孟子·尽心上 13.22	2
dtxycejyzsly	得天下英才而教育之，三乐也。	孟子·尽心上 13.22	1
sly	三乐也。	孟子·尽心上 13.22	2
mzygtzmjzyzslbcy	孟子曰：广土众民，君子欲之，所乐不存焉。	孟子·尽心上 13.23	1
gtzmjzyzslbcy	广土众民，君子欲之，所乐不存焉。	孟子·尽心上 13.23	2
jzyzslbcy	君子欲之，所乐不存焉。	孟子·尽心上 13.23	2
slbcy	所乐不存焉。	孟子·尽心上 13.23	2
ztxeldshzmjzlzsxbcy	中天下而立，定四海之民，君子乐之，所性不存焉。	孟子·尽心上 13.23	1
dshzmjzlzsxbcy	定四海之民，君子乐之，所性不存焉。	孟子·尽心上 13.23	2
jzlzsxbcy	君子乐之，所性不存焉。	孟子·尽心上 13.23	2
sxbcy	所性不存焉。	孟子·尽心上 13.23	2
jzsxsdxbjysqjbsyfdgy	君子所性，虽大行不加焉，虽穷居不损焉，分定故也。	孟子·尽心上 13.23	1
sdxbjysqjbsyfdgy	虽大行不加焉，虽穷居不损焉，分定故也。	孟子·尽心上 13.23	2
sqjbsyfdgy	虽穷居不损焉，分定故也。	孟子·尽心上 13.23	2
fdgy	分定故也。	孟子·尽心上 13.23	2
jzsxrylzgyx	君子所性，仁义礼智根于心。	孟子·尽心上 13.23	1
rylzgyx	仁义礼智根于心。	孟子·尽心上 13.23	2
qssysrjymaybsyststbyey	其生色也，睟然见于面，盎于背，施于四体，四体不言而喻。	孟子·尽心上 13.23	1
srjymaybsyststbyey	睟然见于面，盎于背，施于四体，四体不言而喻。	孟子·尽心上 13.23	2
aybsyststbyey	盎于背，施于四体，四体不言而喻。	孟子·尽心上 13.23	2
syststbyey	施于四体，四体不言而喻。	孟子·尽心上 13.23	2
stbyey	四体不言而喻。	孟子·尽心上 13.23	2
mzybypzjbhzbwwwzxyhghl	孟子曰：伯夷辟纣，居北海之滨，闻文王作兴，曰：盍归乎来！	孟子·尽心上 13.24	1
bypzjbhzbwwwzxyhghl	伯夷辟纣，居北海之滨，闻文王作兴，曰：盍归乎来！	孟子·尽心上 13.24	2
jbhzbwwwzxyhghl	居北海之滨，闻文王作兴，曰：盍归乎来！	孟子·尽心上 13.24	2
wwwzxyhghl	闻文王作兴，曰：盍归乎来！	孟子·尽心上 13.24	2
yhghl	曰：盍归乎来！	孟子·尽心上 13.24	2
tgpzjdhzbwwwzxyhghl	太公辟纣，居东海之滨，闻文王作兴，曰：盍归乎来！	孟子·尽心上 13.24	1
jdhzbwwwzxyhghl	居东海之滨，闻文王作兴，曰：盍归乎来！	孟子·尽心上 13.24	2
txysylzrrywjgy	天下有善养老，则仁人以为己归矣。	孟子·尽心上 13.24	1
zrrywjgy	则仁人以为己归矣。	孟子·尽心上 13.24	2
wmzzsqxyspfczzlzzyyby	五亩之宅，树墙下以桑，匹妇蚕之，则老者足以衣帛矣。	孟子·尽心上 13.24	1
sqxyspfczzlzzyyby	树墙下以桑，匹妇蚕之，则老者足以衣帛矣。	孟子·尽心上 13.24	2
pfczzlzzyyby	匹妇蚕之，则老者足以衣帛矣。	孟子·尽心上 13.24	2
zlzzyyby	则老者足以衣帛矣。	孟子·尽心上 13.24	2
wmjemzwsqslzzywsry	五母鸡，二母彘，无失其时，老者足以无失肉矣。	孟子·尽心上 13.24	1
emzwsqslzzywsry	二母彘，无失其时，老者足以无失肉矣。	孟子·尽心上 13.24	2
wsqslzzywsry	无失其时，老者足以无失肉矣。	孟子·尽心上 13.24	2
lzzywsry	老者足以无失肉矣。	孟子·尽心上 13.24	2
bmztpfgzbkzjzywjy	百亩之田，匹夫耕之，八口之家足以无饥矣。	孟子·尽心上 13.24	1
pfgzbkzjzywjy	匹夫耕之，八口之家足以无饥矣。	孟子·尽心上 13.24	2
bkzjzywjy	八口之家足以无饥矣。	孟子·尽心上 13.24	2
swxbsylzzqtljzscdqqzsyql	所谓西伯善养老者，制其田里，教之树畜，导其妻子，使养其老。	孟子·尽心上 13.24	1
zqtljzscdqqzsyql	制其田里，教之树畜，导其妻子，使养其老。	孟子·尽心上 13.24	2
jzscdqqzsyql	教之树畜，导其妻子，使养其老。	孟子·尽心上 13.24	2
dqqzsyql	导其妻子，使养其老。	孟子·尽心上 13.24	2
syql	使养其老。	孟子·尽心上 13.24	2
wsfbbnqsfrbb	五十非帛不煖，七十非肉不饱。	孟子·尽心上 13.24	1
qsfrbb	七十非肉不饱。	孟子·尽心上 13.24	2
bnbbwzdn	不煖不饱，谓之冻馁。	孟子·尽心上 13.24	1
wzdn	谓之冻馁。	孟子·尽心上 13.24	2
wwzmwdnzlzczwy	文王之民，无冻馁之老者，此之谓也。	孟子·尽心上 13.24	1
wdnzlzczwy	无冻馁之老者，此之谓也。	孟子·尽心上 13.24	2
mzyyqtcbqslmksfy	孟子曰：易其田畴，薄其税敛，民可使富也。	孟子·尽心上 13.25	1
yqtcbqslmksfy	易其田畴，薄其税敛，民可使富也。	孟子·尽心上 13.25	2
bqslmksfy	薄其税敛，民可使富也。	孟子·尽心上 13.25	2
mksfy	民可使富也。	孟子·尽心上 13.25	2
szysyzylcbksyy	食之以时，用之以礼，财不可胜用也。	孟子·尽心上 13.25	1
yzylcbksyy	用之以礼，财不可胜用也。	孟子·尽心上 13.25	2
cbksyy	财不可胜用也。	孟子·尽心上 13.25	2
mfshbshhmkrzmhqshwfyzzzy	民非水火不生活，昏暮叩人之门户，求水火，无弗与者，至足矣。	孟子·尽心上 13.25	1
hmkrzmhqshwfyzzzy	昏暮叩人之门户，求水火，无弗与者，至足矣。	孟子·尽心上 13.25	2
qshwfyzzzy	求水火，无弗与者，至足矣。	孟子·尽心上 13.25	2
wfyzzzy	无弗与者，至足矣。	孟子·尽心上 13.25	2
zzy	至足矣。	孟子·尽心上 13.25	2
srztxsyssrsh	圣人治天下，使有菽粟如水火。	孟子·尽心上 13.25	1
syssrsh	使有菽粟如水火。	孟子·尽心上 13.25	2
ssrshemyybrzh	菽粟如水火，而民焉有不仁者乎？	孟子·尽心上 13.25	1
emyybrzh	而民焉有不仁者乎？	孟子·尽心上 13.25	2
mzykzddsexldtsextx	孟子曰：孔子登东山而小鲁，登太山而小天下。	孟子·尽心上 13.26	1
kzddsexldtsextx	孔子登东山而小鲁，登太山而小天下。	孟子·尽心上 13.26	2
dtsextx	登太山而小天下。	孟子·尽心上 13.26	2
ggyhznwsyysrzmznwy	故观于海者难为水，游于圣人之门者难为言。	孟子·尽心上 13.26	1
yysrzmznwy	游于圣人之门者难为言。	孟子·尽心上 13.26	2
gsysbgql	观水有术，必观其澜。	孟子·尽心上 13.26	1
bgql	必观其澜。	孟子·尽心上 13.26	2
ryymrgbzy	日月有明，容光必照焉。	孟子·尽心上 13.26	1
rgbzy	容光必照焉。	孟子·尽心上 13.26	2
lszwwybykbxjzzzydybczbd	流水之为物也，不盈科不行；君子之志于道也，不成章不达。	孟子·尽心上 13.26	1
bykbxjzzzydybczbd	不盈科不行；君子之志于道也，不成章不达。	孟子·尽心上 13.26	2
jzzzydybczbd	君子之志于道也，不成章不达。	孟子·尽心上 13.26	2
bczbd	不成章不达。	孟子·尽心上 13.26	2
mzyjmeqzzwszszty	孟子曰：鸡鸣而起，孳孳为善者，舜之徒也。	孟子·尽心上 13.27	1
jmeqzzwszszty	鸡鸣而起，孳孳为善者，舜之徒也。	孟子·尽心上 13.27	2
zzwszszty	孳孳为善者，舜之徒也。	孟子·尽心上 13.27	2
szty	舜之徒也。	孟子·尽心上 13.27	2
jmeqzzwlzzzty	鸡鸣而起，孳孳为利者，跖之徒也。	孟子·尽心上 13.27	1
zzwlzzzty	孳孳为利者，跖之徒也。	孟子·尽心上 13.27	2
zzty	跖之徒也。	孟子·尽心上 13.27	2
yzsyzzfwtlyszxy	欲知舜与跖之分，无他，利与善之闲也。	孟子·尽心上 13.27	1
wtlyszxy	无他，利与善之闲也。	孟子·尽心上 13.27	2
lyszxy	利与善之闲也。	孟子·尽心上 13.27	2
mzyyzqwwbymeltxbwy	孟子曰：杨子取为我，拔一毛而利天下，不为也。	孟子·尽心上 13.28	1
yzqwwbymeltxbwy	杨子取为我，拔一毛而利天下，不为也。	孟子·尽心上 13.28	2
bymeltxbwy	拔一毛而利天下，不为也。	孟子·尽心上 13.28	2
bwy	不为也。	孟子·尽心上 13.28	2
mzjamdfzltxwz	墨子兼爱，摩顶放踵利天下，为之。	孟子·尽心上 13.28	1
mdfzltxwz	摩顶放踵利天下，为之。	孟子·尽心上 13.28	2
wz	为之。	孟子·尽心上 13.28	2
zmzzzzwjzzzwqyzyy	子莫执中，执中为近之，执中无权，犹执一也。	孟子·尽心上 13.28	1
zzwjzzzwqyzyy	执中为近之，执中无权，犹执一也。	孟子·尽心上 13.28	2
zzwqyzyy	执中无权，犹执一也。	孟子·尽心上 13.28	2
yzyy	犹执一也。	孟子·尽心上 13.28	2
sezyzwqzdyjyefby	所恶执一者，为其贼道也，举一而废百也。	孟子·尽心上 13.28	1
wqzdyjyefby	为其贼道也，举一而废百也。	孟子·尽心上 13.28	2
jyefby	举一而废百也。	孟子·尽心上 13.28	2
mzyjzgskzgyswdyszzyjkhzy	孟子曰：饥者甘食，渴者甘饮，是未得饮食之正也，饥渴害之也。	孟子·尽心上 13.29	1
jzgskzgyswdyszzyjkhzy	饥者甘食，渴者甘饮，是未得饮食之正也，饥渴害之也。	孟子·尽心上 13.29	2
kzgyswdyszzyjkhzy	渴者甘饮，是未得饮食之正也，饥渴害之也。	孟子·尽心上 13.29	2
swdyszzyjkhzy	是未得饮食之正也，饥渴害之也。	孟子·尽心上 13.29	2
jkhzy	饥渴害之也。	孟子·尽心上 13.29	2
qwkfyjkzh	岂惟口腹有饥渴之害？	孟子·尽心上 13.29	1
rxyjyh	人心亦皆有害。	孟子·尽心上 13.29	1
rnwyjkzhwxhzbjrbwyy	人能无以饥渴之害为心害，则不及人不为忧矣。	孟子·尽心上 13.29	1
zbjrbwyy	则不及人不为忧矣。	孟子·尽心上 13.29	2
mzylxhbysgyqj	孟子曰：“柳下惠不以三公易其介。”	孟子·尽心上 13.30	1
lxhbysgyqj	“柳下惠不以三公易其介。”	孟子·尽心上 13.30	2
mzyywzprjjjjjrebjqywqjy	孟子曰：“有为者辟若掘井，掘井九轫而不及泉，犹为弃井也。”	孟子·尽心上 13.31	1
ywzprjjjjjrebjqywqjy	“有为者辟若掘井，掘井九轫而不及泉，犹为弃井也。”	孟子·尽心上 13.31	2
jjjrebjqywqjy	掘井九轫而不及泉，犹为弃井也。	孟子·尽心上 13.31	2
ywqjy	犹为弃井也。	孟子·尽心上 13.31	2
mzyysxzytwszywbjzy	孟子曰：尧舜，性之也；汤武，身之也；五霸，假之也。	孟子·尽心上 13.32	1
ysxzytwszywbjzy	尧舜，性之也；汤武，身之也；五霸，假之也。	孟子·尽心上 13.32	2
xzytwszywbjzy	性之也；汤武，身之也；五霸，假之也。	孟子·尽心上 13.32	2
twszywbjzy	汤武，身之也；五霸，假之也。	孟子·尽心上 13.32	2
szywbjzy	身之也；五霸，假之也。	孟子·尽心上 13.32	2
wbjzy	五霸，假之也。	孟子·尽心上 13.32	2
jzy	假之也。	孟子·尽心上 13.32	2
jjebgezqfyy	久假而不归，恶知其非有也。	孟子·尽心上 13.32	1
ezqfyy	恶知其非有也。	孟子·尽心上 13.32	2
gscyyyyybxybs	公孙丑曰：伊尹曰：‘予不狎于不顺。’	孟子·尽心上 13.33	1
yyyybxybs	伊尹曰：‘予不狎于不顺。’	孟子·尽心上 13.33	2
ybxybs	‘予不狎于不顺。’	孟子·尽心上 13.33	2
ftjytmdy	放太甲于桐，民大悦。	孟子·尽心上 13.33	1
tjx	太甲贤。	孟子·尽心上 13.33	1
yfzmdy	又反之，民大悦。	孟子·尽心上 13.33	1
xzzwrcyqjbxzgkfy	贤者之为人臣也，其君不贤，则固可放与？	孟子·尽心上 13.33	1
qjbxzgkfy	其君不贤，则固可放与？	孟子·尽心上 13.33	2
zgkfy	则固可放与？	孟子·尽心上 13.33	2
mzyyyyzzzkwyyzzzcy	孟子曰：“有伊尹之志，则可；无伊尹之志，则篡也。”	孟子·尽心上 13.34	1
yyyzzzkwyyzzzcy	“有伊尹之志，则可；无伊尹之志，则篡也。”	孟子·尽心上 13.34	2
zkwyyzzzcy	则可；无伊尹之志，则篡也。	孟子·尽心上 13.34	2
wyyzzzcy	无伊尹之志，则篡也。	孟子·尽心上 13.34	2
zcy	则篡也。	孟子·尽心上 13.34	2
gscysybscxjzzbgeshy	公孙丑曰：“《诗》曰：‘不素餐兮’，君子之不耕而食，何也？”	孟子·尽心上 13.35	1
sybscxjzzbgeshy	“《诗》曰：‘不素餐兮’，君子之不耕而食，何也？”	孟子·尽心上 13.35	2
bscxjzzbgeshy	‘不素餐兮’，君子之不耕而食，何也？	孟子·尽心上 13.35	2
jzzbgeshy	君子之不耕而食，何也？	孟子·尽心上 13.35	2
mzyjzjsgyqjyzzafzrqzdczzxdzx	孟子曰：君子居是国也，其君用之，则安富尊荣；其子弟从之，则孝弟忠信。	孟子·尽心上 13.36	1
jzjsgyqjyzzafzrqzdczzxdzx	君子居是国也，其君用之，则安富尊荣；其子弟从之，则孝弟忠信。	孟子·尽心上 13.36	2
qjyzzafzrqzdczzxdzx	其君用之，则安富尊荣；其子弟从之，则孝弟忠信。	孟子·尽心上 13.36	2
zafzrqzdczzxdzx	则安富尊荣；其子弟从之，则孝弟忠信。	孟子·尽心上 13.36	2
qzdczzxdzx	其子弟从之，则孝弟忠信。	孟子·尽心上 13.36	2
zxdzx	则孝弟忠信。	孟子·尽心上 13.36	2
bscxsdys	‘不素餐兮’，孰大于是？	孟子·尽心上 13.36	1
sdys	孰大于是？	孟子·尽心上 13.36	2
wzdwyshs	王子垫问曰：“士何事？”	孟子·尽心上 13.37	1
shs	“士何事？”	孟子·尽心上 13.37	2
mzysz	孟子曰：“尚志。”	孟子·尽心上 13.38	1
sz	“尚志。”	孟子·尽心上 13.38	2
yhwsz	曰：“何谓尚志？”	孟子·尽心上 13.39	1
hwsz	“何谓尚志？”	孟子·尽心上 13.39	2
yryeyy	曰：仁义而已矣。	孟子·尽心上 13.40	1
ryeyy	仁义而已矣。	孟子·尽心上 13.40	2
sywzfryfqyeqzfyy	杀一无罪，非仁也；非其有而取之，非义也。	孟子·尽心上 13.40	1
fryfqyeqzfyy	非仁也；非其有而取之，非义也。	孟子·尽心上 13.40	2
fqyeqzfyy	非其有而取之，非义也。	孟子·尽心上 13.40	2
fyy	非义也。	孟子·尽心上 13.40	2
jez	居恶在？	孟子·尽心上 13.40	1
rsylez	仁是也；路恶在？	孟子·尽心上 13.40	1
lez	路恶在？	孟子·尽心上 13.40	2
ysy	义是也。	孟子·尽心上 13.40	1
jryydrzsby	居仁由义，大人之事备矣。	孟子·尽心上 13.40	1
drzsby	大人之事备矣。	孟子·尽心上 13.40	2
mzyzzbyyzqgefsrjxzssdsdgzyy	孟子曰：仲子，不义与之齐国而弗受，人皆信之，是舍箪食豆羹之义也。	孟子·尽心上 13.41	1
zzbyyzqgefsrjxzssdsdgzyy	仲子，不义与之齐国而弗受，人皆信之，是舍箪食豆羹之义也。	孟子·尽心上 13.41	2
byyzqgefsrjxzssdsdgzyy	不义与之齐国而弗受，人皆信之，是舍箪食豆羹之义也。	孟子·尽心上 13.41	2
rjxzssdsdgzyy	人皆信之，是舍箪食豆羹之义也。	孟子·尽心上 13.41	2
ssdsdgzyy	是舍箪食豆羹之义也。	孟子·尽心上 13.41	2
rmdywqqjcsx	人莫大焉亡亲戚、君臣、上下。	孟子·尽心上 13.41	1
jcsx	君臣、上下。	孟子·尽心上 13.41	2
sx	上下。	孟子·尽心上 13.41	2
yqxzxqdzxkz	以其小者信其大者，奚可哉？	孟子·尽心上 13.41	1
xkz	奚可哉？	孟子·尽心上 13.41	2
tywyswtzgtwsgssrzrzh	桃应问曰：“舜为天子，皋陶为士，瞽瞍杀人，则如之何？”	孟子·尽心上 13.42	1
swtzgtwsgssrzrzh	“舜为天子，皋陶为士，瞽瞍杀人，则如之何？”	孟子·尽心上 13.42	2
gtwsgssrzrzh	皋陶为士，瞽瞍杀人，则如之何？	孟子·尽心上 13.42	2
gssrzrzh	瞽瞍杀人，则如之何？	孟子·尽心上 13.42	2
mzyzzeyy	孟子曰：“执之而已矣。”	孟子·尽心上 13.43	1
zzeyy	“执之而已矣。”	孟子·尽心上 13.43	2
rzsbjy	“然则舜不禁与？”	孟子·尽心上 13.44	1
yfsedejz	曰：夫舜恶得而禁之？	孟子·尽心上 13.45	1
fsedejz	夫舜恶得而禁之？	孟子·尽心上 13.45	2
fysszy	夫有所受之也。	孟子·尽心上 13.45	1
rzsrzh	“然则舜如之何？”	孟子·尽心上 13.46	1
yssqtxyqbxy	曰：舜视弃天下，犹弃敝蹝也。	孟子·尽心上 13.47	1
ssqtxyqbxy	舜视弃天下，犹弃敝蹝也。	孟子·尽心上 13.47	2
yqbxy	犹弃敝蹝也。	孟子·尽心上 13.47	2
qfetzhbeczsxrlewtx	窃负而逃，遵海滨而处，终身䜣然，乐而忘天下。	孟子·尽心上 13.47	1
zhbeczsxrlewtx	遵海滨而处，终身䜣然，乐而忘天下。	孟子·尽心上 13.47	2
zsxrlewtx	终身䜣然，乐而忘天下。	孟子·尽心上 13.47	2
lewtx	乐而忘天下。	孟子·尽心上 13.47	2
mzzfzqwjqwzz	孟子自范之齐，望见齐王之子。	孟子·尽心上 13.48	1
wjqwzz	望见齐王之子。	孟子·尽心上 13.48	2
krtyjyqyytdzjh	喟然叹曰：居移气，养移体，大哉居乎！	孟子·尽心上 13.48	1
jyqyytdzjh	居移气，养移体，大哉居乎！	孟子·尽心上 13.48	2
yytdzjh	养移体，大哉居乎！	孟子·尽心上 13.48	2
dzjh	大哉居乎！	孟子·尽心上 13.48	2
ffjrzzy	夫非尽人之子与？	孟子·尽心上 13.48	1
mzywzgscmyfdyrtewzrbzqjszrykjtxzgjzh	孟子曰：王子宫室、车马、衣服多与人同，而王子若彼者，其居使之然也；况居天下之广居者乎？	孟子·尽心上 13.49	1
wzgscmyfdyrtewzrbzqjszrykjtxzgjzh	王子宫室、车马、衣服多与人同，而王子若彼者，其居使之然也；况居天下之广居者乎？	孟子·尽心上 13.49	2
cmyfdyrtewzrbzqjszrykjtxzgjzh	车马、衣服多与人同，而王子若彼者，其居使之然也；况居天下之广居者乎？	孟子·尽心上 13.49	2
yfdyrtewzrbzqjszrykjtxzgjzh	衣服多与人同，而王子若彼者，其居使之然也；况居天下之广居者乎？	孟子·尽心上 13.49	2
ewzrbzqjszrykjtxzgjzh	而王子若彼者，其居使之然也；况居天下之广居者乎？	孟子·尽心上 13.49	2
qjszrykjtxzgjzh	其居使之然也；况居天下之广居者乎？	孟子·尽心上 13.49	2
kjtxzgjzh	况居天下之广居者乎？	孟子·尽心上 13.49	2
ljzshydzzm	鲁君之宋，呼于垤泽之门。	孟子·尽心上 13.49	1
hydzzm	呼于垤泽之门。	孟子·尽心上 13.49	2
szycfwjyhqszswjy	守者曰：‘此非吾君也，何其声之似我君也？’	孟子·尽心上 13.49	1
cfwjyhqszswjy	‘此非吾君也，何其声之似我君也？’	孟子·尽心上 13.49	2
hqszswjy	何其声之似我君也？	孟子·尽心上 13.49	2
cwtjxsy	此无他，居相似也。	孟子·尽心上 13.49	1
jxsy	居相似也。	孟子·尽心上 13.49	2
mzysefasjzyaebjsczy	孟子曰：食而弗爱，豕交之也；爱而不敬，兽畜之也。	孟子·尽心上 13.50	1
sefasjzyaebjsczy	食而弗爱，豕交之也；爱而不敬，兽畜之也。	孟子·尽心上 13.50	2
sjzyaebjsczy	豕交之也；爱而不敬，兽畜之也。	孟子·尽心上 13.50	2
aebjsczy	爱而不敬，兽畜之也。	孟子·尽心上 13.50	2
sczy	兽畜之也。	孟子·尽心上 13.50	2
gjzbzwjzy	恭敬者，币之未将者也。	孟子·尽心上 13.50	1
bzwjzy	币之未将者也。	孟子·尽心上 13.50	2
gjewsjzbkxj	恭敬而无实，君子不可虚拘。	孟子·尽心上 13.50	1
jzbkxj	君子不可虚拘。	孟子·尽心上 13.50	2
mzyxstxywsrrhkyjx	孟子曰：“形色，天性也；惟圣人，然后可以践形。”	孟子·尽心上 13.51	1
xstxywsrrhkyjx	“形色，天性也；惟圣人，然后可以践形。”	孟子·尽心上 13.51	2
txywsrrhkyjx	天性也；惟圣人，然后可以践形。	孟子·尽心上 13.51	2
wsrrhkyjx	惟圣人，然后可以践形。	孟子·尽心上 13.51	2
rhkyjx	然后可以践形。	孟子·尽心上 13.51	2
qxwyds	齐宣王欲短丧。	孟子·尽心上 13.52	1
gscywjzsyyyyh	公孙丑曰：“为朞之丧，犹愈于已乎？”	孟子·尽心上 13.52	1
wjzsyyyyh	“为朞之丧，犹愈于已乎？”	孟子·尽心上 13.52	2
yyyyh	犹愈于已乎？	孟子·尽心上 13.52	2
mzysyhzqxzbzwzgxxyeyjzxdeyy	孟子曰：“是犹或紾其兄之臂，子谓之姑徐徐云尔，亦教之孝弟而已矣。”	孟子·尽心上 13.53	1
syhzqxzbzwzgxxyeyjzxdeyy	“是犹或紾其兄之臂，子谓之姑徐徐云尔，亦教之孝弟而已矣。”	孟子·尽心上 13.53	2
zwzgxxyeyjzxdeyy	子谓之姑徐徐云尔，亦教之孝弟而已矣。	孟子·尽心上 13.53	2
yjzxdeyy	亦教之孝弟而已矣。	孟子·尽心上 13.53	2
wzyqmszqfwzqsyzs	王子有其母死者，其傅为之请数月之丧。	孟子·尽心上 13.54	1
qfwzqsyzs	其傅为之请数月之丧。	孟子·尽心上 13.54	2
gscyrczhry	公孙丑曰：“若此者，何如也？”	孟子·尽心上 13.54	1
rczhry	“若此者，何如也？”	孟子·尽心上 13.54	2
hry	何如也？	孟子·尽心上 13.54	2
ysyzzebkdy	曰：是欲终之而不可得也。	孟子·尽心上 13.55	1
syzzebkdy	是欲终之而不可得也。	孟子·尽心上 13.55	2
sjyryyywfmzjefwzy	虽加一日愈于已，谓夫莫之禁而弗为者也。	孟子·尽心上 13.55	1
wfmzjefwzy	谓夫莫之禁而弗为者也。	孟子·尽心上 13.55	2
mzyjzzsyjzwyrsyhzzycdzydczydwzyssaz	孟子曰：君子之所以教者五：有如时雨化之者，有成德者，有达财者，有答问者，有私淑艾者。	孟子·尽心上 13.56	1
jzzsyjzwyrsyhzzycdzydczydwzyssaz	君子之所以教者五：有如时雨化之者，有成德者，有达财者，有答问者，有私淑艾者。	孟子·尽心上 13.56	2
yrsyhzzycdzydczydwzyssaz	有如时雨化之者，有成德者，有达财者，有答问者，有私淑艾者。	孟子·尽心上 13.56	2
ycdzydczydwzyssaz	有成德者，有达财者，有答问者，有私淑艾者。	孟子·尽心上 13.56	2
ydczydwzyssaz	有达财者，有答问者，有私淑艾者。	孟子·尽心上 13.56	2
ydwzyssaz	有答问者，有私淑艾者。	孟子·尽心上 13.56	2
yssaz	有私淑艾者。	孟子·尽心上 13.56	2
cwzjzzsyjy	此五者，君子之所以教也。	孟子·尽心上 13.56	1
jzzsyjy	君子之所以教也。	孟子·尽心上 13.56	2
gscydzgymyyrdtrsbkjy	公孙丑曰：道则高矣，美矣，宜若登天然，似不可及也。	孟子·尽心上 13.57	1
dzgymyyrdtrsbkjy	道则高矣，美矣，宜若登天然，似不可及也。	孟子·尽心上 13.57	2
myyrdtrsbkjy	美矣，宜若登天然，似不可及也。	孟子·尽心上 13.57	2
yrdtrsbkjy	宜若登天然，似不可及也。	孟子·尽心上 13.57	2
sbkjy	似不可及也。	孟子·尽心上 13.57	2
hbsbwkjjerzzy	何不使彼为可几及而日孳孳也？	孟子·尽心上 13.57	1
mzydjbwzggfsmybwzsbqgl	孟子曰：大匠不为拙工改废绳墨，羿不为拙射变其彀率。	孟子·尽心上 13.58	1
djbwzggfsmybwzsbqgl	大匠不为拙工改废绳墨，羿不为拙射变其彀率。	孟子·尽心上 13.58	2
ybwzsbqgl	羿不为拙射变其彀率。	孟子·尽心上 13.58	2
jzyebfyry	君子引而不发，跃如也。	孟子·尽心上 13.58	1
yry	跃如也。	孟子·尽心上 13.58	2
zdelnzcz	中道而立，能者从之。	孟子·尽心上 13.58	1
nzcz	能者从之。	孟子·尽心上 13.58	2
mzytxydydxstxwdysxd	孟子曰：天下有道，以道殉身；天下无道，以身殉道。	孟子·尽心上 13.59	1
txydydxstxwdysxd	天下有道，以道殉身；天下无道，以身殉道。	孟子·尽心上 13.59	2
ydxstxwdysxd	以道殉身；天下无道，以身殉道。	孟子·尽心上 13.59	2
txwdysxd	天下无道，以身殉道。	孟子·尽心上 13.59	2
ysxd	以身殉道。	孟子·尽心上 13.59	2
wwydxhrzy	未闻以道殉乎人者也。	孟子·尽心上 13.59	1
gdzytgzzmyrzsl	公都子曰：滕更之在门也，若在所礼。	孟子·尽心上 13.60	1
tgzzmyrzsl	滕更之在门也，若在所礼。	孟子·尽心上 13.60	2
rzsl	若在所礼。	孟子·尽心上 13.60	2
ebdhy	而不答，何也？	孟子·尽心上 13.60	1
mzyxgewxxewxzewxyxlewxgewjsbdy	孟子曰：挟贵而问，挟贤而问，挟长而问，挟有勋劳而问，挟故而问，皆所不答也。	孟子·尽心上 13.61	1
xgewxxewxzewxyxlewxgewjsbdy	挟贵而问，挟贤而问，挟长而问，挟有勋劳而问，挟故而问，皆所不答也。	孟子·尽心上 13.61	2
xxewxzewxyxlewxgewjsbdy	挟贤而问，挟长而问，挟有勋劳而问，挟故而问，皆所不答也。	孟子·尽心上 13.61	2
xzewxyxlewxgewjsbdy	挟长而问，挟有勋劳而问，挟故而问，皆所不答也。	孟子·尽心上 13.61	2
xyxlewxgewjsbdy	挟有勋劳而问，挟故而问，皆所不答也。	孟子·尽心上 13.61	2
xgewjsbdy	挟故而问，皆所不答也。	孟子·尽心上 13.61	2
jsbdy	皆所不答也。	孟子·尽心上 13.61	2
tgyey	滕更有二焉。	孟子·尽心上 13.61	1
mzyybkyeyzwsbyyshzbwsbby	孟子曰：于不可已而已者，无所不已；于所厚者薄，无所不薄也。	孟子·尽心上 13.62	1
ybkyeyzwsbyyshzbwsbby	于不可已而已者，无所不已；于所厚者薄，无所不薄也。	孟子·尽心上 13.62	2
wsbyyshzbwsbby	无所不已；于所厚者薄，无所不薄也。	孟子·尽心上 13.62	2
yshzbwsbby	于所厚者薄，无所不薄也。	孟子·尽心上 13.62	2
wsbby	无所不薄也。	孟子·尽心上 13.62	2
qjrzqts	其进锐者，其退速。	孟子·尽心上 13.62	1
qts	其退速。	孟子·尽心上 13.62	2
mzyjzzywyazefrymyrzefq	孟子曰：君子之于物也，爱之而弗仁；于民也，仁之而弗亲。	孟子·尽心上 13.63	1
jzzywyazefrymyrzefq	君子之于物也，爱之而弗仁；于民也，仁之而弗亲。	孟子·尽心上 13.63	2
azefrymyrzefq	爱之而弗仁；于民也，仁之而弗亲。	孟子·尽心上 13.63	2
ymyrzefq	于民也，仁之而弗亲。	孟子·尽心上 13.63	2
rzefq	仁之而弗亲。	孟子·尽心上 13.63	2
qqermrmeaw	亲亲而仁民，仁民而爱物。	孟子·尽心上 13.63	1
rmeaw	仁民而爱物。	孟子·尽心上 13.63	2
mzyzzwbzydwzwjrzwbayjqxzww	孟子曰：知者无不知也，当务之为急；仁者无不爱也，急亲贤之为务。	孟子·尽心上 13.64	1
zzwbzydwzwjrzwbayjqxzww	知者无不知也，当务之为急；仁者无不爱也，急亲贤之为务。	孟子·尽心上 13.64	2
dwzwjrzwbayjqxzww	当务之为急；仁者无不爱也，急亲贤之为务。	孟子·尽心上 13.64	2
rzwbayjqxzww	仁者无不爱也，急亲贤之为务。	孟子·尽心上 13.64	2
jqxzww	急亲贤之为务。	孟子·尽心上 13.64	2
yszzebbwjxwyyszrbbarjqxy	尧舜之知而不遍物，急先务也；尧舜之仁不遍爱人，急亲贤也。	孟子·尽心上 13.64	1
jxwyyszrbbarjqxy	急先务也；尧舜之仁不遍爱人，急亲贤也。	孟子·尽心上 13.64	2
yszrbbarjqxy	尧舜之仁不遍爱人，急亲贤也。	孟子·尽心上 13.64	2
jqxy	急亲贤也。	孟子·尽心上 13.64	2
bnsnzsesxgzcfflcewwcjszwbzw	不能三年之丧，而缌小功之察；放饭流歠，而问无齿决，是之谓不知务。	孟子·尽心上 13.64	1
esxgzcfflcewwcjszwbzw	而缌小功之察；放饭流歠，而问无齿决，是之谓不知务。	孟子·尽心上 13.64	2
fflcewwcjszwbzw	放饭流歠，而问无齿决，是之谓不知务。	孟子·尽心上 13.64	2
ewwcjszwbzw	而问无齿决，是之谓不知务。	孟子·尽心上 13.64	2
szwbzw	是之谓不知务。	孟子·尽心上 13.64	2
mzybrzlhwy	孟子曰：不仁哉，梁惠王也！	孟子·尽心下 14.1	1
brzlhwy	不仁哉，梁惠王也！	孟子·尽心下 14.1	2
lhwy	梁惠王也！	孟子·尽心下 14.1	2
rzyqsajqsbabrzyqsbajqsa	仁者以其所爱及其所不爱，不仁者以其所不爱及其所爱。	孟子·尽心下 14.1	1
brzyqsbajqsa	不仁者以其所不爱及其所爱。	孟子·尽心下 14.1	2
gscwyhwy	公孙丑问曰：“何谓也？”	孟子·尽心下 14.2	1
lhwytdzgmlqmezzdbjfzkbnsgqqsazdyxzszwyqsbajqsay	“梁惠王以土地之故，糜烂其民而战之，大败，将复之，恐不能胜，故驱其所爱子弟以殉之，是之谓以其所不爱及其所爱也。”	孟子·尽心下 14.3	1
mlqmezzdbjfzkbnsgqqsazdyxzszwyqsbajqsay	糜烂其民而战之，大败，将复之，恐不能胜，故驱其所爱子弟以殉之，是之谓以其所不爱及其所爱也。	孟子·尽心下 14.3	2
dbjfzkbnsgqqsazdyxzszwyqsbajqsay	大败，将复之，恐不能胜，故驱其所爱子弟以殉之，是之谓以其所不爱及其所爱也。	孟子·尽心下 14.3	2
jfzkbnsgqqsazdyxzszwyqsbajqsay	将复之，恐不能胜，故驱其所爱子弟以殉之，是之谓以其所不爱及其所爱也。	孟子·尽心下 14.3	2
kbnsgqqsazdyxzszwyqsbajqsay	恐不能胜，故驱其所爱子弟以殉之，是之谓以其所不爱及其所爱也。	孟子·尽心下 14.3	2
gqqsazdyxzszwyqsbajqsay	故驱其所爱子弟以殉之，是之谓以其所不爱及其所爱也。	孟子·尽心下 14.3	2
szwyqsbajqsay	是之谓以其所不爱及其所爱也。	孟子·尽心下 14.3	2
mzycqwyz	孟子曰：《春秋》无义战。	孟子·尽心下 14.4	1
cqwyz	《春秋》无义战。	孟子·尽心下 14.4	2
bsyczyzy	彼善于此，则有之矣。	孟子·尽心下 14.4	1
zyzy	则有之矣。	孟子·尽心下 14.4	2
zzsfxydgbxzy	征者上伐下也，敌国不相征也。	孟子·尽心下 14.4	1
dgbxzy	敌国不相征也。	孟子·尽心下 14.4	2
mzyjxszbrws	孟子曰：尽信《书》，则不如无《书》。	孟子·尽心下 14.5	1
jxszbrws	尽信《书》，则不如无《书》。	孟子·尽心下 14.5	2
zbrws	则不如无《书》。	孟子·尽心下 14.5	2
wywcqesceyy	吾于《武成》，取二三策而已矣。	孟子·尽心下 14.5	1
qesceyy	取二三策而已矣。	孟子·尽心下 14.5	2
rrwdytx	仁人无敌于天下。	孟子·尽心下 14.5	1
yzrfzbrehqxzlcy	以至仁伐至不仁，而何其血之流杵也？	孟子·尽心下 14.5	1
ehqxzlcy	而何其血之流杵也？	孟子·尽心下 14.5	2
mzyyrywswcwswz	孟子曰：有人曰：‘我善为陈，我善为战。’	孟子·尽心下 14.6	1
yrywswcwswz	有人曰：‘我善为陈，我善为战。’	孟子·尽心下 14.6	2
wswcwswz	‘我善为陈，我善为战。’	孟子·尽心下 14.6	2
wswz	我善为战。	孟子·尽心下 14.6	2
dzy	大罪也。	孟子·尽心下 14.6	1
gjhrtxwdy	国君好仁，天下无敌焉。	孟子·尽心下 14.6	1
txwdy	天下无敌焉。	孟子·尽心下 14.6	2
nmezbdydmezxyy	南面而征北狄怨，东面而征西夷怨。	孟子·尽心下 14.6	1
dmezxyy	东面而征西夷怨。	孟子·尽心下 14.6	2
wwzfyygcsblhbsqr	武王之伐殷也，革车三百两，虎贲三千人。	孟子·尽心下 14.6	1
gcsblhbsqr	革车三百两，虎贲三千人。	孟子·尽心下 14.6	2
hbsqr	虎贲三千人。	孟子·尽心下 14.6	2
wyww	王曰：无畏！	孟子·尽心下 14.6	1
ww	无畏！	孟子·尽心下 14.6	2
neyfdbxy	宁尔也，非敌百姓也。	孟子·尽心下 14.6	1
fdbxy	非敌百姓也。	孟子·尽心下 14.6	2
rbjjqs	若崩厥角稽首。	孟子·尽心下 14.6	1
zzwyzygyzjyyyz	征之为言正也，各欲正己也，焉用战？	孟子·尽心下 14.6	1
gyzjyyyz	各欲正己也，焉用战？	孟子·尽心下 14.6	2
yyz	焉用战？	孟子·尽心下 14.6	2
mzyzjlynyrgjbnsrq	孟子曰：“梓匠轮舆能与人规矩，不能使人巧。”	孟子·尽心下 14.7	1
zjlynyrgjbnsrq	“梓匠轮舆能与人规矩，不能使人巧。”	孟子·尽心下 14.7	2
bnsrq	不能使人巧。	孟子·尽心下 14.7	2
mzyszfqrcyrjzsyjqwtzybzygqengrgyz	孟子曰：“舜之饭糗茹草也，若将终身焉；及其为天子也，被袗衣，鼓琴，二女果，若固有之。”	孟子·尽心下 14.8	1
szfqrcyrjzsyjqwtzybzygqengrgyz	“舜之饭糗茹草也，若将终身焉；及其为天子也，被袗衣，鼓琴，二女果，若固有之。”	孟子·尽心下 14.8	2
rjzsyjqwtzybzygqengrgyz	若将终身焉；及其为天子也，被袗衣，鼓琴，二女果，若固有之。	孟子·尽心下 14.8	2
jqwtzybzygqengrgyz	及其为天子也，被袗衣，鼓琴，二女果，若固有之。	孟子·尽心下 14.8	2
bzygqengrgyz	被袗衣，鼓琴，二女果，若固有之。	孟子·尽心下 14.8	2
gqengrgyz	鼓琴，二女果，若固有之。	孟子·尽心下 14.8	2
engrgyz	二女果，若固有之。	孟子·尽心下 14.8	2
rgyz	若固有之。	孟子·尽心下 14.8	2
mzywjehzsrqzzysrzfrysqfsrzxrysqx	孟子曰：吾今而后知杀人亲之重也：杀人之父，人亦杀其父；杀人之兄，人亦杀其兄。	孟子·尽心下 14.9	1
wjehzsrqzzysrzfrysqfsrzxrysqx	吾今而后知杀人亲之重也：杀人之父，人亦杀其父；杀人之兄，人亦杀其兄。	孟子·尽心下 14.9	2
srzfrysqfsrzxrysqx	杀人之父，人亦杀其父；杀人之兄，人亦杀其兄。	孟子·尽心下 14.9	2
rysqfsrzxrysqx	人亦杀其父；杀人之兄，人亦杀其兄。	孟子·尽心下 14.9	2
srzxrysqx	杀人之兄，人亦杀其兄。	孟子·尽心下 14.9	2
rysqx	人亦杀其兄。	孟子·尽心下 14.9	2
rzfzszyyxe	然则非自杀之也，一闲耳。	孟子·尽心下 14.9	1
yxe	一闲耳。	孟子·尽心下 14.9	2
mzygzwgyjyyb	孟子曰：古之为关也，将以御暴。	孟子·尽心下 14.10	1
gzwgyjyyb	古之为关也，将以御暴。	孟子·尽心下 14.10	2
jyyb	将以御暴。	孟子·尽心下 14.10	2
jzwgyjywb	今之为关也，将以为暴。	孟子·尽心下 14.10	1
jywb	将以为暴。	孟子·尽心下 14.10	2
mzysbxdbxyqzsrbydbnxyqz	孟子曰：“身不行道，不行于妻子；使人不以道，不能行于妻子。”	孟子·尽心下 14.11	1
sbxdbxyqzsrbydbnxyqz	“身不行道，不行于妻子；使人不以道，不能行于妻子。”	孟子·尽心下 14.11	2
bxyqzsrbydbnxyqz	不行于妻子；使人不以道，不能行于妻子。	孟子·尽心下 14.11	2
srbydbnxyqz	使人不以道，不能行于妻子。	孟子·尽心下 14.11	2
bnxyqz	不能行于妻子。	孟子·尽心下 14.11	2
mzyzylzxnbnszydzxsbnl	孟子曰：“周于利者，凶年不能杀；周于德者，邪世不能乱。”	孟子·尽心下 14.12	1
zylzxnbnszydzxsbnl	“周于利者，凶年不能杀；周于德者，邪世不能乱。”	孟子·尽心下 14.12	2
xnbnszydzxsbnl	凶年不能杀；周于德者，邪世不能乱。	孟子·尽心下 14.12	2
zydzxsbnl	周于德者，邪世不能乱。	孟子·尽心下 14.12	2
xsbnl	邪世不能乱。	孟子·尽心下 14.12	2
mzyhmzrnrqszggfqrdsdgjys	孟子曰：“好名之人，能让千乘之国；苟非其人，箪食豆羹见于色。”	孟子·尽心下 14.13	1
hmzrnrqszggfqrdsdgjys	“好名之人，能让千乘之国；苟非其人，箪食豆羹见于色。”	孟子·尽心下 14.13	2
nrqszggfqrdsdgjys	能让千乘之国；苟非其人，箪食豆羹见于色。	孟子·尽心下 14.13	2
gfqrdsdgjys	苟非其人，箪食豆羹见于色。	孟子·尽心下 14.13	2
dsdgjys	箪食豆羹见于色。	孟子·尽心下 14.13	2
mzybxrxzgkx	孟子曰：不信仁贤，则国空虚。	孟子·尽心下 14.14	1
bxrxzgkx	不信仁贤，则国空虚。	孟子·尽心下 14.14	2
zgkx	则国空虚。	孟子·尽心下 14.14	2
wlyzsxl	无礼义，则上下乱。	孟子·尽心下 14.14	1
zsxl	则上下乱。	孟子·尽心下 14.14	2
wzszcybz	无政事，则财用不足。	孟子·尽心下 14.14	1
zcybz	则财用不足。	孟子·尽心下 14.14	2
mzybredgzyzybredtxwzyy	孟子曰：“不仁而得国者，有之矣；不仁而得天下，未之有也。”	孟子·尽心下 14.15	1
bredgzyzybredtxwzyy	“不仁而得国者，有之矣；不仁而得天下，未之有也。”	孟子·尽心下 14.15	2
yzybredtxwzyy	有之矣；不仁而得天下，未之有也。	孟子·尽心下 14.15	2
bredtxwzyy	不仁而得天下，未之有也。	孟子·尽心下 14.15	2
mzymwgsjczjwq	孟子曰：民为贵，社稷次之，君为轻。	孟子·尽心下 14.16	1
mwgsjczjwq	民为贵，社稷次之，君为轻。	孟子·尽心下 14.16	2
sjczjwq	社稷次之，君为轻。	孟子·尽心下 14.16	2
jwq	君为轻。	孟子·尽心下 14.16	2
sgdhqmewtzdhtzwzhdhzhwdf	是故得乎丘民而为天子，得乎天子为诸侯，得乎诸侯为大夫。	孟子·尽心下 14.16	1
dhtzwzhdhzhwdf	得乎天子为诸侯，得乎诸侯为大夫。	孟子·尽心下 14.16	2
dhzhwdf	得乎诸侯为大夫。	孟子·尽心下 14.16	2
zhwsjzbz	诸侯危社稷，则变置。	孟子·尽心下 14.16	1
zbz	则变置。	孟子·尽心下 14.16	2
xsjczsjjjsysrehgsyzbzsj	牺牲既成，粢盛既洁，祭祀以时，然而旱干水溢，则变置社稷。	孟子·尽心下 14.16	1
zsjjjsysrehgsyzbzsj	粢盛既洁，祭祀以时，然而旱干水溢，则变置社稷。	孟子·尽心下 14.16	2
jsysrehgsyzbzsj	祭祀以时，然而旱干水溢，则变置社稷。	孟子·尽心下 14.16	2
rehgsyzbzsj	然而旱干水溢，则变置社稷。	孟子·尽心下 14.16	2
zbzsj	则变置社稷。	孟子·尽心下 14.16	2
mzysrbszsybylxhsy	孟子曰：圣人，百世之师也，伯夷、柳下惠是也。	孟子·尽心下 14.17	1
srbszsybylxhsy	圣人，百世之师也，伯夷、柳下惠是也。	孟子·尽心下 14.17	2
bszsybylxhsy	百世之师也，伯夷、柳下惠是也。	孟子·尽心下 14.17	2
bylxhsy	伯夷、柳下惠是也。	孟子·尽心下 14.17	2
lxhsy	柳下惠是也。	孟子·尽心下 14.17	2
gwbyzfzwflnfylzwlxhzfzbfdbfk	故闻伯夷之风者，顽夫廉，懦夫有立志；闻柳下惠之风者，薄夫敦，鄙夫宽。	孟子·尽心下 14.17	1
wflnfylzwlxhzfzbfdbfk	顽夫廉，懦夫有立志；闻柳下惠之风者，薄夫敦，鄙夫宽。	孟子·尽心下 14.17	2
nfylzwlxhzfzbfdbfk	懦夫有立志；闻柳下惠之风者，薄夫敦，鄙夫宽。	孟子·尽心下 14.17	2
wlxhzfzbfdbfk	闻柳下惠之风者，薄夫敦，鄙夫宽。	孟子·尽心下 14.17	2
bfdbfk	薄夫敦，鄙夫宽。	孟子·尽心下 14.17	2
bfk	鄙夫宽。	孟子·尽心下 14.17	2
fhbszs	奋乎百世之上。	孟子·尽心下 14.17	1
bszxwzmbxqy	百世之下，闻者莫不兴起也。	孟子·尽心下 14.17	1
wzmbxqy	闻者莫不兴起也。	孟子·尽心下 14.17	2
fsrenrshekyqzzzh	非圣人而能若是乎，而况于亲炙之者乎？	孟子·尽心下 14.17	1
ekyqzzzh	而况于亲炙之者乎？	孟子·尽心下 14.17	2
mzyryzry	孟子曰：仁也者，人也。	孟子·尽心下 14.18	1
ryzry	仁也者，人也。	孟子·尽心下 14.18	2
heyzdy	合而言之，道也。	孟子·尽心下 14.18	1
dy	道也。	孟子·尽心下 14.18	2
mzykzzqlyccwxy	孟子曰：孔子之去鲁，曰：‘迟迟吾行也。’	孟子·尽心下 14.19	1
kzzqlyccwxy	孔子之去鲁，曰：‘迟迟吾行也。’	孟子·尽心下 14.19	2
qqjxexqtgzdy	去齐，接淅而行，去他国之道也。	孟子·尽心下 14.19	1
jxexqtgzdy	接淅而行，去他国之道也。	孟子·尽心下 14.19	2
qtgzdy	去他国之道也。	孟子·尽心下 14.19	2
mzyjzzeycczxwsxzjy	孟子曰：“君子之戹于陈蔡之闲，无上下之交也。”	孟子·尽心下 14.20	1
jzzeycczxwsxzjy	“君子之戹于陈蔡之闲，无上下之交也。”	孟子·尽心下 14.20	2
wsxzjy	无上下之交也。	孟子·尽心下 14.20	2
hjyjdblyk	貉稽曰：“稽大不理于口。”	孟子·尽心下 14.21	1
jdblyk	“稽大不理于口。”	孟子·尽心下 14.21	2
mzywsy	孟子曰：无伤也。	孟子·尽心下 14.22	1
wsy	无伤也。	孟子·尽心下 14.22	2
szzdk	士憎兹多口。	孟子·尽心下 14.22	1
syyxqqyyqx	《诗》云：‘忧心悄悄，愠于群小。’	孟子·尽心下 14.22	1
yxqqyyqx	‘忧心悄悄，愠于群小。’	孟子·尽心下 14.22	2
yyqx	愠于群小。	孟子·尽心下 14.22	2
sbtjyybyjw	‘肆不殄厥愠，亦不陨厥问。’	孟子·尽心下 14.22	1
ybyjw	亦不陨厥问。	孟子·尽心下 14.22	2
wwy	文王也。	孟子·尽心下 14.22	1
mzyxzyqzzsrzzjyqhhsrzz	孟子曰：“贤者以其昭昭，使人昭昭；今以其昬昬，使人昭昭。”	孟子·尽心下 14.23	1
xzyqzzsrzzjyqhhsrzz	“贤者以其昭昭，使人昭昭；今以其昬昬，使人昭昭。”	孟子·尽心下 14.23	2
srzzjyqhhsrzz	使人昭昭；今以其昬昬，使人昭昭。	孟子·尽心下 14.23	2
jyqhhsrzz	今以其昬昬，使人昭昭。	孟子·尽心下 14.23	2
srzz	使人昭昭。	孟子·尽心下 14.23	2
mzwgzysjzqxjryzecl	孟子谓高子曰：山径之蹊闲，介然用之而成路。	孟子·尽心下 14.24	1
sjzqxjryzecl	山径之蹊闲，介然用之而成路。	孟子·尽心下 14.24	2
jryzecl	介然用之而成路。	孟子·尽心下 14.24	2
wxbyzmszy	为闲不用，则茅塞之矣。	孟子·尽心下 14.24	1
zmszy	则茅塞之矣。	孟子·尽心下 14.24	2
jmszzxy	今茅塞子之心矣。	孟子·尽心下 14.24	1
gzyyzsswwzs	高子曰：“禹之声，尚文王之声。”	孟子·尽心下 14.25	1
yzsswwzs	“禹之声，尚文王之声。”	孟子·尽心下 14.25	2
swwzs	尚文王之声。	孟子·尽心下 14.25	2
yyzl	曰：“以追蠡。”	孟子·尽心下 14.27	1
yzl	“以追蠡。”	孟子·尽心下 14.27	2
ysxzz	曰：是奚足哉？	孟子·尽心下 14.28	1
sxzz	是奚足哉？	孟子·尽心下 14.28	2
cmzglmzly	城门之轨，两马之力与？	孟子·尽心下 14.28	1
lmzly	两马之力与？	孟子·尽心下 14.28	2
qj	齐饥。	孟子·尽心下 14.29	1
czygrjyfzjfwftdbkf	陈臻曰：“国人皆以夫子将复为发棠，殆不可复。”	孟子·尽心下 14.29	1
grjyfzjfwftdbkf	“国人皆以夫子将复为发棠，殆不可复。”	孟子·尽心下 14.29	2
dbkf	殆不可复。	孟子·尽心下 14.29	2
mzyswffy	孟子曰：是为冯妇也。	孟子·尽心下 14.30	1
swffy	是为冯妇也。	孟子·尽心下 14.30	2
jryffzsbhzwss	晋人有冯妇者，善搏虎，卒为善士。	孟子·尽心下 14.30	1
sbhzwss	善搏虎，卒为善士。	孟子·尽心下 14.30	2
zwss	卒为善士。	孟子·尽心下 14.30	2
zzyyzzh	则之野，有众逐虎。	孟子·尽心下 14.30	1
yzzh	有众逐虎。	孟子·尽心下 14.30	2
hfymzgy	虎负嵎，莫之敢撄。	孟子·尽心下 14.30	1
mzgy	莫之敢撄。	孟子·尽心下 14.30	2
wjffqeyz	望见冯妇，趋而迎之。	孟子·尽心下 14.30	1
qeyz	趋而迎之。	孟子·尽心下 14.30	2
ffrbxc	冯妇攘臂下车。	孟子·尽心下 14.30	1
zjyzqwszxz	众皆悦之，其为士者笑之。	孟子·尽心下 14.30	1
qwszxz	其为士者笑之。	孟子·尽心下 14.30	2
mzykzywymzysyezysybzycyszzyayyxyymyjzbwxy	孟子曰：口之于味也，目之于色也，耳之于声也，鼻之于臭也，四肢之于安佚也，性也，有命焉，君子不谓性也。	孟子·尽心下 14.31	1
kzywymzysyezysybzycyszzyayyxyymyjzbwxy	口之于味也，目之于色也，耳之于声也，鼻之于臭也，四肢之于安佚也，性也，有命焉，君子不谓性也。	孟子·尽心下 14.31	2
mzysyezysybzycyszzyayyxyymyjzbwxy	目之于色也，耳之于声也，鼻之于臭也，四肢之于安佚也，性也，有命焉，君子不谓性也。	孟子·尽心下 14.31	2
ezysybzycyszzyayyxyymyjzbwxy	耳之于声也，鼻之于臭也，四肢之于安佚也，性也，有命焉，君子不谓性也。	孟子·尽心下 14.31	2
bzycyszzyayyxyymyjzbwxy	鼻之于臭也，四肢之于安佚也，性也，有命焉，君子不谓性也。	孟子·尽心下 14.31	2
szzyayyxyymyjzbwxy	四肢之于安佚也，性也，有命焉，君子不谓性也。	孟子·尽心下 14.31	2
xyymyjzbwxy	性也，有命焉，君子不谓性也。	孟子·尽心下 14.31	2
ymyjzbwxy	有命焉，君子不谓性也。	孟子·尽心下 14.31	2
jzbwxy	君子不谓性也。	孟子·尽心下 14.31	2
rzyfzyyzyjcylzybzyzzyxzysrzytdymyyxyjzbwmy	仁之于父子也，义之于君臣也，礼之于宾主也，智之于贤者也，圣人之于天道也，命也，有性焉，君子不谓命也。	孟子·尽心下 14.31	1
yzyjcylzybzyzzyxzysrzytdymyyxyjzbwmy	义之于君臣也，礼之于宾主也，智之于贤者也，圣人之于天道也，命也，有性焉，君子不谓命也。	孟子·尽心下 14.31	2
lzybzyzzyxzysrzytdymyyxyjzbwmy	礼之于宾主也，智之于贤者也，圣人之于天道也，命也，有性焉，君子不谓命也。	孟子·尽心下 14.31	2
zzyxzysrzytdymyyxyjzbwmy	智之于贤者也，圣人之于天道也，命也，有性焉，君子不谓命也。	孟子·尽心下 14.31	2
srzytdymyyxyjzbwmy	圣人之于天道也，命也，有性焉，君子不谓命也。	孟子·尽心下 14.31	2
myyxyjzbwmy	命也，有性焉，君子不谓命也。	孟子·尽心下 14.31	2
yxyjzbwmy	有性焉，君子不谓命也。	孟子·尽心下 14.31	2
jzbwmy	君子不谓命也。	孟子·尽心下 14.31	2
hsbhwylzzhry	浩生不害问曰：“乐正子，何人也？”	孟子·尽心下 14.32	1
lzzhry	“乐正子，何人也？”	孟子·尽心下 14.32	2
hry	何人也？	孟子·尽心下 14.32	2
mzysryxry	孟子曰：“善人也，信人也。”	孟子·尽心下 14.33	1
sryxry	“善人也，信人也。”	孟子·尽心下 14.33	2
xry	信人也。	孟子·尽心下 14.33	2
hws	何谓善？	孟子·尽心下 14.34	1
hwx	何谓信？	孟子·尽心下 14.34	1
ykyzwsyzjzwx	曰：可欲之谓善，有诸己之谓信。	孟子·尽心下 14.35	1
kyzwsyzjzwx	可欲之谓善，有诸己之谓信。	孟子·尽心下 14.35	2
yzjzwx	有诸己之谓信。	孟子·尽心下 14.35	2
cszwmcseyghzwddehzzwssebkzzzws	充实之谓美，充实而有光辉之谓大，大而化之之谓圣，圣而不可知之之谓神。	孟子·尽心下 14.35	1
cseyghzwddehzzwssebkzzzws	充实而有光辉之谓大，大而化之之谓圣，圣而不可知之之谓神。	孟子·尽心下 14.35	2
dehzzwssebkzzzws	大而化之之谓圣，圣而不可知之之谓神。	孟子·尽心下 14.35	2
sebkzzzws	圣而不可知之之谓神。	孟子·尽心下 14.35	2
lzzezzszxy	乐正子，二之中，四之下也。	孟子·尽心下 14.35	1
ezzszxy	二之中，四之下也。	孟子·尽心下 14.35	2
szxy	四之下也。	孟子·尽心下 14.35	2
mzytmbgyytybgyr	孟子曰：逃墨必归于杨，逃杨必归于儒。	孟子·尽心下 14.36	1
tmbgyytybgyr	逃墨必归于杨，逃杨必归于儒。	孟子·尽心下 14.36	2
tybgyr	逃杨必归于儒。	孟子·尽心下 14.36	2
gsszeyy	归，斯受之而已矣。	孟子·尽心下 14.36	1
sszeyy	斯受之而已矣。	孟子·尽心下 14.36	2
jzyymbzrzftjrqlycezz	今之与杨墨辩者，如追放豚，既入其苙，又从而招之。	孟子·尽心下 14.36	1
rzftjrqlycezz	如追放豚，既入其苙，又从而招之。	孟子·尽心下 14.36	2
jrqlycezz	既入其苙，又从而招之。	孟子·尽心下 14.36	2
ycezz	又从而招之。	孟子·尽心下 14.36	2
mzyyblzzsmzzlyzz	孟子曰：有布缕之征，粟米之征，力役之征。	孟子·尽心下 14.37	1
yblzzsmzzlyzz	有布缕之征，粟米之征，力役之征。	孟子·尽心下 14.37	2
smzzlyzz	粟米之征，力役之征。	孟子·尽心下 14.37	2
lyzz	力役之征。	孟子·尽心下 14.37	2
jzyqyhqe	君子用其一，缓其二。	孟子·尽心下 14.37	1
hqe	缓其二。	孟子·尽心下 14.37	2
yqeemypyqsefzl	用其二而民有殍，用其三而父子离。	孟子·尽心下 14.37	1
yqsefzl	用其三而父子离。	孟子·尽心下 14.37	2
mzyzhzbstdrmzs	孟子曰：诸侯之宝三：土地，人民，政事。	孟子·尽心下 14.38	1
zhzbstdrmzs	诸侯之宝三：土地，人民，政事。	孟子·尽心下 14.38	2
tdrmzs	土地，人民，政事。	孟子·尽心下 14.38	2
rmzs	人民，政事。	孟子·尽心下 14.38	2
zs	政事。	孟子·尽心下 14.38	2
bzyzybjs	宝珠玉者，殃必及身。	孟子·尽心下 14.38	1
ybjs	殃必及身。	孟子·尽心下 14.38	2
pcksyq	盆成括仕于齐。	孟子·尽心下 14.39	1
mzysypck	孟子曰：“死矣盆成括！”	孟子·尽心下 14.39	1
sypck	“死矣盆成括！”	孟子·尽心下 14.39	2
pckjs	盆成括见杀。	孟子·尽心下 14.40	1
mrwyfzhyzqjjs	门人问曰：“夫子何以知其将见杀？”	孟子·尽心下 14.40	1
fzhyzqjjs	“夫子何以知其将见杀？”	孟子·尽心下 14.40	2
yqwryxycwwjzzddyzzysqqeyy	曰：“其为人也小有才，未闻君子之大道也，则足以杀其躯而已矣。”	孟子·尽心下 14.41	1
qwryxycwwjzzddyzzysqqeyy	“其为人也小有才，未闻君子之大道也，则足以杀其躯而已矣。”	孟子·尽心下 14.41	2
wwjzzddyzzysqqeyy	未闻君子之大道也，则足以杀其躯而已矣。	孟子·尽心下 14.41	2
zzysqqeyy	则足以杀其躯而已矣。	孟子·尽心下 14.41	2
mzztgysg	孟子之滕，馆于上宫。	孟子·尽心下 14.42	1
gysg	馆于上宫。	孟子·尽心下 14.42	2
yyjyysgrqzfd	有业屦于牖上，馆人求之弗得。	孟子·尽心下 14.42	1
grqzfd	馆人求之弗得。	孟子·尽心下 14.42	2
hwzyrshczzsy	或问之曰：“若是乎从者之廀也？”	孟子·尽心下 14.42	1
rshczzsy	“若是乎从者之廀也？”	孟子·尽心下 14.42	2
yzyswqjly	曰：“子以是为窃屦来与？”	孟子·尽心下 14.43	1
zyswqjly	“子以是为窃屦来与？”	孟子·尽心下 14.43	2
ydfy	曰：殆非也。	孟子·尽心下 14.44	1
dfy	殆非也。	孟子·尽心下 14.44	2
fzzskywzbzlzbj	夫子之设科也，往者不追，来者不距。	孟子·尽心下 14.44	1
wzbzlzbj	往者不追，来者不距。	孟子·尽心下 14.44	2
lzbj	来者不距。	孟子·尽心下 14.44	2
gysxzsszeyy	苟以是心至，斯受之而已矣。	孟子·尽心下 14.44	1
mzyrjysbrdzyqsrryrjysbwdzyqswyy	孟子曰：人皆有所不忍，达之于其所忍，仁也；人皆有所不为，达之于其所为，义也。	孟子·尽心下 14.45	1
rjysbrdzyqsrryrjysbwdzyqswyy	人皆有所不忍，达之于其所忍，仁也；人皆有所不为，达之于其所为，义也。	孟子·尽心下 14.45	2
dzyqsrryrjysbwdzyqswyy	达之于其所忍，仁也；人皆有所不为，达之于其所为，义也。	孟子·尽心下 14.45	2
ryrjysbwdzyqswyy	仁也；人皆有所不为，达之于其所为，义也。	孟子·尽心下 14.45	2
rjysbwdzyqswyy	人皆有所不为，达之于其所为，义也。	孟子·尽心下 14.45	2
dzyqswyy	达之于其所为，义也。	孟子·尽心下 14.45	2
rncwyhrzxerbksyyrncwcyzxeybksyy	人能充无欲害人之心，而仁不可胜用也；人能充无穿逾之心，而义不可胜用也。	孟子·尽心下 14.45	1
erbksyyrncwcyzxeybksyy	而仁不可胜用也；人能充无穿逾之心，而义不可胜用也。	孟子·尽心下 14.45	2
rncwcyzxeybksyy	人能充无穿逾之心，而义不可胜用也。	孟子·尽心下 14.45	2
eybksyy	而义不可胜用也。	孟子·尽心下 14.45	2
rncwserzswswebwyy	人能充无受尔汝之实，无所往而不为义也。	孟子·尽心下 14.45	1
wswebwyy	无所往而不为义也。	孟子·尽心下 14.45	2
swkyyeysyytzykyyebysybytzysjcyzly	士未可以言而言，是以言餂之也；可以言而不言，是以不言餂之也，是皆穿逾之类也。	孟子·尽心下 14.45	1
syytzykyyebysybytzysjcyzly	是以言餂之也；可以言而不言，是以不言餂之也，是皆穿逾之类也。	孟子·尽心下 14.45	2
kyyebysybytzysjcyzly	可以言而不言，是以不言餂之也，是皆穿逾之类也。	孟子·尽心下 14.45	2
sybytzysjcyzly	是以不言餂之也，是皆穿逾之类也。	孟子·尽心下 14.45	2
sjcyzly	是皆穿逾之类也。	孟子·尽心下 14.45	2
mzyyjezyzsyysyesbzsdy	孟子曰：言近而指远者，善言也；守约而施博者，善道也。	孟子·尽心下 14.46	1
yjezyzsyysyesbzsdy	言近而指远者，善言也；守约而施博者，善道也。	孟子·尽心下 14.46	2
syysyesbzsdy	善言也；守约而施博者，善道也。	孟子·尽心下 14.46	2
syesbzsdy	守约而施博者，善道也。	孟子·尽心下 14.46	2
sdy	善道也。	孟子·尽心下 14.46	2
jzzyybxdedcy	君子之言也，不下带而道存焉。	孟子·尽心下 14.46	1
bxdedcy	不下带而道存焉。	孟子·尽心下 14.46	2
jzzsxqsetxp	君子之守，修其身而天下平。	孟子·尽心下 14.46	1
xqsetxp	修其身而天下平。	孟子·尽心下 14.46	2
rbsqteyrztsqyrzzesyzrzq	人病舍其田而芸人之田，所求于人者重，而所以自任者轻。	孟子·尽心下 14.46	1
sqyrzzesyzrzq	所求于人者重，而所以自任者轻。	孟子·尽心下 14.46	2
esyzrzq	而所以自任者轻。	孟子·尽心下 14.46	2
mzyysxzytwfzy	孟子曰：尧舜，性者也；汤武，反之也。	孟子·尽心下 14.47	1
ysxzytwfzy	尧舜，性者也；汤武，反之也。	孟子·尽心下 14.47	2
xzytwfzy	性者也；汤武，反之也。	孟子·尽心下 14.47	2
twfzy	汤武，反之也。	孟子·尽心下 14.47	2
fzy	反之也。	孟子·尽心下 14.47	2
drzxzlzsdzzykseafwszyjdbhfyglyyybxfyzxy	动容周旋中礼者，盛德之至也；哭死而哀，非为生者也；经德不回，非以干禄也；言语必信，非以正行也。	孟子·尽心下 14.47	1
sdzzykseafwszyjdbhfyglyyybxfyzxy	盛德之至也；哭死而哀，非为生者也；经德不回，非以干禄也；言语必信，非以正行也。	孟子·尽心下 14.47	2
kseafwszyjdbhfyglyyybxfyzxy	哭死而哀，非为生者也；经德不回，非以干禄也；言语必信，非以正行也。	孟子·尽心下 14.47	2
fwszyjdbhfyglyyybxfyzxy	非为生者也；经德不回，非以干禄也；言语必信，非以正行也。	孟子·尽心下 14.47	2
jdbhfyglyyybxfyzxy	经德不回，非以干禄也；言语必信，非以正行也。	孟子·尽心下 14.47	2
fyglyyybxfyzxy	非以干禄也；言语必信，非以正行也。	孟子·尽心下 14.47	2
yybxfyzxy	言语必信，非以正行也。	孟子·尽心下 14.47	2
fyzxy	非以正行也。	孟子·尽心下 14.47	2
jzxfyqmeyy	君子行法，以俟命而已矣。	孟子·尽心下 14.47	1
yqmeyy	以俟命而已矣。	孟子·尽心下 14.47	2
mzysdrzmzwsqwwr	孟子曰：说大人，则藐之，勿视其巍巍然。	孟子·尽心下 14.48	1
sdrzmzwsqwwr	说大人，则藐之，勿视其巍巍然。	孟子·尽心下 14.48	2
zmzwsqwwr	则藐之，勿视其巍巍然。	孟子·尽心下 14.48	2
wsqwwr	勿视其巍巍然。	孟子·尽心下 14.48	2
tgsrctscwdzfwysqfzsqsbrwdzfwyblyjqctlhcqcwdzfwy	堂高数仞，榱题数尺，我得志弗为也；食前方丈，侍妾数百人，我得志弗为也；般乐饮酒，驱骋田猎，后车千乘，我得志弗为也。	孟子·尽心下 14.48	1
ctscwdzfwysqfzsqsbrwdzfwyblyjqctlhcqcwdzfwy	榱题数尺，我得志弗为也；食前方丈，侍妾数百人，我得志弗为也；般乐饮酒，驱骋田猎，后车千乘，我得志弗为也。	孟子·尽心下 14.48	2
wdzfwysqfzsqsbrwdzfwyblyjqctlhcqcwdzfwy	我得志弗为也；食前方丈，侍妾数百人，我得志弗为也；般乐饮酒，驱骋田猎，后车千乘，我得志弗为也。	孟子·尽心下 14.48	2
sqfzsqsbrwdzfwyblyjqctlhcqcwdzfwy	食前方丈，侍妾数百人，我得志弗为也；般乐饮酒，驱骋田猎，后车千乘，我得志弗为也。	孟子·尽心下 14.48	2
sqsbrwdzfwyblyjqctlhcqcwdzfwy	侍妾数百人，我得志弗为也；般乐饮酒，驱骋田猎，后车千乘，我得志弗为也。	孟子·尽心下 14.48	2
wdzfwyblyjqctlhcqcwdzfwy	我得志弗为也；般乐饮酒，驱骋田猎，后车千乘，我得志弗为也。	孟子·尽心下 14.48	2
blyjqctlhcqcwdzfwy	般乐饮酒，驱骋田猎，后车千乘，我得志弗为也。	孟子·尽心下 14.48	2
qctlhcqcwdzfwy	驱骋田猎，后车千乘，我得志弗为也。	孟子·尽心下 14.48	2
hcqcwdzfwy	后车千乘，我得志弗为也。	孟子·尽心下 14.48	2
wdzfwy	我得志弗为也。	孟子·尽心下 14.48	2
zbzjwsbwyzwzjgzzywhwbz	在彼者，皆我所不为也；在我者，皆古之制也，吾何畏彼哉？	孟子·尽心下 14.48	1
jwsbwyzwzjgzzywhwbz	皆我所不为也；在我者，皆古之制也，吾何畏彼哉？	孟子·尽心下 14.48	2
zwzjgzzywhwbz	在我者，皆古之制也，吾何畏彼哉？	孟子·尽心下 14.48	2
jgzzywhwbz	皆古之制也，吾何畏彼哉？	孟子·尽心下 14.48	2
mzyyxmsygy	孟子曰：养心莫善于寡欲。	孟子·尽心下 14.49	1
yxmsygy	养心莫善于寡欲。	孟子·尽心下 14.49	2
qwrygysybcyzgyqwrydysycyzgy	其为人也寡欲，虽有不存焉者，寡矣；其为人也多欲，虽有存焉者，寡矣。	孟子·尽心下 14.49	1
sybcyzgyqwrydysycyzgy	虽有不存焉者，寡矣；其为人也多欲，虽有存焉者，寡矣。	孟子·尽心下 14.49	2
gyqwrydysycyzgy	寡矣；其为人也多欲，虽有存焉者，寡矣。	孟子·尽心下 14.49	2
qwrydysycyzgy	其为人也多欲，虽有存焉者，寡矣。	孟子·尽心下 14.49	2
sycyzgy	虽有存焉者，寡矣。	孟子·尽心下 14.49	2
gy	寡矣。	孟子·尽心下 14.49	2
cxsyzeczbrsyz	曾皙嗜羊枣，而曾子不忍食羊枣。	孟子·尽心下 14.50	1
eczbrsyz	而曾子不忍食羊枣。	孟子·尽心下 14.50	2
gscwykzyyzsm	公孙丑问曰：“脍炙与羊枣孰美？”	孟子·尽心下 14.50	1
kzyyzsm	“脍炙与羊枣孰美？”	孟子·尽心下 14.50	2
mzykzz	孟子曰：“脍炙哉！”	孟子·尽心下 14.51	1
kzz	“脍炙哉！”	孟子·尽心下 14.51	2
gscyrzczhwskzebsyz	公孙丑曰：“然则曾子何为食脍炙而不食羊枣？”	孟子·尽心下 14.52	1
rzczhwskzebsyz	“然则曾子何为食脍炙而不食羊枣？”	孟子·尽心下 14.52	2
ykzstyyzsdy	曰：脍炙所同也，羊枣所独也。	孟子·尽心下 14.53	1
kzstyyzsdy	脍炙所同也，羊枣所独也。	孟子·尽心下 14.53	2
yzsdy	羊枣所独也。	孟子·尽心下 14.53	2
hmbhxxstymsdy	讳名不讳姓，姓所同也，名所独也。	孟子·尽心下 14.53	1
xstymsdy	姓所同也，名所独也。	孟子·尽心下 14.53	2
msdy	名所独也。	孟子·尽心下 14.53	2
wzwykzzcyhghl	万章问曰：孔子在陈曰：盍归乎来！	孟子·尽心下 14.54	1
kzzcyhghl	孔子在陈曰：盍归乎来！	孟子·尽心下 14.54	2
wdzskjjqbwqc	吾党之士狂简，进取，不忘其初。	孟子·尽心下 14.54	1
jqbwqc	进取，不忘其初。	孟子·尽心下 14.54	2
bwqc	不忘其初。	孟子·尽心下 14.54	2
kzzchslzks	孔子在陈，何思鲁之狂士？	孟子·尽心下 14.54	1
hslzks	何思鲁之狂士？	孟子·尽心下 14.54	2
mzykzbdzdeyzbykjh	孟子曰：孔子不得中道而与之，必也狂獧乎！	孟子·尽心下 14.55	1
kzbdzdeyzbykjh	孔子不得中道而与之，必也狂獧乎！	孟子·尽心下 14.55	2
bykjh	必也狂獧乎！	孟子·尽心下 14.55	2
kzjqjzysbwy	狂者进取，獧者有所不为也。	孟子·尽心下 14.55	1
jzysbwy	獧者有所不为也。	孟子·尽心下 14.55	2
kzqbyzdz	孔子岂不欲中道哉？	孟子·尽心下 14.55	1
bkbdgsqcy	不可必得，故思其次也。	孟子·尽心下 14.55	1
gsqcy	故思其次也。	孟子·尽心下 14.55	2
gwhrskwky	“敢问何如斯可谓狂矣？”	孟子·尽心下 14.56	1
yrqzcxmpzkzzswky	曰：“如琴张、曾皙、牧皮者，孔子之所谓狂矣。”	孟子·尽心下 14.57	1
rqzcxmpzkzzswky	“如琴张、曾皙、牧皮者，孔子之所谓狂矣。”	孟子·尽心下 14.57	2
cxmpzkzzswky	曾皙、牧皮者，孔子之所谓狂矣。	孟子·尽心下 14.57	2
mpzkzzswky	牧皮者，孔子之所谓狂矣。	孟子·尽心下 14.57	2
kzzswky	孔子之所谓狂矣。	孟子·尽心下 14.57	2
hywzky	“何以谓之狂也？”	孟子·尽心下 14.58	1
yqzxxrygzrgzr	曰：其志嘐嘐然，曰‘古之人，古之人’。	孟子·尽心下 14.59	1
qzxxrygzrgzr	其志嘐嘐然，曰‘古之人，古之人’。	孟子·尽心下 14.59	2
ygzrgzr	曰‘古之人，古之人’。	孟子·尽心下 14.59	2
gzr	古之人。	孟子·尽心下 14.59	2
ykqxebyyzy	夷考其行而不掩焉者也。	孟子·尽心下 14.59	1
kzybkdydbxbjzseyzsjysyqcy	狂者又不可得，欲得不屑不洁之士而与之，是獧也，是又其次也。	孟子·尽心下 14.59	1
ydbxbjzseyzsjysyqcy	欲得不屑不洁之士而与之，是獧也，是又其次也。	孟子·尽心下 14.59	2
sjysyqcy	是獧也，是又其次也。	孟子·尽心下 14.59	2
syqcy	是又其次也。	孟子·尽心下 14.59	2
kzygwmebrwswbhyzqwxyh	孔子曰：过我门而不入我室，我不憾焉者，其惟乡原乎！	孟子·尽心下 14.59	1
gwmebrwswbhyzqwxyh	过我门而不入我室，我不憾焉者，其惟乡原乎！	孟子·尽心下 14.59	2
wbhyzqwxyh	我不憾焉者，其惟乡原乎！	孟子·尽心下 14.59	2
qwxyh	其惟乡原乎！	孟子·尽心下 14.59	2
xydzzy	乡原，德之贼也。	孟子·尽心下 14.59	1
yhrskwzxyy	曰：“何如斯可谓之乡原矣？”	孟子·尽心下 14.60	1
hrskwzxyy	“何如斯可谓之乡原矣？”	孟子·尽心下 14.60	2
yhysxxy	曰：何以是嘐嘐也？	孟子·尽心下 14.61	1
hysxxy	何以是嘐嘐也？	孟子·尽心下 14.61	2
ybgxxbgyzygzrgzr	言不顾行，行不顾言，则曰：古之人，古之人。	孟子·尽心下 14.61	1
xbgyzygzrgzr	行不顾言，则曰：古之人，古之人。	孟子·尽心下 14.61	2
zygzrgzr	则曰：古之人，古之人。	孟子·尽心下 14.61	2
gzrgzr	古之人，古之人。	孟子·尽心下 14.61	2
xhwjjll	行何为踽踽凉凉？	孟子·尽心下 14.61	1
sssywssyssky	生斯世也，为斯世也，善斯可矣。	孟子·尽心下 14.61	1
wssyssky	为斯世也，善斯可矣。	孟子·尽心下 14.61	2
ssky	善斯可矣。	孟子·尽心下 14.61	2
yrmysyzsxyy	阉然媚于世也者，是乡原也。	孟子·尽心下 14.61	1
sxyy	是乡原也。	孟子·尽心下 14.61	2
wzyyxjcyrywswebwyrkzywdzzhz	万子曰：“一乡皆称原人焉，无所往而不为原人，孔子以为德之贼，何哉？”	孟子·尽心下 14.62	1
yxjcyrywswebwyrkzywdzzhz	“一乡皆称原人焉，无所往而不为原人，孔子以为德之贼，何哉？”	孟子·尽心下 14.62	2
wswebwyrkzywdzzhz	无所往而不为原人，孔子以为德之贼，何哉？	孟子·尽心下 14.62	2
kzywdzzhz	孔子以为德之贼，何哉？	孟子·尽心下 14.62	2
yfzwjyczwcythlshhwsjzszxxzsljzjyzzywsebkyryszdgydzzy	曰：非之无举也，刺之无刺也；同乎流俗，合乎污世；居之似忠信，行之似廉洁；众皆悦之，自以为是，而不可与入尧舜之道，故曰德之贼也。	孟子·尽心下 14.63	1
fzwjyczwcythlshhwsjzszxxzsljzjyzzywsebkyryszdgydzzy	非之无举也，刺之无刺也；同乎流俗，合乎污世；居之似忠信，行之似廉洁；众皆悦之，自以为是，而不可与入尧舜之道，故曰德之贼也。	孟子·尽心下 14.63	2
czwcythlshhwsjzszxxzsljzjyzzywsebkyryszdgydzzy	刺之无刺也；同乎流俗，合乎污世；居之似忠信，行之似廉洁；众皆悦之，自以为是，而不可与入尧舜之道，故曰德之贼也。	孟子·尽心下 14.63	2
thlshhwsjzszxxzsljzjyzzywsebkyryszdgydzzy	同乎流俗，合乎污世；居之似忠信，行之似廉洁；众皆悦之，自以为是，而不可与入尧舜之道，故曰德之贼也。	孟子·尽心下 14.63	2
hhwsjzszxxzsljzjyzzywsebkyryszdgydzzy	合乎污世；居之似忠信，行之似廉洁；众皆悦之，自以为是，而不可与入尧舜之道，故曰德之贼也。	孟子·尽心下 14.63	2
jzszxxzsljzjyzzywsebkyryszdgydzzy	居之似忠信，行之似廉洁；众皆悦之，自以为是，而不可与入尧舜之道，故曰德之贼也。	孟子·尽心下 14.63	2
xzsljzjyzzywsebkyryszdgydzzy	行之似廉洁；众皆悦之，自以为是，而不可与入尧舜之道，故曰德之贼也。	孟子·尽心下 14.63	2
zjyzzywsebkyryszdgydzzy	众皆悦之，自以为是，而不可与入尧舜之道，故曰德之贼也。	孟子·尽心下 14.63	2
zywsebkyryszdgydzzy	自以为是，而不可与入尧舜之道，故曰德之贼也。	孟子·尽心下 14.63	2
ebkyryszdgydzzy	而不可与入尧舜之道，故曰德之贼也。	孟子·尽心下 14.63	2
gydzzy	故曰德之贼也。	孟子·尽心下 14.63	2
kzyesefzeykqlmyenkqlyyelkkqlxyezskqllyezkqlzyexykqldy	孔子曰：‘恶似而非者：恶莠，恐其乱苗也；恶佞，恐其乱义也；恶利口，恐其乱信也；恶郑声，恐其乱乐也；恶紫，恐其乱朱也；恶乡原，恐其乱德也。’	孟子·尽心下 14.63	1
esefzeykqlmyenkqlyyelkkqlxyezskqllyezkqlzyexykqldy	‘恶似而非者：恶莠，恐其乱苗也；恶佞，恐其乱义也；恶利口，恐其乱信也；恶郑声，恐其乱乐也；恶紫，恐其乱朱也；恶乡原，恐其乱德也。’	孟子·尽心下 14.63	2
eykqlmyenkqlyyelkkqlxyezskqllyezkqlzyexykqldy	恶莠，恐其乱苗也；恶佞，恐其乱义也；恶利口，恐其乱信也；恶郑声，恐其乱乐也；恶紫，恐其乱朱也；恶乡原，恐其乱德也。	孟子·尽心下 14.63	2
kqlmyenkqlyyelkkqlxyezskqllyezkqlzyexykqldy	恐其乱苗也；恶佞，恐其乱义也；恶利口，恐其乱信也；恶郑声，恐其乱乐也；恶紫，恐其乱朱也；恶乡原，恐其乱德也。	孟子·尽心下 14.63	2
enkqlyyelkkqlxyezskqllyezkqlzyexykqldy	恶佞，恐其乱义也；恶利口，恐其乱信也；恶郑声，恐其乱乐也；恶紫，恐其乱朱也；恶乡原，恐其乱德也。	孟子·尽心下 14.63	2
kqlyyelkkqlxyezskqllyezkqlzyexykqldy	恐其乱义也；恶利口，恐其乱信也；恶郑声，恐其乱乐也；恶紫，恐其乱朱也；恶乡原，恐其乱德也。	孟子·尽心下 14.63	2
elkkqlxyezskqllyezkqlzyexykqldy	恶利口，恐其乱信也；恶郑声，恐其乱乐也；恶紫，恐其乱朱也；恶乡原，恐其乱德也。	孟子·尽心下 14.63	2
kqlxyezskqllyezkqlzyexykqldy	恐其乱信也；恶郑声，恐其乱乐也；恶紫，恐其乱朱也；恶乡原，恐其乱德也。	孟子·尽心下 14.63	2
ezskqllyezkqlzyexykqldy	恶郑声，恐其乱乐也；恶紫，恐其乱朱也；恶乡原，恐其乱德也。	孟子·尽心下 14.63	2
kqllyezkqlzyexykqldy	恐其乱乐也；恶紫，恐其乱朱也；恶乡原，恐其乱德也。	孟子·尽心下 14.63	2
ezkqlzyexykqldy	恶紫，恐其乱朱也；恶乡原，恐其乱德也。	孟子·尽心下 14.63	2
kqlzyexykqldy	恐其乱朱也；恶乡原，恐其乱德也。	孟子·尽心下 14.63	2
exykqldy	恶乡原，恐其乱德也。	孟子·尽心下 14.63	2
kqldy	恐其乱德也。	孟子·尽心下 14.63	2
jzfjeyy	君子反经而已矣。	孟子·尽心下 14.63	1
jzzsmxsmxswxty	经正，则庶民兴；庶民兴，斯无邪慝矣。	孟子·尽心下 14.63	1
zsmxsmxswxty	则庶民兴；庶民兴，斯无邪慝矣。	孟子·尽心下 14.63	2
smxswxty	庶民兴，斯无邪慝矣。	孟子·尽心下 14.63	2
swxty	斯无邪慝矣。	孟子·尽心下 14.63	2
mzyyyszytwbyysrygtzjezzrtzwezz	孟子曰：由尧舜至于汤，五百有余岁，若禹、皋陶，则见而知之；若汤，则闻而知之。	孟子·尽心下 14.64	1
yyszytwbyysrygtzjezzrtzwezz	由尧舜至于汤，五百有余岁，若禹、皋陶，则见而知之；若汤，则闻而知之。	孟子·尽心下 14.64	2
wbyysrygtzjezzrtzwezz	五百有余岁，若禹、皋陶，则见而知之；若汤，则闻而知之。	孟子·尽心下 14.64	2
rygtzjezzrtzwezz	若禹、皋陶，则见而知之；若汤，则闻而知之。	孟子·尽心下 14.64	2
gtzjezzrtzwezz	皋陶，则见而知之；若汤，则闻而知之。	孟子·尽心下 14.64	2
zjezzrtzwezz	则见而知之；若汤，则闻而知之。	孟子·尽心下 14.64	2
rtzwezz	若汤，则闻而知之。	孟子·尽心下 14.64	2
zwezz	则闻而知之。	孟子·尽心下 14.64	2
ytzywwwbyysryylzzjezzrwwzwezz	由汤至于文王，五百有余岁，若伊尹、莱朱则见而知之；若文王，则闻而知之。	孟子·尽心下 14.64	1
wbyysryylzzjezzrwwzwezz	五百有余岁，若伊尹、莱朱则见而知之；若文王，则闻而知之。	孟子·尽心下 14.64	2
ryylzzjezzrwwzwezz	若伊尹、莱朱则见而知之；若文王，则闻而知之。	孟子·尽心下 14.64	2
lzzjezzrwwzwezz	莱朱则见而知之；若文王，则闻而知之。	孟子·尽心下 14.64	2
rwwzwezz	若文王，则闻而知之。	孟子·尽心下 14.64	2
ywwzykzwbyysrtgwsyszjezzrkzzwezz	由文王至于孔子，五百有余岁，若太公望、散宜生，则见而知之；若孔子，则闻而知之。	孟子·尽心下 14.64	1
wbyysrtgwsyszjezzrkzzwezz	五百有余岁，若太公望、散宜生，则见而知之；若孔子，则闻而知之。	孟子·尽心下 14.64	2
rtgwsyszjezzrkzzwezz	若太公望、散宜生，则见而知之；若孔子，则闻而知之。	孟子·尽心下 14.64	2
syszjezzrkzzwezz	散宜生，则见而知之；若孔子，则闻而知之。	孟子·尽心下 14.64	2
zjezzrkzzwezz	则见而知之；若孔子，则闻而知之。	孟子·尽心下 14.64	2
rkzzwezz	若孔子，则闻而知之。	孟子·尽心下 14.64	2
ykzelzyjbyysqsrzsrcqwyyjsrzjrcqsyrewyhezywyhe	由孔子而来至于今，百有余岁，去圣人之世，若此其未远也；近圣人之居，若此其甚也，然而无有乎尔，则亦无有乎尔。	孟子·尽心下 14.64	1
byysqsrzsrcqwyyjsrzjrcqsyrewyhezywyhe	百有余岁，去圣人之世，若此其未远也；近圣人之居，若此其甚也，然而无有乎尔，则亦无有乎尔。	孟子·尽心下 14.64	2
qsrzsrcqwyyjsrzjrcqsyrewyhezywyhe	去圣人之世，若此其未远也；近圣人之居，若此其甚也，然而无有乎尔，则亦无有乎尔。	孟子·尽心下 14.64	2
rcqwyyjsrzjrcqsyrewyhezywyhe	若此其未远也；近圣人之居，若此其甚也，然而无有乎尔，则亦无有乎尔。	孟子·尽心下 14.64	2
jsrzjrcqsyrewyhezywyhe	近圣人之居，若此其甚也，然而无有乎尔，则亦无有乎尔。	孟子·尽心下 14.64	2
rcqsyrewyhezywyhe	若此其甚也，然而无有乎尔，则亦无有乎尔。	孟子·尽心下 14.64	2
rewyhezywyhe	然而无有乎尔，则亦无有乎尔。	孟子·尽心下 14.64	2
zywyhe	则亦无有乎尔。	孟子·尽心下 14.64	2
