1641055	-220	11	29
1641084	-220	12	30
1641114	-220	1	29
1641143	-220	2	30
1641173	-220	3	29
1641202	-220	4	30
1641232	-220	5	30
1641262	-220	6	29
1641291	-220	7	30
1641321	-220	8	29
1641350	-220	9	30
1641380	-219	10	29
1641409	-219	11	30
1641439	-219	12	29
1641468	-219	1	30
1641498	-219	2	29
1641527	-219	3	30
1641557	-219	4	29
1641586	-219	5	30
1641616	-219	6	29
1641645	-219	7	30
1641675	-219	8	30
1641705	-219	9	29
1641734	-218	10	30
1641764	-218	11	29
1641793	-218	12	30
1641823	-218	1	29
1641852	-218	2	30
1641882	-218	3	29
1641911	-218	4	30
1641941	-218	5	29
1641970	-218	6	30
1642000	-218	7	29
1642029	-218	8	30
1642059	-218	9	29
1642088	-218	-9	30
1642118	-217	10	29
1642147	-217	11	30
1642177	-217	12	30
1642207	-217	1	29
1642236	-217	2	30
1642266	-217	3	29
1642295	-217	4	30
1642325	-217	5	29
1642354	-217	6	30
1642384	-217	7	29
1642413	-217	8	30
1642443	-217	9	29
1642472	-216	10	30
1642502	-216	11	29
1642531	-216	12	30
1642561	-216	1	29
1642590	-216	2	30
1642620	-216	3	30
1642650	-216	4	29
1642679	-216	5	30
1642709	-216	6	29
1642738	-216	7	30
1642768	-216	8	29
1642797	-216	9	30
1642827	-216	-9	29
1642856	-215	10	30
1642886	-215	11	29
1642915	-215	12	30
1642945	-215	1	29
1642974	-215	2	30
1643004	-215	3	29
1643033	-215	4	30
1643063	-215	5	29
1643092	-215	6	30
1643122	-215	7	30
1643152	-215	8	29
1643181	-215	9	30
1643211	-214	10	29
1643240	-214	11	30
1643270	-214	12	29
1643299	-214	1	30
1643329	-214	2	29
1643358	-214	3	30
1643388	-214	4	29
1643417	-214	5	30
1643447	-214	6	29
1643476	-214	7	30
1643506	-214	8	29
1643535	-214	9	30
1643565	-213	10	29
1643594	-213	11	30
1643624	-213	12	30
1643654	-213	1	29
1643683	-213	2	30
1643713	-213	3	29
1643742	-213	4	30
1643772	-213	5	29
1643801	-213	6	30
1643831	-213	7	29
1643860	-213	8	30
1643890	-213	9	29
1643919	-213	-9	30
1643949	-212	10	29
1643978	-212	11	30
1644008	-212	12	29
1644037	-212	1	30
1644067	-212	2	30
1644097	-212	3	29
1644126	-212	4	30
1644156	-212	5	29
1644185	-212	6	30
1644215	-212	7	29
1644244	-212	8	30
1644274	-212	9	29
1644303	-211	10	30
1644333	-211	11	29
1644362	-211	12	30
1644392	-211	1	29
1644421	-211	2	30
1644451	-211	3	29
1644480	-211	4	30
1644510	-211	5	29
1644539	-211	6	30
1644569	-211	7	30
1644599	-211	8	29
1644628	-211	9	30
1644658	-210	10	29
1644687	-210	11	30
1644717	-210	12	29
1644746	-210	1	30
1644776	-210	2	29
1644805	-210	3	30
1644835	-210	4	29
1644864	-210	5	30
1644894	-210	6	29
1644923	-210	7	30
1644953	-210	8	29
1644982	-210	9	30
1645012	-210	-9	30
1645042	-209	10	29
1645071	-209	11	30
1645101	-209	12	29
1645130	-209	1	30
1645160	-209	2	29
1645189	-209	3	30
1645219	-209	4	29
1645248	-209	5	30
1645278	-209	6	29
1645307	-209	7	30
1645337	-209	8	29
1645366	-209	9	30
1645396	-208	10	29
1645425	-208	11	30
1645455	-208	12	29
1645484	-208	1	30
1645514	-208	2	30
1645544	-208	3	29
1645573	-208	4	30
1645603	-208	5	29
1645632	-208	6	30
1645662	-208	7	29
1645691	-208	8	30
1645721	-208	9	29
1645750	-208	-9	30
1645780	-207	10	29
1645809	-207	11	30
1645839	-207	12	29
1645868	-207	1	30
1645898	-207	2	29
1645927	-207	3	30
1645957	-207	4	29
1645986	-207	5	30
1646016	-207	6	30
1646046	-207	7	29
1646075	-207	8	30
1646105	-207	9	29
1646134	-206	10	30
1646164	-206	11	29
1646193	-206	12	30
1646223	-206	1	29
1646252	-206	2	30
1646282	-206	3	29
1646311	-206	4	30
1646341	-206	5	29
1646370	-206	6	30
1646400	-206	7	29
1646429	-206	8	30
1646459	-206	9	30
1646489	-205	10	29
1646518	-205	11	30
1646548	-205	12	29
1646577	-205	1	30
1646607	-205	2	29
1646636	-205	3	30
1646666	-205	4	29
1646695	-205	5	30
1646725	-205	6	29
1646754	-205	7	30
1646784	-205	8	29
1646813	-205	9	30
1646843	-205	-9	29
1646872	-204	10	30
1646902	-204	11	29
1646931	-204	12	30
1646961	-204	1	30
1646991	-204	2	29
1647020	-204	3	30
1647050	-204	4	29
1647079	-204	5	30
1647109	-204	6	29
1647138	-204	7	30
1647168	-204	8	29
1647197	-204	9	30
1647227	-203	10	29
1647256	-203	11	30
1647286	-203	12	29
1647315	-203	1	30
1647345	-203	2	29
1647374	-203	3	30
1647404	-203	4	29
1647433	-203	5	30
1647463	-203	6	30
1647493	-203	7	29
1647522	-203	8	30
1647552	-203	9	29
1647581	-202	10	30
1647611	-202	11	29
1647640	-202	12	30
1647670	-202	1	29
1647699	-202	2	30
1647729	-202	3	29
1647758	-202	4	30
1647788	-202	5	29
1647817	-202	6	30
1647847	-202	7	29
1647876	-202	8	30
1647906	-202	9	29
1647935	-202	-9	30
1647965	-201	10	29
1647994	-201	11	30
1648024	-201	12	29
1648053	-201	1	30
1648083	-201	2	30
1648113	-201	3	29
1648142	-201	4	30
1648172	-201	5	29
1648201	-201	6	30
1648231	-201	7	29
1648260	-201	8	30
1648290	-201	9	29
1648319	-200	10	30
1648349	-200	11	29
1648378	-200	12	30
1648408	-200	1	29
1648437	-200	2	30
1648467	-200	3	29
1648496	-200	4	30
1648526	-200	5	30
1648556	-200	6	29
1648585	-200	7	30
1648615	-200	8	29
1648644	-200	9	30
1648674	-199	10	29
1648703	-199	11	30
1648733	-199	12	29
1648762	-199	1	30
1648792	-199	2	29
1648821	-199	3	30
1648851	-199	4	29
1648880	-199	5	30
1648910	-199	6	29
1648939	-199	7	30
1648969	-199	8	29
1648998	-199	9	30
1649028	-199	-9	30
1649058	-198	10	29
1649087	-198	11	30
1649117	-198	12	29
1649146	-198	1	30
1649176	-198	2	29
1649205	-198	3	30
1649235	-198	4	29
1649264	-198	5	30
1649294	-198	6	29
1649323	-198	7	30
1649353	-198	8	29
1649382	-198	9	30
1649412	-197	10	29
1649441	-197	11	30
1649471	-197	12	30
1649501	-197	1	29
1649530	-197	2	30
1649560	-197	3	29
1649589	-197	4	30
1649619	-197	5	29
1649648	-197	6	30
1649678	-197	7	29
1649707	-197	8	30
1649737	-197	9	29
1649766	-197	-9	30
1649796	-196	10	29
1649825	-196	11	30
1649855	-196	12	29
1649884	-196	1	30
1649914	-196	2	29
1649943	-196	3	30
1649973	-196	4	30
1650003	-196	5	29
1650032	-196	6	30
1650062	-196	7	29
1650091	-196	8	30
1650121	-196	9	29
1650150	-195	10	30
1650180	-195	11	29
1650209	-195	12	30
1650239	-195	1	29
1650268	-195	2	30
1650298	-195	3	29
1650327	-195	4	30
1650357	-195	5	29
1650386	-195	6	30
1650416	-195	7	29
1650445	-195	8	30
1650475	-195	9	30
1650505	-194	10	29
1650534	-194	11	30
1650564	-194	12	29
1650593	-194	1	30
1650623	-194	2	29
1650652	-194	3	30
1650682	-194	4	29
1650711	-194	5	30
1650741	-194	6	29
1650770	-194	7	30
1650800	-194	8	29
1650829	-194	9	30
1650859	-194	-9	29
1650888	-193	10	30
1650918	-193	11	30
1650948	-193	12	29
1650977	-193	1	30
1651007	-193	2	29
1651036	-193	3	30
1651066	-193	4	29
1651095	-193	5	30
1651125	-193	6	29
1651154	-193	7	30
1651184	-193	8	29
1651213	-193	9	30
1651243	-192	10	29
1651272	-192	11	30
1651302	-192	12	29
1651331	-192	1	30
1651361	-192	2	29
1651390	-192	3	30
1651420	-192	4	30
1651450	-192	5	29
1651479	-192	6	30
1651509	-192	7	29
1651538	-192	8	30
1651568	-192	9	29
1651597	-191	10	30
1651627	-191	11	29
1651656	-191	12	30
1651686	-191	1	29
1651715	-191	2	30
1651745	-191	3	29
1651774	-191	4	30
1651804	-191	5	29
1651833	-191	6	30
1651863	-191	7	30
1651893	-191	8	29
1651922	-191	9	30
1651952	-191	-9	29
1651981	-190	10	30
1652011	-190	11	29
1652040	-190	12	30
1652070	-190	1	29
1652099	-190	2	30
1652129	-190	3	29
1652158	-190	4	30
1652188	-190	5	29
1652217	-190	6	30
1652247	-190	7	29
1652276	-190	8	30
1652306	-190	9	29
1652335	-189	10	30
1652365	-189	11	30
1652395	-189	12	29
1652424	-189	1	30
1652454	-189	2	29
1652483	-189	3	30
1652513	-189	4	29
1652542	-189	5	30
1652572	-189	6	29
1652601	-189	7	30
1652631	-189	8	29
1652660	-189	9	30
1652690	-189	-9	29
1652719	-188	10	30
1652749	-188	11	29
1652778	-188	12	30
1652808	-188	1	29
1652837	-188	2	30
1652867	-188	3	30
1652897	-188	4	29
1652926	-188	5	30
1652956	-188	6	29
1652985	-188	7	30
1653015	-188	8	29
1653044	-188	9	30
1653074	-187	10	29
1653103	-187	11	30
1653133	-187	12	29
1653162	-187	1	30
1653192	-187	2	29
1653221	-187	3	30
1653251	-187	4	29
1653280	-187	5	30
1653310	-187	6	30
1653340	-187	7	29
1653369	-187	8	30
1653399	-187	9	29
1653428	-186	10	30
1653458	-186	11	29
1653487	-186	12	30
1653517	-186	1	29
1653546	-186	2	30
1653576	-186	3	29
1653605	-186	4	30
1653635	-186	5	29
1653664	-186	6	30
1653694	-186	7	29
1653723	-186	8	30
1653753	-186	9	29
1653782	-186	-9	30
1653812	-185	10	30
1653842	-185	11	29
1653871	-185	12	30
1653901	-185	1	29
1653930	-185	2	30
1653960	-185	3	29
1653989	-185	4	30
1654019	-185	5	29
1654048	-185	6	30
1654078	-185	7	29
1654107	-185	8	30
1654137	-185	9	29
1654166	-184	10	30
1654196	-184	11	29
1654225	-184	12	30
1654255	-184	1	30
1654285	-184	2	29
1654314	-184	3	30
1654344	-184	4	29
1654373	-184	5	30
1654403	-184	6	29
1654432	-184	7	30
1654462	-184	8	29
1654491	-184	9	30
1654521	-183	10	29
1654550	-183	11	30
1654580	-183	12	29
1654609	-183	1	30
1654639	-183	2	29
1654668	-183	3	30
1654698	-183	4	29
1654727	-183	5	30
1654757	-183	6	30
1654787	-183	7	29
1654816	-183	8	30
1654846	-183	9	29
1654875	-183	-9	30
1654905	-182	10	29
1654934	-182	11	30
1654964	-182	12	29
1654993	-182	1	30
1655023	-182	2	29
1655052	-182	3	30
1655082	-182	4	29
1655111	-182	5	30
1655141	-182	6	29
1655170	-182	7	30
1655200	-182	8	29
1655229	-182	9	30
1655259	-181	10	30
1655289	-181	11	29
1655318	-181	12	30
1655348	-181	1	29
1655377	-181	2	30
1655407	-181	3	29
1655436	-181	4	30
1655466	-181	5	29
1655495	-181	6	30
1655525	-181	7	29
1655554	-181	8	30
1655584	-181	9	29
1655613	-180	10	30
1655643	-180	11	29
1655672	-180	12	30
1655702	-180	1	30
1655732	-180	2	29
1655761	-180	3	30
1655791	-180	4	29
1655820	-180	5	30
1655850	-180	6	29
1655879	-180	7	30
1655909	-180	8	29
1655938	-180	9	30
1655968	-180	-9	29
1655997	-179	10	30
1656027	-179	11	29
1656056	-179	12	30
1656086	-179	1	29
1656115	-179	2	30
1656145	-179	3	29
1656174	-179	4	30
1656204	-179	5	30
1656234	-179	6	29
1656263	-179	7	30
1656293	-179	8	29
1656322	-179	9	30
1656352	-178	10	29
1656381	-178	11	30
1656411	-178	12	29
1656440	-178	1	30
1656470	-178	2	29
1656499	-178	3	30
1656529	-178	4	29
1656558	-178	5	30
1656588	-178	6	29
1656617	-178	7	30
1656647	-178	8	30
1656677	-178	9	29
1656706	-178	-9	30
1656736	-177	10	29
1656765	-177	11	30
1656795	-177	12	29
1656824	-177	1	30
1656854	-177	2	29
1656883	-177	3	30
1656913	-177	4	29
1656942	-177	5	30
1656972	-177	6	29
1657001	-177	7	30
1657031	-177	8	29
1657060	-177	9	30
1657090	-176	10	29
1657119	-176	11	30
1657149	-176	12	30
1657179	-176	1	29
1657208	-176	2	30
1657238	-176	3	29
1657267	-176	4	30
1657297	-176	5	29
1657326	-176	6	30
1657356	-176	7	29
1657385	-176	8	30
1657415	-176	9	29
1657444	-175	10	30
1657474	-175	11	29
1657503	-175	12	30
1657533	-175	1	29
1657562	-175	2	30
1657592	-175	3	29
1657621	-175	4	30
1657651	-175	5	30
1657681	-175	6	29
1657710	-175	7	30
1657740	-175	8	29
1657769	-175	9	30
1657799	-175	-9	29
1657828	-174	10	30
1657858	-174	11	29
1657887	-174	12	30
1657917	-174	1	29
1657946	-174	2	30
1657976	-174	3	29
1658005	-174	4	30
1658035	-174	5	29
1658064	-174	6	30
1658094	-174	7	30
1658124	-174	8	29
1658153	-174	9	30
1658183	-173	10	29
1658212	-173	11	30
1658242	-173	12	29
1658271	-173	1	30
1658301	-173	2	29
1658330	-173	3	30
1658360	-173	4	29
1658389	-173	5	30
1658419	-173	6	29
1658448	-173	7	30
1658478	-173	8	29
1658507	-173	9	30
1658537	-172	10	29
1658566	-172	11	30
1658596	-172	12	30
1658626	-172	1	29
1658655	-172	2	30
1658685	-172	3	29
1658714	-172	4	30
1658744	-172	5	29
1658773	-172	6	30
1658803	-172	7	29
1658832	-172	8	30
1658862	-172	9	29
1658891	-172	-9	30
1658921	-171	10	29
1658950	-171	11	30
1658980	-171	12	29
1659009	-171	1	30
1659039	-171	2	30
1659069	-171	3	29
1659098	-171	4	30
1659128	-171	5	29
1659157	-171	6	30
1659187	-171	7	29
1659216	-171	8	30
1659246	-171	9	29
1659275	-170	10	30
1659305	-170	11	29
1659334	-170	12	30
1659364	-170	1	29
1659393	-170	2	30
1659423	-170	3	29
1659452	-170	4	30
1659482	-170	5	29
1659511	-170	6	30
1659541	-170	7	30
1659571	-170	8	29
1659600	-170	9	30
1659630	-170	-9	29
1659659	-169	10	30
1659689	-169	11	29
1659718	-169	12	30
1659748	-169	1	29
1659777	-169	2	30
1659807	-169	3	29
1659836	-169	4	30
1659866	-169	5	29
1659895	-169	6	30
1659925	-169	7	29
1659954	-169	8	30
1659984	-169	9	29
1660013	-168	10	30
1660043	-168	11	30
1660073	-168	12	29
1660102	-168	1	30
1660132	-168	2	29
1660161	-168	3	30
1660191	-168	4	29
1660220	-168	5	30
1660250	-168	6	29
1660279	-168	7	30
1660309	-168	8	29
1660338	-168	9	30
1660368	-167	10	29
1660397	-167	11	30
1660427	-167	12	29
1660456	-167	1	30
1660486	-167	2	30
1660516	-167	3	29
1660545	-167	4	30
1660575	-167	5	29
1660604	-167	6	30
1660634	-167	7	29
1660663	-167	8	30
1660693	-167	9	29
1660722	-167	-9	30
1660752	-166	10	29
1660781	-166	11	30
1660811	-166	12	29
1660840	-166	1	30
1660870	-166	2	29
1660899	-166	3	30
1660929	-166	4	29
1660958	-166	5	30
1660988	-166	6	30
1661018	-166	7	29
1661047	-166	8	30
1661077	-166	9	29
1661106	-165	10	30
1661136	-165	11	29
1661165	-165	12	30
1661195	-165	1	29
1661224	-165	2	30
1661254	-165	3	29
1661283	-165	4	30
1661313	-165	5	29
1661342	-165	6	30
1661372	-165	7	29
1661401	-165	8	30
1661431	-165	9	30
1661461	-164	10	29
1661490	-164	11	30
1661520	-164	12	29
1661549	-164	1	30
1661579	-164	2	29
1661608	-164	3	30
1661638	-164	4	29
1661667	-164	5	30
1661697	-164	6	29
1661726	-164	7	30
1661756	-164	8	29
1661785	-164	9	30
1661815	-164	-9	29
1661844	-163	10	30
1661874	-163	11	29
1661903	-163	12	30
1661933	-163	1	30
1661963	-163	2	29
1661992	-163	3	30
1662022	-163	4	29
1662051	-163	5	30
1662081	-163	6	29
1662110	-163	7	30
1662140	-163	8	29
1662169	-163	9	30
1662199	-162	10	29
1662228	-162	11	30
1662258	-162	12	29
1662287	-162	1	30
1662317	-162	2	29
1662346	-162	3	30
1662376	-162	4	29
1662405	-162	5	30
1662435	-162	6	30
1662465	-162	7	29
1662494	-162	8	30
1662524	-162	9	29
1662553	-162	-9	30
1662583	-161	10	29
1662612	-161	11	30
1662642	-161	12	29
1662671	-161	1	30
1662701	-161	2	29
1662730	-161	3	30
1662760	-161	4	29
1662789	-161	5	30
1662819	-161	6	29
1662848	-161	7	30
1662878	-161	8	29
1662907	-161	9	30
1662937	-160	10	30
1662967	-160	11	29
1662996	-160	12	30
1663026	-160	1	29
1663055	-160	2	30
1663085	-160	3	29
1663114	-160	4	30
1663144	-160	5	29
1663173	-160	6	30
1663203	-160	7	29
1663232	-160	8	30
1663262	-160	9	29
1663291	-159	10	30
1663321	-159	11	29
1663350	-159	12	30
1663380	-159	1	30
1663410	-159	2	29
1663439	-159	3	30
1663469	-159	4	29
1663498	-159	5	30
1663528	-159	6	29
1663557	-159	7	30
1663587	-159	8	29
1663616	-159	9	30
1663646	-159	-9	29
1663675	-158	10	30
1663705	-158	11	29
1663734	-158	12	30
1663764	-158	1	29
1663793	-158	2	30
1663823	-158	3	29
1663852	-158	4	30
1663882	-158	5	30
1663912	-158	6	29
1663941	-158	7	30
1663971	-158	8	29
1664000	-158	9	30
1664030	-157	10	29
1664059	-157	11	30
1664089	-157	12	29
1664118	-157	1	30
1664148	-157	2	29
1664177	-157	3	30
1664207	-157	4	29
1664236	-157	5	30
1664266	-157	6	29
1664295	-157	7	30
1664325	-157	8	30
1664355	-157	9	29
1664384	-156	10	30
1664414	-156	11	29
1664443	-156	12	30
1664473	-156	1	29
1664502	-156	2	30
1664532	-156	3	29
1664561	-156	4	30
1664591	-156	5	29
1664620	-156	6	30
1664650	-156	7	29
1664679	-156	8	30
1664709	-156	9	29
1664738	-156	-9	30
1664768	-155	10	29
1664797	-155	11	30
1664827	-155	12	30
1664857	-155	1	29
1664886	-155	2	30
1664916	-155	3	29
1664945	-155	4	30
1664975	-155	5	29
1665004	-155	6	30
1665034	-155	7	29
1665063	-155	8	30
1665093	-155	9	29
1665122	-154	10	30
1665152	-154	11	29
1665181	-154	12	30
1665211	-154	1	29
1665240	-154	2	30
1665270	-154	3	29
1665299	-154	4	30
1665329	-154	5	30
1665359	-154	6	29
1665388	-154	7	30
1665418	-154	8	29
1665447	-154	9	30
1665477	-153	10	29
1665506	-153	11	30
1665536	-153	12	29
1665565	-153	1	30
1665595	-153	2	29
1665624	-153	3	30
1665654	-153	4	29
1665683	-153	5	30
1665713	-153	6	29
1665742	-153	7	30
1665772	-153	8	30
1665802	-153	9	29
1665831	-153	-9	30
1665861	-152	10	29
1665890	-152	11	30
1665920	-152	12	29
1665949	-152	1	30
1665979	-152	2	29
1666008	-152	3	30
1666038	-152	4	29
1666067	-152	5	30
1666097	-152	6	29
1666126	-152	7	30
1666156	-152	8	29
1666185	-152	9	30
1666215	-151	10	29
1666244	-151	11	30
1666274	-151	12	30
1666304	-151	1	29
1666333	-151	2	30
1666363	-151	3	29
1666392	-151	4	30
1666422	-151	5	29
1666451	-151	6	30
1666481	-151	7	29
1666510	-151	8	30
1666540	-151	9	29
1666569	-151	-9	30
1666599	-150	10	29
1666628	-150	11	30
1666658	-150	12	29
1666687	-150	1	30
1666717	-150	2	30
1666747	-150	3	29
1666776	-150	4	30
1666806	-150	5	29
1666835	-150	6	30
1666865	-150	7	29
1666894	-150	8	30
1666924	-150	9	29
1666953	-149	10	30
1666983	-149	11	29
1667012	-149	12	30
1667042	-149	1	29
1667071	-149	2	30
1667101	-149	3	29
1667130	-149	4	30
1667160	-149	5	29
1667189	-149	6	30
1667219	-149	7	30
1667249	-149	8	29
1667278	-149	9	30
1667308	-148	10	29
1667337	-148	11	30
1667367	-148	12	29
1667396	-148	1	30
1667426	-148	2	29
1667455	-148	3	30
1667485	-148	4	29
1667514	-148	5	30
1667544	-148	6	29
1667573	-148	7	30
1667603	-148	8	29
1667632	-148	9	30
1667662	-148	-9	29
1667691	-147	10	30
1667721	-147	11	30
1667751	-147	12	29
1667780	-147	1	30
1667810	-147	2	29
1667839	-147	3	30
1667869	-147	4	29
1667898	-147	5	30
1667928	-147	6	29
1667957	-147	7	30
1667987	-147	8	29
1668016	-147	9	30
1668046	-146	10	29
1668075	-146	11	30
1668105	-146	12	29
1668134	-146	1	30
1668164	-146	2	30
1668194	-146	3	29
1668223	-146	4	30
1668253	-146	5	29
1668282	-146	6	30
1668312	-146	7	29
1668341	-146	8	30
1668371	-146	9	29
1668400	-145	10	30
1668430	-145	11	29
1668459	-145	12	30
1668489	-145	1	29
1668518	-145	2	30
1668548	-145	3	29
1668577	-145	4	30
1668607	-145	5	29
1668636	-145	6	30
1668666	-145	7	30
1668696	-145	8	29
1668725	-145	9	30
1668755	-145	-9	29
1668784	-144	10	30
1668814	-144	11	29
1668843	-144	12	30
1668873	-144	1	29
1668902	-144	2	30
1668932	-144	3	29
1668961	-144	4	30
1668991	-144	5	29
1669020	-144	6	30
1669050	-144	7	29
1669079	-144	8	30
1669109	-144	9	30
1669139	-143	10	29
1669168	-143	11	30
1669198	-143	12	29
1669227	-143	1	30
1669257	-143	2	29
1669286	-143	3	30
1669316	-143	4	29
1669345	-143	5	30
1669375	-143	6	29
1669404	-143	7	30
1669434	-143	8	29
1669463	-143	9	30
1669493	-143	-9	29
1669522	-142	10	30
1669552	-142	11	29
1669581	-142	12	30
1669611	-142	1	30
1669641	-142	2	29
1669670	-142	3	30
1669700	-142	4	29
1669729	-142	5	30
1669759	-142	6	29
1669788	-142	7	30
1669818	-142	8	29
1669847	-142	9	30
1669877	-141	10	29
1669906	-141	11	30
1669936	-141	12	29
1669965	-141	1	30
1669995	-141	2	29
1670024	-141	3	30
1670054	-141	4	29
1670083	-141	5	30
1670113	-141	6	30
1670143	-141	7	29
1670172	-141	8	30
1670202	-141	9	29
1670231	-140	10	30
1670261	-140	11	29
1670290	-140	12	30
1670320	-140	1	29
1670349	-140	2	30
1670379	-140	3	29
1670408	-140	4	30
1670438	-140	5	29
1670467	-140	6	30
1670497	-140	7	29
1670526	-140	8	30
1670556	-140	9	30
1670586	-140	-9	29
1670615	-139	10	30
1670645	-139	11	29
1670674	-139	12	30
1670704	-139	1	29
1670733	-139	2	30
1670763	-139	3	29
1670792	-139	4	30
1670822	-139	5	29
1670851	-139	6	30
1670881	-139	7	29
1670910	-139	8	30
1670940	-139	9	29
1670969	-138	10	30
1670999	-138	11	29
1671028	-138	12	30
1671058	-138	1	30
1671088	-138	2	29
1671117	-138	3	30
1671147	-138	4	29
1671176	-138	5	30
1671206	-138	6	29
1671235	-138	7	30
1671265	-138	8	29
1671294	-138	9	30
1671324	-137	10	29
1671353	-137	11	30
1671383	-137	12	29
1671412	-137	1	30
1671442	-137	2	29
1671471	-137	3	30
1671501	-137	4	30
1671531	-137	5	29
1671560	-137	6	30
1671590	-137	7	29
1671619	-137	8	30
1671649	-137	9	29
1671678	-137	-9	30
1671708	-136	10	29
1671737	-136	11	30
1671767	-136	12	29
1671796	-136	1	30
1671826	-136	2	29
1671855	-136	3	30
1671885	-136	4	29
1671914	-136	5	30
1671944	-136	6	29
1671973	-136	7	30
1672003	-136	8	30
1672033	-136	9	29
1672062	-135	10	30
1672092	-135	11	29
1672121	-135	12	30
1672151	-135	1	29
1672180	-135	2	30
1672210	-135	3	29
1672239	-135	4	30
1672269	-135	5	29
1672298	-135	6	30
1672328	-135	7	29
1672357	-135	8	30
1672387	-135	9	29
1672416	-134	10	30
1672446	-134	11	29
1672475	-134	12	30
1672505	-134	1	30
1672535	-134	2	29
1672564	-134	3	30
1672594	-134	4	29
1672623	-134	5	30
1672653	-134	6	29
1672682	-134	7	30
1672712	-134	8	29
1672741	-134	9	30
1672771	-134	-9	29
1672800	-133	10	30
1672830	-133	11	29
1672859	-133	12	30
1672889	-133	1	29
1672918	-133	2	30
1672948	-133	3	30
1672978	-133	4	29
1673007	-133	5	30
1673037	-133	6	29
1673066	-133	7	30
1673096	-133	8	29
1673125	-133	9	30
1673155	-132	10	29
1673184	-132	11	30
1673214	-132	12	29
1673243	-132	1	30
1673273	-132	2	29
1673302	-132	3	30
1673332	-132	4	29
1673361	-132	5	30
1673391	-132	6	29
1673420	-132	7	30
1673450	-132	8	30
1673480	-132	9	29
1673509	-132	-9	30
1673539	-131	10	29
1673568	-131	11	30
1673598	-131	12	29
1673627	-131	1	30
1673657	-131	2	29
1673686	-131	3	30
1673716	-131	4	29
1673745	-131	5	30
1673775	-131	6	29
1673804	-131	7	30
1673834	-131	8	29
1673863	-131	9	30
1673893	-130	10	30
1673923	-130	11	29
1673952	-130	12	30
1673982	-130	1	29
1674011	-130	2	30
1674041	-130	3	29
1674070	-130	4	30
1674100	-130	5	29
1674129	-130	6	30
1674159	-130	7	29
1674188	-130	8	30
1674218	-130	9	29
1674247	-129	10	30
1674277	-129	11	29
1674306	-129	12	30
1674336	-129	1	29
1674365	-129	2	30
1674395	-129	3	30
1674425	-129	4	29
1674454	-129	5	30
1674484	-129	6	29
1674513	-129	7	30
1674543	-129	8	29
1674572	-129	9	30
1674602	-129	-9	29
1674631	-128	10	30
1674661	-128	11	29
1674690	-128	12	30
1674720	-128	1	29
1674749	-128	2	30
1674779	-128	3	29
1674808	-128	4	30
1674838	-128	5	29
1674867	-128	6	30
1674897	-128	7	30
1674927	-128	8	29
1674956	-128	9	30
1674986	-127	10	29
1675015	-127	11	30
1675045	-127	12	29
1675074	-127	1	30
1675104	-127	2	29
1675133	-127	3	30
1675163	-127	4	29
1675192	-127	5	30
1675222	-127	6	29
1675251	-127	7	30
1675281	-127	8	29
1675310	-127	9	30
1675340	-126	10	30
1675370	-126	11	29
1675399	-126	12	30
1675429	-126	1	29
1675458	-126	2	30
1675488	-126	3	29
1675517	-126	4	30
1675547	-126	5	29
1675576	-126	6	30
1675606	-126	7	29
1675635	-126	8	30
1675665	-126	9	29
1675694	-126	-9	30
1675724	-125	10	29
1675753	-125	11	30
1675783	-125	12	29
1675812	-125	1	30
1675842	-125	2	30
1675872	-125	3	29
1675901	-125	4	30
1675931	-125	5	29
1675960	-125	6	30
1675990	-125	7	29
1676019	-125	8	30
1676049	-125	9	29
1676078	-124	10	30
1676108	-124	11	29
1676137	-124	12	30
1676167	-124	1	29
1676196	-124	2	30
1676226	-124	3	29
1676255	-124	4	30
1676285	-124	5	29
1676314	-124	6	30
1676344	-124	7	30
1676374	-124	8	29
1676403	-124	9	30
1676433	-124	-9	29
1676462	-123	10	30
1676492	-123	11	29
1676521	-123	12	30
1676551	-123	1	29
1676580	-123	2	30
1676610	-123	3	29
1676639	-123	4	30
1676669	-123	5	29
1676698	-123	6	30
1676728	-123	7	29
1676757	-123	8	30
1676787	-123	9	30
1676817	-122	10	29
1676846	-122	11	30
1676876	-122	12	29
1676905	-122	1	30
1676935	-122	2	29
1676964	-122	3	30
1676994	-122	4	29
1677023	-122	5	30
1677053	-122	6	29
1677082	-122	7	30
1677112	-122	8	29
1677141	-122	9	30
1677171	-121	10	29
1677200	-121	11	30
1677230	-121	12	29
1677259	-121	1	30
1677289	-121	2	30
1677319	-121	3	29
1677348	-121	4	30
1677378	-121	5	29
1677407	-121	6	30
1677437	-121	7	29
1677466	-121	8	30
1677496	-121	9	29
1677525	-121	-9	30
1677555	-120	10	29
1677584	-120	11	30
1677614	-120	12	29
1677643	-120	1	30
1677673	-120	2	29
1677702	-120	3	30
1677732	-120	4	30
1677762	-120	5	29
1677791	-120	6	30
1677821	-120	7	29
1677850	-120	8	30
1677880	-120	9	29
1677909	-119	10	30
1677939	-119	11	29
1677968	-119	12	30
1677998	-119	1	29
1678027	-119	2	30
1678057	-119	3	29
1678086	-119	4	30
1678116	-119	5	29
1678145	-119	6	30
1678175	-119	7	29
1678204	-119	8	30
1678234	-119	9	30
1678264	-118	10	29
1678293	-118	11	30
1678323	-118	12	29
1678352	-118	1	30
1678382	-118	2	29
1678411	-118	3	30
1678441	-118	4	29
1678470	-118	5	30
1678500	-118	6	29
1678529	-118	7	30
1678559	-118	8	29
1678588	-118	9	30
1678618	-118	-9	29
1678647	-117	10	30
1678677	-117	11	29
1678706	-117	12	30
1678736	-117	1	30
1678766	-117	2	29
1678795	-117	3	30
1678825	-117	4	29
1678854	-117	5	30
1678884	-117	6	29
1678913	-117	7	30
1678943	-117	8	29
1678972	-117	9	30
1679002	-116	10	29
1679031	-116	11	30
1679061	-116	12	29
1679090	-116	1	30
1679120	-116	2	29
1679149	-116	3	30
1679179	-116	4	30
1679209	-116	5	29
1679238	-116	6	30
1679268	-116	7	29
1679297	-116	8	30
1679327	-116	9	29
1679356	-115	10	30
1679386	-115	11	29
1679415	-115	12	30
1679445	-115	1	29
1679474	-115	2	30
1679504	-115	3	29
1679533	-115	4	30
1679563	-115	5	29
1679592	-115	6	30
1679622	-115	7	29
1679651	-115	8	30
1679681	-115	9	30
1679711	-115	-9	29
1679740	-114	10	30
1679770	-114	11	29
1679799	-114	12	30
1679829	-114	1	29
1679858	-114	2	30
1679888	-114	3	29
1679917	-114	4	30
1679947	-114	5	29
1679976	-114	6	30
1680006	-114	7	29
1680035	-114	8	30
1680065	-114	9	29
1680094	-113	10	30
1680124	-113	11	30
1680154	-113	12	29
1680183	-113	1	30
1680213	-113	2	29
1680242	-113	3	30
1680272	-113	4	29
1680301	-113	5	30
1680331	-113	6	29
1680360	-113	7	30
1680390	-113	8	29
1680419	-113	9	30
1680449	-113	-9	29
1680478	-112	10	30
1680508	-112	11	29
1680537	-112	12	30
1680567	-112	1	29
1680596	-112	2	30
1680626	-112	3	30
1680656	-112	4	29
1680685	-112	5	30
1680715	-112	6	29
1680744	-112	7	30
1680774	-112	8	29
1680803	-112	9	30
1680833	-111	10	29
1680862	-111	11	30
1680892	-111	12	29
1680921	-111	1	30
1680951	-111	2	29
1680980	-111	3	30
1681010	-111	4	29
1681039	-111	5	30
1681069	-111	6	29
1681098	-111	7	30
1681128	-111	8	30
1681158	-111	9	29
1681187	-110	10	30
1681217	-110	11	29
1681246	-110	12	30
1681276	-110	1	29
1681305	-110	2	30
1681335	-110	3	29
1681364	-110	4	30
1681394	-110	5	29
1681423	-110	6	30
1681453	-110	7	29
1681482	-110	8	30
1681512	-110	9	29
1681541	-110	-9	30
1681571	-109	10	30
1681601	-109	11	29
1681630	-109	12	30
1681660	-109	1	29
1681689	-109	2	30
1681719	-109	3	29
1681748	-109	4	30
1681778	-109	5	29
1681807	-109	6	30
1681837	-109	7	29
1681866	-109	8	30
1681896	-109	9	29
1681925	-108	10	30
1681955	-108	11	29
1681984	-108	12	30
1682014	-108	1	29
1682043	-108	2	30
1682073	-108	3	30
1682103	-108	4	29
1682132	-108	5	30
1682162	-108	6	29
1682191	-108	7	30
1682221	-108	8	29
1682250	-108	9	30
1682280	-107	10	29
1682309	-107	11	30
1682339	-107	12	29
1682368	-107	1	30
1682398	-107	2	29
1682427	-107	3	30
1682457	-107	4	29
1682486	-107	5	30
1682516	-107	6	30
1682546	-107	7	29
1682575	-107	8	30
1682605	-107	9	29
1682634	-107	-9	30
1682664	-106	10	29
1682693	-106	11	30
1682723	-106	12	29
1682752	-106	1	30
1682782	-106	2	29
1682811	-106	3	30
1682841	-106	4	29
1682870	-106	5	30
1682900	-106	6	29
1682929	-106	7	30
1682959	-106	8	29
1682988	-106	9	30
1683018	-105	10	30
1683048	-105	11	29
1683077	-105	12	30
1683107	-105	1	29
1683136	-105	2	30
1683166	-105	3	29
1683195	-105	4	30
1683225	-105	5	29
1683254	-105	6	30
1683284	-105	7	29
1683313	-105	8	30
1683343	-105	9	29
1683372	-105	-9	30
1683402	-104	10	29
1683431	-104	11	30
1683461	-104	12	29
1683490	-104	1	30
1683520	-104	2	30
1683550	-104	3	29
1683579	-104	4	29
1683608	-104	5	29
1683637	-104	6	30
1683667	-104	7	29
1683696	-104	8	30
1683726	-104	9	29
1683755	-104	10	30
1683785	-104	11	29
1683814	-104	12	30
1683844	-103	1	29
1683873	-103	2	30
1683903	-103	3	30
1683933	-103	4	29
1683962	-103	5	30
1683992	-103	6	29
1684021	-103	7	30
1684051	-103	8	29
1684080	-103	9	30
1684110	-103	10	29
1684139	-103	11	30
1684169	-103	12	29
1684198	-102	1	30
1684228	-102	2	29
1684257	-102	3	30
1684287	-102	4	29
1684316	-102	5	30
1684346	-102	6	29
1684375	-102	-6	30
1684405	-102	7	30
1684435	-102	8	29
1684464	-102	9	30
1684494	-102	10	29
1684523	-102	11	30
1684553	-102	12	29
1684582	-101	1	30
1684612	-101	2	29
1684641	-101	3	30
1684671	-101	4	29
1684700	-101	5	30
1684730	-101	6	29
1684759	-101	7	30
1684789	-101	8	29
1684818	-101	9	30
1684848	-101	10	30
1684878	-101	11	29
1684907	-101	12	30
1684937	-100	1	29
1684966	-100	2	30
1684996	-100	3	29
1685025	-100	4	30
1685055	-100	5	29
1685084	-100	6	30
1685114	-100	7	29
1685143	-100	8	30
1685173	-100	9	29
1685202	-100	10	30
1685232	-100	11	29
1685261	-100	12	30
1685291	-99	1	29
1685320	-99	2	30
1685350	-99	3	30
1685380	-99	-3	29
1685409	-99	4	30
1685439	-99	5	29
1685468	-99	6	30
1685498	-99	7	29
1685527	-99	8	30
1685557	-99	9	29
1685586	-99	10	30
1685616	-99	11	29
1685645	-99	12	30
1685675	-98	1	29
1685704	-98	2	30
1685734	-98	3	29
1685763	-98	4	30
1685793	-98	5	30
1685823	-98	6	29
1685852	-98	7	30
1685882	-98	8	29
1685911	-98	9	30
1685941	-98	10	29
1685970	-98	11	30
1686000	-98	12	29
1686029	-97	1	30
1686059	-97	2	29
1686088	-97	3	30
1686118	-97	4	29
1686147	-97	5	30
1686177	-97	6	29
1686206	-97	7	30
1686236	-97	8	29
1686265	-97	9	30
1686295	-97	10	30
1686325	-97	11	29
1686354	-97	12	30
1686384	-97	-12	29
1686413	-96	1	30
1686443	-96	2	29
1686472	-96	3	30
1686502	-96	4	29
1686531	-96	5	30
1686561	-96	6	29
1686590	-96	7	30
1686620	-96	8	29
1686649	-96	9	30
1686679	-96	10	29
1686708	-96	11	30
1686738	-96	12	29
1686767	-95	1	30
1686797	-95	2	30
1686827	-95	3	29
1686856	-95	4	30
1686886	-95	5	29
1686915	-95	6	30
1686945	-95	7	29
1686974	-95	8	30
1687004	-95	9	29
1687033	-95	10	30
1687063	-95	11	29
1687092	-95	12	30
1687122	-94	1	29
1687151	-94	2	30
1687181	-94	3	29
1687210	-94	4	30
1687240	-94	5	30
1687270	-94	6	29
1687299	-94	7	30
1687329	-94	8	29
1687358	-94	9	30
1687388	-94	-9	29
1687417	-94	10	30
1687447	-94	11	29
1687476	-94	12	30
1687506	-93	1	29
1687535	-93	2	30
1687565	-93	3	29
1687594	-93	4	30
1687624	-93	5	29
1687653	-93	6	30
1687683	-93	7	29
1687712	-93	8	30
1687742	-93	9	30
1687772	-93	10	29
1687801	-93	11	30
1687831	-93	12	29
1687860	-92	1	30
1687890	-92	2	29
1687919	-92	3	30
1687949	-92	4	29
1687978	-92	5	30
1688008	-92	6	29
1688037	-92	7	30
1688067	-92	8	29
1688096	-92	9	30
1688126	-92	10	29
1688155	-92	11	30
1688185	-92	12	30
1688215	-91	1	29
1688244	-91	2	30
1688274	-91	3	29
1688303	-91	4	30
1688333	-91	5	29
1688362	-91	-5	30
1688392	-91	6	29
1688421	-91	7	30
1688451	-91	8	29
1688480	-91	9	30
1688510	-91	10	29
1688539	-91	11	30
1688569	-91	12	29
1688598	-90	1	30
1688628	-90	2	29
1688657	-90	3	30
1688687	-90	4	30
1688717	-90	5	29
1688746	-90	6	30
1688776	-90	7	29
1688805	-90	8	30
1688835	-90	9	29
1688864	-90	10	30
1688894	-90	11	29
1688923	-90	12	30
1688953	-89	1	29
1688982	-89	2	30
1689012	-89	3	29
1689041	-89	4	30
1689071	-89	5	29
1689100	-89	6	30
1689130	-89	7	29
1689159	-89	8	30
1689189	-89	9	30
1689219	-89	10	29
1689248	-89	11	30
1689278	-89	12	29
1689307	-88	1	30
1689337	-88	-1	29
1689366	-88	2	30
1689396	-88	3	29
1689425	-88	4	30
1689455	-88	5	29
1689484	-88	6	30
1689514	-88	7	29
1689543	-88	8	30
1689573	-88	9	29
1689602	-88	10	30
1689632	-88	11	30
1689662	-88	12	29
1689691	-87	1	30
1689721	-87	2	29
1689750	-87	3	30
1689780	-87	4	29
1689809	-87	5	30
1689839	-87	6	29
1689868	-87	7	30
1689898	-87	8	29
1689927	-87	9	30
1689957	-87	10	29
1689986	-87	11	30
1690016	-87	12	29
1690045	-86	1	30
1690075	-86	2	29
1690104	-86	3	30
1690134	-86	4	30
1690164	-86	5	29
1690193	-86	6	30
1690223	-86	7	29
1690252	-86	8	30
1690282	-86	9	29
1690311	-86	10	30
1690341	-86	-10	29
1690370	-86	11	30
1690400	-86	12	29
1690429	-85	1	30
1690459	-85	2	29
1690488	-85	3	30
1690518	-85	4	29
1690547	-85	5	30
1690577	-85	6	30
1690607	-85	7	29
1690636	-85	8	30
1690666	-85	9	29
1690695	-85	10	30
1690725	-85	11	29
1690754	-85	12	30
1690784	-84	1	29
1690813	-84	2	30
1690843	-84	3	29
1690872	-84	4	30
1690902	-84	5	29
1690931	-84	6	30
1690961	-84	7	29
1690990	-84	8	30
1691020	-84	9	29
1691049	-84	10	30
1691079	-84	11	30
1691109	-84	12	29
1691138	-83	1	30
1691168	-83	2	29
1691197	-83	3	30
1691227	-83	4	29
1691256	-83	5	30
1691286	-83	6	29
1691315	-83	7	30
1691345	-83	-7	29
1691374	-83	8	30
1691404	-83	9	29
1691433	-83	10	30
1691463	-83	11	29
1691492	-83	12	30
1691522	-82	1	29
1691551	-82	2	30
1691581	-82	3	30
1691611	-82	4	29
1691640	-82	5	30
1691670	-82	6	29
1691699	-82	7	30
1691729	-82	8	29
1691758	-82	9	30
1691788	-82	10	29
1691817	-82	11	30
1691847	-82	12	29
1691876	-81	1	30
1691906	-81	2	29
1691935	-81	3	30
1691965	-81	4	29
1691994	-81	5	30
1692024	-81	6	30
1692054	-81	7	29
1692083	-81	8	30
1692113	-81	9	29
1692142	-81	10	30
1692172	-81	11	29
1692201	-81	12	30
1692231	-80	1	29
1692260	-80	2	30
1692290	-80	3	29
1692319	-80	-3	30
1692349	-80	4	29
1692378	-80	5	30
1692408	-80	6	29
1692437	-80	7	30
1692467	-80	8	29
1692496	-80	9	30
1692526	-80	10	30
1692556	-80	11	29
1692585	-80	12	30
1692615	-79	1	29
1692644	-79	2	30
1692674	-79	3	29
1692703	-79	4	30
1692733	-79	5	29
1692762	-79	6	30
1692792	-79	7	29
1692821	-79	8	30
1692851	-79	9	29
1692880	-79	10	30
1692910	-79	11	29
1692939	-79	12	30
1692969	-78	1	30
1692999	-78	2	29
1693028	-78	3	30
1693058	-78	4	29
1693087	-78	5	30
1693117	-78	6	29
1693146	-78	7	30
1693176	-78	8	29
1693205	-78	9	30
1693235	-78	10	29
1693264	-78	11	30
1693294	-78	-11	29
1693323	-78	12	30
1693353	-77	1	29
1693382	-77	2	30
1693412	-77	3	29
1693441	-77	4	30
1693471	-77	5	30
1693501	-77	6	29
1693530	-77	7	30
1693560	-77	8	29
1693589	-77	9	30
1693619	-77	10	29
1693648	-77	11	30
1693678	-77	12	29
1693707	-76	1	30
1693737	-76	2	29
1693766	-76	3	30
1693796	-76	4	29
1693825	-76	5	30
1693855	-76	6	29
1693884	-76	7	30
1693914	-76	8	29
1693943	-76	9	30
1693973	-76	10	30
1694003	-76	11	29
1694032	-76	12	30
1694062	-75	1	29
1694091	-75	2	30
1694121	-75	3	29
1694150	-75	4	30
1694180	-75	5	29
1694209	-75	6	30
1694239	-75	7	29
1694268	-75	8	30
1694298	-75	-8	29
1694327	-75	9	30
1694357	-75	10	29
1694386	-75	11	30
1694416	-75	12	30
1694446	-74	1	29
1694475	-74	2	30
1694505	-74	3	29
1694534	-74	4	30
1694564	-74	5	29
1694593	-74	6	30
1694623	-74	7	29
1694652	-74	8	30
1694682	-74	9	29
1694711	-74	10	30
1694741	-74	11	29
1694770	-74	12	30
1694800	-73	1	29
1694829	-73	2	30
1694859	-73	3	29
1694888	-73	4	30
1694918	-73	5	30
1694948	-73	6	29
1694977	-73	7	30
1695007	-73	8	29
1695036	-73	9	30
1695066	-73	10	29
1695095	-73	11	30
1695125	-73	12	29
1695154	-72	1	30
1695184	-72	2	29
1695213	-72	3	30
1695243	-72	4	29
1695272	-72	5	30
1695302	-72	-5	29
1695331	-72	6	30
1695361	-72	7	30
1695391	-72	8	29
1695420	-72	9	30
1695450	-72	10	29
1695479	-72	11	30
1695509	-72	12	29
1695538	-71	1	30
1695568	-71	2	29
1695597	-71	3	30
1695627	-71	4	29
1695656	-71	5	30
1695686	-71	6	29
1695715	-71	7	30
1695745	-71	8	29
1695774	-71	9	30
1695804	-71	10	29
1695833	-71	11	30
1695863	-71	12	30
1695893	-70	1	29
1695922	-70	2	30
1695952	-70	3	29
1695981	-70	4	30
1696011	-70	5	29
1696040	-70	6	30
1696070	-70	7	29
1696099	-70	8	30
1696129	-70	9	29
1696158	-70	10	30
1696188	-70	11	29
1696217	-70	12	30
1696247	-69	1	29
1696276	-69	-1	30
1696306	-69	2	29
1696335	-69	3	30
1696365	-69	4	30
1696395	-69	5	29
1696424	-69	6	30
1696454	-69	7	29
1696483	-69	8	30
1696513	-69	9	29
1696542	-69	10	30
1696572	-69	11	29
1696601	-69	12	30
1696631	-68	1	29
1696660	-68	2	30
1696690	-68	3	29
1696719	-68	4	30
1696749	-68	5	29
1696778	-68	6	30
1696808	-68	7	30
1696838	-68	8	29
1696867	-68	9	30
1696897	-68	10	29
1696926	-68	11	30
1696956	-68	12	29
1696985	-67	1	30
1697015	-67	2	29
1697044	-67	3	30
1697074	-67	4	29
1697103	-67	5	30
1697133	-67	6	29
1697162	-67	7	30
1697192	-67	8	29
1697221	-67	9	30
1697251	-67	-9	29
1697280	-67	10	30
1697310	-67	11	30
1697340	-67	12	29
1697369	-66	1	30
1697399	-66	2	29
1697428	-66	3	30
1697458	-66	4	29
1697487	-66	5	30
1697517	-66	6	29
1697546	-66	7	30
1697576	-66	8	29
1697605	-66	9	30
1697635	-66	10	29
1697664	-66	11	30
1697694	-66	12	29
1697723	-65	1	30
1697753	-65	2	30
1697783	-65	3	29
1697812	-65	4	30
1697842	-65	5	29
1697871	-65	6	30
1697901	-65	7	29
1697930	-65	8	30
1697960	-65	9	29
1697989	-65	10	30
1698019	-65	11	29
1698048	-65	12	30
1698078	-64	1	29
1698107	-64	2	30
1698137	-64	3	29
1698166	-64	4	30
1698196	-64	5	29
1698225	-64	6	30
1698255	-64	7	30
1698285	-64	-7	29
1698314	-64	8	30
1698344	-64	9	29
1698373	-64	10	30
1698403	-64	11	29
1698432	-64	12	30
1698462	-63	1	29
1698491	-63	2	30
1698521	-63	3	29
1698550	-63	4	30
1698580	-63	5	29
1698609	-63	6	30
1698639	-63	7	29
1698668	-63	8	30
1698698	-63	9	29
1698727	-63	10	30
1698757	-63	11	30
1698787	-63	12	29
1698816	-62	1	30
1698846	-62	2	29
1698875	-62	3	30
1698905	-62	4	29
1698934	-62	5	30
1698964	-62	6	29
1698993	-62	7	30
1699023	-62	8	29
1699052	-62	9	30
1699082	-62	10	29
1699111	-62	11	30
1699141	-62	12	29
1699170	-61	1	30
1699200	-61	2	30
1699230	-61	3	29
1699259	-61	4	30
1699289	-61	-4	29
1699318	-61	5	30
1699348	-61	6	29
1699377	-61	7	30
1699407	-61	8	29
1699436	-61	9	30
1699466	-61	10	29
1699495	-61	11	30
1699525	-61	12	29
1699554	-60	1	30
1699584	-60	2	29
1699613	-60	3	30
1699643	-60	4	29
1699672	-60	5	30
1699702	-60	6	30
1699732	-60	7	29
1699761	-60	8	30
1699791	-60	9	29
1699820	-60	10	30
1699850	-60	11	29
1699879	-60	12	30
1699909	-59	1	29
1699938	-59	2	30
1699968	-59	3	29
1699997	-59	4	30
1700027	-59	5	29
1700056	-59	6	30
1700086	-59	7	29
1700115	-59	8	30
1700145	-59	9	30
1700175	-59	10	29
1700204	-59	11	30
1700234	-59	12	29
1700263	-59	-12	30
1700293	-58	1	29
1700322	-58	2	30
1700352	-58	3	29
1700381	-58	4	30
1700411	-58	5	29
1700440	-58	6	30
1700470	-58	7	29
1700499	-58	8	30
1700529	-58	9	29
1700558	-58	10	30
1700588	-58	11	29
1700617	-58	12	30
1700647	-57	1	30
1700677	-57	2	29
1700706	-57	3	30
1700736	-57	4	29
1700765	-57	5	30
1700795	-57	6	29
1700824	-57	7	30
1700854	-57	8	29
1700883	-57	9	30
1700913	-57	10	29
1700942	-57	11	30
1700972	-57	12	29
1701001	-56	1	30
1701031	-56	2	29
1701060	-56	3	30
1701090	-56	4	29
1701119	-56	5	30
1701149	-56	6	30
1701179	-56	7	29
1701208	-56	8	30
1701238	-56	-8	29
1701267	-56	9	30
1701297	-56	10	29
1701326	-56	11	30
1701356	-56	12	29
1701385	-55	1	30
1701415	-55	2	29
1701444	-55	3	30
1701474	-55	4	29
1701503	-55	5	30
1701533	-55	6	29
1701562	-55	7	30
1701592	-55	8	30
1701622	-55	9	29
1701651	-55	10	30
1701681	-55	11	29
1701710	-55	12	30
1701740	-54	1	29
1701769	-54	2	30
1701799	-54	3	29
1701828	-54	4	30
1701858	-54	5	29
1701887	-54	6	30
1701917	-54	7	29
1701946	-54	8	30
1701976	-54	9	29
1702005	-54	10	30
1702035	-54	11	29
1702064	-54	12	30
1702094	-53	1	30
1702124	-53	2	29
1702153	-53	3	30
1702183	-53	4	29
1702212	-53	5	30
1702242	-53	-5	29
1702271	-53	6	30
1702301	-53	7	29
1702330	-53	8	30
1702360	-53	9	29
1702389	-53	10	30
1702419	-53	11	29
1702448	-53	12	30
1702478	-52	1	29
1702507	-52	2	30
1702537	-52	3	30
1702567	-52	4	29
1702596	-52	5	30
1702626	-52	6	29
1702655	-52	7	30
1702685	-52	8	29
1702714	-52	9	30
1702744	-52	10	29
1702773	-52	11	30
1702803	-52	12	29
1702832	-51	1	30
1702862	-51	2	29
1702891	-51	3	30
1702921	-51	4	29
1702950	-51	5	30
1702980	-51	6	29
1703009	-51	7	30
1703039	-51	8	30
1703069	-51	9	29
1703098	-51	10	30
1703128	-51	11	29
1703157	-51	12	30
1703187	-50	1	29
1703216	-50	2	30
1703246	-50	-2	29
1703275	-50	3	30
1703305	-50	4	29
1703334	-50	5	30
1703364	-50	6	29
1703393	-50	7	30
1703423	-50	8	29
1703452	-50	9	30
1703482	-50	10	29
1703511	-50	11	30
1703541	-50	12	30
1703571	-49	1	29
1703600	-49	2	30
1703630	-49	3	29
1703659	-49	4	30
1703689	-49	5	29
1703718	-49	6	30
1703748	-49	7	29
1703777	-49	8	30
1703807	-49	9	29
1703836	-49	10	30
1703866	-49	11	29
1703895	-49	12	30
1703925	-48	1	29
1703954	-48	2	30
1703984	-48	3	30
1704014	-48	4	29
1704043	-48	5	30
1704073	-48	6	29
1704102	-48	7	30
1704132	-48	8	29
1704161	-48	9	30
1704191	-48	10	29
1704220	-48	-10	30
1704250	-48	11	29
1704279	-48	12	30
1704309	-47	1	29
1704338	-47	2	30
1704368	-47	3	29
1704397	-47	4	30
1704427	-47	5	29
1704456	-47	6	30
1704486	-47	7	30
1704516	-47	8	29
1704545	-47	9	30
1704575	-47	10	29
1704604	-47	11	30
1704634	-47	12	29
1704663	-46	1	30
1704693	-46	2	29
1704722	-46	3	30
1704752	-46	4	29
1704781	-46	5	30
1704811	-46	6	29
1704840	-46	7	30
1704870	-46	8	29
1704899	-46	9	30
1704929	-46	10	30
1704959	-46	11	29
1704988	-46	12	30
1705018	-45	1	29
1705047	-45	2	30
1705077	-45	3	29
1705106	-45	4	30
1705136	-45	5	29
1705165	-45	6	30
1705195	-45	-6	29
1705224	-45	7	30
1705254	-45	8	29
1705283	-45	9	30
1705313	-45	10	29
1705342	-45	11	30
1705372	-45	12	29
1705401	-44	1	30
1705431	-44	2	30
1705461	-44	3	29
1705490	-44	4	30
1705520	-44	5	29
1705549	-44	6	30
1705579	-44	7	29
1705608	-44	8	30
1705638	-44	9	29
1705667	-44	10	30
1705697	-44	11	29
1705726	-44	12	30
1705756	-43	1	29
1705785	-43	2	30
1705815	-43	3	29
1705844	-43	4	30
1705874	-43	5	29
1705903	-43	6	30
1705933	-43	7	30
1705963	-43	8	29
1705992	-43	9	30
1706022	-43	10	29
1706051	-43	11	30
1706081	-43	12	29
1706110	-42	1	30
1706140	-42	2	29
1706169	-42	3	30
1706199	-42	-3	29
1706228	-42	4	30
1706258	-42	5	29
1706287	-42	6	30
1706317	-42	7	29
1706346	-42	8	30
1706376	-42	9	30
1706406	-42	10	29
1706435	-42	11	30
1706465	-42	12	29
1706494	-41	1	30
1706524	-41	2	29
1706553	-41	3	30
1706583	-41	4	29
1706612	-41	5	30
1706642	-41	6	29
1706671	-41	7	30
1706701	-41	8	29
1706730	-41	9	30
1706760	-41	10	29
1706789	-41	11	30
1706819	-41	12	29
1706848	-40	1	30
1706878	-40	2	30
1706908	-40	3	29
1706937	-40	4	30
1706967	-40	5	29
1706996	-40	6	30
1707026	-40	7	29
1707055	-40	8	30
1707085	-40	9	29
1707114	-40	10	30
1707144	-40	11	29
1707173	-40	12	30
1707203	-40	-12	29
1707232	-39	1	30
1707262	-39	2	29
1707291	-39	3	30
1707321	-39	4	30
1707351	-39	5	29
1707380	-39	6	30
1707410	-39	7	29
1707439	-39	8	30
1707469	-39	9	29
1707498	-39	10	30
1707528	-39	11	29
1707557	-39	12	30
1707587	-38	1	29
1707616	-38	2	30
1707646	-38	3	29
1707675	-38	4	30
1707705	-38	5	29
1707734	-38	6	30
1707764	-38	7	29
1707793	-38	8	30
1707823	-38	9	30
1707853	-38	10	29
1707882	-38	11	30
1707912	-38	12	29
1707941	-37	1	30
1707971	-37	2	29
1708000	-37	3	30
1708030	-37	4	29
1708059	-37	5	30
1708089	-37	6	29
1708118	-37	7	30
1708148	-37	8	29
1708177	-37	-8	30
1708207	-37	9	29
1708236	-37	10	30
1708266	-37	11	29
1708295	-37	12	30
1708325	-36	1	30
1708355	-36	2	29
1708384	-36	3	30
1708414	-36	4	29
1708443	-36	5	30
1708473	-36	6	29
1708502	-36	7	30
1708532	-36	8	29
1708561	-36	9	30
1708591	-36	10	29
1708620	-36	11	30
1708650	-36	12	29
1708679	-35	1	30
1708709	-35	2	29
1708738	-35	3	30
1708768	-35	4	30
1708798	-35	5	29
1708827	-35	6	30
1708857	-35	7	29
1708886	-35	8	30
1708916	-35	9	29
1708945	-35	10	30
1708975	-35	11	29
1709004	-35	12	30
1709034	-34	1	29
1709063	-34	2	30
1709093	-34	3	29
1709122	-34	4	30
1709152	-34	-4	29
1709181	-34	5	30
1709211	-34	6	29
1709240	-34	7	30
1709270	-34	8	30
1709300	-34	9	29
1709329	-34	10	30
1709359	-34	11	29
1709388	-34	12	30
1709418	-33	1	29
1709447	-33	2	30
1709477	-33	3	29
1709506	-33	4	30
1709536	-33	5	29
1709565	-33	6	30
1709595	-33	7	29
1709624	-33	8	30
1709654	-33	9	29
1709683	-33	10	30
1709713	-33	11	30
1709743	-33	12	29
1709772	-32	1	30
1709802	-32	2	29
1709831	-32	3	30
1709861	-32	4	29
1709890	-32	5	30
1709920	-32	6	29
1709949	-32	7	30
1709979	-32	8	29
1710008	-32	9	30
1710038	-32	10	29
1710067	-32	11	30
1710097	-32	12	29
1710126	-31	1	30
1710156	-31	-1	29
1710185	-31	2	30
1710215	-31	3	30
1710245	-31	4	29
1710274	-31	5	30
1710304	-31	6	29
1710333	-31	7	30
1710363	-31	8	29
1710392	-31	9	30
1710422	-31	10	29
1710451	-31	11	30
1710481	-31	12	29
1710510	-30	1	30
1710540	-30	2	29
1710569	-30	3	30
1710599	-30	4	29
1710628	-30	5	30
1710658	-30	6	29
1710687	-30	7	30
1710717	-30	8	30
1710747	-30	9	29
1710776	-30	10	30
1710806	-30	11	29
1710835	-30	12	30
1710865	-29	1	29
1710894	-29	2	30
1710924	-29	3	29
1710953	-29	4	30
1710983	-29	5	29
1711012	-29	6	30
1711042	-29	7	29
1711071	-29	8	30
1711101	-29	9	29
1711130	-29	10	30
1711160	-29	-10	30
1711190	-29	11	29
1711219	-29	12	30
1711249	-28	1	29
1711278	-28	2	30
1711308	-28	3	29
1711337	-28	4	30
1711367	-28	5	29
1711396	-28	6	30
1711426	-28	7	29
1711455	-28	8	30
1711485	-28	9	29
1711514	-28	10	30
1711544	-28	11	29
1711573	-28	12	30
1711603	-27	1	29
1711632	-27	2	30
1711662	-27	3	30
1711692	-27	4	29
1711721	-27	5	30
1711751	-27	6	29
1711780	-27	7	30
1711810	-27	8	29
1711839	-27	9	30
1711869	-27	10	29
1711898	-27	11	30
1711928	-27	12	29
1711957	-26	1	30
1711987	-26	2	29
1712016	-26	3	30
1712046	-26	4	29
1712075	-26	5	30
1712105	-26	6	30
1712135	-26	-6	29
1712164	-26	7	30
1712194	-26	8	29
1712223	-26	9	30
1712253	-26	10	29
1712282	-26	11	30
1712312	-26	12	29
1712341	-25	1	30
1712371	-25	2	29
1712400	-25	3	30
1712430	-25	4	29
1712459	-25	5	30
1712489	-25	6	29
1712518	-25	7	30
1712548	-25	8	29
1712577	-25	9	30
1712607	-25	10	30
1712637	-25	11	29
1712666	-25	12	30
1712696	-24	1	29
1712725	-24	2	30
1712755	-24	3	29
1712784	-24	4	30
1712814	-24	5	29
1712843	-24	6	30
1712873	-24	7	29
1712902	-24	8	30
1712932	-24	9	29
1712961	-24	10	30
1712991	-24	11	29
1713020	-24	12	30
1713050	-23	1	29
1713079	-23	2	30
1713109	-23	3	30
1713139	-23	-3	29
1713168	-23	4	30
1713198	-23	5	29
1713227	-23	6	30
1713257	-23	7	29
1713286	-23	8	30
1713316	-23	9	29
1713345	-23	10	30
1713375	-23	11	29
1713404	-23	12	30
1713434	-22	1	29
1713463	-22	2	30
1713493	-22	3	29
1713522	-22	4	30
1713552	-22	5	30
1713582	-22	6	29
1713611	-22	7	30
1713641	-22	8	29
1713670	-22	9	30
1713700	-22	10	29
1713729	-22	11	30
1713759	-22	12	29
1713788	-21	1	30
1713818	-21	2	29
1713847	-21	3	30
1713877	-21	4	29
1713906	-21	5	30
1713936	-21	6	29
1713965	-21	7	30
1713995	-21	8	29
1714024	-21	9	30
1714054	-21	10	30
1714084	-21	11	29
1714113	-21	12	30
1714143	-21	-12	29
1714172	-20	1	30
1714202	-20	2	29
1714231	-20	3	30
1714261	-20	4	29
1714290	-20	5	30
1714320	-20	6	29
1714349	-20	7	30
1714379	-20	8	29
1714408	-20	9	30
1714438	-20	10	29
1714467	-20	11	30
1714497	-20	12	30
1714527	-19	1	29
1714556	-19	2	30
1714586	-19	3	29
1714615	-19	4	30
1714645	-19	5	29
1714674	-19	6	30
1714704	-19	7	29
1714733	-19	8	30
1714763	-19	9	29
1714792	-19	10	30
1714822	-19	11	29
1714851	-19	12	30
1714881	-18	1	29
1714910	-18	2	30
1714940	-18	3	29
1714969	-18	4	30
1714999	-18	5	30
1715029	-18	6	29
1715058	-18	7	30
1715088	-18	8	29
1715117	-18	9	30
1715147	-18	-9	29
1715176	-18	10	30
1715206	-18	11	29
1715235	-18	12	30
1715265	-17	1	29
1715294	-17	2	30
1715324	-17	3	29
1715353	-17	4	30
1715383	-17	5	29
1715412	-17	6	30
1715442	-17	7	29
1715471	-17	8	30
1715501	-17	9	30
1715531	-17	10	29
1715560	-17	11	30
1715590	-17	12	29
1715619	-16	1	30
1715649	-16	2	29
1715678	-16	3	30
1715708	-16	4	29
1715737	-16	5	30
1715767	-16	6	29
1715796	-16	7	30
1715826	-16	8	29
1715855	-16	9	30
1715885	-16	10	29
1715914	-16	11	30
1715944	-16	12	30
1715974	-15	1	29
1716003	-15	2	30
1716033	-15	3	29
1716062	-15	4	30
1716092	-15	5	29
1716121	-15	-5	30
1716151	-15	6	29
1716180	-15	7	30
1716210	-15	8	29
1716239	-15	9	30
1716269	-15	10	29
1716298	-15	11	30
1716328	-15	12	29
1716357	-14	1	30
1716387	-14	2	29
1716416	-14	3	30
1716446	-14	4	30
1716476	-14	5	29
1716505	-14	6	30
1716535	-14	7	29
1716564	-14	8	30
1716594	-14	9	29
1716623	-14	10	30
1716653	-14	11	29
1716682	-14	12	30
1716712	-13	1	29
1716741	-13	2	30
1716771	-13	3	29
1716800	-13	4	30
1716830	-13	5	29
1716859	-13	6	30
1716889	-13	7	30
1716919	-13	8	29
1716948	-13	9	30
1716978	-13	10	29
1717007	-13	11	30
1717037	-13	12	29
1717066	-12	1	30
1717096	-12	-1	29
1717125	-12	2	30
1717155	-12	3	29
1717184	-12	4	30
1717214	-12	5	29
1717243	-12	6	30
1717273	-12	7	29
1717302	-12	8	30
1717332	-12	9	29
1717361	-12	10	30
1717391	-12	11	30
1717421	-12	12	29
1717450	-11	1	30
1717480	-11	2	29
1717509	-11	3	30
1717539	-11	4	29
1717568	-11	5	30
1717598	-11	6	29
1717627	-11	7	30
1717657	-11	8	29
1717686	-11	9	30
1717716	-11	10	29
1717745	-11	11	30
1717775	-11	12	29
1717804	-10	1	30
1717834	-10	2	29
1717863	-10	3	30
1717893	-10	4	30
1717923	-10	5	29
1717952	-10	6	30
1717982	-10	7	29
1718011	-10	8	30
1718041	-10	9	29
1718070	-10	10	30
1718100	-10	-10	29
1718129	-10	11	30
1718159	-10	12	29
1718188	-9	1	30
1718218	-9	2	29
1718247	-9	3	30
1718277	-9	4	29
1718306	-9	5	30
1718336	-9	6	30
1718366	-9	7	29
1718395	-9	8	30
1718425	-9	9	29
1718454	-9	10	30
1718484	-9	11	29
1718513	-9	12	30
1718543	-8	1	29
1718572	-8	2	30
1718602	-8	3	29
1718631	-8	4	30
1718661	-8	5	29
1718690	-8	6	30
1718720	-8	7	29
1718749	-8	8	30
1718779	-8	9	29
1718808	-8	10	30
1718838	-8	11	30
1718868	-8	12	29
1718897	-7	1	30
1718927	-7	2	29
1718956	-7	3	30
1718986	-7	4	29
1719015	-7	5	30
1719045	-7	6	29
1719074	-7	7	30
1719104	-7	-7	29
1719133	-7	8	30
1719163	-7	9	29
1719192	-7	10	30
1719222	-7	11	29
1719251	-7	12	30
1719281	-6	1	30
1719311	-6	2	29
1719340	-6	3	30
1719370	-6	4	29
1719399	-6	5	30
1719429	-6	6	29
1719458	-6	7	30
1719488	-6	8	29
1719517	-6	9	30
1719547	-6	10	29
1719576	-6	11	30
1719606	-6	12	29
1719635	-5	1	30
1719665	-5	2	29
1719694	-5	3	30
1719724	-5	4	29
1719753	-5	5	30
1719783	-5	6	30
1719813	-5	7	29
1719842	-5	8	30
1719872	-5	9	29
1719901	-5	10	30
1719931	-5	11	29
1719960	-5	12	30
1719990	-4	1	29
1720019	-4	2	30
1720049	-4	3	29
1720078	-4	-3	30
1720108	-4	4	29
1720137	-4	5	30
1720167	-4	6	29
1720196	-4	7	30
1720226	-4	8	29
1720255	-4	9	30
1720285	-4	10	30
1720315	-4	11	29
1720344	-4	12	30
1720374	-3	1	29
1720403	-3	2	30
1720433	-3	3	29
1720462	-3	4	30
1720492	-3	5	29
1720521	-3	6	30
1720551	-3	7	29
1720580	-3	8	30
1720610	-3	9	29
1720639	-3	10	30
1720669	-3	11	29
1720698	-3	12	30
1720728	-2	1	30
1720758	-2	2	29
1720787	-2	3	30
1720817	-2	4	29
1720846	-2	5	30
1720876	-2	6	29
1720905	-2	7	30
1720935	-2	8	29
1720964	-2	9	30
1720994	-2	10	29
1721023	-2	11	30
1721053	-2	-11	29
1721082	-2	12	30
1721112	-1	1	29
1721141	-1	2	30
1721171	-1	3	29
1721200	-1	4	30
1721230	-1	5	30
1721260	-1	6	29
1721289	-1	7	30
1721319	-1	8	29
1721348	-1	9	30
1721378	-1	10	29
1721407	-1	11	30
1721437	-1	12	29
1721466	1	1	30
1721496	1	2	29
1721525	1	3	30
1721555	1	4	29
1721584	1	5	30
1721614	1	6	29
1721643	1	7	30
1721673	1	8	30
1721703	1	9	29
1721732	1	10	30
1721762	1	11	29
1721791	1	12	30
1721821	2	1	29
1721850	2	2	30
1721880	2	3	29
1721909	2	4	30
1721939	2	5	29
1721968	2	6	30
1721998	2	7	29
1722027	2	8	30
1722057	2	-8	29
1722086	2	9	30
1722116	2	10	29
1722145	2	11	30
1722175	2	12	30
1722205	3	1	29
1722234	3	2	30
1722264	3	3	29
1722293	3	4	30
1722323	3	5	29
1722352	3	6	30
1722382	3	7	29
1722411	3	8	30
1722441	3	9	29
1722470	3	10	30
1722500	3	11	29
1722529	3	12	30
1722559	4	1	29
1722588	4	2	30
1722618	4	3	29
1722647	4	4	30
1722677	4	5	30
1722707	4	6	29
1722736	4	7	30
1722766	4	8	29
1722795	4	9	30
1722825	4	10	29
1722854	4	11	30
1722884	4	12	29
1722913	5	1	30
1722943	5	2	29
1722972	5	3	30
1723002	5	4	29
1723031	5	5	30
1723061	5	-5	29
1723090	5	6	30
1723120	5	7	30
1723150	5	8	29
1723179	5	9	30
1723209	5	10	29
1723238	5	11	30
1723268	5	12	29
1723297	6	1	30
1723327	6	2	29
1723356	6	3	30
1723386	6	4	29
1723415	6	5	30
1723445	6	6	29
1723474	6	7	30
1723504	6	8	29
1723533	6	9	30
1723563	6	10	29
1723592	6	11	30
1723622	6	12	30
1723652	7	1	29
1723681	7	2	30
1723711	7	3	29
1723740	7	4	30
1723770	7	5	29
1723799	7	6	30
1723829	7	7	29
1723858	7	8	30
1723888	7	9	29
1723917	7	10	30
1723947	7	11	29
1723976	7	12	30
1724006	8	1	29
1724035	8	-1	30
1724065	8	2	30
1724095	8	3	29
1724124	8	4	30
1724154	8	5	29
1724183	8	6	30
1724213	8	7	29
1724242	8	8	30
1724272	8	9	29
1724301	8	10	30
1724331	8	11	29
1724360	9	1	30
1724390	9	2	29
1724419	9	3	30
1724449	9	4	29
1724478	9	5	30
1724508	9	6	29
1724537	9	7	30
1724567	9	8	30
1724597	9	9	29
1724626	9	10	30
1724656	9	11	29
1724685	9	12	30
1724715	10	1	29
1724744	10	2	30
1724774	10	3	29
1724803	10	4	30
1724833	10	5	29
1724862	10	6	30
1724892	10	7	29
1724921	10	8	30
1724951	10	9	29
1724980	10	10	30
1725010	10	-10	29
1725039	10	11	30
1725069	10	12	30
1725099	11	1	29
1725128	11	2	30
1725158	11	3	29
1725187	11	4	30
1725217	11	5	29
1725246	11	6	30
1725276	11	7	29
1725305	11	8	30
1725335	11	9	29
1725364	11	10	30
1725394	11	11	29
1725423	11	12	30
1725453	12	1	29
1725482	12	2	30
1725512	12	3	30
1725542	12	4	29
1725571	12	5	30
1725601	12	6	29
1725630	12	7	30
1725660	12	8	29
1725689	12	9	30
1725719	12	10	29
1725748	12	11	30
1725778	12	12	29
1725807	13	1	30
1725837	13	2	29
1725866	13	3	30
1725896	13	4	29
1725925	13	5	30
1725955	13	6	29
1725984	13	7	30
1726014	13	8	30
1726044	13	-8	29
1726073	13	9	30
1726103	13	10	29
1726132	13	11	30
1726162	13	12	29
1726191	14	1	30
1726221	14	2	29
1726250	14	3	30
1726280	14	4	29
1726309	14	5	30
1726339	14	6	29
1726368	14	7	30
1726398	14	8	29
1726427	14	9	30
1726457	14	10	30
1726487	14	11	29
1726516	14	12	30
1726546	15	1	29
1726575	15	2	30
1726605	15	3	29
1726634	15	4	30
1726664	15	5	29
1726693	15	6	30
1726723	15	7	29
1726752	15	8	30
1726782	15	9	29
1726811	15	10	30
1726841	15	11	29
1726870	15	12	30
1726900	16	1	29
1726929	16	2	30
1726959	16	3	30
1726989	16	4	29
1727018	16	5	30
1727048	16	-5	29
1727077	16	6	30
1727107	16	7	29
1727136	16	8	30
1727166	16	9	29
1727195	16	10	30
1727225	16	11	29
1727254	16	12	30
1727284	17	1	29
1727313	17	2	30
1727343	17	3	29
1727372	17	4	30
1727402	17	5	29
1727431	17	6	30
1727461	17	7	30
1727491	17	8	29
1727520	17	9	30
1727550	17	10	29
1727579	17	11	30
1727609	17	12	29
1727638	18	1	30
1727668	18	2	29
1727697	18	3	30
1727727	18	4	29
1727756	18	5	30
1727786	18	6	29
1727815	18	7	30
1727845	18	8	29
1727874	18	9	30
1727904	18	10	30
1727934	18	11	29
1727963	18	12	30
1727993	19	1	29
1728022	19	-1	30
1728052	19	2	29
1728081	19	3	30
1728111	19	4	29
1728140	19	5	30
1728170	19	6	29
1728199	19	7	30
1728229	19	8	29
1728258	19	9	30
1728288	19	10	29
1728317	19	11	30
1728347	19	12	29
1728376	20	1	30
1728406	20	2	30
1728436	20	3	29
1728465	20	4	30
1728495	20	5	29
1728524	20	6	30
1728554	20	7	29
1728583	20	8	30
1728613	20	9	29
1728642	20	10	30
1728672	20	11	29
1728701	20	12	30
1728731	21	1	29
1728760	21	2	30
1728790	21	3	29
1728819	21	4	30
1728849	21	5	30
1728879	21	6	29
1728908	21	7	30
1728938	21	8	29
1728967	21	9	30
1728997	21	-9	29
1729026	21	10	30
1729056	21	11	29
1729085	21	12	30
1729115	22	1	29
1729144	22	2	30
1729174	22	3	29
1729203	22	4	30
1729233	22	5	29
1729262	22	6	30
1729292	22	7	29
1729321	22	8	30
1729351	22	9	30
1729381	22	10	29
1729410	22	11	30
1729440	22	12	29
1729469	23	1	30
1729499	23	2	29
1729528	23	3	30
1729558	23	4	29
1729587	23	5	30
1729617	23	6	29
1729646	23	7	30
1729676	23	8	29
1729705	23	9	30
1729735	23	10	29
1729764	23	11	30
1729794	23	12	29
1729823	23	12	30
1729853	24	1	30
1729883	24	2	29
1729912	24	3	30
1729942	24	4	29
1729971	24	5	30
1730001	24	-5	29
1730030	24	6	30
1730060	24	7	29
1730089	24	8	30
1730119	24	9	29
1730148	24	10	30
1730178	24	11	29
1730207	24	12	30
1730237	25	1	29
1730266	25	2	30
1730296	25	3	30
1730326	25	4	29
1730355	25	5	30
1730385	25	6	29
1730414	25	7	30
1730444	25	8	29
1730473	25	9	30
1730503	25	10	29
1730532	25	11	30
1730562	25	12	29
1730591	26	1	30
1730621	26	2	29
1730650	26	3	30
1730680	26	4	29
1730709	26	5	30
1730739	26	6	29
1730768	26	7	30
1730798	26	8	30
1730828	26	9	29
1730857	26	10	30
1730887	26	11	29
1730916	26	12	30
1730946	27	1	29
1730975	27	2	30
1731005	27	-2	29
1731034	27	3	30
1731064	27	4	29
1731093	27	5	30
1731123	27	6	29
1731152	27	7	30
1731182	27	8	29
1731211	27	9	30
1731241	27	10	30
1731271	27	11	29
1731300	27	12	30
1731330	28	1	29
1731359	28	2	30
1731389	28	3	29
1731418	28	4	30
1731448	28	5	29
1731477	28	6	30
1731507	28	7	29
1731536	28	8	30
1731566	28	9	29
1731595	28	10	30
1731625	28	11	29
1731654	28	12	30
1731684	29	1	29
1731713	29	2	30
1731743	29	3	30
1731773	29	4	29
1731802	29	5	30
1731832	29	6	29
1731861	29	7	30
1731891	29	8	29
1731920	29	9	30
1731950	29	10	29
1731979	29	-10	30
1732009	29	11	29
1732038	29	12	30
1732068	30	1	29
1732097	30	2	30
1732127	30	3	29
1732156	30	4	30
1732186	30	5	29
1732215	30	6	30
1732245	30	7	30
1732275	30	8	29
1732304	30	9	30
1732334	30	10	29
1732363	30	11	30
1732393	30	12	29
1732422	31	1	30
1732452	31	2	29
1732481	31	3	30
1732511	31	4	29
1732540	31	5	30
1732570	31	6	29
1732599	31	7	30
1732629	31	8	29
1732658	31	9	30
1732688	31	10	30
1732718	31	11	29
1732747	31	12	30
1732777	32	1	29
1732806	32	2	30
1732836	32	3	29
1732865	32	4	30
1732895	32	5	29
1732924	32	6	30
1732954	32	-6	29
1732983	32	7	30
1733013	32	8	29
1733042	32	9	30
1733072	32	10	29
1733101	32	11	30
1733131	32	12	29
1733160	33	1	30
1733190	33	2	30
1733220	33	3	29
1733249	33	4	30
1733279	33	5	29
1733308	33	6	30
1733338	33	7	29
1733367	33	8	30
1733397	33	9	29
1733426	33	10	30
1733456	33	11	29
1733485	33	12	30
1733515	34	1	29
1733544	34	2	30
1733574	34	3	29
1733603	34	4	30
1733633	34	5	30
1733663	34	6	29
1733692	34	7	30
1733722	34	8	29
1733751	34	9	30
1733781	34	10	29
1733810	34	11	30
1733840	34	12	29
1733869	35	1	30
1733899	35	2	29
1733928	35	3	30
1733958	35	-3	29
1733987	35	4	30
1734017	35	5	29
1734046	35	6	30
1734076	35	7	29
1734105	35	8	30
1734135	35	9	30
1734165	35	10	29
1734194	35	11	30
1734224	35	12	29
1734253	36	1	30
1734283	36	2	29
1734312	36	3	30
1734342	36	4	29
1734371	36	5	30
1734401	36	6	29
1734430	36	7	30
1734460	36	8	29
1734489	36	9	30
1734519	36	10	29
1734548	36	11	30
1734578	36	12	29
1734607	37	1	30
1734637	37	2	30
1734667	37	3	29
1734696	37	4	30
1734726	37	5	29
1734755	37	6	30
1734785	37	7	29
1734814	37	8	30
1734844	37	9	29
1734873	37	10	30
1734903	37	11	29
1734932	37	12	30
1734962	37	-12	29
1734991	38	1	30
1735021	38	2	29
1735050	38	3	30
1735080	38	4	30
1735110	38	5	29
1735139	38	6	30
1735169	38	7	29
1735198	38	8	30
1735228	38	9	29
1735257	38	10	30
1735287	38	11	29
1735316	38	12	30
1735346	39	1	29
1735375	39	2	30
1735405	39	3	29
1735434	39	4	30
1735464	39	5	29
1735493	39	6	30
1735523	39	7	29
1735552	39	8	30
1735582	39	9	30
1735612	39	10	29
1735641	39	11	30
1735671	39	12	29
1735700	40	1	30
1735730	40	2	29
1735759	40	3	30
1735789	40	4	29
1735818	40	5	30
1735848	40	6	29
1735877	40	7	30
1735907	40	8	29
1735936	40	-8	30
1735966	40	9	29
1735995	40	10	30
1736025	40	11	30
1736055	40	12	29
1736084	41	1	30
1736114	41	2	29
1736143	41	3	30
1736173	41	4	29
1736202	41	5	30
1736232	41	6	29
1736261	41	7	30
1736291	41	8	29
1736320	41	9	30
1736350	41	10	29
1736379	41	11	30
1736409	41	12	29
1736438	42	1	30
1736468	42	2	29
1736497	42	3	30
1736527	42	4	30
1736557	42	5	29
1736586	42	6	30
1736616	42	7	29
1736645	42	8	30
1736675	42	9	29
1736704	42	10	30
1736734	42	11	29
1736763	42	12	30
1736793	43	1	29
1736822	43	2	30
1736852	43	3	29
1736881	43	4	30
1736911	43	-4	29
1736940	43	5	30
1736970	43	6	29
1736999	43	7	30
1737029	43	8	30
1737059	43	9	29
1737088	43	10	30
1737118	43	11	29
1737147	43	12	30
1737177	44	1	29
1737206	44	2	30
1737236	44	3	29
1737265	44	4	30
1737295	44	5	29
1737324	44	6	30
1737354	44	7	29
1737383	44	8	30
1737413	44	9	29
1737442	44	10	30
1737472	44	11	30
1737502	44	12	29
1737531	45	1	30
1737561	45	2	29
1737590	45	3	30
1737620	45	4	29
1737649	45	5	30
1737679	45	6	29
1737708	45	7	30
1737738	45	8	29
1737767	45	9	30
1737797	45	10	29
1737826	45	11	30
1737856	45	12	29
1737885	46	1	30
1737915	46	-1	29
1737944	46	2	30
1737974	46	3	30
1738004	46	4	29
1738033	46	5	30
1738063	46	6	29
1738092	46	7	30
1738122	46	8	29
1738151	46	9	30
1738181	46	10	29
1738210	46	11	30
1738240	46	12	29
1738269	47	1	30
1738299	47	2	29
1738328	47	3	30
1738358	47	4	29
1738387	47	5	30
1738417	47	6	30
1738447	47	7	29
1738476	47	8	30
1738506	47	9	29
1738535	47	10	30
1738565	47	11	29
1738594	47	12	30
1738624	48	1	29
1738653	48	2	30
1738683	48	3	29
1738712	48	4	30
1738742	48	5	29
1738771	48	6	30
1738801	48	7	29
1738830	48	8	30
1738860	48	9	29
1738889	48	10	30
1738919	48	-10	30
1738949	48	11	29
1738978	48	12	30
1739008	49	1	29
1739037	49	2	30
1739067	49	3	29
1739096	49	4	30
1739126	49	5	29
1739155	49	6	30
1739185	49	7	29
1739214	49	8	30
1739244	49	9	29
1739273	49	10	30
1739303	49	11	29
1739332	49	12	30
1739362	50	1	29
1739391	50	2	30
1739421	50	3	30
1739451	50	4	29
1739480	50	5	30
1739510	50	6	29
1739539	50	7	30
1739569	50	8	29
1739598	50	9	30
1739628	50	10	29
1739657	50	11	30
1739687	50	12	29
1739716	51	1	30
1739746	51	2	29
1739775	51	3	30
1739805	51	4	29
1739834	51	5	30
1739864	51	6	30
1739894	51	-6	29
1739923	51	7	30
1739953	51	8	29
1739982	51	9	30
1740012	51	10	29
1740041	51	11	30
1740071	51	12	29
1740100	52	1	30
1740130	52	2	29
1740159	52	3	30
1740189	52	4	29
1740218	52	5	30
1740248	52	6	29
1740277	52	7	30
1740307	52	8	29
1740336	52	9	30
1740366	52	10	30
1740396	52	11	29
1740425	52	12	30
1740455	53	1	29
1740484	53	2	30
1740514	53	3	29
1740543	53	4	30
1740573	53	5	29
1740602	53	6	30
1740632	53	7	29
1740661	53	8	30
1740691	53	9	29
1740720	53	10	30
1740750	53	11	29
1740779	53	12	30
1740809	54	1	30
1740839	54	2	29
1740868	54	3	30
1740898	54	-3	29
1740927	54	4	30
1740957	54	5	29
1740986	54	6	30
1741016	54	7	29
1741045	54	8	30
1741075	54	9	29
1741104	54	10	30
1741134	54	11	29
1741163	54	12	30
1741193	55	1	29
1741222	55	2	30
1741252	55	3	29
1741281	55	4	30
1741311	55	5	30
1741341	55	6	29
1741370	55	7	30
1741400	55	8	29
1741429	55	9	30
1741459	55	10	29
1741488	55	11	30
1741518	55	12	29
1741547	56	1	30
1741577	56	2	29
1741606	56	3	30
1741636	56	4	29
1741665	56	5	30
1741695	56	6	29
1741724	56	7	30
1741754	56	8	29
1741783	56	9	30
1741813	56	10	30
1741843	56	11	29
1741872	56	12	30
1741902	56	-12	29
1741931	57	1	30
1741961	57	2	29
1741990	57	3	30
1742020	57	4	29
1742049	57	5	30
1742079	57	6	29
1742108	57	7	30
1742138	57	8	29
1742167	57	9	30
1742197	57	10	29
1742226	57	11	30
1742256	57	12	30
1742286	58	1	29
1742315	58	2	30
1742345	58	3	29
1742374	58	4	30
1742404	58	5	29
1742433	58	6	30
1742463	58	7	29
1742492	58	8	30
1742522	58	9	29
1742551	58	10	30
1742581	58	11	29
1742610	58	12	30
1742640	59	1	29
1742669	59	2	30
1742699	59	3	29
1742728	59	4	30
1742758	59	5	30
1742788	59	6	29
1742817	59	7	30
1742847	59	8	29
1742876	59	9	30
1742906	59	-9	29
1742935	59	10	30
1742965	59	11	29
1742994	59	12	30
1743024	60	1	29
1743053	60	2	30
1743083	60	3	29
1743112	60	4	30
1743142	60	5	29
1743171	60	6	30
1743201	60	7	30
1743231	60	8	29
1743260	60	9	30
1743290	60	10	29
1743319	60	11	30
1743349	60	12	29
1743378	61	1	30
1743408	61	2	29
1743437	61	3	30
1743467	61	4	29
1743496	61	5	30
1743526	61	6	29
1743555	61	7	30
1743585	61	8	29
1743614	61	9	30
1743644	61	10	29
1743673	61	11	30
1743703	61	12	30
1743733	62	1	29
1743762	62	2	30
1743792	62	3	29
1743821	62	4	30
1743851	62	5	29
1743880	62	-5	30
1743910	62	6	29
1743939	62	7	30
1743969	62	8	29
1743998	62	9	30
1744028	62	10	29
1744057	62	11	30
1744087	62	12	29
1744116	63	1	30
1744146	63	2	29
1744175	63	3	30
1744205	63	4	30
1744235	63	5	29
1744264	63	6	30
1744294	63	7	29
1744323	63	8	30
1744353	63	9	29
1744382	63	10	30
1744412	63	11	29
1744441	63	12	30
1744471	64	1	29
1744500	64	2	30
1744530	64	3	29
1744559	64	4	30
1744589	64	5	29
1744618	64	6	30
1744648	64	7	30
1744678	64	8	29
1744707	64	9	30
1744737	64	10	29
1744766	64	11	30
1744796	64	12	29
1744825	65	1	30
1744855	65	-1	29
1744884	65	2	30
1744914	65	3	29
1744943	65	4	30
1744973	65	5	29
1745002	65	6	30
1745032	65	7	29
1745061	65	8	30
1745091	65	9	29
1745120	65	10	30
1745150	65	11	30
1745180	65	12	29
1745209	66	1	30
1745239	66	2	29
1745268	66	3	30
1745298	66	4	29
1745327	66	5	30
1745357	66	6	29
1745386	66	7	30
1745416	66	8	29
1745445	66	9	30
1745475	66	10	29
1745504	66	11	30
1745534	66	12	29
1745563	67	1	30
1745593	67	2	30
1745623	67	3	29
1745652	67	4	30
1745682	67	5	29
1745711	67	6	30
1745741	67	7	29
1745770	67	8	30
1745800	67	9	29
1745829	67	10	30
1745859	67	-10	29
1745888	67	11	30
1745918	67	12	29
1745947	68	1	30
1745977	68	2	29
1746006	68	3	30
1746036	68	4	29
1746065	68	5	30
1746095	68	6	30
1746125	68	7	29
1746154	68	8	30
1746184	68	9	29
1746213	68	10	30
1746243	68	11	29
1746272	68	12	30
1746302	69	1	29
1746331	69	2	30
1746361	69	3	29
1746390	69	4	30
1746420	69	5	29
1746449	69	6	30
1746479	69	7	29
1746508	69	8	30
1746538	69	9	29
1746567	69	10	30
1746597	69	11	30
1746627	69	12	29
1746656	70	1	30
1746686	70	2	29
1746715	70	3	30
1746745	70	4	29
1746774	70	5	30
1746804	70	6	29
1746833	70	7	30
1746863	70	-7	29
1746892	70	8	30
1746922	70	9	29
1746951	70	10	30
1746981	70	11	29
1747010	70	12	30
1747040	71	1	30
1747070	71	2	29
1747099	71	3	30
1747129	71	4	29
1747158	71	5	30
1747188	71	6	29
1747217	71	7	30
1747247	71	8	29
1747276	71	9	30
1747306	71	10	29
1747335	71	11	30
1747365	71	12	29
1747394	72	1	30
1747424	72	2	29
1747453	72	3	30
1747483	72	4	29
1747512	72	5	30
1747542	72	6	30
1747572	72	7	29
1747601	72	8	30
1747631	72	9	29
1747660	72	10	30
1747690	72	11	29
1747719	72	12	30
1747749	73	1	29
1747778	73	2	30
1747808	73	3	29
1747837	73	-3	30
1747867	73	4	29
1747896	73	5	30
1747926	73	6	29
1747955	73	7	30
1747985	73	8	30
1748015	73	9	29
1748044	73	10	30
1748074	73	11	29
1748103	73	12	30
1748133	74	1	29
1748162	74	2	30
1748192	74	3	29
1748221	74	4	30
1748251	74	5	29
1748280	74	6	30
1748310	74	7	29
1748339	74	8	30
1748369	74	9	29
1748398	74	10	30
1748428	74	11	29
1748457	74	12	30
1748487	75	1	30
1748517	75	2	29
1748546	75	3	30
1748576	75	4	29
1748605	75	5	30
1748635	75	6	29
1748664	75	7	30
1748694	75	8	29
1748723	75	9	30
1748753	75	10	29
1748782	75	11	30
1748812	75	-11	29
1748841	75	12	30
1748871	76	1	29
1748900	76	2	30
1748930	76	3	29
1748959	76	4	30
1748989	76	5	30
1749019	76	6	29
1749048	76	7	30
1749078	76	8	29
1749107	76	9	30
1749137	76	10	29
1749166	76	11	30
1749196	76	12	29
1749225	77	1	30
1749255	77	2	29
1749284	77	3	30
1749314	77	4	29
1749343	77	5	30
1749373	77	6	29
1749402	77	7	30
1749432	77	8	30
1749462	77	9	29
1749491	77	10	30
1749521	77	11	29
1749550	77	12	30
1749580	78	1	29
1749609	78	2	30
1749639	78	3	29
1749668	78	4	30
1749698	78	5	29
1749727	78	6	30
1749757	78	7	29
1749786	78	8	30
1749816	78	-8	29
1749845	78	9	30
1749875	78	10	29
1749904	78	11	30
1749934	78	12	30
1749964	79	1	29
1749993	79	2	30
1750023	79	3	29
1750052	79	4	30
1750082	79	5	29
1750111	79	6	30
1750141	79	7	29
1750170	79	8	30
1750200	79	9	29
1750229	79	10	30
1750259	79	11	29
1750288	79	12	30
1750318	80	1	29
1750347	80	2	30
1750377	80	3	30
1750407	80	4	29
1750436	80	5	30
1750466	80	6	29
1750495	80	7	30
1750525	80	8	29
1750554	80	9	30
1750584	80	10	29
1750613	80	11	30
1750643	80	12	29
1750672	81	1	30
1750702	81	2	29
1750731	81	3	30
1750761	81	4	29
1750790	81	5	30
1750820	81	-5	29
1750849	81	6	30
1750879	81	7	30
1750909	81	8	29
1750938	81	9	30
1750968	81	10	29
1750997	81	11	30
1751027	81	12	29
1751056	82	1	30
1751086	82	2	29
1751115	82	3	30
1751145	82	4	29
1751174	82	5	30
1751204	82	6	29
1751233	82	7	30
1751263	82	8	29
1751292	82	9	30
1751322	82	10	29
1751351	82	11	30
1751381	82	12	30
1751411	83	1	29
1751440	83	2	30
1751470	83	3	29
1751499	83	4	30
1751529	83	5	29
1751558	83	6	30
1751588	83	7	29
1751617	83	8	30
1751647	83	9	29
1751676	83	10	30
1751706	83	11	29
1751735	83	12	30
1751765	84	1	29
1751794	84	-1	30
1751824	84	2	30
1751854	84	3	29
1751883	84	4	30
1751913	84	5	29
1751942	84	6	30
1751972	84	7	29
1752001	84	8	30
1752031	84	9	29
1752060	84	10	30
1752090	84	11	29
1752119	84	12	29
1752148	85	1	30
1752178	85	2	29
1752207	85	3	30
1752237	85	4	29
1752266	85	5	30
1752296	85	6	29
1752325	85	7	30
1752355	85	8	29
1752384	85	9	30
1752414	85	10	29
1752443	85	11	30
1752473	85	12	29
1752502	86	1	30
1752532	86	2	29
1752561	86	3	30
1752591	86	4	30
1752621	86	5	29
1752650	86	6	30
1752680	86	7	29
1752709	86	8	30
1752739	86	9	29
1752768	86	10	30
1752798	86	-10	29
1752827	86	11	30
1752857	86	12	29
1752886	87	1	30
1752916	87	2	29
1752945	87	3	30
1752975	87	4	29
1753004	87	5	30
1753034	87	6	29
1753063	87	7	30
1753093	87	8	30
1753123	87	9	29
1753152	87	10	30
1753182	87	11	29
1753211	87	12	30
1753241	88	1	29
1753270	88	2	30
1753300	88	3	29
1753329	88	4	30
1753359	88	5	29
1753388	88	6	30
1753418	88	7	29
1753447	88	8	30
1753477	88	9	29
1753506	88	10	30
1753536	88	11	30
1753566	88	12	29
1753595	89	1	30
1753625	89	2	29
1753654	89	3	30
1753684	89	4	29
1753713	89	5	30
1753743	89	6	29
1753772	89	7	30
1753802	89	-7	29
1753831	89	8	30
1753861	89	9	29
1753890	89	10	30
1753920	89	11	29
1753949	89	12	30
1753979	90	1	29
1754008	90	2	30
1754038	90	3	30
1754068	90	4	29
1754097	90	5	30
1754127	90	6	29
1754156	90	7	30
1754186	90	8	29
1754215	90	9	30
1754245	90	10	29
1754274	90	11	30
1754304	90	12	29
1754333	91	1	30
1754363	91	2	29
1754392	91	3	30
1754422	91	4	29
1754451	91	5	30
1754481	91	6	30
1754511	91	7	29
1754540	91	8	30
1754570	91	9	29
1754599	91	10	30
1754629	91	11	29
1754658	91	12	30
1754688	92	1	29
1754717	92	2	30
1754747	92	3	29
1754776	92	-3	30
1754806	92	4	29
1754835	92	5	30
1754865	92	6	29
1754894	92	7	30
1754924	92	8	29
1754953	92	9	30
1754983	92	10	30
1755013	92	11	29
1755042	92	12	30
1755072	93	1	29
1755101	93	2	30
1755131	93	3	29
1755160	93	4	30
1755190	93	5	29
1755219	93	6	30
1755249	93	7	29
1755278	93	8	30
1755308	93	9	29
1755337	93	10	30
1755367	93	11	29
1755396	93	12	30
1755426	94	1	29
1755455	94	2	30
1755485	94	3	30
1755515	94	4	29
1755544	94	5	30
1755574	94	6	29
1755603	94	7	30
1755633	94	8	29
1755662	94	9	30
1755692	94	10	29
1755721	94	11	30
1755751	94	-11	29
1755780	94	12	30
1755810	95	1	29
1755839	95	2	30
1755869	95	3	29
1755898	95	4	30
1755928	95	5	30
1755958	95	6	29
1755987	95	7	30
1756017	95	8	29
1756046	95	9	30
1756076	95	10	29
1756105	95	11	30
1756135	95	12	29
1756164	96	1	30
1756194	96	2	29
1756223	96	3	30
1756253	96	4	29
1756282	96	5	30
1756312	96	6	29
1756341	96	7	30
1756371	96	8	29
1756400	96	9	30
1756430	96	10	30
1756460	96	11	29
1756489	96	12	30
1756519	97	1	29
1756548	97	2	30
1756578	97	3	29
1756607	97	4	30
1756637	97	5	29
1756666	97	6	30
1756696	97	7	29
1756725	97	8	30
1756755	97	-8	29
1756784	97	9	30
1756814	97	10	29
1756843	97	11	30
1756873	97	12	30
1756903	98	1	29
1756932	98	2	30
1756962	98	3	29
1756991	98	4	30
1757021	98	5	29
1757050	98	6	30
1757080	98	7	29
1757109	98	8	30
1757139	98	9	29
1757168	98	10	30
1757198	98	11	29
1757227	98	12	30
1757257	99	1	29
1757286	99	2	30
1757316	99	3	29
1757345	99	4	30
1757375	99	5	30
1757405	99	6	29
1757434	99	7	30
1757464	99	8	29
1757493	99	9	30
1757523	99	10	29
1757552	99	11	30
1757582	99	12	29
1757611	100	1	30
1757641	100	2	29
1757670	100	3	30
1757700	100	4	29
1757729	100	5	30
1757759	100	-5	29
1757788	100	6	30
1757818	100	7	29
1757847	100	8	30
1757877	100	9	30
1757907	100	10	29
1757936	100	11	30
1757966	100	12	29
1757995	101	1	30
1758025	101	2	29
1758054	101	3	30
1758084	101	4	29
1758113	101	5	30
1758143	101	6	29
1758172	101	7	30
1758202	101	8	29
1758231	101	9	30
1758261	101	10	29
1758290	101	11	30
1758320	101	12	30
1758350	102	1	29
1758379	102	2	30
1758409	102	3	29
1758438	102	4	30
1758468	102	5	29
1758497	102	6	30
1758527	102	7	29
1758556	102	8	30
1758586	102	9	29
1758615	102	10	30
1758645	102	11	29
1758674	102	12	30
1758704	103	1	29
1758733	103	-1	30
1758763	103	2	29
1758792	103	3	30
1758822	103	4	30
1758852	103	5	29
1758881	103	6	30
1758911	103	7	29
1758940	103	8	30
1758970	103	9	29
1758999	103	10	30
1759029	103	11	29
1759058	103	12	30
1759088	104	1	29
1759117	104	2	30
1759147	104	3	29
1759176	104	4	30
1759206	104	5	29
1759235	104	6	30
1759265	104	7	30
1759295	104	8	29
1759324	104	9	30
1759354	104	10	29
1759383	104	11	30
1759413	104	12	29
1759442	105	1	30
1759472	105	2	29
1759501	105	3	30
1759531	105	4	29
1759560	105	5	30
1759590	105	6	29
1759619	105	7	30
1759649	105	8	29
1759678	105	9	30
1759708	105	-9	29
1759737	105	10	30
1759767	105	11	30
1759797	105	12	29
1759826	106	1	30
1759856	106	2	29
1759885	106	3	30
1759915	106	4	29
1759944	106	5	30
1759974	106	6	29
1760003	106	7	30
1760033	106	8	29
1760062	106	9	30
1760092	106	10	29
1760121	106	11	30
1760151	106	12	29
1760180	107	1	30
1760210	107	2	29
1760239	107	3	30
1760269	107	4	30
1760299	107	5	29
1760328	107	6	30
1760358	107	7	29
1760387	107	8	30
1760417	107	9	29
1760446	107	10	30
1760476	107	11	29
1760505	107	12	30
1760535	108	1	29
1760564	108	2	30
1760594	108	3	29
1760623	108	4	30
1760653	108	5	29
1760682	108	6	30
1760712	108	7	30
1760742	108	-7	29
1760771	108	8	30
1760801	108	9	29
1760830	108	10	30
1760860	108	11	29
1760889	108	12	30
1760919	109	1	29
1760948	109	2	30
1760978	109	3	29
1761007	109	4	30
1761037	109	5	29
1761066	109	6	30
1761096	109	7	29
1761125	109	8	30
1761155	109	9	29
1761184	109	10	30
1761214	109	11	30
1761244	109	12	29
1761273	110	1	30
1761303	110	2	29
1761332	110	3	30
1761362	110	4	29
1761391	110	5	30
1761421	110	6	29
1761450	110	7	30
1761480	110	8	29
1761509	110	9	30
1761539	110	10	29
1761568	110	11	30
1761598	110	12	29
1761627	111	1	30
1761657	111	2	30
1761687	111	3	29
1761716	111	4	30
1761746	111	-4	29
1761775	111	5	30
1761805	111	6	29
1761834	111	7	30
1761864	111	8	29
1761893	111	9	30
1761923	111	10	29
1761952	111	11	30
1761982	111	12	29
1762011	112	1	30
1762041	112	2	29
1762070	112	3	30
1762100	112	4	29
1762129	112	5	30
1762159	112	6	30
1762189	112	7	29
1762218	112	8	30
1762248	112	9	29
1762277	112	10	30
1762307	112	11	29
1762336	112	12	30
1762366	113	1	29
1762395	113	2	30
1762425	113	3	29
1762454	113	4	30
1762484	113	5	29
1762513	113	6	30
1762543	113	7	29
1762572	113	8	30
1762602	113	9	29
1762631	113	10	30
1762661	113	11	30
1762691	113	12	29
1762720	113	-12	30
1762750	114	1	29
1762779	114	2	30
1762809	114	3	29
1762838	114	4	30
1762868	114	5	29
1762897	114	6	30
1762927	114	7	29
1762956	114	8	30
1762986	114	9	29
1763015	114	10	30
1763045	114	11	29
1763074	114	12	30
1763104	115	1	30
1763134	115	2	29
1763163	115	3	30
1763193	115	4	29
1763222	115	5	30
1763252	115	6	29
1763281	115	7	30
1763311	115	8	29
1763340	115	9	30
1763370	115	10	29
1763399	115	11	30
1763429	115	12	29
1763458	116	1	30
1763488	116	2	29
1763517	116	3	30
1763547	116	4	29
1763576	116	5	30
1763606	116	6	30
1763636	116	7	29
1763665	116	8	30
1763695	116	-8	29
1763724	116	9	30
1763754	116	10	29
1763783	116	11	30
1763813	116	12	29
1763842	117	1	30
1763872	117	2	29
1763901	117	3	30
1763931	117	4	29
1763960	117	5	30
1763990	117	6	29
1764019	117	7	30
1764049	117	8	30
1764079	117	9	29
1764108	117	10	30
1764138	117	11	29
1764167	117	12	30
1764197	118	1	29
1764226	118	2	30
1764256	118	3	29
1764285	118	4	30
1764315	118	5	29
1764344	118	6	30
1764374	118	7	29
1764403	118	8	30
1764433	118	9	29
1764462	118	10	30
1764492	118	11	29
1764521	118	12	30
1764551	119	1	30
1764581	119	2	29
1764610	119	3	30
1764640	119	4	29
1764669	119	5	30
1764699	119	-5	29
1764728	119	6	30
1764758	119	7	29
1764787	119	8	30
1764817	119	9	29
1764846	119	10	30
1764876	119	11	29
1764905	119	12	30
1764935	120	1	29
1764964	120	2	30
1764994	120	3	29
1765023	120	4	30
1765053	120	5	30
1765083	120	6	29
1765112	120	7	30
1765142	120	8	29
1765171	120	9	30
1765201	120	10	29
1765230	120	11	30
1765260	120	12	29
1765289	121	1	30
1765319	121	2	29
1765348	121	3	30
1765378	121	4	29
1765407	121	5	30
1765437	121	6	29
1765466	121	7	30
1765496	121	8	30
1765526	121	9	29
1765555	121	10	30
1765585	121	11	29
1765614	121	12	30
1765644	122	1	29
1765673	122	2	30
1765703	122	-2	29
1765732	122	3	30
1765762	122	4	29
1765791	122	5	30
1765821	122	6	29
1765850	122	7	30
1765880	122	8	29
1765909	122	9	30
1765939	122	10	29
1765968	122	11	30
1765998	122	12	30
1766028	123	1	29
1766057	123	2	30
1766087	123	3	29
1766116	123	4	30
1766146	123	5	29
1766175	123	6	30
1766205	123	7	29
1766234	123	8	30
1766264	123	9	29
1766293	123	10	30
1766323	123	11	29
1766352	123	12	30
1766382	124	1	29
1766411	124	2	30
1766441	124	3	30
1766471	124	4	29
1766500	124	5	30
1766530	124	6	29
1766559	124	7	30
1766589	124	8	29
1766618	124	9	30
1766648	124	10	29
1766677	124	-10	30
1766707	124	11	29
1766736	124	12	30
1766766	125	1	29
1766795	125	2	30
1766825	125	3	29
1766854	125	4	30
1766884	125	5	29
1766913	125	6	30
1766943	125	7	30
1766973	125	8	29
1767002	125	9	30
1767032	125	10	29
1767061	125	11	30
1767091	125	12	29
1767120	126	1	30
1767150	126	2	29
1767179	126	3	30
1767209	126	4	29
1767238	126	5	30
1767268	126	6	29
1767297	126	7	30
1767327	126	8	29
1767356	126	9	30
1767386	126	10	29
1767415	126	11	30
1767445	126	12	30
1767475	127	1	29
1767504	127	2	30
1767534	127	3	29
1767563	127	4	30
1767593	127	5	29
1767622	127	6	30
1767652	127	-6	29
1767681	127	7	30
1767711	127	8	29
1767740	127	9	30
1767770	127	10	29
1767799	127	11	30
1767829	127	12	29
1767858	128	1	30
1767888	128	2	30
1767918	128	3	29
1767947	128	4	30
1767977	128	5	29
1768006	128	6	30
1768036	128	7	29
1768065	128	8	30
1768095	128	9	29
1768124	128	10	30
1768154	128	11	29
1768183	128	12	30
1768213	129	1	29
1768242	129	2	30
1768272	129	3	29
1768301	129	4	30
1768331	129	5	29
1768360	129	6	30
1768390	129	7	30
1768420	129	8	29
1768449	129	9	30
1768479	129	10	29
1768508	129	11	30
1768538	129	12	29
1768567	130	1	30
1768597	130	2	29
1768626	130	3	30
1768656	130	-3	29
1768685	130	4	30
1768715	130	5	29
1768744	130	6	30
1768774	130	7	29
1768803	130	8	30
1768833	130	9	30
1768863	130	10	29
1768892	130	11	30
1768922	130	12	29
1768951	131	1	30
1768981	131	2	29
1769010	131	3	30
1769040	131	4	29
1769069	131	5	30
1769099	131	6	29
1769128	131	7	30
1769158	131	8	29
1769187	131	9	30
1769217	131	10	29
1769246	131	11	30
1769276	131	12	29
1769305	132	1	30
1769335	132	2	30
1769365	132	3	29
1769394	132	4	30
1769424	132	5	29
1769453	132	6	30
1769483	132	7	29
1769512	132	8	30
1769542	132	9	29
1769571	132	10	30
1769601	132	11	29
1769630	132	12	30
1769660	132	-12	29
1769689	133	1	30
1769719	133	2	29
1769748	133	3	30
1769778	133	4	29
1769807	133	5	30
1769837	133	6	30
1769867	133	7	29
1769896	133	8	30
1769926	133	9	29
1769955	133	10	30
1769985	133	11	29
1770014	133	12	30
1770044	134	1	29
1770073	134	2	30
1770103	134	3	29
1770132	134	4	30
1770162	134	5	29
1770191	134	6	30
1770221	134	7	29
1770250	134	8	30
1770280	134	9	30
1770310	134	10	29
1770339	134	11	30
1770369	134	12	29
1770398	135	1	30
1770428	135	2	29
1770457	135	3	30
1770487	135	4	29
1770516	135	5	30
1770546	135	6	29
1770575	135	7	30
1770605	135	8	29
1770634	135	-8	30
1770664	135	9	29
1770693	135	10	30
1770723	135	11	29
1770752	135	12	30
1770782	136	1	30
1770812	136	2	29
1770841	136	3	30
1770871	136	4	29
1770900	136	5	30
1770930	136	6	29
1770959	136	7	30
1770989	136	8	29
1771018	136	9	30
1771048	136	10	29
1771077	136	11	30
1771107	136	12	29
1771136	137	1	30
1771166	137	2	29
1771195	137	3	30
1771225	137	4	30
1771255	137	5	29
1771284	137	6	30
1771314	137	7	29
1771343	137	8	30
1771373	137	9	29
1771402	137	10	30
1771432	137	11	29
1771461	137	12	30
1771491	138	1	29
1771520	138	2	30
1771550	138	3	29
1771579	138	4	30
1771609	138	-4	29
1771638	138	5	30
1771668	138	6	29
1771697	138	7	30
1771727	138	8	30
1771757	138	9	29
1771786	138	10	30
1771816	138	11	29
1771845	138	12	30
1771875	139	1	29
1771904	139	2	30
1771934	139	3	29
1771963	139	4	30
1771993	139	5	29
1772022	139	6	30
1772052	139	7	29
1772081	139	8	30
1772111	139	9	29
1772140	139	10	30
1772170	139	11	29
1772199	139	12	30
1772229	140	1	30
1772259	140	2	29
1772288	140	3	30
1772318	140	4	29
1772347	140	5	30
1772377	140	6	29
1772406	140	7	30
1772436	140	8	29
1772465	140	9	30
1772495	140	10	29
1772524	140	11	30
1772554	140	12	29
1772583	141	1	30
1772613	141	-1	29
1772642	141	2	30
1772672	141	3	30
1772702	141	4	29
1772731	141	5	30
1772761	141	6	29
1772790	141	7	30
1772820	141	8	29
1772849	141	9	30
1772879	141	10	29
1772908	141	11	30
1772938	141	12	29
1772967	142	1	30
1772997	142	2	29
1773026	142	3	30
1773056	142	4	29
1773085	142	5	30
1773115	142	6	29
1773144	142	7	30
1773174	142	8	30
1773204	142	9	29
1773233	142	10	30
1773263	142	11	29
1773292	142	12	30
1773322	143	1	29
1773351	143	2	30
1773381	143	3	29
1773410	143	4	30
1773440	143	5	29
1773469	143	6	30
1773499	143	7	29
1773528	143	8	30
1773558	143	9	29
1773587	143	10	30
1773617	143	-10	30
1773647	143	11	29
1773676	143	12	30
1773706	144	1	29
1773735	144	2	30
1773765	144	3	29
1773794	144	4	30
1773824	144	5	29
1773853	144	6	30
1773883	144	7	29
1773912	144	8	30
1773942	144	9	29
1773971	144	10	30
1774001	144	11	29
1774030	144	12	30
1774060	145	1	29
1774089	145	2	30
1774119	145	3	30
1774149	145	4	29
1774178	145	5	30
1774208	145	6	29
1774237	145	7	30
1774267	145	8	29
1774296	145	9	30
1774326	145	10	29
1774355	145	11	30
1774385	145	12	29
1774414	146	1	30
1774444	146	2	29
1774473	146	3	30
1774503	146	4	29
1774532	146	5	30
1774562	146	6	29
1774591	146	-6	30
1774621	146	7	30
1774651	146	8	29
1774680	146	9	30
1774710	146	10	29
1774739	146	11	30
1774769	146	12	29
1774798	147	1	30
1774828	147	2	29
1774857	147	3	30
1774887	147	4	29
1774916	147	5	30
1774946	147	6	29
1774975	147	7	30
1775005	147	8	29
1775034	147	9	30
1775064	147	10	30
1775094	147	11	29
1775123	147	12	30
1775153	148	1	29
1775182	148	2	30
1775212	148	3	29
1775241	148	4	30
1775271	148	5	29
1775300	148	6	30
1775330	148	7	29
1775359	148	8	30
1775389	148	9	29
1775418	148	10	30
1775448	148	11	29
1775477	148	12	30
1775507	149	1	29
1775536	149	2	30
1775566	149	3	30
1775596	149	-3	29
1775625	149	4	30
1775655	149	5	29
1775684	149	6	30
1775714	149	7	29
1775743	149	8	30
1775773	149	9	29
1775802	149	10	30
1775832	149	11	29
1775861	149	12	30
1775891	150	1	29
1775920	150	2	30
1775950	150	3	29
1775979	150	4	30
1776009	150	5	29
1776038	150	6	30
1776068	150	7	30
1776098	150	8	29
1776127	150	9	30
1776157	150	10	29
1776186	150	11	30
1776216	150	12	29
1776245	151	1	30
1776275	151	2	29
1776304	151	3	30
1776334	151	4	29
1776363	151	5	30
1776393	151	6	29
1776422	151	7	30
1776452	151	8	29
1776481	151	9	30
1776511	151	10	30
1776541	151	11	29
1776570	151	12	30
1776600	151	-12	29
1776629	152	1	30
1776659	152	2	29
1776688	152	3	30
1776718	152	4	29
1776747	152	5	30
1776777	152	6	29
1776806	152	7	30
1776836	152	8	29
1776865	152	9	30
1776895	152	10	29
1776924	152	11	30
1776954	152	12	29
1776983	153	1	30
1777013	153	2	30
1777043	153	3	29
1777072	153	4	30
1777102	153	5	29
1777131	153	6	30
1777161	153	7	29
1777190	153	8	30
1777220	153	9	29
1777249	153	10	30
1777279	153	11	29
1777308	153	12	30
1777338	154	1	29
1777367	154	2	30
1777397	154	3	29
1777426	154	4	30
1777456	154	5	30
1777486	154	6	29
1777515	154	7	30
1777545	154	8	29
1777574	154	9	30
1777604	154	-9	29
1777633	154	10	30
1777663	154	11	29
1777692	154	12	30
1777722	155	1	29
1777751	155	2	30
1777781	155	3	29
1777810	155	4	30
1777840	155	5	29
1777869	155	6	30
1777899	155	7	29
1777928	155	8	30
1777958	155	9	30
1777988	155	10	29
1778017	155	11	30
1778047	155	12	29
1778076	156	1	30
1778106	156	2	29
1778135	156	3	30
1778165	156	4	29
1778194	156	5	30
1778224	156	6	29
1778253	156	7	30
1778283	156	8	29
1778312	156	9	30
1778342	156	10	29
1778371	156	11	30
1778401	156	12	29
1778430	157	1	30
1778460	157	2	30
1778490	157	3	29
1778519	157	4	30
1778549	157	5	29
1778578	157	-5	30
1778608	157	6	29
1778637	157	7	30
1778667	157	8	29
1778696	157	9	30
1778726	157	10	29
1778755	157	11	30
1778785	157	12	29
1778814	158	1	30
1778844	158	2	29
1778873	158	3	30
1778903	158	4	30
1778933	158	5	29
1778962	158	6	30
1778992	158	7	29
1779021	158	8	30
1779051	158	9	29
1779080	158	10	30
1779110	158	11	29
1779139	158	12	30
1779169	159	1	29
1779198	159	2	30
1779228	159	3	29
1779257	159	4	30
1779287	159	5	29
1779316	159	6	30
1779346	159	7	29
1779375	159	8	30
1779405	159	9	30
1779435	159	10	29
1779464	159	11	30
1779494	159	12	29
1779523	160	1	30
1779553	160	-1	29
1779582	160	2	30
1779612	160	3	29
1779641	160	4	30
1779671	160	5	29
1779700	160	6	30
1779730	160	7	29
1779759	160	8	30
1779789	160	9	29
1779818	160	10	30
1779848	160	11	30
1779878	160	12	29
1779907	161	1	30
1779937	161	2	29
1779966	161	3	30
1779996	161	4	29
1780025	161	5	30
1780055	161	6	29
1780084	161	7	30
1780114	161	8	29
1780143	161	9	30
1780173	161	10	29
1780202	161	11	30
1780232	161	12	29
1780261	162	1	30
1780291	162	2	29
1780320	162	3	30
1780350	162	4	30
1780380	162	5	29
1780409	162	6	30
1780439	162	7	29
1780468	162	8	30
1780498	162	9	29
1780527	162	10	30
1780557	162	-10	29
1780586	162	11	30
1780616	162	12	29
1780645	163	1	30
1780675	163	2	29
1780704	163	3	30
1780734	163	4	29
1780763	163	5	30
1780793	163	6	29
1780822	163	7	30
1780852	163	8	30
1780882	163	9	29
1780911	163	10	30
1780941	163	11	29
1780970	163	12	30
1781000	164	1	29
1781029	164	2	30
1781059	164	3	29
1781088	164	4	30
1781118	164	5	29
1781147	164	6	30
1781177	164	7	29
1781206	164	8	30
1781236	164	9	29
1781265	164	10	30
1781295	164	11	30
1781325	164	12	29
1781354	165	1	30
1781384	165	2	29
1781413	165	3	30
1781443	165	4	29
1781472	165	5	30
1781502	165	6	29
1781531	165	7	30
1781561	165	-7	29
1781590	165	8	30
1781620	165	9	29
1781649	165	10	30
1781679	165	11	29
1781708	165	12	30
1781738	166	1	29
1781767	166	2	30
1781797	166	3	30
1781827	166	4	29
1781856	166	5	30
1781886	166	6	29
1781915	166	7	30
1781945	166	8	29
1781974	166	9	30
1782004	166	10	29
1782033	166	11	30
1782063	166	12	29
1782092	167	1	30
1782122	167	2	29
1782151	167	3	30
1782181	167	4	29
1782210	167	5	30
1782240	167	6	30
1782270	167	7	29
1782299	167	8	30
1782329	167	9	29
1782358	167	10	30
1782388	167	11	29
1782417	167	12	30
1782447	168	1	29
1782476	168	2	30
1782506	168	3	29
1782535	168	-3	30
1782565	168	4	29
1782594	168	5	30
1782624	168	6	29
1782653	168	7	30
1782683	168	8	29
1782712	168	9	30
1782742	168	10	30
1782772	168	11	29
1782801	168	12	30
1782831	169	1	29
1782860	169	2	30
1782890	169	3	29
1782919	169	4	30
1782949	169	5	29
1782978	169	6	30
1783008	169	7	29
1783037	169	8	30
1783067	169	9	29
1783096	169	10	30
1783126	169	11	29
1783155	169	12	30
1783185	170	1	29
1783214	170	2	30
1783244	170	3	30
1783274	170	4	29
1783303	170	5	30
1783333	170	6	29
1783362	170	7	30
1783392	170	8	29
1783421	170	9	30
1783451	170	10	29
1783480	170	11	30
1783510	170	-11	29
1783539	170	12	30
1783569	171	1	29
1783598	171	2	30
1783628	171	3	29
1783657	171	4	30
1783687	171	5	30
1783717	171	6	29
1783746	171	7	30
1783776	171	8	29
1783805	171	9	30
1783835	171	10	29
1783864	171	11	30
1783894	171	12	29
1783923	172	1	30
1783953	172	2	29
1783982	172	3	30
1784012	172	4	29
1784041	172	5	30
1784071	172	6	29
1784100	172	7	30
1784130	172	8	29
1784159	172	9	30
1784189	172	10	30
1784219	172	11	29
1784248	172	12	30
1784278	173	1	29
1784307	173	2	30
1784337	173	3	29
1784366	173	4	30
1784396	173	5	29
1784425	173	6	30
1784455	173	7	29
1784484	173	8	30
1784514	173	-8	29
1784543	173	9	30
1784573	173	10	29
1784602	173	11	30
1784632	173	12	30
1784662	174	1	29
1784691	174	2	30
1784721	174	3	29
1784750	174	4	30
1784780	174	5	29
1784809	174	6	30
1784839	174	7	29
1784868	174	8	30
1784898	174	9	29
1784927	174	10	30
1784957	174	11	29
1784986	174	12	30
1785016	175	1	29
1785045	175	2	30
1785075	175	3	29
1785104	175	4	30
1785134	175	5	30
1785164	175	6	29
1785193	175	7	30
1785223	175	8	29
1785252	175	9	30
1785282	175	10	29
1785311	175	11	30
1785341	175	12	29
1785370	176	1	30
1785400	176	2	29
1785429	176	3	30
1785459	176	4	29
1785488	176	5	30
1785518	176	-5	29
1785547	176	6	30
1785577	176	7	29
1785606	176	8	30
1785636	176	9	30
1785666	176	10	29
1785695	176	11	30
1785725	176	12	29
1785754	177	1	30
1785784	177	2	29
1785813	177	3	30
1785843	177	4	29
1785872	177	5	30
1785902	177	6	29
1785931	177	7	30
1785961	177	8	29
1785990	177	9	30
1786020	177	10	29
1786049	177	11	30
1786079	177	12	30
1786109	178	1	29
1786138	178	2	30
1786168	178	3	29
1786197	178	4	30
1786227	178	5	29
1786256	178	6	30
1786286	178	7	29
1786315	178	8	30
1786345	178	9	29
1786374	178	10	30
1786404	178	11	29
1786433	178	12	30
1786463	179	1	29
1786492	179	-1	30
1786522	179	2	29
1786551	179	3	30
1786581	179	4	30
1786611	179	5	29
1786640	179	6	30
1786670	179	7	29
1786699	179	8	30
1786729	179	9	29
1786758	179	10	30
1786788	179	11	29
1786817	179	12	30
1786847	180	1	29
1786876	180	2	30
1786906	180	3	29
1786935	180	4	30
1786965	180	5	29
1786994	180	6	30
1787024	180	7	30
1787054	180	8	29
1787083	180	9	30
1787113	180	10	29
1787142	180	11	30
1787172	180	12	29
1787201	181	1	30
1787231	181	2	29
1787260	181	3	30
1787290	181	4	29
1787319	181	5	30
1787349	181	6	29
1787378	181	7	30
1787408	181	8	29
1787437	181	9	30
1787467	181	-9	29
1787496	181	10	30
1787526	181	11	30
1787556	181	12	29
1787585	182	1	30
1787615	182	2	29
1787644	182	3	30
1787674	182	4	29
1787703	182	5	30
1787733	182	6	29
1787762	182	7	30
1787792	182	8	29
1787821	182	9	30
1787851	182	10	29
1787880	182	11	30
1787910	182	12	29
1787939	183	1	30
1787969	183	2	29
1787998	183	3	30
1788028	183	4	30
1788058	183	5	29
1788087	183	6	30
1788117	183	7	29
1788146	183	8	30
1788176	183	9	29
1788205	183	10	30
1788235	183	11	29
1788264	183	12	30
1788294	184	1	29
1788323	184	2	30
1788353	184	3	29
1788382	184	4	30
1788412	184	5	29
1788441	184	6	30
1788471	184	7	30
1788501	184	-7	29
1788530	184	8	30
1788560	184	9	29
1788589	184	10	30
1788619	184	11	29
1788648	184	12	30
1788678	185	1	29
1788707	185	2	30
1788737	185	3	29
1788766	185	4	30
1788796	185	5	29
1788825	185	6	30
1788855	185	7	29
1788884	185	8	30
1788914	185	9	29
1788943	185	10	30
1788973	185	11	30
1789003	185	12	29
1789032	186	1	30
1789062	186	2	29
1789091	186	3	30
1789121	186	4	29
1789150	186	5	30
1789180	186	6	29
1789209	186	7	30
1789239	186	8	29
1789268	186	9	30
1789298	186	10	29
1789327	186	11	30
1789357	186	12	29
1789386	187	1	30
1789416	187	2	30
1789446	187	3	29
1789475	187	4	30
1789505	187	-4	29
1789534	187	5	30
1789564	187	6	29
1789593	187	7	30
1789623	187	8	29
1789652	187	9	30
1789682	187	10	29
1789711	187	11	30
1789741	187	12	29
1789770	188	1	30
1789800	188	2	29
1789829	188	3	30
1789859	188	4	29
1789888	188	5	30
1789918	188	6	30
1789948	188	7	29
1789977	188	8	30
1790007	188	9	29
1790036	188	10	30
1790066	188	11	29
1790095	188	12	30
1790125	189	1	29
1790154	189	2	30
1790184	189	3	29
1790213	189	4	30
1790243	189	5	29
1790272	189	6	30
1790302	189	7	29
1790331	189	8	30
1790361	189	9	29
1790390	189	10	30
1790420	189	11	30
1790450	189	12	29
1790479	189	-12	30
1790509	190	1	29
1790538	190	2	30
1790568	190	3	29
1790597	190	4	30
1790627	190	5	29
1790656	190	6	30
1790686	190	7	29
1790715	190	8	30
1790745	190	9	29
1790774	190	10	30
1790804	190	11	29
1790833	190	12	30
1790863	191	1	30
1790893	191	2	29
1790922	191	3	30
1790952	191	4	29
1790981	191	5	30
1791011	191	6	29
1791040	191	7	30
1791070	191	8	29
1791099	191	9	30
1791129	191	10	29
1791158	191	11	30
1791188	191	12	29
1791217	192	1	30
1791247	192	2	29
1791276	192	3	30
1791306	192	4	29
1791335	192	5	30
1791365	192	6	30
1791395	192	7	29
1791424	192	8	30
1791454	192	-8	29
1791483	192	9	30
1791513	192	10	29
1791542	192	11	30
1791572	192	12	29
1791601	193	1	30
1791631	193	2	29
1791660	193	3	30
1791690	193	4	29
1791719	193	5	30
1791749	193	6	29
1791778	193	7	30
1791808	193	8	30
1791838	193	9	29
1791867	193	10	30
1791897	193	11	29
1791926	193	12	30
1791956	194	1	29
1791985	194	2	30
1792015	194	3	29
1792044	194	4	30
1792074	194	5	29
1792103	194	6	30
1792133	194	7	29
1792162	194	8	30
1792192	194	9	29
1792221	194	10	30
1792251	194	11	29
1792280	194	12	30
1792310	195	1	30
1792340	195	2	29
1792369	195	3	30
1792399	195	4	29
1792428	195	5	30
1792458	195	-5	29
1792487	195	6	30
1792517	195	7	29
1792546	195	8	30
1792576	195	9	29
1792605	195	10	30
1792635	195	11	29
1792664	195	12	30
1792694	196	1	29
1792723	196	2	30
1792753	196	3	29
1792782	196	4	30
1792812	196	5	30
1792842	196	6	29
1792871	196	7	30
1792901	196	8	29
1792930	196	9	30
1792960	196	10	29
1792989	196	11	30
1793019	196	12	29
1793048	197	1	30
1793078	197	2	29
1793107	197	3	30
1793137	197	4	29
1793166	197	5	30
1793196	197	6	29
1793225	197	7	30
1793255	197	8	30
1793285	197	9	29
1793314	197	10	30
1793344	197	11	29
1793373	197	12	30
1793403	198	1	29
1793432	198	2	30
1793462	198	-2	29
1793491	198	3	30
1793521	198	4	29
1793550	198	5	30
1793580	198	6	29
1793609	198	7	30
1793639	198	8	29
1793668	198	9	30
1793698	198	10	29
1793727	198	11	30
1793757	198	12	30
1793787	199	1	29
1793816	199	2	30
1793846	199	3	29
1793875	199	4	30
1793905	199	5	29
1793934	199	6	30
1793964	199	7	29
1793993	199	8	30
1794023	199	9	29
1794052	199	10	30
1794082	199	11	29
1794111	199	12	30
1794141	200	1	29
1794170	200	2	30
1794200	200	3	30
1794230	200	4	29
1794259	200	5	30
1794289	200	6	29
1794318	200	7	30
1794348	200	8	29
1794377	200	9	30
1794407	200	10	29
1794436	200	-10	30
1794466	200	11	29
1794495	200	12	30
1794525	201	1	29
1794554	201	2	30
1794584	201	3	29
1794613	201	4	30
1794643	201	5	29
1794672	201	6	30
1794702	201	7	30
1794732	201	8	29
1794761	201	9	30
1794791	201	10	29
1794820	201	11	30
1794850	201	12	29
1794879	202	1	30
1794909	202	2	29
1794938	202	3	30
1794968	202	4	29
1794997	202	5	30
1795027	202	6	29
1795056	202	7	30
1795086	202	8	29
1795115	202	9	30
1795145	202	10	29
1795174	202	11	30
1795204	202	12	30
1795234	203	1	29
1795263	203	2	30
1795293	203	3	29
1795322	203	4	30
1795352	203	5	29
1795381	203	6	30
1795411	203	-6	29
1795440	203	7	30
1795470	203	8	29
1795499	203	9	30
1795529	203	10	29
1795558	203	11	30
1795588	203	12	29
1795617	204	1	30
1795647	204	2	30
1795677	204	3	29
1795706	204	4	30
1795736	204	5	29
1795765	204	6	30
1795795	204	7	29
1795824	204	8	30
1795854	204	9	29
1795883	204	10	30
1795913	204	11	29
1795942	204	12	30
1795972	205	1	29
1796001	205	2	30
1796031	205	3	29
1796060	205	4	30
1796090	205	5	29
1796119	205	6	30
1796149	205	7	30
1796179	205	8	29
1796208	205	9	30
1796238	205	10	29
1796267	205	11	30
1796297	205	12	29
1796326	206	1	30
1796356	206	2	29
1796385	206	3	30
1796415	206	-3	29
1796444	206	4	30
1796474	206	5	29
1796503	206	6	30
1796533	206	7	29
1796562	206	8	30
1796592	206	9	30
1796622	206	10	29
1796651	206	11	30
1796681	206	12	29
1796710	207	1	30
1796740	207	2	29
1796769	207	3	30
1796799	207	4	29
1796828	207	5	30
1796858	207	6	29
1796887	207	7	30
1796917	207	8	29
1796946	207	9	30
1796976	207	10	29
1797005	207	11	30
1797035	207	12	29
1797064	208	1	30
1797094	208	2	30
1797124	208	3	29
1797153	208	4	30
1797183	208	5	29
1797212	208	6	30
1797242	208	7	29
1797271	208	8	30
1797301	208	9	29
1797330	208	10	30
1797360	208	11	29
1797389	208	12	30
1797419	208	-12	29
1797448	209	1	30
1797478	209	2	29
1797507	209	3	30
1797537	209	4	29
1797566	209	5	30
1797596	209	6	30
1797626	209	7	29
1797655	209	8	30
1797685	209	9	29
1797714	209	10	30
1797744	209	11	29
1797773	209	12	30
1797803	210	1	29
1797832	210	2	30
1797862	210	3	29
1797891	210	4	30
1797921	210	5	29
1797950	210	6	30
1797980	210	7	29
1798009	210	8	30
1798039	210	9	30
1798069	210	10	29
1798098	210	11	30
1798128	210	12	29
1798157	211	1	30
1798187	211	2	29
1798216	211	3	30
1798246	211	4	29
1798275	211	5	30
1798305	211	6	29
1798334	211	7	30
1798364	211	8	29
1798393	211	-8	30
1798423	211	9	29
1798452	211	10	30
1798482	211	11	29
1798511	211	12	30
1798541	212	1	30
1798571	212	2	29
1798600	212	3	30
1798630	212	4	29
1798659	212	5	30
1798689	212	6	29
1798718	212	7	30
1798748	212	8	29
1798777	212	9	30
1798807	212	10	29
1798836	212	11	30
1798866	212	12	29
1798895	213	1	30
1798925	213	2	29
1798954	213	3	30
1798984	213	4	30
1799014	213	5	29
1799043	213	6	30
1799073	213	7	29
1799102	213	8	30
1799132	213	9	29
1799161	213	10	30
1799191	213	11	29
1799220	213	12	30
1799250	214	1	29
1799279	214	2	30
1799309	214	3	29
1799338	214	4	30
1799368	214	-4	29
1799397	214	5	30
1799427	214	6	29
1799456	214	7	30
1799486	214	8	30
1799516	214	9	29
1799545	214	10	30
1799575	214	11	29
1799604	214	12	30
1799634	215	1	29
1799663	215	2	30
1799693	215	3	29
1799722	215	4	30
1799752	215	5	29
1799781	215	6	30
1799811	215	7	29
1799840	215	8	30
1799870	215	9	29
1799899	215	10	30
1799929	215	11	29
1799958	215	12	30
1799988	216	1	30
1800018	216	2	29
1800047	216	3	30
1800077	216	4	29
1800106	216	5	30
1800136	216	6	29
1800165	216	7	30
1800195	216	8	29
1800224	216	9	30
1800254	216	10	29
1800283	216	11	30
1800313	216	12	29
1800342	217	1	30
1800372	217	-1	29
1800401	217	2	30
1800431	217	3	30
1800461	217	4	29
1800490	217	5	30
1800520	217	6	29
1800549	217	7	30
1800579	217	8	29
1800608	217	9	30
1800638	217	10	29
1800667	217	11	30
1800697	217	12	29
1800726	218	1	30
1800756	218	2	29
1800785	218	3	30
1800815	218	4	29
1800844	218	5	30
1800874	218	6	29
1800903	218	7	30
1800933	218	8	30
1800963	218	9	29
1800992	218	10	30
1801022	218	11	29
1801051	218	12	30
1801081	219	1	29
1801110	219	2	30
1801140	219	3	29
1801169	219	4	30
1801199	219	5	29
1801228	219	6	30
1801258	219	7	29
1801287	219	8	30
1801317	219	9	29
1801346	219	10	30
1801376	219	-10	30
1801406	219	11	29
1801435	219	12	30
1801465	220	1	29
1801494	220	2	30
1801524	220	3	29
1801553	220	4	30
1801583	220	5	29
1801612	220	6	30
1801642	220	7	29
1801671	220	8	30
1801701	220	9	29
1801730	220	10	30
1801760	220	11	29
1801789	220	12	30
1801819	221	1	29
1801848	221	2	30
1801878	221	3	30
1801908	221	4	29
1801937	221	5	30
1801967	221	6	29
1801996	221	7	30
1802026	221	8	29
1802055	221	9	30
1802085	221	10	29
1802114	221	11	30
1802144	221	12	29
1802173	222	1	30
1802203	222	2	29
1802232	222	3	30
1802262	222	4	29
1802291	222	5	30
1802321	222	6	29
1802350	222	-6	30
1802380	222	7	30
1802410	222	8	29
1802439	222	9	30
1802469	222	10	29
1802498	222	11	30
1802528	222	12	29
1802557	223	1	30
1802587	223	2	29
1802616	223	3	30
1802646	223	4	29
1802675	223	5	30
1802705	223	6	29
1802734	223	7	30
1802764	223	8	29
1802793	223	9	30
1802823	223	10	30
1802853	223	11	29
1802882	223	12	30
1802912	224	1	29
1802941	224	2	30
1802971	224	3	29
1803000	224	4	30
1803030	224	5	29
1803059	224	6	30
1803089	224	7	29
1803118	224	8	30
1803148	224	9	29
1803177	224	10	30
1803207	224	11	29
1803236	224	12	30
1803266	225	1	29
1803295	225	2	30
1803325	225	3	30
1803355	225	-3	29
1803384	225	4	30
1803414	225	5	29
1803443	225	6	30
1803473	225	7	29
1803502	225	8	30
1803532	225	9	29
1803561	225	10	30
1803591	225	11	29
1803620	225	12	30
1803650	226	1	29
1803679	226	2	30
1803709	226	3	29
1803738	226	4	30
1803768	226	5	29
1803797	226	6	30
1803827	226	7	30
1803857	226	8	29
1803886	226	9	30
1803916	226	10	29
1803945	226	11	30
1803975	226	12	29
1804004	227	1	30
1804034	227	2	29
1804063	227	3	30
1804093	227	4	29
1804122	227	5	30
1804152	227	6	29
1804181	227	7	30
1804211	227	8	29
1804240	227	9	30
1804270	227	10	30
1804300	227	11	29
1804329	227	12	30
1804359	227	-12	29
1804388	228	1	30
1804418	228	2	29
1804447	228	3	30
1804477	228	4	29
1804506	228	5	30
1804536	228	6	29
1804565	228	7	30
1804595	228	8	29
1804624	228	9	30
1804654	228	10	29
1804683	228	11	30
1804713	228	12	29
1804742	229	1	30
1804772	229	2	30
1804802	229	3	29
1804831	229	4	30
1804861	229	5	29
1804890	229	6	30
1804920	229	7	29
1804949	229	8	30
1804979	229	9	29
1805008	229	10	30
1805038	229	11	29
1805067	229	12	30
1805097	230	1	29
1805126	230	2	30
1805156	230	3	29
1805185	230	4	30
1805215	230	5	30
1805245	230	6	29
1805274	230	7	30
1805304	230	8	29
1805333	230	9	30
1805363	230	-9	29
1805392	230	10	30
1805422	230	11	29
1805451	230	12	30
1805481	231	1	29
1805510	231	2	30
1805540	231	3	29
1805569	231	4	30
1805599	231	5	29
1805628	231	6	30
1805658	231	7	29
1805687	231	8	30
1805717	231	9	30
1805747	231	10	29
1805776	231	11	30
1805806	231	12	29
1805835	232	1	30
1805865	232	2	29
1805894	232	3	30
1805924	232	4	29
1805953	232	5	30
1805983	232	6	29
1806012	232	7	30
1806042	232	8	29
1806071	232	9	30
1806101	232	10	29
1806130	232	11	30
1806160	232	12	29
1806189	233	1	30
1806219	233	2	30
1806249	233	3	29
1806278	233	4	30
1806308	233	5	29
1806337	233	-5	30
1806367	233	6	29
1806396	233	7	30
1806426	233	8	29
1806455	233	9	30
1806485	233	10	29
1806514	233	11	30
1806544	233	12	29
1806573	234	1	30
1806603	234	2	29
1806632	234	3	30
1806662	234	4	30
1806692	234	5	29
1806721	234	6	30
1806751	234	7	29
1806780	234	8	30
1806810	234	9	29
1806839	234	10	30
1806869	234	11	29
1806898	234	12	30
1806928	235	1	29
1806957	235	2	30
1806987	235	3	29
1807016	235	4	30
1807046	235	5	29
1807075	235	6	30
1807105	235	7	29
1807134	235	8	30
1807164	235	9	30
1807194	235	10	29
1807223	235	11	30
1807253	235	12	29
1807282	236	1	30
1807312	236	-1	29
1807341	236	2	30
1807371	236	3	29
1807400	236	4	30
1807430	236	5	29
1807459	236	6	30
1807489	236	7	29
1807518	236	8	30
1807548	236	9	29
1807577	236	10	30
1807607	236	11	30
1807637	236	12	28
1807665	237	1	30
1807695	237	2	29
1807724	237	4	30
1807754	237	5	30
1807784	237	6	29
1807813	237	7	30
1807843	237	8	29
1807872	237	9	30
1807902	237	10	29
1807931	237	11	30
1807961	237	12	29
1807990	238	1	30
1808020	238	2	29
1808049	238	3	30
1808079	238	4	29
1808108	238	5	30
1808138	238	6	29
1808167	238	7	30
1808197	238	8	30
1808227	238	9	29
1808256	238	10	30
1808286	238	11	29
1808315	238	-11	30
1808345	238	12	29
1808374	239	1	30
1808404	239	2	29
1808433	239	3	30
1808463	239	4	29
1808492	239	5	30
1808522	239	6	29
1808551	239	7	30
1808581	239	8	29
1808610	239	9	30
1808640	239	10	29
1808669	239	11	30
1808699	239	12	30
1808729	239	12	29
1808758	240	1	30
1808788	240	2	29
1808817	240	3	30
1808847	240	4	29
1808876	240	5	30
1808906	240	6	29
1808935	240	7	30
1808965	240	8	29
1808994	240	9	30
1809024	240	10	29
1809053	240	11	30
1809083	240	12	29
1809112	241	1	30
1809142	241	2	29
1809171	241	3	30
1809201	241	4	30
1809231	241	5	29
1809260	241	6	30
1809290	241	-6	29
1809319	241	7	30
1809349	241	8	29
1809378	241	9	30
1809408	241	10	29
1809437	241	11	30
1809467	241	12	29
1809496	242	1	30
1809526	242	2	29
1809555	242	3	30
1809585	242	4	29
1809614	242	5	30
1809644	242	6	30
1809674	242	7	29
1809703	242	8	30
1809733	242	9	29
1809762	242	10	30
1809792	242	11	29
1809821	242	12	30
1809851	243	1	29
1809880	243	2	30
1809910	243	3	29
1809939	243	4	30
1809969	243	5	29
1809998	243	6	30
1810028	243	7	29
1810057	243	8	30
1810087	243	9	29
1810116	243	10	30
1810146	243	11	30
1810176	243	12	29
1810205	244	1	30
1810235	244	2	29
1810264	244	3	30
1810294	244	-3	29
1810323	244	4	30
1810353	244	5	29
1810382	244	6	30
1810412	244	7	29
1810441	244	8	30
1810471	244	9	29
1810500	244	10	30
1810530	244	11	29
1810559	244	12	30
1810589	245	1	29
1810618	245	2	30
1810648	245	3	30
1810678	245	4	29
1810707	245	5	30
1810737	245	6	29
1810766	245	7	30
1810796	245	8	29
1810825	245	9	30
1810855	245	10	29
1810884	245	11	30
1810914	245	12	29
1810943	246	1	30
1810973	246	2	29
1811002	246	3	30
1811032	246	4	29
1811061	246	5	30
1811091	246	6	30
1811121	246	7	29
1811150	246	8	30
1811180	246	9	29
1811209	246	10	30
1811239	246	11	29
1811268	246	12	30
1811298	246	-12	29
1811327	247	1	30
1811357	247	2	29
1811386	247	3	30
1811416	247	4	29
1811445	247	5	30
1811475	247	6	29
1811504	247	7	30
1811534	247	8	29
1811563	247	9	30
1811593	247	10	30
1811623	247	11	29
1811652	247	12	30
1811682	248	1	29
1811711	248	2	30
1811741	248	3	29
1811770	248	4	30
1811800	248	5	29
1811829	248	6	30
1811859	248	7	29
1811888	248	8	30
1811918	248	9	29
1811947	248	10	30
1811977	248	11	29
1812006	248	12	30
1812036	249	1	29
1812065	249	2	30
1812095	249	3	30
1812125	249	4	29
1812154	249	5	30
1812184	249	6	29
1812213	249	7	30
1812243	249	8	29
1812272	249	9	30
1812302	249	-9	29
1812331	249	10	30
1812361	249	11	29
1812390	249	12	30
1812420	250	1	29
1812449	250	2	30
1812479	250	3	29
1812508	250	4	30
1812538	250	5	29
1812567	250	6	30
1812597	250	7	30
1812627	250	8	29
1812656	250	9	30
1812686	250	10	29
1812715	250	11	30
1812745	250	12	29
1812774	251	1	30
1812804	251	2	29
1812833	251	3	30
1812863	251	4	29
1812892	251	5	30
1812922	251	6	29
1812951	251	7	30
1812981	251	8	29
1813010	251	9	30
1813040	251	10	30
1813070	251	11	29
1813099	251	12	30
1813129	252	1	29
1813158	252	2	30
1813188	252	3	29
1813217	252	4	30
1813247	252	5	29
1813276	252	-5	30
1813306	252	6	29
1813335	252	7	30
1813365	252	8	29
1813394	252	9	30
1813424	252	10	29
1813453	252	11	30
1813483	252	12	29
1813512	253	1	30
1813542	253	2	30
1813572	253	3	29
1813601	253	4	30
1813631	253	5	29
1813660	253	6	30
1813690	253	7	29
1813719	253	8	30
1813749	253	9	29
1813778	253	10	30
1813808	253	11	29
1813837	253	12	30
1813867	254	1	29
1813896	254	2	30
1813926	254	3	29
1813955	254	4	30
1813985	254	5	29
1814014	254	6	30
1814044	254	7	30
1814074	254	8	29
1814103	254	9	30
1814133	254	10	29
1814162	254	11	30
1814192	254	12	29
1814221	255	1	30
1814251	255	-1	29
1814280	255	2	30
1814310	255	3	29
1814339	255	4	30
1814369	255	5	29
1814398	255	6	30
1814428	255	7	29
1814457	255	8	30
1814487	255	9	30
1814517	255	10	29
1814546	255	11	30
1814576	255	12	29
1814605	256	1	30
1814635	256	2	29
1814664	256	3	30
1814694	256	4	29
1814723	256	5	30
1814753	256	6	29
1814782	256	7	30
1814812	256	8	29
1814841	256	9	30
1814871	256	10	29
1814900	256	11	30
1814930	256	12	29
1814959	257	1	30
1814989	257	2	30
1815019	257	3	29
1815048	257	4	30
1815078	257	5	29
1815107	257	6	30
1815137	257	7	29
1815166	257	8	30
1815196	257	9	29
1815225	257	10	30
1815255	257	-10	29
1815284	257	11	30
1815314	257	12	29
1815343	258	1	30
1815373	258	2	29
1815402	258	3	30
1815432	258	4	29
1815461	258	5	30
1815491	258	6	30
1815521	258	7	29
1815550	258	8	30
1815580	258	9	29
1815609	258	10	30
1815639	258	11	29
1815668	258	12	30
1815698	259	1	29
1815727	259	2	30
1815757	259	3	29
1815786	259	4	30
1815816	259	5	29
1815845	259	6	30
1815875	259	7	29
1815904	259	8	30
1815934	259	9	30
1815964	259	10	29
1815993	259	11	30
1816023	259	12	29
1816052	260	1	30
1816082	260	2	29
1816111	260	3	30
1816141	260	4	29
1816170	260	5	30
1816200	260	6	29
1816229	260	7	30
1816259	260	-7	29
1816288	260	8	30
1816318	260	9	29
1816347	260	10	30
1816377	260	11	29
1816406	260	12	30
1816436	261	1	30
1816466	261	2	29
1816495	261	3	30
1816525	261	4	29
1816554	261	5	30
1816584	261	6	29
1816613	261	7	30
1816643	261	8	29
1816672	261	9	30
1816702	261	10	29
1816731	261	11	30
1816761	261	12	29
1816790	262	1	30
1816820	262	2	29
1816849	262	3	30
1816879	262	4	29
1816908	262	5	30
1816938	262	6	30
1816968	262	7	29
1816997	262	8	30
1817027	262	9	29
1817056	262	10	30
1817086	262	11	29
1817115	262	12	30
1817145	263	1	29
1817174	263	2	30
1817204	263	3	29
1817233	263	-3	30
1817263	263	4	29
1817292	263	5	30
1817322	263	6	29
1817351	263	7	30
1817381	263	8	30
1817411	263	9	29
1817440	263	10	30
1817470	263	11	29
1817499	263	12	30
1817529	264	1	29
1817558	264	2	30
1817588	264	3	29
1817617	264	4	30
1817647	264	5	29
1817676	264	6	30
1817706	264	7	29
1817735	264	8	30
1817765	264	9	29
1817794	264	10	30
1817824	264	11	29
1817853	264	12	30
1817883	265	1	30
1817913	265	2	29
1817942	265	3	30
1817972	265	4	29
1818001	265	5	30
1818031	265	6	29
1818060	265	7	30
1818090	265	8	29
1818119	265	9	30
1818149	265	10	29
1818178	265	11	30
1818208	265	-11	29
1818237	265	12	30
1818267	266	1	29
1818296	266	2	30
1818326	266	3	29
1818355	266	4	30
1818385	266	5	30
1818415	266	6	29
1818444	266	7	30
1818474	266	8	29
1818503	266	9	30
1818533	266	10	29
1818562	266	11	30
1818592	266	12	29
1818621	267	1	30
1818651	267	2	29
1818680	267	3	30
1818710	267	4	29
1818739	267	5	30
1818769	267	6	29
1818798	267	7	30
1818828	267	8	30
1818858	267	9	29
1818887	267	10	30
1818917	267	11	29
1818946	267	12	30
1818976	268	1	29
1819005	268	2	30
1819035	268	3	29
1819064	268	4	30
1819094	268	5	29
1819123	268	6	30
1819153	268	7	29
1819182	268	8	30
1819212	268	-8	29
1819241	268	9	30
1819271	268	10	29
1819300	268	11	30
1819330	268	12	30
1819360	269	1	29
1819389	269	2	30
1819419	269	3	29
1819448	269	4	30
1819478	269	5	29
1819507	269	6	30
1819537	269	7	29
1819566	269	8	30
1819596	269	9	29
1819625	269	10	30
1819655	269	11	29
1819684	269	12	30
1819714	270	1	29
1819743	270	2	30
1819773	270	3	29
1819802	270	4	30
1819832	270	5	30
1819862	270	6	29
1819891	270	7	30
1819921	270	8	29
1819950	270	9	30
1819980	270	10	29
1820009	270	11	30
1820039	270	12	29
1820068	271	1	30
1820098	271	2	29
1820127	271	3	30
1820157	271	4	29
1820186	271	5	30
1820216	271	-5	29
1820245	271	6	30
1820275	271	7	30
1820305	271	8	29
1820334	271	9	30
1820364	271	10	29
1820393	271	11	30
1820423	271	12	29
1820452	272	1	30
1820482	272	2	29
1820511	272	3	30
1820541	272	4	29
1820570	272	5	30
1820600	272	6	29
1820629	272	7	30
1820659	272	8	29
1820688	272	9	30
1820718	272	10	29
1820747	272	11	30
1820777	272	12	30
1820807	273	1	29
1820836	273	2	30
1820866	273	3	29
1820895	273	4	30
1820925	273	5	29
1820954	273	6	30
1820984	273	7	29
1821013	273	8	30
1821043	273	9	29
1821072	273	10	30
1821102	273	11	29
1821131	273	12	30
1821161	274	1	29
1821190	274	-1	30
1821220	274	2	29
1821249	274	3	30
1821279	274	4	30
1821309	274	5	29
1821338	274	6	30
1821368	274	7	29
1821397	274	8	30
1821427	274	9	29
1821456	274	10	30
1821486	274	11	29
1821515	274	12	30
1821545	275	1	29
1821574	275	2	30
1821604	275	3	29
1821633	275	4	30
1821663	275	5	29
1821692	275	6	30
1821722	275	7	30
1821752	275	8	29
1821781	275	9	30
1821811	275	10	29
1821840	275	11	30
1821870	275	12	29
1821899	276	1	30
1821929	276	2	29
1821958	276	3	30
1821988	276	4	29
1822017	276	5	30
1822047	276	6	29
1822076	276	7	30
1822106	276	8	29
1822135	276	9	30
1822165	276	-9	29
1822194	276	10	30
1822224	276	11	30
1822254	276	12	29
1822283	277	1	30
1822313	277	2	29
1822342	277	3	30
1822372	277	4	29
1822401	277	5	30
1822431	277	6	29
1822460	277	7	30
1822490	277	8	29
1822519	277	9	30
1822549	277	10	29
1822578	277	11	30
1822608	277	12	29
1822637	278	1	30
1822667	278	2	30
1822697	278	3	29
1822726	278	4	30
1822756	278	5	29
1822785	278	6	30
1822815	278	7	29
1822844	278	8	30
1822874	278	9	29
1822903	278	10	30
1822933	278	11	29
1822962	278	12	30
1822992	279	1	29
1823021	279	2	30
1823051	279	3	29
1823080	279	4	30
1823110	279	5	29
1823139	279	6	30
1823169	279	7	30
1823199	279	-7	29
1823228	279	8	30
1823258	279	9	29
1823287	279	10	30
1823317	279	11	29
1823346	279	12	30
1823376	280	1	29
1823405	280	2	30
1823435	280	3	29
1823464	280	4	30
1823494	280	5	29
1823523	280	6	30
1823553	280	7	29
1823582	280	8	30
1823612	280	9	29
1823641	280	10	30
1823671	280	11	30
1823701	280	12	29
1823730	281	1	30
1823760	281	2	29
1823789	281	3	30
1823819	281	4	29
1823848	281	5	30
1823878	281	6	29
1823907	281	7	30
1823937	281	8	29
1823966	281	9	30
1823996	281	10	29
1824025	281	11	30
1824055	281	12	29
1824084	282	1	30
1824114	282	2	29
1824143	282	3	30
1824173	282	4	30
1824203	282	-4	29
1824232	282	5	30
1824262	282	6	29
1824291	282	7	30
1824321	282	8	29
1824350	282	9	30
1824380	282	10	29
1824409	282	11	30
1824439	282	12	29
1824468	283	1	30
1824498	283	2	29
1824527	283	3	30
1824557	283	4	29
1824586	283	5	30
1824616	283	6	30
1824646	283	7	29
1824675	283	8	30
1824705	283	9	29
1824734	283	10	30
1824764	283	11	29
1824793	283	12	30
1824823	284	1	29
1824852	284	2	30
1824882	284	3	29
1824911	284	4	30
1824941	284	5	29
1824970	284	6	30
1825000	284	7	29
1825029	284	8	30
1825059	284	9	29
1825088	284	10	30
1825118	284	11	30
1825148	284	12	29
1825177	284	-12	30
1825207	285	1	29
1825236	285	2	30
1825266	285	3	29
1825295	285	4	30
1825325	285	5	29
1825354	285	6	30
1825384	285	7	29
1825413	285	8	30
1825443	285	9	29
1825472	285	10	30
1825502	285	11	29
1825531	285	12	30
1825561	286	1	29
1825590	286	2	30
1825620	286	3	30
1825650	286	4	29
1825679	286	5	30
1825709	286	6	29
1825738	286	7	30
1825768	286	8	29
1825797	286	9	30
1825827	286	10	29
1825856	286	11	30
1825886	286	12	29
1825915	287	1	30
1825945	287	2	29
1825974	287	3	30
1826004	287	4	29
1826033	287	5	30
1826063	287	6	30
1826093	287	7	29
1826122	287	8	30
1826152	287	-8	29
1826181	287	9	30
1826211	287	10	29
1826240	287	11	30
1826270	287	12	29
1826299	288	1	30
1826329	288	2	29
1826358	288	3	30
1826388	288	4	29
1826417	288	5	30
1826447	288	6	29
1826476	288	7	30
1826506	288	8	29
1826535	288	9	30
1826565	288	10	30
1826595	288	11	29
1826624	288	12	30
1826654	289	1	29
1826683	289	2	30
1826713	289	3	29
1826742	289	4	30
1826772	289	5	29
1826801	289	6	30
1826831	289	7	29
1826860	289	8	30
1826890	289	9	29
1826919	289	10	30
1826949	289	11	29
1826978	289	12	30
1827008	290	1	29
1827037	290	2	30
1827067	290	3	30
1827097	290	4	29
1827126	290	5	30
1827156	290	-5	29
1827185	290	6	30
1827215	290	7	29
1827244	290	8	30
1827274	290	9	29
1827303	290	10	30
1827333	290	11	29
1827362	290	12	30
1827392	291	1	29
1827421	291	2	30
1827451	291	3	29
1827480	291	4	30
1827510	291	5	30
1827540	291	6	29
1827569	291	7	30
1827599	291	8	29
1827628	291	9	30
1827658	291	10	29
1827687	291	11	30
1827717	291	12	29
1827746	292	1	30
1827776	292	2	29
1827805	292	3	30
1827835	292	4	29
1827864	292	5	30
1827894	292	6	29
1827923	292	7	30
1827953	292	8	29
1827982	292	9	30
1828012	292	10	30
1828042	292	11	29
1828071	292	12	30
1828101	293	1	29
1828130	293	2	30
1828160	293	-2	29
1828189	293	3	30
1828219	293	4	29
1828248	293	5	30
1828278	293	6	29
1828307	293	7	30
1828337	293	8	29
1828366	293	9	30
1828396	293	10	29
1828425	293	11	30
1828455	293	12	29
1828484	294	1	30
1828514	294	2	30
1828544	294	3	29
1828573	294	4	30
1828603	294	5	29
1828632	294	6	30
1828662	294	7	29
1828691	294	8	30
1828721	294	9	29
1828750	294	10	30
1828780	294	11	29
1828809	294	12	30
1828839	295	1	29
1828868	295	2	30
1828898	295	3	29
1828927	295	4	30
1828957	295	5	30
1828987	295	6	29
1829016	295	7	30
1829046	295	8	29
1829075	295	9	30
1829105	295	10	29
1829134	295	-10	30
1829164	295	11	29
1829193	295	12	30
1829223	296	1	29
1829252	296	2	30
1829282	296	3	29
1829311	296	4	30
1829341	296	5	29
1829370	296	6	30
1829400	296	7	29
1829429	296	8	30
1829459	296	9	30
1829489	296	10	29
1829518	296	11	30
1829548	296	12	29
1829577	297	1	30
1829607	297	2	29
1829636	297	3	30
1829666	297	4	29
1829695	297	5	30
1829725	297	6	29
1829754	297	7	30
1829784	297	8	29
1829813	297	9	30
1829843	297	10	29
1829872	297	11	30
1829902	297	12	29
1829931	298	1	30
1829961	298	2	30
1829991	298	3	29
1830020	298	4	30
1830050	298	5	29
1830079	298	6	30
1830109	298	-6	29
1830138	298	7	30
1830168	298	8	29
1830197	298	9	30
1830227	298	10	29
1830256	298	11	30
1830286	298	12	29
1830315	299	1	30
1830345	299	2	29
1830374	299	3	30
1830404	299	4	30
1830434	299	5	29
1830463	299	6	30
1830493	299	7	29
1830522	299	8	30
1830552	299	9	29
1830581	299	10	30
1830611	299	11	29
1830640	299	12	30
1830670	300	1	29
1830699	300	2	30
1830729	300	3	29
1830758	300	4	30
1830788	300	5	29
1830817	300	6	30
1830847	300	7	29
1830876	300	8	30
1830906	300	9	30
1830936	300	10	29
1830965	300	11	30
1830995	300	12	29
1831024	301	1	30
1831054	301	2	29
1831083	301	3	30
1831113	301	-3	29
1831142	301	4	30
1831172	301	5	29
1831201	301	6	30
1831231	301	7	29
1831260	301	8	30
1831290	301	9	29
1831319	301	10	30
1831349	301	11	29
1831378	301	12	30
1831408	302	1	30
1831438	302	2	29
1831467	302	3	30
1831497	302	4	29
1831526	302	5	30
1831556	302	6	29
1831585	302	7	30
1831615	302	8	29
1831644	302	9	30
1831674	302	10	29
1831703	302	11	30
1831733	302	12	29
1831762	303	1	30
1831792	303	2	29
1831821	303	3	30
1831851	303	4	30
1831881	303	5	29
1831910	303	6	30
1831940	303	7	29
1831969	303	8	30
1831999	303	9	29
1832028	303	10	30
1832058	303	11	29
1832087	303	12	30
1832117	303	-12	29
1832146	304	1	30
1832176	304	2	29
1832205	304	3	30
1832235	304	4	29
1832264	304	5	30
1832294	304	6	29
1832323	304	7	30
1832353	304	8	30
1832383	304	9	29
1832412	304	10	30
1832442	304	11	29
1832471	304	12	30
1832501	305	1	29
1832530	305	2	30
1832560	305	3	29
1832589	305	4	30
1832619	305	5	29
1832648	305	6	30
1832678	305	7	29
1832707	305	8	30
1832737	305	9	29
1832766	305	10	30
1832796	305	11	29
1832825	305	12	30
1832855	306	1	30
1832885	306	2	29
1832914	306	3	30
1832944	306	4	29
1832973	306	5	30
1833003	306	6	29
1833032	306	7	30
1833062	306	8	29
1833091	306	-8	30
1833121	306	9	29
1833150	306	10	30
1833180	306	11	29
1833209	306	12	30
1833239	307	1	29
1833268	307	2	30
1833298	307	3	30
1833328	307	4	29
1833357	307	5	30
1833387	307	6	29
1833416	307	7	30
1833446	307	8	29
1833475	307	9	30
1833505	307	10	29
1833534	307	11	30
1833564	307	12	29
1833593	308	1	30
1833623	308	2	29
1833652	308	3	30
1833682	308	4	29
1833711	308	5	30
1833741	308	6	29
1833770	308	7	30
1833800	308	8	30
1833830	308	9	29
1833859	308	10	30
1833889	308	11	29
1833918	308	12	30
1833948	309	1	29
1833977	309	2	30
1834007	309	3	29
1834036	309	4	30
1834066	309	-4	29
1834095	309	5	30
1834125	309	6	29
1834154	309	7	30
1834184	309	8	29
1834213	309	9	30
1834243	309	10	29
1834272	309	11	30
1834302	309	12	30
1834332	310	1	29
1834361	310	2	30
1834391	310	3	29
1834420	310	4	30
1834450	310	5	29
1834479	310	6	30
1834509	310	7	29
1834538	310	8	30
1834568	310	9	29
1834597	310	10	30
1834627	310	11	29
1834656	310	12	30
1834686	311	1	29
1834715	311	2	30
1834745	311	3	30
1834775	311	4	29
1834804	311	5	30
1834834	311	6	29
1834863	311	7	30
1834893	311	8	29
1834922	311	9	30
1834952	311	10	29
1834981	311	11	30
1835011	311	12	29
1835040	312	1	30
1835070	312	-1	29
1835099	312	2	30
1835129	312	3	29
1835158	312	4	30
1835188	312	5	29
1835217	312	6	30
1835247	312	7	30
1835277	312	8	29
1835306	312	9	30
1835336	312	10	29
1835365	312	11	30
1835395	312	12	29
1835424	313	1	30
1835454	313	2	29
1835483	313	3	30
1835513	313	4	29
1835542	313	5	30
1835572	313	6	29
1835601	313	7	30
1835631	313	8	29
1835660	313	9	30
1835690	313	10	29
1835719	313	11	30
1835749	313	12	29
1835778	314	1	30
1835808	314	2	29
1835837	314	3	30
1835867	314	4	30
1835897	314	5	29
1835926	314	6	30
1835956	314	7	29
1835985	314	8	30
1836015	314	9	29
1836044	314	10	30
1836074	314	-10	29
1836103	314	11	30
1836133	314	12	29
1836162	315	1	30
1836192	315	2	30
1836222	315	3	29
1836251	315	4	30
1836281	315	5	29
1836310	315	6	30
1836340	315	7	29
1836369	315	8	30
1836399	315	9	29
1836428	315	10	30
1836458	315	11	29
1836487	315	12	30
1836517	316	1	29
1836546	316	2	30
1836576	316	3	29
1836605	316	4	30
1836635	316	5	29
1836664	316	6	30
1836694	316	7	30
1836724	316	8	29
1836753	316	9	30
1836783	316	10	29
1836812	316	11	30
1836842	316	12	29
1836871	317	1	30
1836901	317	2	29
1836930	317	3	30
1836960	317	4	29
1836989	317	5	30
1837019	317	6	29
1837048	317	7	30
1837078	317	-7	29
1837107	317	8	30
1837137	317	9	29
1837166	317	10	30
1837196	317	11	30
1837226	317	12	29
1837255	318	1	30
1837285	318	2	29
1837314	318	3	30
1837344	318	4	29
1837373	318	5	30
1837403	318	6	29
1837432	318	7	30
1837462	318	8	29
1837491	318	9	30
1837521	318	10	29
1837550	318	11	30
1837580	318	12	29
1837609	319	1	30
1837639	319	2	30
1837669	319	3	29
1837698	319	4	30
1837728	319	5	29
1837757	319	6	30
1837787	319	7	29
1837816	319	8	30
1837846	319	9	29
1837875	319	10	30
1837905	319	11	29
1837934	319	12	30
1837964	320	1	29
1837993	320	2	30
1838023	320	3	29
1838052	320	-3	30
1838082	320	4	29
1838111	320	5	30
1838141	320	6	30
1838171	320	7	29
1838200	320	8	30
1838230	320	9	29
1838259	320	10	30
1838289	320	11	29
1838318	320	12	30
1838348	321	1	29
1838377	321	2	30
1838407	321	3	29
1838436	321	4	30
1838466	321	5	29
1838495	321	6	30
1838525	321	7	29
1838554	321	8	30
1838584	321	9	29
1838613	321	10	30
1838643	321	11	30
1838673	321	12	29
1838702	322	1	30
1838732	322	2	29
1838761	322	3	30
1838791	322	4	29
1838820	322	5	30
1838850	322	6	29
1838879	322	7	30
1838909	322	8	29
1838938	322	9	30
1838968	322	10	29
1838997	322	11	30
1839027	322	-11	29
1839056	322	12	30
1839086	323	1	30
1839116	323	2	29
1839145	323	3	30
1839175	323	4	29
1839204	323	5	30
1839234	323	6	29
1839263	323	7	30
1839293	323	8	29
1839322	323	9	30
1839352	323	10	29
1839381	323	11	30
1839411	323	12	29
1839440	324	1	30
1839470	324	2	29
1839499	324	3	30
1839529	324	4	29
1839558	324	5	30
1839588	324	6	30
1839618	324	7	29
1839647	324	8	30
1839677	324	9	29
1839706	324	10	30
1839736	324	11	29
1839765	324	12	30
1839795	325	1	29
1839824	325	2	30
1839854	325	3	29
1839883	325	4	30
1839913	325	5	29
1839942	325	6	30
1839972	325	7	29
1840001	325	8	30
1840031	325	-8	29
1840060	325	9	30
1840090	325	10	30
1840120	325	11	29
1840149	325	12	30
1840179	326	1	29
1840208	326	2	30
1840238	326	3	29
1840267	326	4	30
1840297	326	5	29
1840326	326	6	30
1840356	326	7	29
1840385	326	8	30
1840415	326	9	29
1840444	326	10	30
1840474	326	11	29
1840503	326	12	30
1840533	327	1	30
1840563	327	2	29
1840592	327	3	30
1840622	327	4	29
1840651	327	5	30
1840681	327	6	29
1840710	327	7	30
1840740	327	8	29
1840769	327	9	30
1840799	327	10	29
1840828	327	11	30
1840858	327	12	29
1840887	328	1	30
1840917	328	2	29
1840946	328	3	30
1840976	328	4	29
1841005	328	5	30
1841035	328	-5	30
1841065	328	6	29
1841094	328	7	30
1841124	328	8	29
1841153	328	9	30
1841183	328	10	29
1841212	328	11	30
1841242	328	12	29
1841271	329	1	30
1841301	329	2	29
1841330	329	3	30
1841360	329	4	29
1841389	329	5	30
1841419	329	6	29
1841448	329	7	30
1841478	329	8	29
1841507	329	9	30
1841537	329	10	30
1841567	329	11	29
1841596	329	12	30
1841626	330	1	29
1841655	330	2	30
1841685	330	3	29
1841714	330	4	30
1841744	330	5	29
1841773	330	6	30
1841803	330	7	29
1841832	330	8	30
1841862	330	9	29
1841891	330	10	30
1841921	330	11	29
1841950	330	12	30
1841980	331	1	30
1842010	331	-1	29
1842039	331	2	30
1842069	331	3	29
1842098	331	4	30
1842128	331	5	29
1842157	331	6	30
1842187	331	7	29
1842216	331	8	30
1842246	331	9	29
1842275	331	10	30
1842305	331	11	29
1842334	331	12	30
1842364	332	1	29
1842393	332	2	30
1842423	332	3	29
1842452	332	4	30
1842482	332	5	30
1842512	332	6	29
1842541	332	7	30
1842571	332	8	29
1842600	332	9	30
1842630	332	10	29
1842659	332	11	30
1842689	332	12	29
1842718	333	1	30
1842748	333	2	29
1842777	333	3	30
1842807	333	4	29
1842836	333	5	30
1842866	333	6	29
1842895	333	7	30
1842925	333	8	29
1842954	333	9	30
1842984	333	10	30
1843014	333	-10	29
1843043	333	11	30
1843073	333	12	29
1843102	334	1	30
1843132	334	2	29
1843161	334	3	30
1843191	334	4	29
1843220	334	5	30
1843250	334	6	29
1843279	334	7	30
1843309	334	8	29
1843338	334	9	30
1843368	334	10	29
1843397	334	11	30
1843427	334	12	30
1843457	335	1	29
1843486	335	2	30
1843516	335	3	29
1843545	335	4	30
1843575	335	5	29
1843604	335	6	30
1843634	335	7	29
1843663	335	8	30
1843693	335	9	29
1843722	335	10	30
1843752	335	11	29
1843781	335	12	30
1843811	336	1	29
1843840	336	2	30
1843870	336	3	29
1843899	336	4	30
1843929	336	5	30
1843959	336	6	29
1843988	336	7	30
1844018	336	-7	29
1844047	336	8	30
1844077	336	9	29
1844106	336	10	30
1844136	336	11	29
1844165	336	12	30
1844195	337	1	29
1844224	337	2	30
1844254	337	3	29
1844283	337	4	30
1844313	337	5	29
1844342	337	6	30
1844372	337	7	29
1844401	337	8	30
1844431	337	9	30
1844461	337	10	29
1844490	337	11	30
1844520	337	12	29
1844549	338	1	30
1844579	338	2	29
1844608	338	3	30
1844638	338	4	29
1844667	338	5	30
1844697	338	6	29
1844726	338	7	30
1844756	338	8	29
1844785	338	9	30
1844815	338	10	29
1844844	338	11	30
1844874	338	12	30
1844904	339	1	29
1844933	339	2	30
1844963	339	3	29
1844992	339	4	30
1845022	339	-4	29
1845051	339	5	30
1845081	339	6	29
1845110	339	7	30
1845140	339	8	29
1845169	339	9	30
1845199	339	10	29
1845228	339	11	30
1845258	339	12	29
1845287	340	1	30
1845317	340	2	29
1845346	340	3	30
1845376	340	4	30
1845406	340	5	29
1845435	340	6	30
1845465	340	7	29
1845494	340	8	30
1845524	340	9	29
1845553	340	10	30
1845583	340	11	29
1845612	340	12	30
1845642	341	1	29
1845671	341	2	30
1845701	341	3	29
1845730	341	4	30
1845760	341	5	29
1845789	341	6	30
1845819	341	7	29
1845848	341	8	30
1845878	341	9	30
1845908	341	10	29
1845937	341	11	30
1845967	341	12	29
1845996	341	-12	30
1846026	342	1	29
1846055	342	2	30
1846085	342	3	29
1846114	342	4	30
1846144	342	5	29
1846173	342	6	30
1846203	342	7	29
1846232	342	8	30
1846262	342	9	29
1846291	342	10	30
1846321	342	11	30
1846351	342	12	29
1846380	343	1	30
1846410	343	2	29
1846439	343	3	30
1846469	343	4	29
1846498	343	5	30
1846528	343	6	29
1846557	343	7	30
1846587	343	8	29
1846616	343	9	30
1846646	343	10	29
1846675	343	11	30
1846705	343	12	29
1846734	344	1	30
1846764	344	2	29
1846793	344	3	30
1846823	344	4	30
1846853	344	5	29
1846882	344	6	30
1846912	344	7	29
1846941	344	8	30
1846971	344	-8	29
1847000	344	9	30
1847030	344	10	29
1847059	344	11	30
1847089	344	12	29
1847118	345	1	30
1847148	345	2	29
1847177	345	3	30
1847207	345	4	29
1847236	345	5	30
1847266	345	6	29
1847295	345	7	30
1847325	345	8	30
1847355	345	9	29
1847384	345	10	30
1847414	345	11	29
1847443	345	12	30
1847473	346	1	29
1847502	346	2	30
1847532	346	3	29
1847561	346	4	30
1847591	346	5	29
1847620	346	6	30
1847650	346	7	29
1847679	346	8	30
1847709	346	9	29
1847738	346	10	30
1847768	346	11	30
1847798	346	12	29
1847827	347	1	30
1847857	347	2	29
1847886	347	3	30
1847916	347	4	29
1847945	347	5	30
1847975	347	-5	29
1848004	347	6	30
1848034	347	7	29
1848063	347	8	30
1848093	347	9	29
1848122	347	10	30
1848152	347	11	29
1848181	347	12	30
1848211	348	1	29
1848240	348	2	30
1848270	348	3	30
1848300	348	4	29
1848329	348	5	30
1848359	348	6	29
1848388	348	7	30
1848418	348	8	29
1848447	348	9	30
1848477	348	10	29
1848506	348	11	30
1848536	348	12	29
1848565	349	1	30
1848595	349	2	29
1848624	349	3	30
1848654	349	4	29
1848683	349	5	30
1848713	349	6	29
1848742	349	7	30
1848772	349	8	30
1848802	349	9	29
1848831	349	10	30
1848861	349	11	29
1848890	349	12	30
1848920	350	1	29
1848949	350	2	30
1848979	350	-2	29
1849008	350	3	30
1849038	350	4	29
1849067	350	5	30
1849097	350	6	29
1849126	350	7	30
1849156	350	8	29
1849185	350	9	30
1849215	350	10	30
1849245	350	11	29
1849274	350	12	30
1849304	351	1	29
1849333	351	2	30
1849363	351	3	29
1849392	351	4	30
1849422	351	5	29
1849451	351	6	30
1849481	351	7	29
1849510	351	8	30
1849540	351	9	29
1849569	351	10	30
1849599	351	11	29
1849628	351	12	30
1849658	352	1	29
1849687	352	2	30
1849717	352	3	30
1849747	352	4	29
1849776	352	5	30
1849806	352	6	29
1849835	352	7	30
1849865	352	8	29
1849894	352	9	30
1849924	352	10	29
1849953	352	-10	30
1849983	352	11	29
1850012	352	12	30
1850042	353	1	29
1850071	353	2	30
1850101	353	3	29
1850130	353	4	30
1850160	353	5	29
1850189	353	6	30
1850219	353	7	30
1850249	353	8	29
1850278	353	9	30
1850308	353	10	29
1850337	353	11	30
1850367	353	12	29
1850396	354	1	30
1850426	354	2	29
1850455	354	3	30
1850485	354	4	29
1850514	354	5	30
1850544	354	6	29
1850573	354	7	30
1850603	354	8	29
1850632	354	9	30
1850662	354	10	30
1850692	354	11	29
1850721	354	12	30
1850751	355	1	29
1850780	355	2	30
1850810	355	3	29
1850839	355	4	30
1850869	355	5	29
1850898	355	6	30
1850928	355	-6	29
1850957	355	7	30
1850987	355	8	29
1851016	355	9	30
1851046	355	10	29
1851075	355	11	30
1851105	355	12	29
1851134	356	1	30
1851164	356	2	30
1851194	356	3	29
1851223	356	4	30
1851253	356	5	29
1851282	356	6	30
1851312	356	7	29
1851341	356	8	30
1851371	356	9	29
1851400	356	10	30
1851430	356	11	29
1851459	356	12	30
1851489	357	1	29
1851518	357	2	30
1851548	357	3	29
1851577	357	4	30
1851607	357	5	29
1851636	357	6	30
1851666	357	7	30
1851696	357	8	29
1851725	357	9	30
1851755	357	10	29
1851784	357	11	30
1851814	357	12	29
1851843	358	1	30
1851873	358	2	29
1851902	358	3	30
1851932	358	-3	29
1851961	358	4	30
1851991	358	5	29
1852020	358	6	30
1852050	358	7	29
1852079	358	8	30
1852109	358	9	30
1852139	358	10	29
1852168	358	11	30
1852198	358	12	29
1852227	359	1	30
1852257	359	2	29
1852286	359	3	30
1852316	359	4	29
1852345	359	5	30
1852375	359	6	29
1852404	359	7	30
1852434	359	8	29
1852463	359	9	30
1852493	359	10	29
1852522	359	11	30
1852552	359	12	29
1852581	360	1	30
1852611	360	2	30
1852641	360	3	29
1852670	360	4	30
1852700	360	5	29
1852729	360	6	30
1852759	360	7	29
1852788	360	8	30
1852818	360	9	29
1852847	360	10	30
1852877	360	11	29
1852906	360	12	30
1852936	360	-12	29
1852965	361	1	30
1852995	361	2	29
1853024	361	3	30
1853054	361	4	29
1853083	361	5	30
1853113	361	6	30
1853143	361	7	29
1853172	361	8	30
1853202	361	9	29
1853231	361	10	30
1853261	361	11	29
1853290	361	12	30
1853320	362	1	29
1853349	362	2	30
1853379	362	3	29
1853408	362	4	30
1853438	362	5	29
1853467	362	6	30
1853497	362	7	29
1853526	362	8	30
1853556	362	9	30
1853586	362	10	29
1853615	362	11	30
1853645	362	12	29
1853674	363	1	30
1853704	363	2	29
1853733	363	3	30
1853763	363	4	29
1853792	363	5	30
1853822	363	6	29
1853851	363	7	30
1853881	363	8	29
1853910	363	-8	30
1853940	363	9	29
1853969	363	10	30
1853999	363	11	29
1854028	363	12	30
1854058	364	1	30
1854088	364	2	29
1854117	364	3	30
1854147	364	4	29
1854176	364	5	30
1854206	364	6	29
1854235	364	7	30
1854265	364	8	29
1854294	364	9	30
1854324	364	10	29
1854353	364	11	30
1854383	364	12	29
1854412	365	1	30
1854442	365	2	29
1854471	365	3	30
1854501	365	4	29
1854530	365	5	30
1854560	365	6	30
1854590	365	7	29
1854619	365	8	30
1854649	365	9	29
1854678	365	10	30
1854708	365	11	29
1854737	365	12	30
1854767	366	1	29
1854796	366	2	30
1854826	366	3	29
1854855	366	4	30
1854885	366	-4	29
1854914	366	5	30
1854944	366	6	29
1854973	366	7	30
1855003	366	8	30
1855033	366	9	29
1855062	366	10	30
1855092	366	11	29
1855121	366	12	30
1855151	367	1	29
1855180	367	2	30
1855210	367	3	29
1855239	367	4	30
1855269	367	5	29
1855298	367	6	30
1855328	367	7	29
1855357	367	8	30
1855387	367	9	29
1855416	367	10	30
1855446	367	11	29
1855475	367	12	30
1855505	368	1	30
1855535	368	2	29
1855564	368	3	30
1855594	368	4	29
1855623	368	5	30
1855653	368	6	29
1855682	368	7	30
1855712	368	8	29
1855741	368	9	30
1855771	368	10	29
1855800	368	11	30
1855830	368	12	29
1855859	369	1	30
1855889	369	-1	29
1855918	369	2	30
1855948	369	3	29
1855977	369	4	30
1856007	369	5	30
1856037	369	6	29
1856066	369	7	30
1856096	369	8	29
1856125	369	9	30
1856155	369	10	29
1856184	369	11	30
1856214	369	12	29
1856243	370	1	30
1856273	370	2	29
1856302	370	3	30
1856332	370	4	29
1856361	370	5	30
1856391	370	6	29
1856420	370	7	30
1856450	370	8	29
1856479	370	9	30
1856509	370	10	30
1856539	370	11	29
1856568	370	12	30
1856598	371	1	29
1856627	371	2	30
1856657	371	3	29
1856686	371	4	30
1856716	371	5	29
1856745	371	6	30
1856775	371	7	29
1856804	371	8	30
1856834	371	9	29
1856863	371	10	30
1856893	371	-10	29
1856922	371	11	30
1856952	371	12	30
1856982	372	1	29
1857011	372	2	30
1857041	372	3	29
1857070	372	4	30
1857100	372	5	29
1857129	372	6	30
1857159	372	7	29
1857188	372	8	30
1857218	372	9	29
1857247	372	10	30
1857277	372	11	29
1857306	372	12	30
1857336	373	1	29
1857365	373	2	30
1857395	373	3	29
1857424	373	4	30
1857454	373	5	30
1857484	373	6	29
1857513	373	7	30
1857543	373	8	29
1857572	373	9	30
1857602	373	10	29
1857631	373	11	30
1857661	373	12	29
1857690	374	1	30
1857720	374	2	29
1857749	374	3	30
1857779	374	4	29
1857808	374	5	30
1857838	374	6	29
1857867	374	7	30
1857897	374	-7	29
1857926	374	8	30
1857956	374	9	30
1857986	374	10	29
1858015	374	11	30
1858045	374	12	29
1858074	375	1	30
1858104	375	2	29
1858133	375	3	30
1858163	375	4	29
1858192	375	5	30
1858222	375	6	29
1858251	375	7	30
1858281	375	8	29
1858310	375	9	30
1858340	375	10	29
1858369	375	11	30
1858399	375	12	30
1858429	376	1	29
1858458	376	2	30
1858488	376	3	29
1858517	376	4	30
1858547	376	5	29
1858576	376	6	30
1858606	376	7	29
1858635	376	8	30
1858665	376	9	29
1858694	376	10	30
1858724	376	11	29
1858753	376	12	30
1858783	377	1	29
1858812	377	2	30
1858842	377	3	29
1858871	377	-3	30
1858901	377	4	30
1858931	377	5	29
1858960	377	6	30
1858990	377	7	29
1859019	377	8	30
1859049	377	9	29
1859078	377	10	30
1859108	377	11	29
1859137	377	12	30
1859167	378	1	29
1859196	378	2	30
1859226	378	3	29
1859255	378	4	30
1859285	378	5	29
1859314	378	6	30
1859344	378	7	29
1859373	378	8	30
1859403	378	9	30
1859433	378	10	29
1859462	378	11	30
1859492	378	12	29
1859521	379	1	30
1859551	379	2	29
1859580	379	3	30
1859610	379	4	29
1859639	379	5	30
1859669	379	6	29
1859698	379	7	30
1859728	379	8	29
1859757	379	9	30
1859787	379	10	29
1859816	379	11	30
1859846	379	12	30
1859876	379	-12	29
1859905	380	1	30
1859935	380	2	29
1859964	380	3	30
1859994	380	4	29
1860023	380	5	30
1860053	380	6	29
1860082	380	7	30
1860112	380	8	29
1860141	380	9	30
1860171	380	10	29
1860200	380	11	30
1860230	380	12	29
1860259	381	1	30
1860289	381	2	29
1860318	381	3	30
1860348	381	4	30
1860378	381	5	29
1860407	381	6	30
1860437	381	7	29
1860466	381	8	30
1860496	381	9	29
1860525	381	10	30
1860555	381	11	29
1860584	381	12	30
1860614	382	1	29
1860643	382	2	30
1860673	382	3	29
1860702	382	4	30
1860732	382	5	29
1860761	382	6	30
1860791	382	7	29
1860820	382	8	30
1860850	382	9	30
1860880	382	-9	29
1860909	382	10	30
1860939	382	11	29
1860968	382	12	30
1860998	383	1	29
1861027	383	2	30
1861057	383	3	29
1861086	383	4	30
1861116	383	5	29
1861145	383	6	30
1861175	383	7	29
1861204	383	8	30
1861234	383	9	29
1861263	383	10	30
1861293	383	11	30
1861323	383	12	29
1861352	384	1	30
1861382	384	2	29
1861411	384	3	30
1861441	384	4	29
1861470	384	5	30
1861500	384	6	29
1861529	384	7	30
1861559	384	8	29
1861588	384	9	30
1861618	384	10	29
1861647	384	11	30
1861677	384	12	29
1861706	385	1	30
1861736	385	2	29
1861765	385	3	30
1861795	385	4	30
1861825	385	5	29
1861854	385	-5	30
1861884	385	6	29
1861913	385	7	30
1861943	385	8	29
1861972	385	9	30
1862002	385	10	29
1862031	385	11	30
1862061	385	12	29
1862090	386	1	30
1862120	386	2	29
1862149	386	3	30
1862179	386	4	29
1862208	386	5	30
1862238	386	6	29
1862267	386	7	30
1862297	386	8	30
1862327	386	9	29
1862356	386	10	30
1862386	386	11	29
1862415	386	12	30
1862445	387	1	29
1862474	387	2	30
1862504	387	3	29
1862533	387	4	30
1862563	387	5	29
1862592	387	6	30
1862622	387	7	29
1862651	387	8	30
1862681	387	9	29
1862710	387	10	30
1862740	387	11	30
1862770	387	12	29
1862799	388	1	30
1862829	388	-1	29
1862858	388	2	30
1862888	388	3	29
1862917	388	4	30
1862947	388	5	29
1862976	388	6	30
1863006	388	7	29
1863035	388	8	30
1863065	388	9	29
1863094	388	10	30
1863124	388	11	29
1863153	388	12	30
1863183	389	1	29
1863212	389	2	30
1863242	389	3	30
1863272	389	4	29
1863301	389	5	30
1863331	389	6	29
1863360	389	7	30
1863390	389	8	29
1863419	389	9	30
1863449	389	10	29
1863478	389	11	30
1863508	389	12	29
1863537	390	1	30
1863567	390	2	29
1863596	390	3	30
1863626	390	4	29
1863655	390	5	30
1863685	390	6	29
1863714	390	7	30
1863744	390	8	30
1863774	390	9	29
1863803	390	10	30
1863833	390	-10	29
1863862	390	11	30
1863892	390	12	29
1863921	391	1	30
1863951	391	2	29
1863980	391	3	30
1864010	391	4	29
1864039	391	5	30
1864069	391	6	29
1864098	391	7	30
1864128	391	8	29
1864157	391	9	30
1864187	391	10	30
1864217	391	11	29
1864246	391	12	30
1864276	392	1	29
1864305	392	2	30
1864335	392	3	29
1864364	392	4	30
1864394	392	5	29
1864423	392	6	30
1864453	392	7	29
1864482	392	8	30
1864512	392	9	29
1864541	392	10	30
1864571	392	11	29
1864600	392	12	30
1864630	393	1	29
1864659	393	2	30
1864689	393	3	30
1864719	393	4	29
1864748	393	5	30
1864778	393	6	29
1864807	393	7	30
1864837	393	-7	29
1864866	393	8	30
1864896	393	9	29
1864925	393	10	30
1864955	393	11	29
1864984	393	12	30
1865014	394	1	29
1865043	394	2	30
1865073	394	3	29
1865102	394	4	30
1865132	394	5	29
1865161	394	6	30
1865191	394	7	30
1865221	394	8	29
1865250	394	9	30
1865280	394	10	29
1865309	394	11	30
1865339	394	12	29
1865368	395	1	30
1865398	395	2	29
1865427	395	3	30
1865457	395	4	29
1865486	395	5	30
1865516	395	6	29
1865545	395	7	30
1865575	395	8	29
1865604	395	9	30
1865634	395	10	30
1865664	395	11	29
1865693	395	12	30
1865723	396	1	29
1865752	396	2	30
1865782	396	3	29
1865811	396	-3	30
1865841	396	4	29
1865870	396	5	30
1865900	396	6	29
1865929	396	7	30
1865959	396	8	29
1865988	396	9	30
1866018	396	10	29
1866047	396	11	30
1866077	396	12	29
1866106	397	1	30
1866136	397	2	30
1866166	397	3	29
1866195	397	4	30
1866225	397	5	29
1866254	397	6	30
1866284	397	7	29
1866313	397	8	30
1866343	397	9	29
1866372	397	10	30
1866402	397	11	29
1866431	397	12	30
1866461	398	1	29
1866490	398	2	30
1866520	398	3	29
1866549	398	4	30
1866579	398	5	29
1866608	398	6	30
1866638	398	7	30
1866668	398	8	29
1866697	398	9	30
1866727	398	10	29
1866756	398	11	30
1866786	398	-11	29
1866815	398	12	30
1866845	399	1	29
1866874	399	2	30
1866904	399	3	29
1866933	399	4	30
1866963	399	5	29
1866992	399	6	30
1867022	399	7	29
1867051	399	8	30
1867081	399	9	30
1867111	399	10	29
1867140	399	11	30
1867170	399	12	29
1867199	400	1	30
1867229	400	2	29
1867258	400	3	30
1867288	400	4	29
1867317	400	5	30
1867347	400	6	29
1867376	400	7	30
1867406	400	8	29
1867435	400	9	30
1867465	400	10	29
1867494	400	11	30
1867524	400	12	29
1867553	401	1	30
1867583	401	2	30
1867613	401	3	29
1867642	401	4	30
1867672	401	5	29
1867701	401	6	30
1867731	401	7	29
1867760	401	8	30
1867790	401	-8	29
1867819	401	9	30
1867849	401	10	29
1867878	401	11	30
1867908	401	12	29
1867937	402	1	30
1867967	402	2	29
1867996	402	3	30
1868026	402	4	29
1868055	402	5	30
1868085	402	6	30
1868115	402	7	29
1868144	402	8	30
1868174	402	9	29
1868203	402	10	30
1868233	402	11	29
1868262	402	12	30
1868292	403	1	29
1868321	403	2	30
1868351	403	3	29
1868380	403	4	30
1868410	403	5	29
1868439	403	6	30
1868469	403	7	29
1868498	403	8	30
1868528	403	9	30
1868558	403	10	29
1868587	403	11	30
1868617	403	12	29
1868646	404	1	30
1868676	404	2	29
1868705	404	3	30
1868735	404	4	29
1868764	404	5	30
1868794	404	-5	29
1868823	404	6	30
1868853	404	7	29
1868882	404	8	30
1868912	404	9	29
1868941	404	10	30
1868971	404	11	29
1869000	404	12	30
1869030	405	1	30
1869060	405	2	29
1869089	405	3	30
1869119	405	4	29
1869148	405	5	30
1869178	405	6	29
1869207	405	7	30
1869237	405	8	29
1869266	405	9	30
1869296	405	10	29
1869325	405	11	30
1869355	405	12	29
1869384	406	1	30
1869414	406	2	29
1869443	406	3	30
1869473	406	4	29
1869502	406	5	30
1869532	406	6	30
1869562	406	7	29
1869591	406	8	30
1869621	406	9	29
1869650	406	10	30
1869680	406	11	29
1869709	406	12	30
1869739	407	1	29
1869768	407	2	30
1869798	407	-2	29
1869827	407	3	30
1869857	407	4	29
1869886	407	5	30
1869916	407	6	29
1869945	407	7	30
1869975	407	8	30
1870005	407	9	29
1870034	407	10	30
1870064	407	11	29
1870093	407	12	30
1870123	408	1	29
1870152	408	2	30
1870182	408	3	29
1870211	408	4	30
1870241	408	5	29
1870270	408	6	30
1870300	408	7	29
1870329	408	8	30
1870359	408	9	29
1870388	408	10	30
1870418	408	11	29
1870447	408	12	30
1870477	409	1	30
1870507	409	2	29
1870536	409	3	30
1870566	409	4	29
1870595	409	5	30
1870625	409	6	29
1870654	409	7	30
1870684	409	8	29
1870713	409	9	30
1870743	409	10	29
1870772	409	-10	30
1870802	409	11	29
1870831	409	12	30
1870861	410	1	29
1870890	410	2	30
1870920	410	3	29
1870949	410	4	30
1870979	410	5	30
1871009	410	6	29
1871038	410	7	30
1871068	410	8	29
1871097	410	9	30
1871127	410	10	29
1871156	410	11	30
1871186	410	12	29
1871215	411	1	30
1871245	411	2	29
1871274	411	3	30
1871304	411	4	29
1871333	411	5	30
1871363	411	6	29
1871392	411	7	30
1871422	411	8	30
1871452	411	9	29
1871481	411	10	30
1871511	411	11	29
1871540	411	12	30
1871570	412	1	29
1871599	412	2	30
1871629	412	3	29
1871658	412	4	30
1871688	412	5	29
1871717	412	6	30
1871747	412	-6	29
1871776	412	7	30
1871806	412	8	29
1871835	412	9	30
1871865	412	10	29
1871894	412	11	30
1871924	412	12	30
1871954	413	1	29
1871983	413	2	30
1872013	413	3	29
1872042	413	4	30
1872072	413	5	29
1872101	413	6	30
1872131	413	7	29
1872160	413	8	30
1872190	413	9	29
1872219	413	10	30
1872249	413	11	29
1872278	413	12	30
1872308	414	1	29
1872337	414	2	30
1872367	414	3	29
1872396	414	4	30
1872426	414	5	30
1872456	414	6	29
1872485	414	7	30
1872515	414	8	29
1872544	414	9	30
1872574	414	10	29
1872603	414	11	30
1872633	414	12	29
1872662	415	1	30
1872692	415	2	29
1872721	415	3	30
1872751	415	-3	29
1872780	415	4	30
1872810	415	5	29
1872839	415	6	30
1872869	415	7	30
1872899	415	8	29
1872928	415	9	30
1872958	415	10	29
1872987	415	11	30
1873017	415	12	29
1873046	416	1	30
1873076	416	2	29
1873105	416	3	30
1873135	416	4	29
1873164	416	5	30
1873194	416	6	29
1873223	416	7	30
1873253	416	8	29
1873282	416	9	30
1873312	416	10	29
1873341	416	11	30
1873371	416	12	30
1873401	417	1	29
1873430	417	2	30
1873460	417	3	29
1873489	417	4	30
1873519	417	5	29
1873548	417	6	30
1873578	417	7	29
1873607	417	8	30
1873637	417	9	29
1873666	417	10	30
1873696	417	11	29
1873725	417	12	30
1873755	417	-12	29
1873784	418	1	30
1873814	418	2	29
1873843	418	3	30
1873873	418	4	30
1873903	418	5	29
1873932	418	6	30
1873962	418	7	29
1873991	418	8	30
1874021	418	9	29
1874050	418	10	30
1874080	418	11	29
1874109	418	12	30
1874139	419	1	29
1874168	419	2	30
1874198	419	3	29
1874227	419	4	30
1874257	419	5	29
1874286	419	6	30
1874316	419	7	30
1874346	419	8	29
1874375	419	9	30
1874405	419	10	29
1874434	419	11	30
1874464	419	12	29
1874493	420	1	30
1874523	420	2	29
1874552	420	3	30
1874582	420	4	29
1874611	420	5	30
1874641	420	6	29
1874670	420	7	30
1874700	420	8	29
1874729	420	-8	30
1874759	420	9	29
1874788	420	10	30
1874818	420	11	30
1874848	420	12	29
1874877	421	1	30
1874907	421	2	29
1874936	421	3	30
1874966	421	4	29
1874995	421	5	30
1875025	421	6	29
1875054	421	7	30
1875084	421	8	29
1875113	421	9	30
1875143	421	10	29
1875172	421	11	30
1875202	421	12	29
1875231	422	1	30
1875261	422	2	29
1875290	422	3	30
1875320	422	4	30
1875350	422	5	29
1875379	422	6	30
1875409	422	7	29
1875438	422	8	30
1875468	422	9	29
1875497	422	10	30
1875527	422	11	29
1875556	422	12	30
1875586	423	1	29
1875615	423	2	30
1875645	423	3	29
1875674	423	4	30
1875704	423	-4	29
1875733	423	5	30
1875763	423	6	30
1875793	423	7	29
1875822	423	8	30
1875852	423	9	29
1875881	423	10	30
1875911	423	11	29
1875940	423	12	30
1875970	424	1	29
1875999	424	2	30
1876029	424	3	29
1876058	424	4	30
1876088	424	5	29
1876117	424	6	30
1876147	424	7	29
1876176	424	8	30
1876206	424	9	29
1876235	424	10	30
1876265	424	11	30
1876295	424	12	29
1876324	425	1	30
1876354	425	2	29
1876383	425	3	30
1876413	425	4	29
1876442	425	5	30
1876472	425	6	29
1876501	425	7	30
1876531	425	8	29
1876560	425	9	30
1876590	425	10	29
1876619	425	11	30
1876649	425	12	29
1876678	426	1	30
1876708	426	-1	29
1876737	426	2	30
1876767	426	3	30
1876797	426	4	29
1876826	426	5	30
1876856	426	6	29
1876885	426	7	30
1876915	426	8	29
1876944	426	9	30
1876974	426	10	29
1877003	426	11	30
1877033	426	12	29
1877062	427	1	30
1877092	427	2	29
1877121	427	3	30
1877151	427	4	29
1877180	427	5	30
1877210	427	6	30
1877240	427	7	29
1877269	427	8	30
1877299	427	9	29
1877328	427	10	30
1877358	427	11	29
1877387	427	12	30
1877417	428	1	29
1877446	428	2	30
1877476	428	3	29
1877505	428	4	30
1877535	428	5	29
1877564	428	6	30
1877594	428	7	29
1877623	428	8	30
1877653	428	9	29
1877682	428	10	30
1877712	428	-10	30
1877742	428	11	29
1877771	428	12	30
1877801	429	1	29
1877830	429	2	30
1877860	429	3	29
1877889	429	4	30
1877919	429	5	29
1877948	429	6	30
1877978	429	7	29
1878007	429	8	30
1878037	429	9	29
1878066	429	10	30
1878096	429	11	29
1878125	429	12	30
1878155	430	1	30
1878185	430	2	29
1878214	430	3	30
1878244	430	4	29
1878273	430	5	30
1878303	430	6	29
1878332	430	7	30
1878362	430	8	29
1878391	430	9	30
1878421	430	10	29
1878450	430	11	30
1878480	430	12	29
1878509	431	1	30
1878539	431	2	29
1878568	431	3	30
1878598	431	4	29
1878627	431	5	30
1878657	431	6	30
1878687	431	-6	29
1878716	431	7	30
1878746	431	8	29
1878775	431	9	30
1878805	431	10	29
1878834	431	11	30
1878864	431	12	29
1878893	432	1	30
1878923	432	2	29
1878952	432	3	30
1878982	432	4	29
1879011	432	5	30
1879041	432	6	29
1879070	432	7	30
1879100	432	8	29
1879129	432	9	30
1879159	432	10	30
1879189	432	11	29
1879218	432	12	30
1879248	433	1	29
1879277	433	2	30
1879307	433	3	29
1879336	433	4	30
1879366	433	5	29
1879395	433	6	30
1879425	433	7	29
1879454	433	8	30
1879484	433	9	29
1879513	433	10	30
1879543	433	11	29
1879572	433	12	30
1879602	434	1	29
1879631	434	2	30
1879661	434	3	30
1879691	434	-3	29
1879720	434	4	30
1879750	434	5	29
1879779	434	6	30
1879809	434	7	29
1879838	434	8	30
1879868	434	9	29
1879897	434	10	30
1879927	434	11	29
1879956	434	12	30
1879986	435	1	29
1880015	435	2	30
1880045	435	3	29
1880074	435	4	30
1880104	435	5	30
1880134	435	6	29
1880163	435	7	30
1880193	435	8	29
1880222	435	9	30
1880252	435	10	29
1880281	435	11	30
1880311	435	12	29
1880340	436	1	30
1880370	436	2	29
1880399	436	3	30
1880429	436	4	29
1880458	436	5	30
1880488	436	6	29
1880517	436	7	30
1880547	436	8	29
1880576	436	9	30
1880606	436	10	30
1880636	436	11	29
1880665	436	12	30
1880695	436	-12	29
1880724	437	1	30
1880754	437	2	29
1880783	437	3	30
1880813	437	4	29
1880842	437	5	30
1880872	437	6	29
1880901	437	7	30
1880931	437	8	29
1880960	437	9	30
1880990	437	10	29
1881019	437	11	30
1881049	437	12	29
1881078	438	1	30
1881108	438	2	30
1881138	438	3	29
1881167	438	4	30
1881197	438	5	29
1881226	438	6	30
1881256	438	7	29
1881285	438	8	30
1881315	438	9	29
1881344	438	10	30
1881374	438	11	29
1881403	438	12	30
1881433	439	1	29
1881462	439	2	30
1881492	439	3	29
1881521	439	4	30
1881551	439	5	30
1881581	439	6	29
1881610	439	7	30
1881640	439	8	29
1881669	439	9	30
1881699	439	-9	29
1881728	439	10	30
1881758	439	11	29
1881787	439	12	30
1881817	440	1	29
1881846	440	2	30
1881876	440	3	29
1881905	440	4	30
1881935	440	5	29
1881964	440	6	30
1881994	440	7	29
1882023	440	8	30
1882053	440	9	30
1882083	440	10	29
1882112	440	11	30
1882142	440	12	29
1882171	441	1	30
1882201	441	2	29
1882230	441	3	30
1882260	441	4	29
1882289	441	5	30
1882319	441	6	29
1882348	441	7	30
1882378	441	8	29
1882407	441	9	30
1882437	441	10	29
1882466	441	11	30
1882496	441	12	29
1882525	442	1	30
1882555	442	2	30
1882585	442	3	29
1882614	442	4	30
1882644	442	5	29
1882673	442	-5	30
1882703	442	6	29
1882732	442	7	30
1882762	442	8	29
1882791	442	9	30
1882821	442	10	29
1882850	442	11	30
1882880	442	12	29
1882909	443	1	30
1882939	443	2	29
1882968	443	3	30
1882998	443	4	30
1883028	443	5	29
1883057	443	6	30
1883087	443	7	29
1883116	443	8	30
1883146	443	9	29
1883175	443	10	30
1883205	443	11	29
1883234	443	12	30
1883264	444	1	29
1883293	444	2	30
1883323	444	3	29
1883352	444	4	30
1883382	444	5	29
1883411	444	6	30
1883441	444	7	29
1883470	444	8	30
1883500	444	9	30
1883530	444	10	29
1883559	444	11	30
1883589	444	12	29
1883618	445	1	30
1883648	445	2	29
1883677	445	3	30
1883707	445	4	29
1883736	445	5	30
1883766	445	-5	29
1883795	445	6	30
1883825	445	7	29
1883854	445	8	30
1883884	445	9	29
1883913	445	10	30
1883943	445	11	29
1883972	445	12	30
1884002	446	1	30
1884032	446	2	29
1884061	446	3	30
1884091	446	4	29
1884120	446	5	30
1884150	446	6	29
1884179	446	7	30
1884209	446	8	29
1884238	446	9	30
1884268	446	10	29
1884297	446	11	30
1884327	446	12	29
1884356	447	1	30
1884386	447	2	29
1884415	447	3	30
1884445	447	4	30
1884475	447	5	29
1884504	447	6	30
1884534	447	7	29
1884563	447	8	30
1884593	447	9	29
1884622	447	10	30
1884652	447	11	29
1884681	447	12	30
1884711	448	1	29
1884740	448	2	30
1884770	448	-2	29
1884799	448	3	30
1884829	448	4	29
1884858	448	5	30
1884888	448	6	29
1884917	448	7	30
1884947	448	8	30
1884977	448	9	29
1885006	448	10	30
1885036	448	11	29
1885065	448	12	30
1885095	449	1	29
1885124	449	2	30
1885154	449	3	29
1885183	449	4	30
1885213	449	5	29
1885242	449	6	30
1885272	449	7	29
1885301	449	8	30
1885331	449	9	29
1885360	449	10	30
1885390	449	11	29
1885419	449	12	30
1885449	450	1	30
1885479	450	2	29
1885508	450	3	30
1885538	450	4	29
1885567	450	5	30
1885597	450	6	29
1885626	450	7	30
1885656	450	8	29
1885685	450	9	30
1885715	450	10	29
1885744	450	-10	30
1885774	450	11	29
1885803	450	12	30
1885833	451	1	29
1885862	451	2	30
1885892	451	3	30
1885922	451	4	29
1885951	451	5	30
1885981	451	6	29
1886010	451	7	30
1886040	451	8	29
1886069	451	9	30
1886099	451	10	29
1886128	451	11	30
1886158	451	12	29
1886187	452	1	30
1886217	452	2	29
1886246	452	3	30
1886276	452	4	29
1886305	452	5	30
1886335	452	6	29
1886364	452	7	30
1886394	452	8	30
1886424	452	9	29
1886453	452	10	30
1886483	452	11	29
1886512	452	12	30
1886542	453	1	29
1886571	453	2	30
1886601	453	3	29
1886630	453	4	30
1886660	453	5	29
1886689	453	6	30
1886719	453	-6	29
1886748	453	7	30
1886778	453	8	29
1886807	453	9	30
1886837	453	10	29
1886866	453	11	30
1886896	453	12	30
1886926	454	1	29
1886955	454	2	30
1886985	454	3	29
1887014	454	4	30
1887044	454	5	29
1887073	454	6	30
1887103	454	7	29
1887132	454	8	30
1887162	454	9	29
1887191	454	10	30
1887221	454	11	29
1887250	454	12	30
1887280	455	1	29
1887309	455	2	30
1887339	455	3	30
1887369	455	4	29
1887398	455	5	30
1887428	455	6	29
1887457	455	7	30
1887487	455	8	29
1887516	455	9	30
1887546	455	10	29
1887575	455	11	30
1887605	455	12	29
1887634	456	1	30
1887664	456	2	29
1887693	456	3	30
1887723	456	-3	29
1887752	456	4	30
1887782	456	5	29
1887811	456	6	30
1887841	456	7	30
1887871	456	8	29
1887900	456	9	30
1887930	456	10	29
1887959	456	11	30
1887989	456	12	29
1888018	457	1	30
1888048	457	2	29
1888077	457	3	30
1888107	457	4	29
1888136	457	5	30
1888166	457	6	29
1888195	457	7	30
1888225	457	8	29
1888254	457	9	30
1888284	457	10	29
1888313	457	11	30
1888343	457	12	30
1888373	458	1	29
1888402	458	2	30
1888432	458	3	29
1888461	458	4	30
1888491	458	5	29
1888520	458	6	30
1888550	458	7	29
1888579	458	8	30
1888609	458	9	29
1888638	458	10	30
1888668	458	11	29
1888697	458	12	30
1888727	458	-12	29
1888756	459	1	30
1888786	459	2	29
1888815	459	3	30
1888845	459	4	30
1888875	459	5	29
1888904	459	6	30
1888934	459	7	29
1888963	459	8	30
1888993	459	9	29
1889022	459	10	30
1889052	459	11	29
1889081	459	12	30
1889111	460	1	29
1889140	460	2	30
1889170	460	3	29
1889199	460	4	30
1889229	460	5	29
1889258	460	6	30
1889288	460	7	30
1889318	460	8	29
1889347	460	9	30
1889377	460	10	29
1889406	460	11	30
1889436	460	12	29
1889465	461	1	30
1889495	461	2	29
1889524	461	3	30
1889554	461	4	29
1889583	461	5	30
1889613	461	6	29
1889642	461	7	30
1889672	461	8	29
1889701	461	9	30
1889731	461	-9	29
1889760	461	10	30
1889790	461	11	30
1889820	461	12	29
1889849	462	1	30
1889879	462	2	29
1889908	462	3	30
1889938	462	4	29
1889967	462	5	30
1889997	462	6	29
1890026	462	7	30
1890056	462	8	29
1890085	462	9	30
1890115	462	10	29
1890144	462	11	30
1890174	462	12	29
1890203	463	1	30
1890233	463	2	29
1890262	463	3	30
1890292	463	4	30
1890322	463	5	29
1890351	463	6	30
1890381	463	7	29
1890410	463	8	30
1890440	463	9	29
1890469	463	10	30
1890499	463	11	29
1890528	463	12	30
1890558	464	1	29
1890587	464	2	30
1890617	464	3	29
1890646	464	4	30
1890676	464	5	29
1890705	464	-5	30
1890735	464	6	30
1890765	464	7	29
1890794	464	8	30
1890824	464	9	29
1890853	464	10	30
1890883	464	11	29
1890912	464	12	30
1890942	465	1	29
1890971	465	2	30
1891001	465	3	29
1891030	465	4	30
1891060	465	5	29
1891089	465	6	30
1891119	465	7	29
1891148	465	8	30
1891178	465	9	29
1891207	465	10	30
1891237	465	11	30
1891267	465	12	29
1891296	466	1	30
1891326	466	2	29
1891355	466	3	30
1891385	466	4	29
1891414	466	5	30
1891444	466	6	29
1891473	466	7	30
1891503	466	8	29
1891532	466	9	30
1891562	466	10	29
1891591	466	11	30
1891621	466	12	29
1891650	467	1	30
1891680	467	-1	29
1891709	467	2	30
1891739	467	3	30
1891769	467	4	29
1891798	467	5	30
1891828	467	6	29
1891857	467	7	30
1891887	467	8	29
1891916	467	9	30
1891946	467	10	29
1891975	467	11	30
1892005	467	12	29
1892034	468	1	30
1892064	468	2	29
1892093	468	3	30
1892123	468	4	29
1892152	468	5	30
1892182	468	6	30
1892212	468	7	29
1892241	468	8	30
1892271	468	9	29
1892300	468	10	30
1892330	468	11	29
1892359	468	12	30
1892389	469	1	29
1892418	469	2	30
1892448	469	3	29
1892477	469	4	30
1892507	469	5	29
1892536	469	6	30
1892566	469	7	29
1892595	469	8	30
1892625	469	9	29
1892654	469	10	30
1892684	469	11	30
1892714	469	-11	29
1892743	469	12	30
1892773	470	1	29
1892802	470	2	30
1892832	470	3	29
1892861	470	4	30
1892891	470	5	29
1892920	470	6	30
1892950	470	7	29
1892979	470	8	30
1893009	470	9	29
1893038	470	10	30
1893068	470	11	29
1893097	470	12	30
1893127	471	1	29
1893156	471	2	30
1893186	471	3	30
1893216	471	4	29
1893245	471	5	30
1893275	471	6	29
1893304	471	7	30
1893334	471	8	29
1893363	471	9	30
1893393	471	10	29
1893422	471	11	30
1893452	471	12	29
1893481	472	1	30
1893511	472	2	29
1893540	472	3	30
1893570	472	4	29
1893599	472	5	30
1893629	472	6	30
1893659	472	7	29
1893688	472	-7	30
1893718	472	8	29
1893747	472	9	30
1893777	472	10	29
1893806	472	11	30
1893836	472	12	29
1893865	473	1	30
1893895	473	2	29
1893924	473	3	30
1893954	473	4	29
1893983	473	5	30
1894013	473	6	29
1894042	473	7	30
1894072	473	8	29
1894101	473	9	30
1894131	473	10	30
1894161	473	11	29
1894190	473	12	30
1894220	474	1	29
1894249	474	2	30
1894279	474	3	29
1894308	474	4	30
1894338	474	5	29
1894367	474	6	30
1894397	474	7	29
1894426	474	8	30
1894456	474	9	29
1894485	474	10	30
1894515	474	11	29
1894544	474	12	30
1894574	475	1	29
1894603	475	2	30
1894633	475	3	30
1894663	475	-3	29
1894692	475	4	30
1894722	475	5	29
1894751	475	6	30
1894781	475	7	29
1894810	475	8	30
1894840	475	9	29
1894869	475	10	30
1894899	475	11	29
1894928	475	12	30
1894958	476	1	29
1894987	476	2	30
1895017	476	3	29
1895046	476	4	30
1895076	476	5	30
1895106	476	6	29
1895135	476	7	30
1895165	476	8	29
1895194	476	9	30
1895224	476	10	29
1895253	476	11	30
1895283	476	12	29
1895312	477	1	30
1895342	477	2	29
1895371	477	3	30
1895401	477	4	29
1895430	477	5	30
1895460	477	6	29
1895489	477	7	30
1895519	477	8	29
1895548	477	9	30
1895578	477	10	30
1895608	477	11	29
1895637	477	12	30
1895667	477	-12	29
1895696	478	1	30
1895726	478	2	29
1895755	478	3	30
1895785	478	4	29
1895814	478	5	30
1895844	478	6	29
1895873	478	7	30
1895903	478	8	29
1895932	478	9	30
1895962	478	10	29
1895991	478	11	30
1896021	478	12	29
1896050	479	1	30
1896080	479	2	30
1896110	479	3	29
1896139	479	4	30
1896169	479	5	29
1896198	479	6	30
1896228	479	7	29
1896257	479	8	30
1896287	479	9	29
1896316	479	10	30
1896346	479	11	29
1896375	479	12	30
1896405	480	1	29
1896434	480	2	30
1896464	480	3	29
1896493	480	4	30
1896523	480	5	30
1896553	480	6	29
1896582	480	7	30
1896612	480	8	29
1896641	480	9	30
1896671	480	-9	29
1896700	480	10	30
1896730	480	11	29
1896759	480	12	30
1896789	481	1	29
1896818	481	2	30
1896848	481	3	29
1896877	481	4	30
1896907	481	5	29
1896936	481	6	30
1896966	481	7	29
1896995	481	8	30
1897025	481	9	30
1897055	481	10	29
1897084	481	11	30
1897114	481	12	29
1897143	482	1	30
1897173	482	2	29
1897202	482	3	30
1897232	482	4	29
1897261	482	5	30
1897291	482	6	29
1897320	482	7	30
1897350	482	8	29
1897379	482	9	30
1897409	482	10	29
1897438	482	11	30
1897468	482	12	29
1897497	483	1	30
1897527	483	2	30
1897557	483	3	29
1897586	483	4	30
1897616	483	5	29
1897645	483	-5	30
1897675	483	6	29
1897704	483	7	30
1897734	483	8	29
1897763	483	9	30
1897793	483	10	29
1897822	483	11	30
1897852	483	12	29
1897881	484	1	30
1897911	484	2	29
1897940	484	3	30
1897970	484	4	30
1898000	484	5	29
1898029	484	6	30
1898059	484	7	29
1898088	484	8	30
1898118	484	9	29
1898147	484	10	30
1898177	484	11	29
1898206	484	12	30
1898236	485	1	29
1898265	485	2	30
1898295	485	3	29
1898324	485	4	30
1898354	485	5	29
1898383	485	6	30
1898413	485	7	29
1898442	485	8	30
1898472	485	9	30
1898502	485	10	29
1898531	485	11	30
1898561	485	12	29
1898590	486	1	30
1898620	486	-1	29
1898649	486	2	30
1898679	486	3	29
1898708	486	4	30
1898738	486	5	29
1898767	486	6	30
1898797	486	7	29
1898826	486	8	30
1898856	486	9	29
1898885	486	10	30
1898915	486	11	29
1898944	486	12	30
1898974	487	1	30
1899004	487	2	29
1899033	487	3	30
1899063	487	4	29
1899092	487	5	30
1899122	487	6	29
1899151	487	7	30
1899181	487	8	29
1899210	487	9	30
1899240	487	10	29
1899269	487	11	30
1899299	487	12	29
1899328	488	1	30
1899358	488	2	29
1899387	488	3	30
1899417	488	4	30
1899447	488	5	29
1899476	488	6	30
1899506	488	7	29
1899535	488	8	30
1899565	488	9	29
1899594	488	10	30
1899624	488	-10	29
1899653	488	11	30
1899683	488	12	29
1899712	489	1	30
1899742	489	2	29
1899771	489	3	30
1899801	489	4	29
1899830	489	5	30
1899860	489	6	29
1899889	489	7	30
1899919	489	8	30
1899949	489	9	29
1899978	489	10	30
1900008	489	11	29
1900037	489	12	30
1900067	490	1	29
1900096	490	2	30
1900126	490	3	29
1900155	490	4	30
1900185	490	5	29
1900214	490	6	30
1900244	490	7	29
1900273	490	8	30
1900303	490	9	29
1900332	490	10	30
1900362	490	11	29
1900391	490	12	30
1900421	491	1	30
1900451	491	2	29
1900480	491	3	30
1900510	491	4	29
1900539	491	5	30
1900569	491	6	29
1900598	491	7	30
1900628	491	-7	29
1900657	491	8	30
1900687	491	9	29
1900716	491	10	30
1900746	491	11	29
1900775	491	12	30
1900805	492	1	29
1900834	492	2	30
1900864	492	3	30
1900894	492	4	29
1900923	492	5	30
1900953	492	6	29
1900982	492	7	30
1901012	492	8	29
1901041	492	9	30
1901071	492	10	29
1901100	492	11	30
1901130	492	12	29
1901159	493	1	30
1901189	493	2	29
1901218	493	3	30
1901248	493	4	29
1901277	493	5	30
1901307	493	6	29
1901336	493	7	30
1901366	493	8	30
1901396	493	9	29
1901425	493	10	30
1901455	493	11	29
1901484	493	12	30
1901514	494	1	29
1901543	494	2	30
1901573	494	3	29
1901602	494	4	30
1901632	494	-4	29
1901661	494	5	30
1901691	494	6	29
1901720	494	7	30
1901750	494	8	29
1901779	494	9	30
1901809	494	10	29
1901838	494	11	30
1901868	494	12	30
1901898	495	1	29
1901927	495	2	30
1901957	495	3	29
1901986	495	4	30
1902016	495	5	29
1902045	495	6	30
1902075	495	7	29
1902104	495	8	30
1902134	495	9	29
1902163	495	10	30
1902193	495	11	29
1902222	495	12	30
1902252	496	1	29
1902281	496	2	30
1902311	496	3	30
1902341	496	4	29
1902370	496	5	30
1902400	496	6	29
1902429	496	7	30
1902459	496	8	29
1902488	496	9	30
1902518	496	10	29
1902547	496	11	30
1902577	496	12	29
1902606	496	-12	30
1902636	497	1	29
1902665	497	2	30
1902695	497	3	29
1902724	497	4	30
1902754	497	5	29
1902783	497	6	30
1902813	497	7	30
1902843	497	8	29
1902872	497	9	30
1902902	497	10	29
1902931	497	11	30
1902961	497	12	29
1902990	498	1	30
1903020	498	2	29
1903049	498	3	30
1903079	498	4	29
1903108	498	5	30
1903138	498	6	29
1903167	498	7	30
1903197	498	8	29
1903226	498	9	30
1903256	498	10	29
1903285	498	11	30
1903315	498	12	30
1903345	499	1	29
1903374	499	2	30
1903404	499	3	29
1903433	499	4	30
1903463	499	5	29
1903492	499	6	30
1903522	499	7	29
1903551	499	8	30
1903581	499	-8	29
1903610	499	9	30
1903640	499	10	29
1903669	499	11	30
1903699	499	12	29
1903728	500	1	30
1903758	500	2	30
1903788	500	3	29
1903817	500	4	30
1903847	500	5	29
1903876	500	6	30
1903906	500	7	29
1903935	500	8	30
1903965	500	9	29
1903994	500	10	30
1904024	500	11	29
1904053	500	12	30
1904083	501	1	29
1904112	501	2	30
1904142	501	3	29
1904171	501	4	30
1904201	501	5	29
1904230	501	6	30
1904260	501	7	30
1904290	501	8	29
1904319	501	9	30
1904349	501	10	29
1904378	501	11	30
1904408	501	12	29
1904437	502	1	30
1904467	502	2	29
1904496	502	3	30
1904526	502	4	29
1904555	502	5	30
1904585	502	-5	29
1904614	502	6	30
1904644	502	7	29
1904673	502	8	30
1904703	502	9	29
1904732	502	10	30
1904762	502	11	30
1904792	502	12	29
1904821	503	1	30
1904851	503	2	29
1904880	503	3	30
1904910	503	4	29
1904939	503	5	30
1904969	503	6	29
1904998	503	7	30
1905028	503	8	29
1905057	503	9	30
1905087	503	10	29
1905116	503	11	30
1905146	503	12	29
1905175	504	1	30
1905205	504	2	30
1905235	504	3	29
1905264	504	4	30
1905294	504	5	29
1905323	504	6	30
1905353	504	7	29
1905382	504	8	30
1905412	504	9	29
1905441	504	10	30
1905471	504	11	29
1905500	504	12	30
1905530	505	1	29
1905559	505	2	30
1905589	505	-2	29
1905618	505	3	30
1905648	505	4	29
1905677	505	5	30
1905707	505	6	30
1905737	505	7	29
1905766	505	8	30
1905796	505	9	29
1905825	505	10	30
1905855	505	11	29
1905884	505	12	30
1905914	506	1	29
1905943	506	2	30
1905973	506	3	29
1906002	506	4	30
1906032	506	5	29
1906061	506	6	30
1906091	506	7	29
1906120	506	8	30
1906150	506	9	29
1906179	506	10	30
1906209	506	11	30
1906239	506	12	29
1906268	507	1	30
1906298	507	2	29
1906327	507	3	30
1906357	507	4	29
1906386	507	5	30
1906416	507	6	29
1906445	507	7	30
1906475	507	8	29
1906504	507	9	30
1906534	507	10	29
1906563	507	-10	30
1906593	507	11	29
1906622	507	12	30
1906652	508	1	30
1906682	508	2	29
1906711	508	3	30
1906741	508	4	29
1906770	508	5	30
1906800	508	6	29
1906829	508	7	30
1906859	508	8	29
1906888	508	9	30
1906918	508	10	29
1906947	508	11	30
1906977	508	12	29
1907006	509	1	30
1907036	509	2	29
1907065	509	3	30
1907095	509	4	29
1907124	509	5	30
1907154	509	6	30
1907184	509	7	29
1907213	509	8	30
1907243	509	9	29
1907272	509	10	30
1907302	509	11	29
1907331	509	12	30
1907361	510	1	29
1907390	510	2	30
1907420	510	3	29
1907449	510	4	30
1907479	510	5	29
1907508	510	6	30
1907538	510	-6	29
1907567	510	7	30
1907597	510	8	29
1907626	510	9	30
1907656	510	10	30
1907686	510	11	29
1907715	510	12	30
1907745	511	1	29
1907774	511	2	30
1907804	511	3	29
1907833	511	4	30
1907863	511	5	29
1907892	511	6	30
1907922	511	7	29
1907951	511	8	30
1907981	511	9	29
1908010	511	10	30
1908040	511	11	29
1908069	511	12	30
1908099	512	1	30
1908129	512	2	29
1908158	512	3	30
1908188	512	4	29
1908217	512	5	30
1908247	512	6	29
1908276	512	7	30
1908306	512	8	29
1908335	512	9	30
1908365	512	10	29
1908394	512	11	30
1908424	512	12	29
1908453	513	1	30
1908483	513	2	29
1908512	513	3	30
1908542	513	-3	29
1908571	513	4	30
1908601	513	5	30
1908631	513	6	29
1908660	513	7	30
1908690	513	8	29
1908719	513	9	30
1908749	513	10	29
1908778	513	11	30
1908808	513	12	29
1908837	514	1	30
1908867	514	2	29
1908896	514	3	30
1908926	514	4	29
1908955	514	5	30
1908985	514	6	29
1909014	514	7	30
1909044	514	8	29
1909073	514	9	30
1909103	514	10	30
1909133	514	11	29
1909162	514	12	30
1909192	515	1	29
1909221	515	2	30
1909251	515	3	29
1909280	515	4	30
1909310	515	5	29
1909339	515	6	30
1909369	515	7	29
1909398	515	8	30
1909428	515	9	29
1909457	515	10	30
1909487	515	11	29
1909516	515	12	30
1909546	515	-12	29
1909575	516	1	30
1909605	516	2	30
1909635	516	3	29
1909664	516	4	30
1909694	516	5	29
1909723	516	6	30
1909753	516	7	29
1909782	516	8	30
1909812	516	9	29
1909841	516	10	30
1909871	516	11	29
1909900	516	12	30
1909930	517	1	29
1909959	517	2	30
1909989	517	3	29
1910018	517	4	30
1910048	517	5	30
1910078	517	6	29
1910107	517	7	30
1910137	517	8	29
1910166	517	9	30
1910196	517	10	29
1910225	517	11	30
1910255	517	12	29
1910284	518	1	30
1910314	518	2	29
1910343	518	3	30
1910373	518	4	29
1910402	518	5	30
1910432	518	6	29
1910461	518	7	30
1910491	518	8	29
1910520	518	-8	30
1910550	518	9	30
1910580	518	10	29
1910609	518	11	30
1910639	518	12	29
1910668	519	1	30
1910698	519	2	29
1910727	519	3	30
1910757	519	4	29
1910786	519	5	30
1910816	519	6	29
1910845	519	7	30
1910875	519	8	29
1910904	519	9	30
1910934	519	10	29
1910963	519	11	30
1910993	519	12	29
1911022	520	1	30
1911052	520	2	30
1911082	520	3	29
1911111	520	4	30
1911141	520	5	29
1911170	520	6	30
1911200	520	7	29
1911229	520	8	30
1911259	520	9	29
1911288	520	10	30
1911318	520	11	29
1911347	520	12	30
1911377	521	1	29
1911406	521	2	30
1911436	521	3	29
1911465	521	4	30
1911495	521	5	30
1911525	521	-5	29
1911554	521	6	30
1911584	521	7	29
1911613	521	8	30
1911643	521	9	29
1911672	521	10	30
1911702	521	11	29
1911731	521	12	30
1911761	522	1	29
1911790	522	2	30
1911820	522	3	29
1911849	522	4	30
1911879	522	5	29
1911908	522	6	30
1911938	522	7	29
1911967	522	8	30
1911997	522	9	30
1912027	522	10	29
1912056	522	11	30
1912086	522	12	29
1912115	523	1	30
1912145	523	2	29
1912174	523	3	30
1912204	523	4	29
1912233	523	5	30
1912263	523	6	29
1912292	523	7	30
1912322	523	8	29
1912351	523	9	30
1912381	523	10	29
1912410	523	11	30
1912440	523	12	29
1912469	524	1	30
1912499	524	2	30
1912529	524	-2	29
1912558	524	3	30
1912588	524	4	29
1912617	524	5	30
1912647	524	6	29
1912676	524	7	30
1912706	524	8	29
1912735	524	9	30
1912765	524	10	29
1912794	524	11	30
1912824	524	12	29
1912853	525	1	30
1912883	525	2	29
1912912	525	3	30
1912942	525	4	30
1912972	525	5	29
1913001	525	6	30
1913031	525	7	29
1913060	525	8	30
1913090	525	9	29
1913119	525	10	30
1913149	525	11	29
1913178	525	12	30
1913208	526	1	29
1913237	526	2	30
1913267	526	3	29
1913296	526	4	30
1913326	526	5	29
1913355	526	6	30
1913385	526	7	29
1913414	526	8	30
1913444	526	9	30
1913474	526	10	29
1913503	526	-10	30
1913533	526	11	29
1913562	526	12	30
1913592	527	1	29
1913621	527	2	30
1913651	527	3	29
1913680	527	4	30
1913710	527	5	29
1913739	527	6	30
1913769	527	7	29
1913798	527	8	30
1913828	527	9	29
1913857	527	10	30
1913887	527	11	29
1913916	527	12	30
1913946	528	1	30
1913976	528	2	29
1914005	528	3	30
1914035	528	4	29
1914064	528	5	30
1914094	528	6	29
1914123	528	7	30
1914153	528	8	29
1914182	528	9	30
1914212	528	10	29
1914241	528	11	30
1914271	528	12	29
1914300	529	1	30
1914330	529	2	29
1914359	529	3	30
1914389	529	4	30
1914419	529	5	29
1914448	529	6	30
1914478	529	-6	29
1914507	529	7	30
1914537	529	8	29
1914566	529	9	30
1914596	529	10	29
1914625	529	11	30
1914655	529	12	29
1914684	530	1	30
1914714	530	2	29
1914743	530	3	30
1914773	530	4	29
1914802	530	5	30
1914832	530	6	29
1914861	530	7	30
1914891	530	8	30
1914921	530	9	29
1914950	530	10	30
1914980	530	11	29
1915009	530	12	30
1915039	531	1	29
1915068	531	2	30
1915098	531	3	29
1915127	531	4	30
1915157	531	5	29
1915186	531	6	30
1915216	531	7	29
1915245	531	8	30
1915275	531	9	29
1915304	531	10	30
1915334	531	11	29
1915363	531	12	30
1915393	532	1	30
1915423	532	2	29
1915452	532	3	30
1915482	532	-3	29
1915511	532	4	30
1915541	532	5	29
1915570	532	6	30
1915600	532	7	29
1915629	532	8	30
1915659	532	9	29
1915688	532	10	30
1915718	532	11	29
1915747	532	12	30
1915777	533	1	29
1915806	533	2	30
1915836	533	3	30
1915866	533	4	29
1915895	533	5	30
1915925	533	6	29
1915954	533	7	30
1915984	533	8	29
1916013	533	9	30
1916043	533	10	29
1916072	533	11	30
1916102	533	12	29
1916131	534	1	30
1916161	534	2	29
1916190	534	3	30
1916220	534	4	29
1916249	534	5	30
1916279	534	6	29
1916308	534	7	30
1916338	534	8	30
1916368	534	9	29
1916397	534	10	30
1916427	534	11	29
1916456	534	12	30
1916486	534	-12	29
1916515	535	1	30
1916545	535	2	29
1916574	535	3	30
1916604	535	4	29
1916633	535	5	30
1916663	535	6	29
1916692	535	7	30
1916722	535	8	29
1916751	535	9	30
1916781	535	10	29
1916810	535	11	30
1916840	535	12	30
1916870	536	1	29
1916899	536	2	30
1916929	536	3	29
1916958	536	4	30
1916988	536	5	29
1917017	536	6	30
1917047	536	7	29
1917076	536	8	30
1917106	536	9	29
1917135	536	10	30
1917165	536	11	29
1917194	536	12	30
1917224	537	1	29
1917253	537	2	30
1917283	537	3	30
1917313	537	4	29
1917342	537	5	30
1917372	537	6	29
1917401	537	7	30
1917431	537	8	29
1917460	537	9	30
1917490	537	-9	29
1917519	537	10	30
1917549	537	11	29
1917578	537	12	30
1917608	538	1	29
1917637	538	2	30
1917667	538	3	29
1917696	538	4	30
1917726	538	5	29
1917755	538	6	30
1917785	538	7	30
1917815	538	8	29
1917844	538	9	30
1917874	538	10	29
1917903	538	11	30
1917933	538	12	29
1917962	539	1	30
1917992	539	2	29
1918021	539	3	30
1918051	539	4	29
1918080	539	5	30
1918110	539	6	29
1918139	539	7	30
1918169	539	8	29
1918198	539	9	30
1918228	539	10	29
1918257	539	11	30
1918287	539	12	30
1918317	540	1	29
1918346	540	2	30
1918376	540	3	29
1918405	540	4	30
1918435	540	5	29
1918464	540	-5	30
1918494	540	6	29
1918523	540	7	30
1918553	540	8	29
1918582	540	9	30
1918612	540	10	29
1918641	540	11	30
1918671	540	12	29
1918700	541	1	30
1918730	541	2	30
1918760	541	3	29
1918789	541	4	30
1918819	541	5	29
1918848	541	6	30
1918878	541	7	29
1918907	541	8	30
1918937	541	9	29
1918966	541	10	30
1918996	541	11	29
1919025	541	12	30
1919055	542	1	29
1919084	542	2	30
1919114	542	3	29
1919143	542	4	30
1919173	542	5	29
1919202	542	6	30
1919232	542	7	30
1919262	542	8	29
1919291	542	9	30
1919321	542	10	29
1919350	542	11	30
1919380	542	12	29
1919409	543	1	30
1919439	543	-1	29
1919468	543	2	30
1919498	543	3	29
1919527	543	4	30
1919557	543	5	29
1919586	543	6	30
1919616	543	7	29
1919645	543	8	30
1919675	543	9	29
1919704	543	10	30
1919734	543	11	30
1919764	543	12	29
1919793	544	1	30
1919823	544	2	29
1919852	544	3	30
1919882	544	4	29
1919911	544	5	30
1919941	544	6	29
1919970	544	7	30
1920000	544	8	29
1920029	544	9	30
1920059	544	10	29
1920088	544	11	30
1920118	544	12	29
1920147	545	1	30
1920177	545	2	30
1920207	545	3	29
1920236	545	4	30
1920266	545	5	29
1920295	545	6	30
1920325	545	7	29
1920354	545	8	30
1920384	545	9	29
1920413	545	10	30
1920443	545	-10	29
1920472	545	11	30
1920502	545	12	29
1920531	546	1	30
1920561	546	2	29
1920590	546	3	30
1920620	546	4	29
1920649	546	5	30
1920679	546	6	30
1920709	546	7	29
1920738	546	8	30
1920768	546	9	29
1920797	546	10	30
1920827	546	11	29
1920856	546	12	30
1920886	547	1	29
1920915	547	2	30
1920945	547	3	29
1920974	547	4	30
1921004	547	5	29
1921033	547	6	30
1921063	547	7	29
1921092	547	8	30
1921122	547	9	29
1921151	547	10	30
1921181	547	11	30
1921211	547	12	29
1921240	548	1	30
1921270	548	2	29
1921299	548	3	30
1921329	548	4	29
1921358	548	5	30
1921388	548	6	29
1921417	548	7	30
1921447	548	-7	29
1921476	548	8	30
1921506	548	9	29
1921535	548	10	30
1921565	548	11	29
1921594	548	12	30
1921624	549	1	30
1921654	549	2	29
1921683	549	3	30
1921713	549	4	29
1921742	549	5	30
1921772	549	6	29
1921801	549	7	30
1921831	549	8	29
1921860	549	9	30
1921890	549	10	29
1921919	549	11	30
1921949	549	12	29
1921978	550	1	30
1922008	550	2	29
1922037	550	3	30
1922067	550	4	29
1922096	550	5	30
1922126	550	6	30
1922156	550	7	29
1922185	550	8	30
1922215	550	9	29
1922244	550	10	30
1922274	550	11	29
1922303	550	12	30
1922333	551	1	29
1922362	551	2	30
1922392	551	3	29
1922421	551	-3	30
1922451	551	4	29
1922480	551	5	30
1922510	551	6	29
1922539	551	7	30
1922569	551	8	29
1922598	551	9	30
1922628	551	10	30
1922658	551	11	29
1922687	551	12	30
1922717	552	1	29
1922746	552	2	30
1922776	552	3	29
1922805	552	4	30
1922835	552	5	29
1922864	552	6	30
1922894	552	7	29
1922923	552	8	30
1922953	552	9	29
1922982	552	10	30
1923012	552	11	29
1923041	552	12	30
1923071	553	1	30
1923101	553	2	29
1923130	553	3	30
1923160	553	4	29
1923189	553	5	30
1923219	553	6	29
1923248	553	7	30
1923278	553	8	29
1923307	553	9	30
1923337	553	10	29
1923366	553	11	30
1923396	553	-11	29
1923425	553	12	30
1923455	554	1	29
1923484	554	2	30
1923514	554	3	29
1923543	554	4	30
1923573	554	5	30
1923603	554	6	29
1923632	554	7	30
1923662	554	8	29
1923691	554	9	30
1923721	554	10	29
1923750	554	11	30
1923780	554	12	29
1923809	555	1	30
1923839	555	2	29
1923868	555	3	30
1923898	555	4	29
1923927	555	5	30
1923957	555	6	29
1923986	555	7	30
1924016	555	8	29
1924045	555	9	30
1924075	555	10	30
1924105	555	11	29
1924134	555	12	30
1924164	556	1	29
1924193	556	2	30
1924223	556	3	29
1924252	556	4	30
1924282	556	5	29
1924311	556	6	30
1924341	556	7	29
1924370	556	8	30
1924400	556	-8	29
1924429	556	9	30
1924459	556	10	29
1924488	556	11	30
1924518	556	12	30
1924548	557	1	29
1924577	557	2	30
1924607	557	3	29
1924636	557	4	30
1924666	557	5	29
1924695	557	6	30
1924725	557	7	29
1924754	557	8	30
1924784	557	9	29
1924813	557	10	30
1924843	557	11	29
1924872	557	12	30
1924902	558	1	29
1924931	558	2	30
1924961	558	3	29
1924990	558	4	30
1925020	558	5	30
1925050	558	6	29
1925079	558	7	30
1925109	558	8	29
1925138	558	9	30
1925168	558	10	29
1925197	558	11	30
1925227	558	12	29
1925256	559	1	30
1925286	559	2	29
1925315	559	3	30
1925345	559	4	29
1925374	559	5	30
1925404	559	-5	29
1925433	559	6	30
1925463	559	7	29
1925492	559	8	30
1925522	559	9	30
1925552	559	10	29
1925581	559	11	30
1925611	559	12	29
1925640	560	1	30
1925670	560	2	29
1925699	560	3	30
1925729	560	4	29
1925758	560	5	30
1925788	560	6	29
1925817	560	7	30
1925847	560	8	29
1925876	560	9	30
1925906	560	10	29
1925935	560	11	30
1925965	560	12	30
1925995	561	1	29
1926024	561	2	30
1926054	561	3	29
1926083	561	4	30
1926113	561	5	29
1926142	561	6	30
1926172	561	7	29
1926201	561	8	30
1926231	561	9	29
1926260	561	10	30
1926290	561	11	29
1926319	561	12	30
1926349	562	1	29
1926378	562	2	30
1926408	562	-2	29
1926437	562	3	30
1926467	562	4	30
1926497	562	5	29
1926526	562	6	30
1926556	562	7	29
1926585	562	8	30
1926615	562	9	29
1926644	562	10	30
1926674	562	11	29
1926703	562	12	30
1926733	563	1	29
1926762	563	2	30
1926792	563	3	29
1926821	563	4	30
1926851	563	5	29
1926880	563	6	30
1926910	563	7	29
1926939	563	8	30
1926969	563	9	30
1926999	563	10	29
1927028	563	11	30
1927058	563	12	29
1927087	564	1	30
1927117	564	2	29
1927146	564	3	30
1927176	564	4	29
1927205	564	5	30
1927235	564	6	29
1927264	564	7	30
1927294	564	8	29
1927323	564	9	30
1927353	564	10	29
1927382	564	-10	30
1927412	564	11	30
1927442	564	12	29
1927471	565	1	30
1927501	565	2	29
1927530	565	3	30
1927560	565	4	29
1927589	565	5	30
1927619	565	6	29
1927648	565	7	30
1927678	565	8	29
1927707	565	9	30
1927737	565	10	29
1927766	565	11	30
1927796	565	12	29
1927825	566	1	30
1927855	566	2	29
1927884	566	3	30
1927914	566	4	30
1927944	566	5	29
1927973	566	6	30
1928003	566	7	29
1928032	566	8	30
1928062	566	9	29
1928091	566	10	30
1928121	566	11	29
1928150	566	12	30
1928180	567	1	29
1928209	567	2	30
1928239	567	3	29
1928268	567	4	30
1928298	567	5	29
1928327	567	6	30
1928357	567	-6	29
1928386	567	7	30
1928416	567	8	30
1928446	567	9	29
1928475	567	10	30
1928505	567	11	29
1928534	567	12	30
1928564	568	1	29
1928593	568	2	30
1928623	568	3	29
1928652	568	4	30
1928682	568	5	29
1928711	568	6	30
1928741	568	7	29
1928770	568	8	30
1928800	568	9	29
1928829	568	10	30
1928859	568	11	30
1928889	568	12	29
1928918	569	1	30
1928948	569	2	29
1928977	569	3	30
1929007	569	4	29
1929036	569	5	30
1929066	569	6	29
1929095	569	7	30
1929125	569	8	29
1929154	569	9	30
1929184	569	10	29
1929213	569	11	30
1929243	569	12	29
1929272	570	1	30
1929302	570	2	29
1929331	570	3	30
1929361	570	4	30
1929391	570	-4	29
1929420	570	5	30
1929450	570	6	29
1929479	570	7	30
1929509	570	8	29
1929538	570	9	30
1929568	570	10	29
1929597	570	11	30
1929627	570	12	29
1929656	571	1	30
1929686	571	2	29
1929715	571	3	30
1929745	571	4	29
1929774	571	5	30
1929804	571	6	29
1929833	571	7	30
1929863	571	8	30
1929893	571	9	29
1929922	571	10	30
1929952	571	11	29
1929981	571	12	30
1930011	572	1	29
1930040	572	2	30
1930070	572	3	29
1930099	572	4	30
1930129	572	5	29
1930158	572	6	30
1930188	572	7	29
1930217	572	8	30
1930247	572	9	29
1930276	572	10	30
1930306	572	11	30
1930336	572	12	29
1930365	572	-12	30
1930395	573	1	29
1930424	573	2	30
1930454	573	3	29
1930483	573	4	30
1930513	573	5	29
1930542	573	6	30
1930572	573	7	29
1930601	573	8	30
1930631	573	9	29
1930660	573	10	30
1930690	573	11	29
1930719	573	12	30
1930749	574	1	29
1930778	574	2	30
1930808	574	3	30
1930838	574	4	29
1930867	574	5	30
1930897	574	6	29
1930926	574	7	30
1930956	574	8	29
1930985	574	9	30
1931015	574	10	29
1931044	574	11	30
1931074	574	12	29
1931103	575	1	30
1931133	575	2	29
1931162	575	3	30
1931192	575	4	29
1931221	575	5	30
1931251	575	6	29
1931280	575	7	30
1931310	575	8	30
1931340	575	-8	29
1931369	575	9	30
1931399	575	10	29
1931428	575	11	30
1931458	575	12	29
1931487	576	1	30
1931517	576	2	29
1931546	576	3	30
1931576	576	4	29
1931605	576	5	30
1931635	576	6	29
1931664	576	7	30
1931694	576	8	29
1931723	576	9	30
1931753	576	10	30
1931783	576	11	29
1931812	576	12	30
1931842	577	1	29
1931871	577	2	30
1931901	577	3	29
1931930	577	4	30
1931960	577	5	29
1931989	577	6	30
1932019	577	7	29
1932048	577	8	30
1932078	577	9	29
1932107	577	10	30
1932137	577	11	29
1932166	577	12	30
1932196	578	1	29
1932225	578	2	30
1932255	578	3	30
1932285	578	4	29
1932314	578	5	30
1932344	578	-5	29
1932373	578	6	30
1932403	578	7	29
1932432	578	8	30
1932462	578	9	29
1932491	578	10	30
1932521	578	11	29
1932550	578	12	30
1932580	579	1	29
1932609	579	2	30
1932639	579	3	29
1932668	579	4	30
1932698	579	5	29
1932727	579	6	30
1932757	579	7	30
1932787	579	8	29
1932816	579	9	30
1932846	579	10	29
1932875	579	11	30
1932905	579	12	29
1932934	580	1	30
1932964	580	2	29
1932993	580	3	30
1933023	580	4	29
1933052	580	5	30
1933082	580	6	29
1933111	580	7	30
1933141	580	8	29
1933170	580	9	30
1933200	580	10	30
1933230	580	11	29
1933259	580	12	30
1933289	581	1	29
1933318	581	2	30
1933348	581	-2	29
1933377	581	3	30
1933407	581	4	29
1933436	581	5	30
1933466	581	6	29
1933495	581	7	30
1933525	581	8	29
1933554	581	9	30
1933584	581	10	29
1933613	581	11	30
1933643	581	12	29
1933672	582	1	30
1933702	582	2	30
1933732	582	3	29
1933761	582	4	30
1933791	582	5	29
1933820	582	6	30
1933850	582	7	29
1933879	582	8	30
1933909	582	9	29
1933938	582	10	30
1933968	582	11	29
1933997	582	12	30
1934027	583	1	29
1934056	583	2	30
1934086	583	3	29
1934115	583	4	30
1934145	583	5	29
1934174	583	6	30
1934204	583	7	30
1934234	583	8	29
1934263	583	9	30
1934293	583	10	29
1934322	583	11	30
1934352	583	-11	29
1934381	583	12	30
1934411	584	1	29
1934440	584	2	30
1934470	584	3	29
1934499	584	4	30
1934529	584	5	29
1934558	584	6	30
1934588	584	7	29
1934617	584	8	30
1934647	584	9	30
1934677	584	10	29
1934706	584	11	30
1934736	584	12	29
1934765	585	1	30
1934795	585	2	29
1934824	585	3	30
1934854	585	4	29
1934883	585	5	30
1934913	585	6	29
1934942	585	7	30
1934972	585	8	29
1935001	585	9	30
1935031	585	10	29
1935060	585	11	30
1935090	585	12	29
1935119	586	1	30
1935149	586	2	30
1935179	586	3	29
1935208	586	4	30
1935238	586	5	29
1935267	586	6	30
1935297	586	7	29
1935326	586	-7	30
1935356	586	8	29
1935385	586	9	30
1935415	586	10	29
1935444	586	11	30
1935474	586	12	29
1935503	587	1	30
1935533	587	2	29
1935562	587	3	30
1935592	587	4	29
1935621	587	5	30
1935651	587	6	30
1935681	587	7	29
1935710	587	8	30
1935740	587	9	29
1935769	587	10	30
1935799	587	11	29
1935828	587	12	30
1935858	588	1	29
1935887	588	2	30
1935917	588	3	29
1935946	588	4	30
1935976	588	5	29
1936005	588	6	30
1936035	588	7	29
1936064	588	8	30
1936094	588	9	30
1936124	588	10	29
1936153	588	11	30
1936183	588	12	29
1936212	589	1	30
1936242	589	2	29
1936271	589	3	30
1936301	589	-3	29
1936330	589	4	30
1936360	589	5	29
1936389	589	6	30
1936419	589	7	29
1936448	589	8	30
1936478	589	9	29
1936507	589	10	30
1936537	589	11	29
1936566	589	12	30
1936596	590	1	30
1936626	590	2	29
1936655	590	3	30
1936685	590	4	29
1936714	590	5	30
1936744	590	6	29
1936773	590	7	30
1936803	590	8	29
1936832	590	9	30
1936862	590	10	30
1936892	590	11	29
1936921	590	12	30
1936951	591	1	29
1936980	591	2	30
1937010	591	3	29
1937039	591	4	30
1937069	591	5	29
1937098	591	6	30
1937128	591	7	29
1937157	591	8	30
1937187	591	9	29
1937216	591	10	30
1937246	591	11	29
1937275	591	12	30
1937305	591	-12	29
1937334	592	1	30
1937364	592	2	30
1937394	592	3	29
1937423	592	4	30
1937453	592	5	29
1937482	592	6	30
1937512	592	7	29
1937541	592	8	30
1937571	592	9	29
1937600	592	10	30
1937630	592	11	29
1937659	592	12	30
1937689	593	1	29
1937718	593	2	30
1937748	593	3	29
1937777	593	4	30
1937807	593	5	30
1937837	593	6	29
1937866	593	7	30
1937896	593	8	29
1937925	593	9	30
1937955	593	10	29
1937984	593	11	30
1938014	593	12	29
1938043	594	1	30
1938073	594	2	29
1938102	594	3	30
1938132	594	4	29
1938161	594	5	30
1938191	594	6	29
1938220	594	7	30
1938250	594	8	29
1938279	594	9	30
1938309	594	10	30
1938339	594	-10	29
1938368	594	11	30
1938398	594	12	29
1938427	595	1	30
1938457	595	2	29
1938486	595	3	30
1938516	595	4	29
1938545	595	5	30
1938575	595	6	29
1938604	595	7	30
1938634	595	8	29
1938663	595	9	30
1938693	595	10	29
1938722	595	11	30
1938752	595	12	29
1938781	596	1	30
1938811	596	2	30
1938841	596	3	29
1938870	596	4	30
1938900	596	5	29
1938929	596	6	30
1938959	596	7	29
1938988	596	8	30
1939018	596	9	29
1939047	596	10	30
1939077	596	11	29
1939106	596	12	30
1939136	597	1	29
1939165	597	2	30
1939195	597	3	29
1939224	597	4	30
1939254	597	5	29
1939283	597	-5	30
1939313	597	6	29
1939342	597	7	30
1939372	597	8	29
1939401	597	9	30
1939431	597	10	30
1939461	597	11	29
1939490	597	12	30
1939520	598	1	29
1939549	598	2	30
1939579	598	3	29
1939608	598	4	30
1939638	598	5	29
1939667	598	6	30
1939697	598	7	29
1939726	598	8	30
1939756	598	9	29
1939785	598	10	30
1939815	598	11	29
1939844	598	12	30
1939874	599	1	29
1939903	599	2	30
1939933	599	3	30
1939963	599	4	29
1939992	599	5	30
1940022	599	6	29
1940051	599	7	30
1940081	599	8	29
1940110	599	9	30
1940140	599	10	29
1940169	599	11	30
1940199	599	12	29
1940228	600	1	30
1940258	600	-1	29
1940287	600	2	30
1940317	600	3	29
1940346	600	4	30
1940376	600	5	29
1940405	600	6	30
1940435	600	7	30
1940465	600	8	29
1940494	600	9	30
1940524	600	10	29
1940553	600	11	30
1940583	600	12	29
1940612	601	1	30
1940642	601	2	29
1940671	601	3	30
1940701	601	4	29
1940730	601	5	30
1940760	601	6	29
1940789	601	7	30
1940819	601	8	29
1940848	601	9	30
1940878	601	10	30
1940908	601	11	29
1940937	601	12	30
1940967	602	1	29
1940996	602	2	30
1941026	602	3	29
1941055	602	4	30
1941085	602	5	29
1941114	602	6	30
1941144	602	7	29
1941173	602	8	30
1941203	602	9	29
1941232	602	10	30
1941262	602	-10	29
1941291	602	11	30
1941321	602	12	29
1941350	603	1	30
1941380	603	2	30
1941410	603	3	29
1941439	603	4	30
1941469	603	5	29
1941498	603	6	30
1941528	603	7	29
1941557	603	8	30
1941587	603	9	29
1941616	603	10	30
1941646	603	11	29
1941675	603	12	30
1941705	604	1	29
1941734	604	2	30
1941764	604	3	29
1941793	604	4	30
1941823	604	5	29
1941852	604	6	30
1941882	604	7	30
1941912	604	8	29
1941941	604	9	30
1941971	604	10	29
1942000	604	11	30
1942030	604	12	29
1942059	605	1	30
1942089	605	2	29
1942118	605	3	30
1942148	605	4	29
1942177	605	5	30
1942207	605	6	29
1942236	605	7	30
1942266	605	-7	29
1942295	605	8	30
1942325	605	9	30
1942355	605	10	29
1942384	605	11	30
1942414	605	12	29
1942443	606	1	30
1942473	606	2	29
1942502	606	3	30
1942532	606	4	29
1942561	606	5	30
1942591	606	6	29
1942620	606	7	30
1942650	606	8	29
1942679	606	9	30
1942709	606	10	29
1942738	606	11	30
1942768	606	12	29
1942797	607	1	30
1942827	607	2	30
1942857	607	3	29
1942886	607	4	30
1942916	607	5	29
1942945	607	6	30
1942975	607	7	29
1943004	607	8	30
1943034	607	9	29
1943063	607	10	30
1943093	607	11	29
1943122	607	12	30
1943152	608	1	29
1943181	608	2	30
1943211	608	3	29
1943240	608	-3	30
1943270	608	4	29
1943299	608	5	30
1943329	608	6	30
1943359	608	7	29
1943388	608	8	30
1943418	608	9	29
1943447	608	10	30
1943477	608	11	29
1943506	608	12	30
1943536	609	1	29
1943565	609	2	30
1943595	609	3	29
1943624	609	4	30
1943654	609	5	29
1943683	609	6	30
1943713	609	7	29
1943742	609	8	30
1943772	609	9	30
1943802	609	10	29
1943831	609	11	30
1943861	609	12	29
1943890	610	1	30
1943920	610	2	29
1943949	610	3	30
1943979	610	4	29
1944008	610	5	30
1944038	610	6	29
1944067	610	7	30
1944097	610	8	29
1944126	610	9	30
1944156	610	10	29
1944185	610	11	30
1944215	610	-11	29
1944244	610	12	30
1944274	611	1	30
1944304	611	2	29
1944333	611	3	30
1944363	611	4	29
1944392	611	5	30
1944422	611	6	29
1944451	611	7	30
1944481	611	8	29
1944510	611	9	30
1944540	611	10	29
1944569	611	11	30
1944599	611	12	29
1944628	612	1	30
1944658	612	2	29
1944687	612	3	30
1944717	612	4	29
1944746	612	5	30
1944776	612	6	30
1944806	612	7	29
1944835	612	8	30
1944865	612	9	29
1944894	612	10	30
1944924	612	11	29
1944953	612	12	30
1944983	613	1	29
1945012	613	2	30
1945042	613	3	29
1945071	613	4	30
1945101	613	5	29
1945130	613	6	30
1945160	613	7	29
1945189	613	8	30
1945219	613	9	30
1945249	613	-9	29
1945278	613	10	30
1945308	613	11	29
1945337	613	12	30
1945367	614	1	29
1945396	614	2	30
1945426	614	3	29
1945455	614	4	30
1945485	614	5	29
1945514	614	6	30
1945544	614	7	29
1945573	614	8	30
1945603	614	9	29
1945632	614	10	30
1945662	614	11	29
1945691	614	12	30
1945721	615	1	30
1945751	615	2	29
1945780	615	3	30
1945810	615	4	29
1945839	615	5	30
1945869	615	6	29
1945898	615	7	30
1945928	615	8	29
1945957	615	9	30
1945987	615	10	29
1946016	615	11	30
1946046	615	12	29
1946075	616	1	30
1946105	616	2	29
1946134	616	3	30
1946164	616	4	29
1946193	616	5	30
1946223	616	-5	30
1946253	616	6	29
1946282	616	7	30
1946312	616	8	29
1946341	616	9	30
1946371	616	10	29
1946400	616	11	30
1946430	616	12	29
1946459	617	1	30
1946489	617	2	29
1946518	617	3	30
1946548	617	4	29
1946577	617	5	30
1946607	617	6	29
1946636	617	7	30
1946666	617	8	30
1946696	617	9	29
1946725	617	10	30
1946755	617	11	29
1946784	617	12	30
1946814	618	1	29
1946843	618	2	30
1946873	618	3	29
1946902	618	4	30
1946932	618	5	29
1946961	618	6	30
1946991	618	7	29
1947020	618	8	30
1947050	618	9	29
1947079	618	10	30
1947109	618	11	29
1947138	618	12	30
1947168	619	1	30
1947198	619	2	30
1947228	619	-2	29
1947257	619	3	29
1947286	619	4	29
1947315	619	5	30
1947345	619	6	29
1947374	619	7	30
1947404	619	8	29
1947433	619	9	30
1947463	619	10	30
1947493	619	11	30
1947523	619	12	29
1947552	620	1	30
1947582	620	2	29
1947611	620	3	30
1947641	620	4	29
1947670	620	5	29
1947699	620	6	30
1947729	620	7	29
1947758	620	8	30
1947788	620	9	29
1947817	620	10	30
1947847	620	11	29
1947876	620	12	30
1947906	621	1	30
1947936	621	2	30
1947966	621	3	29
1947995	621	4	30
1948025	621	5	29
1948054	621	6	29
1948083	621	7	30
1948113	621	8	29
1948142	621	9	30
1948172	621	10	29
1948201	621	-10	30
1948231	621	11	29
1948260	621	12	30
1948290	622	1	30
1948320	622	2	29
1948349	622	3	30
1948379	622	4	30
1948409	622	5	29
1948438	622	6	29
1948467	622	7	30
1948497	622	8	29
1948526	622	9	30
1948556	622	10	29
1948585	622	11	30
1948615	622	12	29
1948644	623	1	30
1948674	623	2	30
1948704	623	3	29
1948733	623	4	30
1948763	623	5	29
1948792	623	6	30
1948822	623	7	29
1948851	623	8	30
1948881	623	9	29
1948910	623	10	30
1948940	623	11	29
1948969	623	12	30
1948999	624	1	29
1949028	624	2	30
1949058	624	3	29
1949087	624	4	30
1949117	624	5	29
1949146	624	6	30
1949176	624	7	30
1949206	624	-7	29
1949235	624	8	30
1949265	624	9	29
1949294	624	10	30
1949324	624	11	29
1949353	624	12	30
1949383	625	1	29
1949412	625	2	30
1949442	625	3	29
1949471	625	4	30
1949501	625	5	29
1949530	625	6	30
1949560	625	7	29
1949589	625	8	30
1949619	625	9	30
1949649	625	10	29
1949678	625	11	30
1949708	625	12	29
1949737	626	1	30
1949767	626	2	29
1949796	626	3	30
1949826	626	4	29
1949855	626	5	29
1949884	626	6	30
1949914	626	7	29
1949943	626	8	30
1949973	626	9	30
1950003	626	10	30
1950033	626	11	29
1950062	626	12	30
1950092	627	1	29
1950121	627	2	30
1950151	627	3	29
1950180	627	-3	29
1950209	627	4	30
1950239	627	5	29
1950268	627	6	30
1950298	627	7	29
1950327	627	8	30
1950357	627	9	30
1950387	627	10	29
1950416	627	11	30
1950446	627	12	30
1950476	628	1	29
1950505	628	2	30
1950535	628	3	29
1950564	628	4	29
1950593	628	5	30
1950623	628	6	29
1950652	628	7	29
1950681	628	8	30
1950711	628	9	30
1950741	628	10	29
1950770	628	11	30
1950800	628	12	30
1950830	629	1	30
1950860	629	2	29
1950889	629	3	30
1950919	629	4	29
1950948	629	5	30
1950978	629	6	29
1951007	629	7	29
1951036	629	8	29
1951065	629	9	30
1951095	629	10	30
1951125	629	11	29
1951154	629	12	30
1951184	629	-12	30
1951214	630	1	30
1951244	630	2	29
1951273	630	3	30
1951303	630	4	29
1951332	630	5	29
1951361	630	6	30
1951391	630	7	29
1951420	630	8	30
1951450	630	9	29
1951479	630	10	30
1951509	630	11	29
1951538	630	12	30
1951568	631	1	30
1951598	631	2	29
1951627	631	3	30
1951657	631	4	29
1951686	631	5	30
1951716	631	6	29
1951745	631	7	30
1951775	631	8	29
1951804	631	9	30
1951834	631	10	29
1951863	631	11	30
1951893	631	12	29
1951922	632	1	30
1951952	632	2	29
1951981	632	3	30
1952011	632	4	30
1952041	632	5	29
1952070	632	6	30
1952100	632	7	29
1952129	632	8	30
1952159	632	-8	29
1952188	632	9	30
1952218	632	10	29
1952247	632	11	30
1952277	632	12	29
1952306	633	1	30
1952336	633	2	29
1952365	633	3	30
1952395	633	4	29
1952424	633	5	30
1952454	633	6	30
1952484	633	7	29
1952513	633	8	30
1952543	633	9	29
1952572	633	10	30
1952602	633	11	29
1952631	633	12	30
1952661	634	1	29
1952690	634	2	30
1952720	634	3	29
1952749	634	4	29
1952778	634	5	30
1952808	634	6	30
1952838	634	7	29
1952867	634	8	30
1952897	634	9	30
1952927	634	10	29
1952956	634	11	30
1952986	634	12	29
1953015	635	1	30
1953045	635	2	29
1953074	635	3	30
1953104	635	4	29
1953133	635	-4	29
1953162	635	5	30
1953192	635	6	29
1953221	635	7	30
1953251	635	8	30
1953281	635	9	30
1953311	635	10	29
1953340	635	11	30
1953370	635	12	29
1953399	636	1	30
1953429	636	2	29
1953458	636	3	30
1953488	636	4	29
1953517	636	5	29
1953546	636	6	30
1953576	636	7	29
1953605	636	8	30
1953635	636	9	29
1953664	636	10	30
1953694	636	11	30
1953724	636	12	30
1953754	637	1	29
1953783	637	2	30
1953813	637	3	29
1953842	637	4	30
1953872	637	5	29
1953901	637	6	29
1953930	637	7	30
1953960	637	8	29
1953989	637	9	30
1954019	637	10	29
1954048	637	11	30
1954078	637	12	30
1954108	638	1	30
1954138	638	2	29
1954167	638	-2	30
1954197	638	3	29
1954226	638	4	29
1954255	638	5	30
1954285	638	6	29
1954314	638	7	29
1954343	638	8	30
1954373	638	9	29
1954402	638	10	30
1954432	638	11	30
1954462	638	12	30
1954492	639	1	29
1954521	639	2	30
1954551	639	3	30
1954581	639	4	29
1954610	639	5	29
1954639	639	6	30
1954669	639	7	29
1954698	639	8	29
1954727	639	9	30
1954757	639	10	29
1954786	639	11	30
1954816	639	12	30
1954846	640	1	29
1954875	640	2	30
1954905	640	3	30
1954935	640	4	29
1954964	640	5	30
1954994	640	6	29
1955023	640	7	30
1955053	640	8	29
1955082	640	9	30
1955112	640	10	29
1955141	640	-10	30
1955171	640	11	29
1955200	640	12	30
1955230	641	1	29
1955259	641	2	30
1955289	641	3	29
1955318	641	4	30
1955348	641	5	30
1955378	641	6	29
1955407	641	7	30
1955437	641	8	29
1955466	641	9	30
1955496	641	10	29
1955525	641	11	30
1955555	641	12	29
1955584	642	1	30
1955614	642	2	29
1955643	642	3	30
1955673	642	4	29
1955702	642	5	30
1955732	642	6	29
1955761	642	7	30
1955791	642	8	30
1955821	642	9	29
1955850	642	10	30
1955880	642	11	29
1955909	642	12	30
1955939	643	1	29
1955968	643	2	30
1955998	643	3	29
1956027	643	4	29
1956056	643	5	30
1956086	643	6	29
1956115	643	-6	30
1956145	643	7	30
1956175	643	8	29
1956204	643	9	30
1956234	643	10	30
1956264	643	11	30
1956294	643	12	29
1956323	644	1	29
1956352	644	2	30
1956382	644	3	29
1956411	644	4	29
1956440	644	5	30
1956470	644	6	29
1956499	644	7	30
1956529	644	8	29
1956558	644	9	30
1956588	644	10	30
1956618	644	11	30
1956648	644	12	29
1956677	645	1	29
1956706	645	2	30
1956736	645	3	29
1956765	645	4	30
1956795	645	5	29
1956824	645	6	30
1956854	645	7	30
1956884	645	8	29
1956913	645	9	30
1956943	645	10	29
1956972	645	11	30
1957002	645	12	29
1957031	646	1	30
1957061	646	2	29
1957090	646	3	30
1957120	646	-3	29
1957149	646	4	30
1957179	646	5	29
1957208	646	6	30
1957238	646	7	29
1957267	646	8	30
1957297	646	9	29
1957326	646	10	30
1957356	646	11	30
1957386	646	12	29
1957415	647	1	30
1957445	647	2	29
1957474	647	3	30
1957504	647	4	29
1957533	647	5	30
1957563	647	6	29
1957592	647	7	30
1957622	647	8	29
1957651	647	9	30
1957681	647	10	29
1957710	647	11	30
1957740	647	12	29
1957769	648	1	30
1957799	648	2	29
1957828	648	3	30
1957858	648	4	30
1957888	648	5	29
1957917	648	6	30
1957947	648	7	29
1957976	648	8	30
1958006	648	9	29
1958035	648	10	30
1958065	648	11	29
1958094	648	12	30
1958124	648	-12	29
1958153	649	1	30
1958183	649	2	29
1958212	649	3	30
1958242	649	4	29
1958271	649	5	30
1958301	649	6	30
1958331	649	7	29
1958360	649	8	30
1958390	649	9	29
1958419	649	10	30
1958449	649	11	29
1958478	649	12	30
1958508	650	1	29
1958537	650	2	30
1958567	650	3	29
1958596	650	4	30
1958626	650	5	29
1958655	650	6	30
1958685	650	7	29
1958714	650	8	30
1958744	650	9	29
1958773	650	10	30
1958803	650	11	30
1958833	650	12	29
1958862	651	1	30
1958892	651	2	29
1958921	651	3	30
1958951	651	4	29
1958980	651	5	30
1959010	651	6	29
1959039	651	7	30
1959069	651	8	29
1959098	651	9	30
1959128	651	-9	29
1959157	651	10	30
1959187	651	11	29
1959216	651	12	30
1959246	652	1	29
1959275	652	2	30
1959305	652	3	30
1959335	652	4	29
1959364	652	5	30
1959394	652	6	29
1959423	652	7	30
1959453	652	8	29
1959482	652	9	30
1959512	652	10	29
1959541	652	11	30
1959571	652	12	29
1959600	653	1	30
1959630	653	2	29
1959659	653	3	30
1959689	653	4	29
1959718	653	5	30
1959748	653	6	30
1959778	653	7	29
1959807	653	8	30
1959837	653	9	29
1959866	653	10	30
1959896	653	11	29
1959925	653	12	30
1959955	654	1	29
1959984	654	2	30
1960014	654	3	29
1960043	654	4	30
1960073	654	5	29
1960102	654	-5	30
1960132	654	6	29
1960161	654	7	30
1960191	654	8	29
1960220	654	9	30
1960250	654	10	30
1960280	654	11	29
1960309	654	12	30
1960339	655	1	29
1960368	655	2	30
1960398	655	3	29
1960427	655	4	30
1960457	655	5	29
1960486	655	6	30
1960516	655	7	29
1960545	655	8	30
1960575	655	9	29
1960604	655	10	30
1960634	655	11	29
1960663	655	12	30
1960693	656	1	29
1960722	656	2	30
1960752	656	3	30
1960782	656	4	29
1960811	656	5	30
1960841	656	6	29
1960870	656	7	30
1960900	656	8	29
1960929	656	9	30
1960959	656	10	29
1960988	656	11	30
1961018	656	12	29
1961047	657	1	30
1961077	657	-1	29
1961106	657	2	30
1961136	657	3	29
1961165	657	4	30
1961195	657	5	30
1961225	657	6	29
1961254	657	7	30
1961284	657	8	29
1961313	657	9	30
1961343	657	10	29
1961372	657	11	30
1961402	657	12	29
1961431	658	1	30
1961461	658	2	29
1961490	658	3	30
1961520	658	4	29
1961549	658	5	30
1961579	658	6	29
1961608	658	7	30
1961638	658	8	29
1961667	658	9	30
1961697	658	10	30
1961727	658	11	29
1961756	658	12	30
1961786	659	1	29
1961815	659	2	30
1961845	659	3	29
1961874	659	4	30
1961904	659	5	29
1961933	659	6	30
1961963	659	7	29
1961992	659	8	30
1962022	659	9	29
1962051	659	10	30
1962081	659	-10	29
1962110	659	11	30
1962140	659	12	29
1962169	660	1	30
1962199	660	2	30
1962229	660	3	29
1962258	660	4	30
1962288	660	5	29
1962317	660	6	30
1962347	660	7	29
1962376	660	8	30
1962406	660	9	29
1962435	660	10	30
1962465	660	11	29
1962494	660	12	30
1962524	661	1	29
1962553	661	2	30
1962583	661	3	29
1962612	661	4	30
1962642	661	5	30
1962672	661	6	29
1962701	661	7	30
1962731	661	8	29
1962760	661	9	30
1962790	661	10	29
1962819	661	11	30
1962849	661	12	29
1962878	662	1	30
1962908	662	2	29
1962937	662	3	30
1962967	662	4	29
1962996	662	5	30
1963026	662	6	29
1963055	662	7	30
1963085	662	-7	29
1963114	662	8	30
1963144	662	9	30
1963174	662	10	29
1963203	662	11	30
1963233	662	12	29
1963262	663	1	30
1963292	663	2	29
1963321	663	3	30
1963351	663	4	29
1963380	663	5	30
1963410	663	6	29
1963439	663	7	30
1963469	663	8	29
1963498	663	9	30
1963528	663	10	29
1963557	663	11	30
1963587	663	12	29
1963616	664	1	30
1963646	664	2	30
1963676	664	3	29
1963705	664	4	30
1963735	664	5	29
1963764	664	6	30
1963794	664	7	29
1963823	664	8	30
1963853	664	9	29
1963882	664	10	30
1963912	664	11	29
1963941	664	12	30
1963971	665	1	29
1964000	665	2	30
1964030	665	3	29
1964059	665	-3	30
1964089	665	4	30
1964119	665	5	29
1964148	665	6	30
1964178	665	7	29
1964207	665	8	30
1964237	665	9	29
1964266	665	10	30
1964296	665	11	29
1964325	665	12	30
1964355	666	1	30
1964385	666	2	29
1964414	666	3	30
1964444	666	4	29
1964473	666	5	30
1964503	666	6	29
1964532	666	7	29
1964561	666	8	30
1964591	666	9	29
1964620	666	10	30
1964650	666	11	29
1964679	666	12	30
1964709	667	1	30
1964739	667	2	29
1964768	667	3	30
1964798	667	4	30
1964828	667	5	29
1964857	667	6	30
1964887	667	7	29
1964916	667	8	29
1964945	667	9	30
1964975	667	10	29
1965004	667	11	30
1965034	667	12	29
1965063	667	-12	30
1965093	668	1	29
1965122	668	2	30
1965152	668	3	30
1965182	668	4	29
1965211	668	5	30
1965241	668	6	29
1965270	668	7	30
1965300	668	8	29
1965329	668	9	30
1965359	668	10	29
1965388	668	11	30
1965418	668	12	29
1965447	669	1	30
1965477	669	2	29
1965506	669	3	30
1965536	669	4	29
1965565	669	5	30
1965595	669	6	29
1965624	669	7	30
1965654	669	8	30
1965684	669	9	29
1965713	669	10	30
1965743	669	11	30
1965773	669	12	29
1965802	670	1	29
1965831	670	2	30
1965861	670	3	29
1965890	670	4	30
1965920	670	5	29
1965949	670	6	30
1965979	670	7	29
1966008	670	8	30
1966038	670	9	30
1966068	670	-9	29
1966097	670	10	30
1966127	670	11	30
1966157	670	12	29
1966186	671	1	29
1966215	671	2	30
1966245	671	3	29
1966274	671	4	29
1966303	671	5	30
1966333	671	6	29
1966362	671	7	30
1966392	671	8	30
1966422	671	9	29
1966451	671	10	30
1966481	671	11	30
1966511	671	12	30
1966541	672	1	29
1966570	672	2	30
1966600	672	3	29
1966629	672	4	29
1966658	672	5	29
1966687	672	6	30
1966717	672	7	29
1966746	672	8	30
1966776	672	9	29
1966805	672	10	30
1966835	672	11	30
1966865	672	12	30
1966895	673	1	29
1966924	673	2	30
1966954	673	3	29
1966983	673	4	30
1967013	673	5	29
1967042	673	-5	29
1967071	673	6	30
1967101	673	7	29
1967130	673	8	30
1967160	673	9	29
1967189	673	10	30
1967219	673	11	30
1967249	673	12	30
1967279	674	1	29
1967308	674	2	30
1967338	674	3	29
1967367	674	4	30
1967397	674	5	29
1967426	674	6	29
1967455	674	7	30
1967485	674	8	29
1967514	674	9	30
1967544	674	10	29
1967573	674	11	30
1967603	674	12	30
1967633	675	1	29
1967662	675	2	30
1967692	675	3	30
1967722	675	4	29
1967751	675	5	30
1967781	675	6	29
1967810	675	7	29
1967839	675	8	30
1967869	675	9	29
1967898	675	10	30
1967928	675	11	29
1967957	675	12	30
1967987	676	1	29
1968016	676	2	30
1968046	676	3	30
1968076	676	-3	29
1968105	676	4	30
1968135	676	5	29
1968164	676	6	30
1968194	676	7	29
1968223	676	8	30
1968253	676	9	29
1968282	676	10	30
1968312	676	11	29
1968341	676	12	30
1968371	677	1	29
1968400	677	2	30
1968430	677	3	29
1968459	677	4	30
1968489	677	5	30
1968519	677	6	29
1968548	677	7	30
1968578	677	8	29
1968607	677	9	30
1968637	677	10	29
1968666	677	11	30
1968696	677	12	29
1968725	678	1	30
1968755	678	2	29
1968784	678	3	30
1968814	678	4	29
1968843	678	5	30
1968873	678	6	29
1968902	678	7	30
1968932	678	8	30
1968962	678	9	29
1968991	678	10	30
1969021	678	11	29
1969050	678	-11	30
1969080	678	12	29
1969109	679	1	30
1969139	679	2	29
1969168	679	3	29
1969197	679	4	30
1969227	679	5	29
1969256	679	6	30
1969286	679	7	30
1969316	679	8	29
1969345	679	9	30
1969375	679	10	30
1969405	679	11	29
1969434	679	12	30
1969464	680	1	29
1969493	680	2	30
1969523	680	3	29
1969552	680	4	29
1969581	680	5	30
1969611	680	6	29
1969640	680	7	30
1969670	680	8	29
1969699	680	9	30
1969729	680	10	30
1969759	680	11	30
1969789	680	12	29
1969818	681	1	30
1969848	681	2	29
1969877	681	3	30
1969907	681	4	29
1969936	681	5	29
1969965	681	6	30
1969995	681	7	29
1970024	681	-7	30
1970054	681	8	29
1970083	681	9	30
1970113	681	10	30
1970143	681	11	30
1970173	681	12	29
1970202	682	1	30
1970232	682	2	29
1970261	682	3	30
1970291	682	4	29
1970320	682	5	29
1970349	682	6	30
1970379	682	7	29
1970408	682	8	29
1970437	682	9	30
1970467	682	10	30
1970497	682	11	29
1970526	682	12	30
1970556	683	1	30
1970586	683	2	30
1970616	683	3	29
1970645	683	4	30
1970675	683	5	29
1970704	683	6	29
1970733	683	7	30
1970763	683	8	29
1970792	683	9	29
1970821	683	10	30
1970851	683	11	30
1970881	683	12	30
1970911	684	1	29
1970940	684	2	30
1970970	684	3	29
1970999	684	4	30
1971029	684	5	30
1971059	684	-5	29
1971088	684	6	29
1971117	684	7	30
1971147	684	8	29
1971176	684	9	30
1971206	684	10	29
1971235	684	11	30
1971265	684	12	29
1971294	685	1	30
1971324	685	2	29
1971353	685	3	30
1971383	685	4	30
1971413	685	5	29
1971442	685	6	30
1971472	685	7	29
1971501	685	8	30
1971531	685	9	29
1971560	685	10	30
1971590	685	11	29
1971619	685	12	30
1971649	686	1	29
1971678	686	2	30
1971708	686	3	29
1971737	686	4	30
1971767	686	5	29
1971796	686	6	30
1971826	686	7	30
1971856	686	8	29
1971885	686	9	30
1971915	686	10	29
1971944	686	11	30
1971974	686	12	29
1972003	687	1	30
1972033	687	-1	29
1972062	687	2	30
1972092	687	3	29
1972121	687	4	30
1972151	687	5	29
1972180	687	6	30
1972210	687	7	29
1972239	687	8	30
1972269	687	9	30
1972299	687	10	29
1972328	687	11	30
1972358	687	12	29
1972387	688	1	30
1972417	688	2	29
1972446	688	3	29
1972475	688	4	30
1972505	688	5	29
1972534	688	6	30
1972564	688	7	29
1972593	688	8	30
1972623	688	9	30
1972653	688	10	30
1972683	688	11	29
1972712	688	12	30
1972742	689	1	29
1972771	689	2	30
1972801	689	3	29
1972830	689	4	29
1972859	689	5	30
1972889	689	6	29
1972918	689	7	30
1972948	689	8	29
1972977	689	9	30
1973007	689	-9	30
1973037	689	10	30
1973067	690	11	29
1973096	690	12	30
1973126	690	1	29
1973155	690	2	30
1973185	690	3	29
1973214	690	4	29
1973243	690	5	30
1973273	690	6	29
1973302	690	7	29
1973331	690	8	30
1973361	690	9	30
1973391	690	10	29
1973420	691	11	30
1973450	691	12	30
1973480	691	1	30
1973510	691	2	29
1973539	691	3	30
1973569	691	4	29
1973598	691	5	29
1973627	691	6	30
1973657	691	7	29
1973686	691	8	29
1973715	691	9	30
1973745	691	10	30
1973775	692	11	29
1973804	692	12	30
1973834	692	1	30
1973864	692	2	30
1973894	692	3	29
1973923	692	4	30
1973953	692	5	29
1973982	692	-5	29
1974011	692	6	30
1974041	692	7	29
1974070	692	8	29
1974099	692	9	30
1974129	692	10	30
1974159	693	11	29
1974188	693	12	30
1974218	693	1	30
1974248	693	2	29
1974277	693	3	30
1974307	693	4	29
1974336	693	5	30
1974366	693	6	29
1974395	693	7	30
1974425	693	8	29
1974454	693	9	30
1974484	693	10	29
1974513	694	11	30
1974543	694	12	29
1974572	694	1	30
1974602	694	2	29
1974631	694	3	30
1974661	694	4	30
1974691	694	5	29
1974720	694	6	30
1974750	694	7	29
1974779	694	8	30
1974809	694	9	29
1974838	694	10	30
1974868	695	11	29
1974897	695	12	30
1974927	695	1	29
1974956	695	2	30
1974986	695	-2	29
1975015	695	3	30
1975045	695	4	29
1975074	695	5	30
1975104	695	6	30
1975134	695	7	29
1975163	695	8	30
1975193	695	9	29
1975222	695	10	30
1975252	696	11	29
1975281	696	12	30
1975311	696	1	29
1975340	696	2	29
1975369	696	3	30
1975399	696	4	29
1975428	696	5	30
1975458	696	6	30
1975488	696	7	29
1975517	696	8	30
1975547	696	9	30
1975577	696	10	29
1975606	697	11	30
1975636	697	12	29
1975665	697	1	30
1975695	697	2	29
1975724	697	3	29
1975753	697	4	30
1975783	697	5	29
1975812	697	6	30
1975842	697	7	29
1975871	697	8	30
1975901	697	9	30
1975931	697	10	30
1975961	697	-10	30
1975991	698	11	29
1976020	698	12	29
1976049	698	1	30
1976079	698	2	29
1976108	698	3	29
1976137	698	4	30
1976167	698	5	29
1976196	698	6	30
1976226	698	7	29
1976255	698	8	30
1976285	698	9	29
1976314	698	10	30
1976344	699	11	30
1976374	699	12	30
1976404	699	1	29
1976433	699	2	30
1976463	699	3	29
1976492	699	4	29
1976521	699	5	30
1976551	699	6	29
1976580	699	7	29
1976609	699	8	30
1976639	699	9	30
1976669	699	10	29
1976698	700	11	30
1976728	700	12	30
1976758	700	1	30
1976788	700	2	29
1976817	700	3	30
1976847	700	4	29
1976876	700	5	29
1976905	700	6	30
1976935	700	7	29
1976964	700	-7	29
1976993	700	8	30
1977023	700	9	29
1977052	700	10	30
1977082	700	11	30
1977112	700	12	30
1977142	701	1	29
1977171	701	2	30
1977201	701	3	30
1977231	701	4	29
1977260	701	5	29
1977289	701	6	30
1977319	701	7	29
1977348	701	8	29
1977377	701	9	30
1977407	701	10	29
1977436	701	11	30
1977466	701	12	30
1977496	702	1	29
1977525	702	2	30
1977555	702	3	30
1977585	702	4	29
1977614	702	5	30
1977644	702	6	29
1977673	702	7	30
1977703	702	8	29
1977732	702	9	30
1977762	702	10	29
1977791	702	11	29
1977820	702	12	30
1977850	703	1	30
1977880	703	2	29
1977909	703	3	30
1977939	703	4	29
1977968	703	-4	30
1977998	703	5	30
1978028	703	6	29
1978057	703	7	30
1978087	703	8	29
1978116	703	9	30
1978146	703	10	29
1978175	703	11	30
1978205	703	12	29
1978234	704	1	29
1978263	704	2	30
1978293	704	3	30
1978323	704	4	29
1978352	704	5	30
1978382	704	6	29
1978411	704	7	30
1978441	704	8	30
1978471	704	9	29
1978500	704	10	30
1978530	704	11	29
1978559	704	12	30
1978589	705	1	29
1978618	705	2	29
1978647	705	3	30
1978677	705	4	29
1978706	705	5	30
1978736	705	6	29
1978765	705	7	30
1978795	705	8	30
1978825	705	9	29
1978854	705	10	30
1978884	705	11	30
1978914	705	12	29
1978943	706	1	30
1978973	706	-1	29
1979002	706	2	29
1979031	706	3	30
1979061	706	4	29
1979090	706	5	30
1979120	706	6	29
1979149	706	7	30
1979179	706	8	30
1979209	706	9	29
1979238	706	10	30
1979268	706	11	30
1979298	706	12	29
1979327	707	1	30
1979357	707	2	29
1979386	707	3	29
1979415	707	4	30
1979445	707	5	29
1979474	707	6	29
1979503	707	7	30
1979533	707	8	30
1979563	707	9	29
1979592	707	10	30
1979622	707	11	30
1979652	707	12	30
1979682	708	1	29
1979711	708	2	30
1979741	708	3	29
1979770	708	4	29
1979799	708	5	30
1979829	708	6	29
1979858	708	7	29
1979887	708	8	30
1979917	708	9	30
1979947	708	-9	29
1979976	708	10	30
1980006	708	11	30
1980036	708	12	30
1980066	709	1	29
1980095	709	2	30
1980125	709	3	29
1980154	709	4	29
1980183	709	5	30
1980213	709	6	29
1980242	709	7	30
1980272	709	8	29
1980301	709	9	29
1980330	709	10	30
1980360	709	11	30
1980390	709	12	30
1980420	710	1	29
1980449	710	2	30
1980479	710	3	30
1980509	710	4	29
1980538	710	5	30
1980568	710	6	29
1980597	710	7	29
1980626	710	8	30
1980656	710	9	29
1980685	710	10	30
1980715	710	11	29
1980744	710	12	30
1980774	711	1	29
1980803	711	2	30
1980833	711	3	30
1980863	711	4	29
1980892	711	5	30
1980922	711	6	29
1980951	711	-6	30
1980981	711	7	29
1981010	711	8	30
1981040	711	9	29
1981069	711	10	29
1981098	711	11	30
1981128	711	12	30
1981158	712	1	29
1981187	712	2	30
1981217	712	3	29
1981246	712	4	30
1981276	712	5	30
1981306	712	6	29
1981335	712	7	30
1981365	712	8	29
1981394	712	9	30
1981424	712	10	29
1981453	712	11	30
1981483	712	12	29
1981512	713	1	29
1981541	713	2	30
1981571	713	3	30
1981601	713	4	29
1981630	713	5	30
1981660	713	6	29
1981689	713	7	30
1981719	713	8	29
1981748	713	9	30
1981778	713	10	30
1981808	713	11	29
1981837	713	12	30
1981867	714	1	29
1981896	714	2	30
1981926	714	-2	29
1981955	714	3	29
1981984	714	4	30
1982014	714	5	29
1982043	714	6	30
1982073	714	7	30
1982103	714	8	29
1982132	714	9	30
1982162	714	10	30
1982192	714	11	29
1982221	714	12	30
1982251	715	1	29
1982280	715	2	30
1982310	715	3	29
1982339	715	4	29
1982368	715	5	30
1982398	715	6	29
1982427	715	7	30
1982457	715	8	29
1982486	715	9	30
1982516	715	10	30
1982546	715	11	30
1982576	715	12	29
1982605	716	1	30
1982635	716	2	29
1982664	716	3	30
1982694	716	4	29
1982723	716	5	29
1982752	716	6	30
1982782	716	7	29
1982811	716	8	30
1982841	716	9	29
1982870	716	10	30
1982900	716	11	30
1982930	716	12	30
1982960	716	-12	29
1982989	717	1	30
1983019	717	2	29
1983048	717	3	29
1983077	717	4	30
1983107	717	5	29
1983136	717	6	29
1983165	717	7	30
1983195	717	8	29
1983224	717	9	30
1983254	717	10	30
1983284	717	11	29
1983313	717	12	30
1983343	718	1	30
1983373	718	2	30
1983403	718	3	29
1983432	718	4	29
1983461	718	5	30
1983491	718	6	29
1983520	718	7	30
1983550	718	8	29
1983579	718	9	29
1983608	718	10	30
1983638	718	11	30
1983668	718	12	30
1983698	719	1	29
1983727	719	2	30
1983757	719	3	29
1983786	719	4	30
1983816	719	5	29
1983845	719	6	30
1983875	719	7	29
1983904	719	-7	29
1983933	719	8	30
1983963	719	9	29
1983992	719	10	30
1984022	719	11	29
1984051	719	12	30
1984081	720	1	30
1984111	720	2	29
1984140	720	3	30
1984170	720	4	30
1984200	720	5	29
1984229	720	6	30
1984259	720	7	29
1984288	720	8	29
1984317	720	9	30
1984347	720	10	29
1984376	720	11	30
1984406	720	12	29
1984435	721	1	30
1984465	721	2	29
1984494	721	3	30
1984524	721	4	30
1984554	721	5	30
1984584	721	6	29
1984613	721	7	29
1984642	721	8	30
1984672	721	9	30
1984702	721	10	29
1984731	721	11	29
1984760	721	12	30
1984790	722	1	29
1984819	722	2	30
1984849	722	3	29
1984878	722	4	30
1984908	722	5	30
1984938	722	-5	29
1984967	722	6	30
1984997	722	7	30
1985027	722	8	29
1985056	722	9	30
1985086	722	10	29
1985115	722	11	30
1985145	722	12	29
1985174	723	1	30
1985204	723	2	29
1985233	723	3	29
1985262	723	4	30
1985292	723	5	29
1985321	723	6	30
1985351	723	7	30
1985381	723	8	29
1985410	723	9	30
1985440	723	10	30
1985470	723	11	29
1985499	723	12	30
1985529	724	1	29
1985558	724	2	29
1985587	724	3	30
1985617	724	4	29
1985646	724	5	29
1985675	724	6	30
1985705	724	7	30
1985735	724	8	29
1985764	724	9	30
1985794	724	10	30
1985824	724	11	30
1985854	724	12	29
1985883	724	-12	30
1985913	725	1	29
1985942	725	2	30
1985972	725	3	29
1986001	725	4	29
1986030	725	5	30
1986060	725	6	29
1986089	725	7	29
1986118	725	8	30
1986148	725	9	30
1986178	725	10	30
1986208	725	11	29
1986237	725	12	30
1986267	726	1	30
1986297	726	2	29
1986326	726	3	30
1986356	726	4	29
1986385	726	5	29
1986414	726	6	29
1986443	726	7	30
1986473	726	8	29
1986502	726	9	30
1986532	726	10	30
1986562	726	11	29
1986591	726	12	30
1986621	727	1	30
1986651	727	2	29
1986680	727	3	30
1986710	727	4	30
1986740	727	5	29
1986769	727	6	29
1986798	727	7	30
1986828	727	8	29
1986857	727	9	29
1986886	727	-9	30
1986916	727	10	30
1986946	727	11	29
1986975	727	12	30
1987005	728	1	29
1987034	728	2	30
1987064	728	3	30
1987094	728	4	29
1987123	728	5	30
1987153	728	6	29
1987182	728	7	29
1987211	728	8	30
1987241	728	9	29
1987270	728	10	30
1987300	728	11	29
1987329	728	12	30
1987359	729	1	30
1987389	729	2	29
1987418	729	3	30
1987448	729	4	29
1987477	729	5	30
1987507	729	6	29
1987536	729	7	30
1987566	729	8	29
1987595	729	9	30
1987625	729	10	29
1987654	729	11	30
1987684	729	12	29
1987713	730	1	30
1987743	730	2	29
1987772	730	3	30
1987802	730	4	29
1987831	730	5	30
1987861	730	6	30
1987891	730	-6	29
1987920	730	7	30
1987950	730	8	29
1987979	730	9	30
1988009	730	10	29
1988038	730	11	30
1988068	730	12	29
1988097	731	1	30
1988127	731	2	29
1988156	731	3	30
1988186	731	4	29
1988215	731	5	30
1988245	731	6	29
1988274	731	7	30
1988304	731	8	30
1988334	731	9	29
1988363	731	10	30
1988393	731	11	30
1988423	731	12	29
1988452	732	1	29
1988481	732	2	30
1988511	732	3	29
1988540	732	4	30
1988570	732	5	29
1988599	732	6	30
1988629	732	7	29
1988658	732	8	30
1988688	732	9	30
1988718	732	10	29
1988747	732	11	30
1988777	732	12	30
1988807	733	1	29
1988836	733	2	30
1988866	733	3	29
1988895	733	-3	29
1988924	733	4	30
1988954	733	5	29
1988983	733	6	29
1989012	733	7	30
1989042	733	8	30
1989072	733	9	29
1989101	733	10	30
1989131	733	11	30
1989161	733	12	30
1989191	734	1	29
1989220	734	2	29
1989249	734	3	30
1989279	734	4	29
1989308	734	5	29
1989337	734	6	30
1989367	734	7	29
1989396	734	8	30
1989426	734	9	29
1989455	734	10	30
1989485	734	11	30
1989515	734	12	30
1989545	735	1	29
1989574	735	2	30
1989604	735	3	29
1989633	735	4	30
1989663	735	5	29
1989692	735	6	29
1989721	735	7	30
1989751	735	8	29
1989780	735	9	30
1989810	735	10	29
1989839	735	11	30
1989869	735	-11	30
1989899	735	12	29
1989928	736	1	30
1989958	736	2	30
1989988	736	3	29
1990017	736	4	30
1990047	736	5	29
1990076	736	6	29
1990105	736	7	30
1990135	736	8	29
1990164	736	9	30
1990194	736	10	29
1990223	736	11	30
1990253	736	12	29
1990282	737	1	30
1990312	737	2	30
1990342	737	3	30
1990372	737	4	29
1990401	737	5	30
1990431	737	6	29
1990460	737	7	30
1990490	737	8	29
1990519	737	9	29
1990548	737	10	30
1990578	737	11	29
1990607	737	12	30
1990637	738	1	29
1990666	738	2	30
1990696	738	3	30
1990726	738	4	29
1990755	738	5	30
1990785	738	6	30
1990815	738	7	29
1990844	738	8	30
1990874	738	-8	29
1990903	738	9	29
1990932	738	10	30
1990962	738	11	29
1990991	738	12	30
1991021	739	1	29
1991050	739	2	30
1991080	739	3	29
1991109	739	4	30
1991139	739	5	30
1991169	739	6	29
1991198	739	7	30
1991228	739	8	29
1991257	739	9	30
1991287	739	10	29
1991316	739	11	30
1991346	739	12	29
1991375	740	1	30
1991405	740	2	29
1991434	740	3	30
1991464	740	4	29
1991493	740	5	30
1991523	740	6	29
1991552	740	7	30
1991582	740	8	30
1991612	740	9	29
1991641	740	10	30
1991671	740	11	29
1991700	740	12	30
1991730	741	1	30
1991760	741	2	29
1991789	741	3	29
1991818	741	4	30
1991848	741	-4	29
1991877	741	5	30
1991907	741	6	29
1991936	741	7	30
1991966	741	8	30
1991996	741	9	29
1992025	741	10	30
1992055	741	11	30
1992085	741	12	29
1992114	742	1	30
1992144	742	2	29
1992173	742	3	29
1992202	742	4	30
1992232	742	5	29
1992261	742	6	29
1992290	742	7	30
1992320	742	8	30
1992350	742	9	29
1992379	742	10	30
1992409	742	11	30
1992439	742	12	29
1992468	743	1	30
1992498	743	2	30
1992528	743	3	29
1992557	743	4	29
1992586	743	5	30
1992616	743	6	29
1992645	743	7	29
1992674	743	8	30
1992704	743	9	29
1992733	743	10	30
1992763	743	11	30
1992793	743	12	30
1992823	744	1	29
1992852	744	2	30
1992882	744	-2	30
1992912	744	3	29
1992941	744	4	29
1992970	744	5	30
1993000	744	6	29
1993029	744	7	29
1993058	744	8	30
1993088	744	9	29
1993117	744	10	30
1993147	744	11	30
1993177	744	12	29
1993206	745	1	30
1993236	745	2	30
1993266	745	3	29
1993295	745	4	30
1993325	745	5	29
1993354	745	6	30
1993384	745	7	29
1993413	745	8	29
1993442	745	9	30
1993472	745	10	29
1993501	745	11	30
1993531	745	12	29
1993560	746	1	30
1993590	746	2	30
1993620	746	3	30
1993650	746	4	29
1993679	746	5	30
1993709	746	6	29
1993738	746	7	30
1993768	746	8	29
1993797	746	9	29
1993826	746	10	30
1993856	746	-10	29
1993885	746	11	30
1993915	746	12	29
1993944	747	1	30
1993974	747	2	30
1994004	747	3	29
1994033	747	4	30
1994063	747	5	29
1994092	747	6	30
1994122	747	7	29
1994151	747	8	30
1994181	747	9	29
1994210	747	10	30
1994240	747	11	29
1994269	747	12	30
1994299	748	1	29
1994328	748	2	30
1994358	748	3	29
1994387	748	4	30
1994417	748	5	30
1994447	748	6	29
1994476	748	7	30
1994506	748	8	29
1994535	748	9	30
1994565	748	10	29
1994594	748	11	30
1994624	748	12	29
1994653	749	1	30
1994683	749	2	29
1994712	749	3	30
1994742	749	4	29
1994771	749	5	30
1994801	749	6	29
1994830	749	-6	30
1994860	749	7	29
1994889	749	8	30
1994919	749	9	30
1994949	749	10	29
1994978	749	11	30
1995008	749	12	29
1995037	750	1	30
1995067	750	2	29
1995096	750	3	30
1995126	750	4	29
1995155	750	5	29
1995184	750	6	30
1995214	750	7	30
1995244	750	8	29
1995273	750	9	30
1995303	750	10	30
1995333	750	11	30
1995363	750	12	29
1995392	751	1	30
1995422	751	2	29
1995451	751	3	29
1995480	751	4	30
1995510	751	5	29
1995539	751	6	29
1995568	751	7	30
1995598	751	8	29
1995627	751	9	30
1995657	751	10	30
1995687	751	11	30
1995717	751	12	29
1995746	752	1	30
1995776	752	2	29
1995805	752	3	30
1995835	752	-3	29
1995864	752	4	29
1995893	752	5	30
1995923	752	6	29
1995952	752	7	30
1995982	752	8	29
1996011	752	9	30
1996041	752	10	30
1996071	752	11	29
1996100	752	12	30
1996130	753	1	30
1996160	753	2	29
1996189	753	3	30
1996219	753	4	29
1996248	753	5	29
1996277	753	6	30
1996307	753	7	29
1996336	753	8	30
1996366	753	9	29
1996395	753	10	30
1996425	753	11	29
1996454	753	12	30
1996484	754	1	30
1996514	754	2	30
1996544	754	3	29
1996573	754	4	30
1996603	754	5	29
1996632	754	6	29
1996661	754	7	30
1996691	754	8	29
1996720	754	9	30
1996750	754	10	29
1996779	754	11	30
1996809	754	-11	29
1996838	754	12	30
1996868	755	1	29
1996897	755	2	30
1996927	755	3	30
1996957	755	4	29
1996986	755	5	30
1997016	755	6	29
1997045	755	7	30
1997075	755	8	29
1997104	755	9	30
1997134	755	10	29
1997163	755	11	30
1997193	755	12	29
1997222	756	1	30
1997252	756	2	29
1997281	756	3	30
1997311	756	4	30
1997341	756	5	29
1997370	756	6	30
1997400	756	7	29
1997429	756	8	30
1997459	756	9	29
1997488	756	10	30
1997518	756	11	29
1997547	756	12	30
1997577	757	1	29
1997606	757	2	30
1997636	757	3	29
1997665	757	4	30
1997695	757	5	29
1997724	757	6	30
1997754	757	7	30
1997784	757	8	29
1997813	757	-8	30
1997843	757	9	29
1997872	757	10	30
1997902	757	11	29
1997931	757	12	30
1997961	758	1	29
1997990	758	2	30
1998020	758	3	29
1998049	758	4	30
1998079	758	5	29
1998108	758	6	30
1998138	758	7	29
1998167	758	8	30
1998197	758	9	30
1998227	758	10	30
1998257	758	11	29
1998286	758	12	30
1998316	759	1	29
1998345	759	2	29
1998374	759	3	30
1998404	759	4	29
1998433	759	5	29
1998462	759	6	30
1998492	759	7	29
1998521	759	8	30
1998551	759	9	30
1998581	759	10	30
1998611	759	11	29
1998640	759	12	30
1998670	760	1	30
1998700	760	2	29
1998729	760	3	29
1998758	760	4	30
1998788	760	-4	29
1998817	760	5	29
1998846	760	6	30
1998876	760	7	29
1998905	760	8	30
1998935	760	9	30
1998965	760	10	29
1998994	760	11	30
1999024	760	12	30
1999054	761	1	29
1999083	761	2	30
1999113	761	3	29
1999142	761	4	30
1999172	761	5	29
1999201	761	6	29
1999230	761	7	30
1999260	761	8	29
1999289	761	9	30
1999319	761	10	30
1999349	762	1	29
1999378	762	2	30
1999408	762	3	30
1999438	762	4	29
1999467	762	5	30
1999497	762	4	29
1999526	762	5	30
1999556	762	6	29
1999585	762	7	29
1999614	762	8	30
1999644	762	9	29
1999673	762	10	30
1999703	762	11	29
1999732	762	12	30
1999762	763	1	30
1999792	763	-1	29
1999821	763	2	30
1999851	763	3	30
1999881	763	4	29
1999910	763	5	30
1999940	763	6	29
1999969	763	7	29
1999998	763	8	30
2000028	763	9	29
2000057	763	10	30
2000087	763	11	29
2000116	763	12	30
2000146	764	1	30
2000176	764	2	29
2000205	764	3	30
2000235	764	4	29
2000264	764	5	30
2000294	764	6	29
2000323	764	7	30
2000353	764	8	29
2000382	764	9	30
2000412	764	10	29
2000441	764	11	30
2000471	764	12	29
2000500	765	1	30
2000530	765	2	29
2000559	765	3	30
2000589	765	4	30
2000619	765	5	29
2000648	765	6	30
2000678	765	7	29
2000707	765	8	30
2000737	765	9	29
2000766	765	10	30
2000796	765	-10	29
2000825	765	11	30
2000855	765	12	29
2000884	766	1	30
2000914	766	2	29
2000943	766	3	30
2000973	766	4	29
2001002	766	5	30
2001032	766	6	29
2001061	766	7	30
2001091	766	8	30
2001121	766	9	29
2001150	766	10	30
2001180	766	11	29
2001209	766	12	30
2001239	767	1	29
2001268	767	2	30
2001298	767	3	29
2001327	767	4	29
2001356	767	5	30
2001386	767	6	29
2001415	767	7	30
2001445	767	8	30
2001475	767	9	30
2001505	767	10	29
2001534	767	11	30
2001564	767	12	29
2001593	768	1	30
2001623	768	2	29
2001652	768	3	30
2001682	768	4	29
2001711	768	5	29
2001740	768	6	30
2001770	768	-6	29
2001799	768	7	30
2001829	768	8	30
2001859	768	9	29
2001888	768	10	30
2001918	768	11	30
2001948	768	12	29
2001977	769	1	30
2002007	769	2	29
2002036	769	3	30
2002066	769	4	29
2002095	769	5	29
2002124	769	6	29
2002153	769	7	30
2002183	769	8	30
2002213	769	9	29
2002242	769	10	30
2002272	769	11	30
2002302	769	12	30
2002332	770	1	29
2002361	770	2	30
2002391	770	3	29
2002420	770	4	30
2002450	770	5	29
2002479	770	6	29
2002508	770	7	30
2002538	770	8	29
2002567	770	9	29
2002596	770	10	30
2002626	770	11	30
2002656	770	12	30
2002686	771	1	29
2002715	771	2	30
2002745	771	3	30
2002775	771	-3	29
2002804	771	4	29
2002833	771	5	30
2002863	771	6	29
2002892	771	7	29
2002921	771	8	30
2002951	771	9	29
2002980	771	10	30
2003010	771	11	30
2003040	771	12	30
2003070	772	1	29
2003099	772	2	30
2003129	772	3	29
2003158	772	4	30
2003188	772	5	29
2003217	772	6	30
2003247	772	7	29
2003276	772	8	30
2003306	772	9	29
2003335	772	10	29
2003364	772	11	30
2003394	772	12	30
2003424	773	1	29
2003453	773	2	30
2003483	773	3	30
2003513	773	4	29
2003542	773	5	30
2003572	773	6	29
2003601	773	7	30
2003631	773	8	29
2003660	773	9	30
2003690	773	10	29
2003719	773	11	30
2003749	773	-11	29
2003778	773	12	29
2003807	774	1	30
2003837	774	2	30
2003867	774	3	29
2003896	774	4	30
2003926	774	5	30
2003956	774	6	29
2003985	774	7	30
2004015	774	8	29
2004044	774	9	30
2004074	774	10	29
2004103	774	11	30
2004133	774	12	29
2004162	775	1	30
2004192	775	2	29
2004221	775	3	29
2004250	775	4	30
2004280	775	5	30
2004310	775	6	29
2004339	775	7	30
2004369	775	8	30
2004399	775	9	29
2004428	775	10	30
2004458	775	11	29
2004487	775	12	30
2004517	776	1	29
2004546	776	2	29
2004575	776	3	30
2004605	776	4	29
2004634	776	5	30
2004664	776	6	29
2004693	776	7	30
2004723	776	8	30
2004753	776	-8	29
2004782	776	9	30
2004812	776	10	30
2004842	776	11	29
2004871	776	12	30
2004901	777	1	29
2004930	777	2	30
2004960	777	3	29
2004989	777	4	29
2005018	777	5	30
2005048	777	6	29
2005077	777	7	30
2005107	777	8	29
2005136	777	9	30
2005166	777	10	30
2005196	777	11	30
2005226	777	12	29
2005255	778	1	30
2005285	778	2	29
2005314	778	3	30
2005344	778	4	29
2005373	778	5	29
2005402	778	6	30
2005432	778	7	29
2005461	778	8	30
2005491	778	9	29
2005520	778	10	30
2005550	778	11	30
2005580	778	12	29
2005609	779	1	30
2005639	779	2	30
2005669	779	3	29
2005698	779	4	30
2005728	779	5	29
2005757	779	-5	29
2005786	779	6	29
2005815	779	7	30
2005845	779	8	30
2005875	779	9	29
2005904	779	10	30
2005934	779	11	30
2005964	779	12	30
2005994	780	1	29
2006023	780	2	30
2006053	780	3	29
2006082	780	4	29
2006111	780	5	30
2006141	780	6	29
2006170	780	7	29
2006199	780	8	30
2006229	780	9	29
2006258	780	10	30
2006288	780	11	30
2006318	780	12	29
2006347	781	1	30
2006377	781	2	30
2006407	781	3	29
2006436	781	4	30
2006466	781	5	29
2006495	781	6	30
2006525	781	7	29
2006554	781	8	29
2006583	781	9	30
2006613	781	10	29
2006642	781	11	30
2006672	781	12	30
2006702	782	1	29
2006731	782	-1	30
2006761	782	2	29
2006790	782	3	30
2006820	782	4	30
2006850	782	5	29
2006879	782	6	30
2006909	782	7	29
2006938	782	8	30
2006968	782	9	29
2006997	782	10	29
2007026	782	11	30
2007056	782	12	29
2007085	783	1	30
2007115	783	2	30
2007145	783	3	29
2007174	783	4	30
2007204	783	5	29
2007233	783	6	30
2007263	783	7	30
2007293	783	8	29
2007322	783	9	30
2007352	783	10	29
2007381	783	11	30
2007411	783	12	29
2007440	784	1	29
2007469	784	2	30
2007499	784	3	29
2007528	784	4	30
2007558	784	5	29
2007587	784	6	30
2007617	784	7	30
2007647	784	8	29
2007676	784	9	30
2007706	784	10	30
2007736	784	-10	29
2007765	784	11	30
2007795	784	12	29
2007824	785	1	29
2007853	785	2	30
2007883	785	3	29
2007912	785	4	30
2007942	785	5	29
2007971	785	6	30
2008001	785	7	29
2008030	785	8	30
2008060	785	9	30
2008090	785	10	30
2008120	785	11	29
2008149	785	12	30
2008179	786	1	29
2008208	786	2	29
2008237	786	3	30
2008267	786	4	29
2008296	786	5	29
2008325	786	6	30
2008355	786	7	29
2008384	786	8	30
2008414	786	9	30
2008444	786	10	30
2008474	786	11	29
2008503	786	12	30
2008533	787	1	30
2008563	787	2	29
2008592	787	3	30
2008622	787	4	29
2008651	787	5	29
2008680	787	-5	29
2008709	787	6	30
2008739	787	7	29
2008768	787	8	30
2008798	787	9	30
2008828	787	10	30
2008858	787	11	29
2008887	787	12	30
2008917	788	1	30
2008947	788	2	29
2008976	788	3	29
2009005	788	4	30
2009035	788	5	29
2009064	788	6	29
2009093	788	7	30
2009123	788	8	29
2009152	788	9	30
2009182	788	10	30
2009212	788	11	29
2009241	788	12	30
2009271	789	1	30
2009301	789	2	29
2009330	789	3	30
2009360	789	4	29
2009389	789	5	30
2009419	789	6	29
2009448	789	7	29
2009477	789	8	30
2009507	789	9	29
2009536	789	10	30
2009566	789	11	29
2009595	789	12	30
2009625	790	1	30
2009655	790	2	30
2009685	790	3	29
2009714	790	4	30
2009744	790	-4	29
2009773	790	5	30
2009803	790	6	29
2009832	790	7	29
2009861	790	8	30
2009891	790	9	29
2009920	790	10	30
2009950	790	11	29
2009979	790	12	30
2010009	791	1	30
2010039	791	2	29
2010068	791	3	30
2010098	791	4	29
2010127	791	5	30
2010157	791	6	30
2010187	791	7	29
2010216	791	8	30
2010246	791	9	29
2010275	791	10	29
2010304	791	11	30
2010334	791	12	29
2010363	792	1	30
2010393	792	2	29
2010422	792	3	30
2010452	792	4	30
2010482	792	5	29
2010511	792	6	30
2010541	792	7	29
2010570	792	8	30
2010600	792	9	30
2010630	792	10	29
2010659	792	11	30
2010689	792	12	29
2010718	792	-12	29
2010747	793	1	30
2010777	793	2	29
2010806	793	3	30
2010836	793	4	29
2010865	793	5	30
2010895	793	6	29
2010924	793	7	30
2010954	793	8	30
2010984	793	9	30
2011014	793	10	29
2011043	793	11	30
2011073	793	12	29
2011102	794	1	29
2011131	794	2	30
2011161	794	3	29
2011190	794	4	30
2011220	794	5	29
2011249	794	6	30
2011279	794	7	29
2011308	794	8	30
2011338	794	9	30
2011368	794	10	29
2011397	794	11	30
2011427	794	12	30
2011457	795	1	29
2011486	795	2	30
2011516	795	3	29
2011545	795	4	29
2011574	795	5	30
2011604	795	6	29
2011633	795	7	29
2011662	795	8	30
2011692	795	-8	30
2011722	795	9	29
2011751	795	10	30
2011781	795	11	30
2011811	795	12	30
2011841	796	1	29
2011870	796	2	30
2011900	796	3	29
2011929	796	4	29
2011958	796	5	29
2011987	796	6	30
2012017	796	7	29
2012046	796	8	30
2012076	796	9	29
2012105	796	10	30
2012135	796	11	30
2012165	796	12	30
2012195	797	1	29
2012224	797	2	30
2012254	797	3	29
2012283	797	4	30
2012313	797	5	29
2012342	797	6	29
2012371	797	7	30
2012401	797	8	29
2012430	797	9	30
2012460	797	10	29
2012489	797	11	30
2012519	797	12	30
2012549	798	1	30
2012579	798	2	29
2012608	798	3	30
2012638	798	4	29
2012667	798	5	30
2012697	798	-5	29
2012726	798	6	29
2012755	798	7	30
2012785	798	8	29
2012814	798	9	30
2012844	798	10	29
2012873	798	11	30
2012903	798	12	30
2012933	799	1	29
2012962	799	2	30
2012992	799	3	30
2013022	799	4	29
2013051	799	5	30
2013081	799	6	29
2013110	799	7	29
2013139	799	8	30
2013169	799	9	29
2013198	799	10	30
2013228	799	11	29
2013257	799	12	30
2013287	800	1	29
2013316	800	2	30
2013346	800	3	30
2013376	800	4	29
2013405	800	5	30
2013435	800	6	29
2013464	800	7	30
2013494	800	8	29
2013523	800	9	30
2013553	800	10	29
2013582	800	11	30
2013612	800	12	29
2013641	801	1	30
2013671	801	-1	29
2013700	801	2	30
2013730	801	3	29
2013759	801	4	30
2013789	801	5	30
2013819	801	6	29
2013848	801	7	30
2013878	801	8	29
2013907	801	9	30
2013937	801	10	29
2013966	801	11	30
2013996	801	12	29
2014025	802	1	30
2014055	802	2	29
2014084	802	3	30
2014114	802	4	29
2014143	802	5	30
2014173	802	6	29
2014202	802	7	30
2014232	802	8	30
2014262	802	9	29
2014291	802	10	30
2014321	802	11	30
2014351	802	12	29
2014380	803	1	29
2014409	803	2	30
2014439	803	3	29
2014468	803	4	29
2014497	803	5	30
2014527	803	6	29
2014556	803	7	30
2014586	803	8	30
2014616	803	9	29
2014645	803	10	30
2014675	803	-10	30
2014705	803	11	30
2014735	803	12	29
2014764	804	1	29
2014793	804	2	30
2014823	804	3	29
2014852	804	4	29
2014881	804	5	30
2014911	804	6	29
2014940	804	7	30
2014970	804	8	29
2014999	804	9	30
2015029	804	10	30
2015059	804	11	30
2015089	804	12	29
2015118	805	1	30
2015148	805	2	29
2015177	805	3	30
2015207	805	4	29
2015236	805	5	29
2015265	805	6	30
2015295	805	7	29
2015324	805	8	30
2015354	805	9	29
2015383	805	10	30
2015413	805	11	30
2015443	805	12	30
2015473	806	1	29
2015502	806	2	30
2015532	806	3	29
2015561	806	4	30
2015591	806	5	29
2015620	806	6	29
2015649	806	-6	30
2015679	806	7	29
2015708	806	8	30
2015738	806	9	29
2015767	806	10	30
2015797	806	11	30
2015827	806	12	29
2015856	807	1	30
2015886	807	2	30
2015916	807	3	29
2015945	807	4	30
2015975	807	5	29
2016004	807	6	29
2016033	807	7	30
2016063	807	8	29
2016092	807	9	30
2016122	807	10	29
2016151	807	11	30
2016181	807	12	29
2016210	808	1	30
2016240	808	2	30
2016270	808	3	30
2016300	808	4	29
2016329	808	5	30
2016359	808	6	29
2016388	808	7	30
2016418	808	8	29
2016447	808	9	29
2016476	808	10	30
2016506	808	11	29
2016535	808	12	30
2016565	809	1	29
2016594	809	2	30
2016624	809	3	30
2016654	809	-3	29
2016683	809	4	30
2016713	809	5	29
2016742	809	6	30
2016772	809	7	29
2016801	809	8	30
2016831	809	9	29
2016860	809	10	30
2016890	809	11	29
2016919	809	12	30
2016949	810	1	29
2016978	810	2	30
2017008	810	3	29
2017037	810	4	30
2017067	810	5	30
2017097	810	6	29
2017126	810	7	30
2017156	810	8	29
2017185	810	9	30
2017215	810	10	30
2017245	810	11	29
2017274	810	12	29
2017303	811	1	30
2017333	811	2	29
2017362	811	3	30
2017392	811	4	29
2017421	811	5	30
2017451	811	6	29
2017480	811	7	30
2017510	811	8	30
2017540	811	9	29
2017569	811	10	30
2017599	811	11	30
2017629	811	12	29
2017658	811	-12	30
2017688	812	1	29
2017717	812	2	29
2017746	812	3	29
2017775	812	4	30
2017805	812	5	29
2017834	812	6	30
2017864	812	7	30
2017894	812	8	29
2017923	812	9	30
2017953	812	10	30
2017983	812	11	30
2018013	812	12	29
2018042	813	1	30
2018072	813	2	29
2018101	813	3	29
2018130	813	4	29
2018159	813	5	30
2018189	813	6	29
2018218	813	7	30
2018248	813	8	29
2018277	813	9	30
2018307	813	10	30
2018337	813	11	30
2018367	813	12	29
2018396	814	1	30
2018426	814	2	30
2018456	814	3	29
2018485	814	4	29
2018514	814	5	29
2018543	814	6	30
2018573	814	7	29
2018602	814	8	30
2018632	814	-8	29
2018661	814	9	30
2018691	814	10	30
2018721	814	11	30
2018751	814	12	29
2018780	815	1	30
2018810	815	2	29
2018839	815	3	30
2018869	815	4	29
2018898	815	5	30
2018928	815	6	29
2018957	815	7	29
2018986	815	8	30
2019016	815	9	29
2019045	815	10	30
2019075	815	11	30
2019105	815	12	29
2019134	816	1	30
2019164	816	2	30
2019194	816	3	29
2019223	816	4	30
2019253	816	5	29
2019282	816	6	30
2019312	816	7	29
2019341	816	8	29
2019370	816	9	30
2019400	816	10	29
2019429	816	11	30
2019459	816	12	29
2019488	817	1	30
2019518	817	2	30
2019548	817	3	29
2019577	817	4	30
2019607	817	5	30
2019637	817	-5	29
2019666	817	6	29
2019695	817	7	30
2019725	817	8	29
2019754	817	9	30
2019784	817	10	29
2019813	817	11	30
2019843	817	12	29
2019872	818	1	30
2019902	818	2	29
2019931	818	3	30
2019961	818	4	30
2019991	818	5	29
2020020	818	6	30
2020050	818	7	29
2020079	818	8	30
2020109	818	9	29
2020138	818	10	30
2020168	818	11	29
2020197	818	12	30
2020227	819	1	29
2020256	819	2	30
2020286	819	3	29
2020315	819	4	30
2020345	819	5	29
2020374	819	6	30
2020404	819	7	30
2020434	819	8	29
2020463	819	9	30
2020493	819	10	29
2020522	819	11	30
2020552	819	12	29
2020581	820	1	30
2020611	820	-1	29
2020640	820	2	30
2020670	820	3	29
2020699	820	4	30
2020729	820	5	29
2020758	820	6	30
2020788	820	7	29
2020817	820	8	30
2020847	820	9	30
2020877	820	10	29
2020906	820	11	30
2020936	820	12	29
2020965	821	1	30
2020995	821	2	29
2021024	821	3	30
2021054	821	4	29
2021083	821	5	29
2021112	821	6	30
2021142	821	7	29
2021171	821	8	30
2021201	821	9	30
2021231	821	10	30
2021261	821	11	29
2021290	821	12	30
2021320	822	1	30
2021350	822	2	29
2021379	822	3	29
2021408	822	4	30
2021438	822	5	29
2021467	822	6	29
2021496	822	7	30
2021526	822	8	29
2021555	822	9	30
2021585	822	10	30
2021615	822	-10	29
2021644	822	11	30
2021674	822	12	30
2021704	823	1	29
2021733	823	2	30
2021763	823	3	29
2021792	823	4	30
2021822	823	5	29
2021851	823	6	29
2021880	823	7	30
2021910	823	8	29
2021939	823	9	30
2021969	823	10	29
2021998	823	11	30
2022028	823	12	30
2022058	824	1	30
2022088	824	2	29
2022117	824	3	30
2022147	824	4	29
2022176	824	5	30
2022206	824	6	29
2022235	824	7	29
2022264	824	8	29
2022293	824	9	30
2022323	824	10	30
2022353	824	11	29
2022382	824	12	30
2022412	825	1	30
2022442	825	2	30
2022472	825	3	29
2022501	825	4	30
2022531	825	5	29
2022560	825	6	30
2022590	825	7	29
2022619	825	-7	29
2022648	825	8	30
2022678	825	9	29
2022707	825	10	30
2022737	825	11	29
2022766	825	12	30
2022796	826	1	30
2022826	826	2	29
2022855	826	3	30
2022885	826	4	30
2022915	826	5	29
2022944	826	6	29
2022973	826	7	30
2023003	826	8	29
2023032	826	9	30
2023062	826	10	29
2023091	826	11	30
2023121	826	12	29
2023150	827	1	30
2023180	827	2	29
2023209	827	3	30
2023239	827	4	30
2023269	827	5	29
2023298	827	6	30
2023328	827	7	29
2023357	827	8	30
2023387	827	9	29
2023416	827	10	30
2023446	827	11	29
2023475	827	12	30
2023505	828	1	29
2023534	828	2	30
2023564	828	3	29
2023593	828	-3	30
2023623	828	4	29
2023652	828	5	30
2023682	828	6	30
2023712	828	7	29
2023741	828	8	30
2023771	828	9	29
2023800	828	10	30
2023830	828	11	29
2023859	828	12	30
2023889	829	1	29
2023918	829	2	30
2023948	829	3	29
2023977	829	4	29
2024006	829	5	30
2024036	829	6	30
2024066	829	7	29
2024095	829	8	30
2024125	829	9	30
2024155	829	10	29
2024184	829	11	30
2024214	829	12	29
2024243	830	1	30
2024273	830	2	29
2024302	830	3	30
2024332	830	4	29
2024361	830	5	29
2024390	830	6	30
2024420	830	7	29
2024449	830	8	30
2024479	830	9	30
2024509	830	10	29
2024538	830	11	30
2024568	830	12	30
2024598	830	-12	29
2024627	831	1	30
2024657	831	2	29
2024686	831	3	30
2024716	831	4	29
2024745	831	5	29
2024774	831	6	30
2024804	831	7	29
2024833	831	8	30
2024863	831	9	29
2024892	831	10	30
2024922	831	11	30
2024952	831	12	30
2024982	832	1	29
2025011	832	2	30
2025041	832	3	29
2025070	832	4	30
2025100	832	5	29
2025129	832	6	29
2025158	832	7	30
2025188	832	8	29
2025217	832	9	30
2025247	832	10	29
2025276	832	11	30
2025306	832	12	30
2025336	833	1	30
2025366	833	2	29
2025395	833	3	30
2025425	833	4	29
2025454	833	5	30
2025484	833	6	29
2025513	833	7	29
2025542	833	-7	29
2025571	833	8	30
2025601	833	9	29
2025630	833	10	30
2025660	833	11	30
2025690	833	12	30
2025720	834	1	29
2025749	834	2	30
2025779	834	3	30
2025809	834	4	29
2025838	834	5	29
2025867	834	6	30
2025897	834	7	29
2025926	834	8	30
2025956	834	9	29
2025985	834	10	29
2026014	834	11	30
2026044	834	12	30
2026074	835	1	29
2026103	835	2	30
2026133	835	3	30
2026163	835	4	29
2026192	835	5	30
2026222	835	6	29
2026251	835	7	30
2026281	835	8	29
2026310	835	9	30
2026340	835	10	29
2026369	835	11	30
2026399	835	12	29
2026428	836	1	30
2026458	836	2	29
2026487	836	3	30
2026517	836	4	29
2026546	836	5	30
2026576	836	-5	29
2026605	836	6	30
2026635	836	7	30
2026665	836	8	29
2026694	836	9	30
2026724	836	10	29
2026753	836	11	30
2026783	836	12	29
2026812	837	1	30
2026842	837	2	29
2026871	837	3	30
2026901	837	4	29
2026930	837	5	30
2026960	837	6	29
2026989	837	7	30
2027019	837	8	30
2027049	837	9	29
2027078	837	10	30
2027108	837	11	29
2027137	837	12	30
2027167	838	1	29
2027196	838	2	30
2027226	838	3	29
2027255	838	4	29
2027284	838	5	30
2027314	838	6	29
2027343	838	7	30
2027373	838	8	30
2027403	838	9	29
2027432	838	10	30
2027462	838	11	30
2027492	838	12	29
2027521	839	1	30
2027551	839	-1	29
2027580	839	2	30
2027610	839	3	29
2027639	839	4	29
2027668	839	5	30
2027698	839	6	29
2027727	839	7	30
2027757	839	8	29
2027786	839	9	30
2027816	839	10	30
2027846	839	11	30
2027876	839	12	29
2027905	840	1	30
2027935	840	2	29
2027964	840	3	30
2027994	840	4	29
2028023	840	5	29
2028052	840	6	30
2028082	840	7	29
2028111	840	8	30
2028141	840	9	29
2028170	840	10	30
2028200	840	11	30
2028230	840	12	30
2028260	841	1	29
2028289	841	2	30
2028319	841	3	29
2028348	841	4	30
2028378	841	5	29
2028407	841	6	29
2028436	841	7	29
2028465	841	8	30
2028495	841	9	29
2028524	841	-9	30
2028554	841	10	30
2028584	841	11	30
2028614	841	12	29
2028643	842	1	30
2028673	842	2	30
2028703	842	3	29
2028732	842	4	30
2028762	842	5	29
2028791	842	6	29
2028820	842	7	29
2028849	842	8	30
2028879	842	9	29
2028908	842	10	30
2028938	842	11	29
2028967	842	12	30
2028997	843	1	30
2029027	843	2	30
2029057	843	3	29
2029086	843	4	30
2029116	843	5	29
2029145	843	6	30
2029175	843	7	29
2029204	843	8	30
2029234	843	9	29
2029263	843	10	29
2029292	843	11	30
2029322	843	12	30
2029352	844	1	29
2029381	844	2	30
2029411	844	3	30
2029441	844	4	29
2029470	844	5	30
2029500	844	6	29
2029529	844	7	30
2029559	844	-7	29
2029588	844	8	30
2029618	844	9	29
2029647	844	10	29
2029676	844	11	30
2029706	844	12	30
2029736	845	1	29
2029765	845	2	30
2029795	845	3	29
2029824	845	4	30
2029854	845	5	29
2029883	845	6	30
2029913	845	7	30
2029943	845	8	29
2029972	845	9	30
2030002	845	10	29
2030031	845	11	30
2030061	845	12	29
2030090	846	1	29
2030119	846	2	30
2030149	846	3	29
2030178	846	4	30
2030208	846	5	30
2030238	846	6	29
2030267	846	7	30
2030297	846	8	29
2030326	846	9	30
2030356	846	10	30
2030386	846	11	29
2030415	846	12	30
2030445	847	1	29
2030474	847	2	30
2030504	847	3	29
2030533	847	-3	29
2030562	847	4	30
2030592	847	5	29
2030621	847	6	30
2030651	847	7	30
2030681	847	8	29
2030710	847	9	30
2030740	847	10	30
2030770	847	11	29
2030799	847	12	30
2030829	848	1	29
2030858	848	2	30
2030888	848	3	29
2030917	848	4	29
2030946	848	5	30
2030976	848	6	29
2031005	848	7	30
2031035	848	8	29
2031064	848	9	30
2031094	848	10	30
2031124	848	11	30
2031154	848	12	29
2031183	849	1	30
2031213	849	2	29
2031242	849	3	30
2031272	849	4	29
2031301	849	5	29
2031330	849	6	29
2031359	849	7	30
2031389	849	8	29
2031418	849	9	30
2031448	849	10	30
2031478	849	11	30
2031508	849	-11	29
2031537	849	12	30
2031567	850	1	30
2031597	850	2	29
2031626	850	3	30
2031656	850	4	29
2031685	850	5	29
2031714	850	6	29
2031743	850	7	30
2031773	850	8	29
2031802	850	9	30
2031832	850	10	30
2031862	850	11	29
2031891	850	12	30
2031921	851	1	30
2031951	851	2	30
2031981	851	3	29
2032010	851	4	30
2032040	851	5	29
2032069	851	6	29
2032098	851	7	29
2032127	851	8	30
2032157	851	9	29
2032186	851	10	30
2032216	851	11	29
2032245	851	12	30
2032275	852	1	30
2032305	852	2	30
2032335	852	3	29
2032364	852	4	30
2032394	852	5	29
2032423	852	6	30
2032453	852	7	29
2032482	852	-7	29
2032511	852	8	30
2032541	852	9	29
2032570	852	10	30
2032600	852	11	29
2032629	852	12	30
2032659	853	1	30
2032689	853	2	29
2032718	853	3	30
2032748	853	4	30
2032778	853	5	29
2032807	853	6	30
2032837	853	7	29
2032866	853	8	30
2032896	853	9	29
2032925	853	10	29
2032954	853	11	30
2032984	853	12	29
2033013	854	1	30
2033043	854	2	29
2033072	854	3	30
2033102	854	4	30
2033132	854	5	29
2033161	854	6	30
2033191	854	7	29
2033220	854	8	30
2033250	854	9	30
2033280	854	10	29
2033309	854	11	30
2033339	854	12	29
2033368	855	1	29
2033397	855	2	30
2033427	855	3	29
2033456	855	4	30
2033486	855	-4	29
2033515	855	5	30
2033545	855	6	30
2033575	855	7	29
2033604	855	8	30
2033634	855	9	30
2033664	855	10	29
2033693	855	11	30
2033723	855	12	29
2033752	856	1	29
2033781	856	2	30
2033811	856	3	29
2033840	856	4	30
2033870	856	5	29
2033899	856	6	30
2033929	856	7	29
2033958	856	8	30
2033988	856	9	30
2034018	856	10	29
2034047	856	11	30
2034077	856	12	30
2034107	857	1	29
2034136	857	2	30
2034166	857	3	29
2034195	857	4	29
2034224	857	5	30
2034254	857	6	29
2034283	857	7	29
2034312	857	8	30
2034342	857	9	30
2034372	857	10	30
2034402	857	11	29
2034431	857	12	30
2034461	858	1	30
2034491	858	2	29
2034520	858	-2	30
2034550	858	3	29
2034579	858	4	29
2034608	858	5	30
2034638	858	6	29
2034667	858	7	29
2034696	858	8	30
2034726	858	9	30
2034756	858	10	29
2034785	858	11	30
2034815	858	12	30
2034845	859	1	30
2034875	859	2	29
2034904	859	3	30
2034934	859	4	29
2034963	859	5	29
2034992	859	6	29
2035021	859	7	30
2035051	859	8	29
2035080	859	9	30
2035110	859	10	29
2035139	859	11	30
2035169	859	12	30
2035199	860	1	30
2035229	860	2	29
2035258	860	3	30
2035288	860	4	29
2035317	860	5	30
2035347	860	6	29
2035376	860	7	30
2035406	860	8	29
2035435	860	9	29
2035464	860	10	30
2035494	860	-10	29
2035523	860	11	30
2035553	860	12	30
2035583	861	1	29
2035612	861	2	30
2035642	861	3	30
2035672	861	4	29
2035701	861	5	30
2035731	861	6	29
2035760	861	7	30
2035790	861	8	29
2035819	861	9	29
2035848	861	10	30
2035878	861	11	29
2035907	861	12	30
2035937	862	1	30
2035967	862	2	29
2035996	862	3	30
2036026	862	4	29
2036055	862	5	30
2036085	862	6	30
2036115	862	7	29
2036144	862	8	30
2036174	862	9	29
2036203	862	10	29
2036232	862	11	30
2036262	862	12	29
2036291	863	1	30
2036321	863	2	29
2036350	863	3	30
2036380	863	4	30
2036410	863	5	29
2036439	863	6	30
2036469	863	-6	29
2036498	863	7	30
2036528	863	8	29
2036557	863	9	30
2036587	863	10	30
2036617	863	11	29
2036646	863	12	29
2036675	864	1	30
2036705	864	2	29
2036734	864	3	30
2036764	864	4	29
2036793	864	5	30
2036823	864	6	29
2036852	864	7	30
2036882	864	8	30
2036912	864	9	29
2036941	864	10	30
2036971	864	11	30
2037001	864	12	29
2037030	865	1	29
2037059	865	2	30
2037089	865	3	29
2037118	865	4	30
2037148	865	5	29
2037177	865	6	30
2037207	865	7	29
2037236	865	8	30
2037266	865	9	30
2037296	865	10	29
2037325	865	11	30
2037355	865	12	30
2037385	866	1	29
2037414	866	2	30
2037444	866	3	29
2037473	866	-3	29
2037502	866	4	29
2037531	866	5	30
2037561	866	6	29
2037590	866	7	30
2037620	866	8	30
2037650	866	9	29
2037679	866	10	30
2037709	866	11	30
2037739	866	12	30
2037769	867	1	29
2037798	867	2	30
2037828	867	3	29
2037857	867	4	29
2037886	867	5	29
2037915	867	6	30
2037945	867	7	29
2037974	867	8	30
2038004	867	9	29
2038033	867	10	30
2038063	867	11	30
2038093	867	12	30
2038123	868	1	29
2038152	868	2	30
2038182	868	3	30
2038212	868	4	29
2038241	868	5	29
2038270	868	6	29
2038299	868	7	30
2038329	868	8	29
2038358	868	9	30
2038388	868	10	29
2038417	868	11	30
2038447	868	12	30
2038477	868	-12	29
2038506	869	1	30
2038536	869	2	30
2038566	869	3	29
2038595	869	4	30
2038625	869	5	29
2038654	869	6	30
2038684	869	7	29
2038713	869	8	29
2038742	869	9	30
2038772	869	10	29
2038801	869	11	30
2038831	869	12	30
2038861	870	1	29
2038890	870	2	30
2038920	870	3	30
2038950	870	4	29
2038979	870	5	30
2039009	870	6	29
2039038	870	7	30
2039068	870	8	29
2039097	870	9	29
2039126	870	10	30
2039156	870	11	29
2039185	870	12	30
2039215	871	1	29
2039244	871	2	30
2039274	871	3	30
2039304	871	4	29
2039333	871	5	30
2039363	871	6	29
2039392	871	7	30
2039422	871	8	29
2039451	871	-8	30
2039481	871	9	29
2039510	871	10	30
2039540	871	11	29
2039569	871	12	30
2039599	872	1	29
2039628	872	2	30
2039658	872	3	29
2039687	872	4	30
2039717	872	5	30
2039747	872	6	29
2039776	872	7	30
2039806	872	8	29
2039835	872	9	30
2039865	872	10	29
2039894	872	11	30
2039924	872	12	29
2039953	873	1	30
2039983	873	2	29
2040012	873	3	30
2040042	873	4	29
2040071	873	5	30
2040101	873	6	29
2040130	873	7	30
2040160	873	8	30
2040190	873	9	29
2040219	873	10	30
2040249	873	11	30
2040279	873	12	29
2040308	874	1	29
2040337	874	2	30
2040367	874	3	29
2040396	874	4	30
2040426	874	-4	29
2040455	874	5	29
2040484	874	6	30
2040514	874	7	30
2040544	874	8	29
2040573	874	9	30
2040603	874	10	30
2040633	874	11	29
2040662	874	12	30
2040692	875	1	30
2040722	875	2	29
2040751	875	3	29
2040780	875	4	30
2040810	875	5	29
2040839	875	6	29
2040868	875	7	30
2040898	875	8	29
2040927	875	9	30
2040957	875	10	30
2040987	875	11	30
2041017	875	12	29
2041046	876	1	30
2041076	876	2	30
2041106	876	3	29
2041135	876	4	29
2041164	876	5	29
2041193	876	6	30
2041223	876	7	29
2041252	876	8	30
2041282	876	9	29
2041311	876	10	30
2041341	876	11	30
2041371	876	12	29
2041400	877	1	30
2041430	877	2	30
2041460	877	-2	29
2041489	877	3	30
2041519	877	4	29
2041548	877	5	30
2041578	877	6	29
2041607	877	7	29
2041636	877	8	30
2041666	877	9	29
2041695	877	10	30
2041725	877	11	29
2041754	877	12	30
2041784	878	1	30
2041814	878	2	30
2041844	878	3	29
2041873	878	4	30
2041903	878	5	29
2041932	878	6	30
2041962	878	7	29
2041991	878	8	29
2042020	878	9	30
2042050	878	10	29
2042079	878	11	30
2042109	878	12	29
2042138	879	1	30
2042168	879	2	30
2042198	879	3	29
2042227	879	4	30
2042257	879	5	30
2042287	879	6	29
2042316	879	7	29
2042345	879	8	30
2042375	879	9	29
2042404	879	10	30
2042434	879	-10	29
2042463	879	11	30
2042493	879	12	29
2042522	880	1	30
2042552	880	2	29
2042581	880	3	30
2042611	880	4	30
2042641	880	5	29
2042670	880	6	30
2042700	880	7	29
2042729	880	8	30
2042759	880	9	29
2042788	880	10	30
2042818	880	11	29
2042847	880	12	30
2042877	881	1	29
2042906	881	2	30
2042936	881	3	29
2042965	881	4	30
2042995	881	5	29
2043024	881	6	30
2043054	881	7	30
2043084	881	8	29
2043113	881	9	30
2043143	881	10	29
2043172	881	11	30
2043202	881	12	29
2043231	882	1	30
2043261	882	2	29
2043290	882	3	30
2043320	882	4	29
2043349	882	5	30
2043379	882	6	29
2043408	882	7	30
2043438	882	-7	29
2043467	882	8	30
2043497	882	9	30
2043527	882	10	29
2043556	882	11	30
2043586	882	12	29
2043615	883	1	30
2043645	883	2	29
2043674	883	3	30
2043704	883	4	29
2043733	883	5	29
2043762	883	6	30
2043792	883	7	29
2043821	883	8	30
2043851	883	9	30
2043881	883	10	30
2043911	883	11	29
2043940	883	12	30
2043970	884	1	29
2043999	884	2	30
2044029	884	3	29
2044058	884	4	30
2044088	884	5	29
2044117	884	6	29
2044146	884	7	30
2044176	884	8	29
2044205	884	9	30
2044235	884	10	30
2044265	884	11	29
2044294	884	12	30
2044324	885	1	30
2044354	885	2	29
2044383	885	3	30
2044413	885	-3	29
2044442	885	4	30
2044472	885	5	29
2044501	885	6	29
2044530	885	7	30
2044560	885	8	29
2044589	885	9	30
2044619	885	10	29
2044648	885	11	30
2044678	885	12	30
2044708	886	1	30
2044738	886	2	29
2044767	886	3	30
2044797	886	4	29
2044826	886	5	30
2044856	886	6	29
2044885	886	7	29
2044914	886	8	30
2044944	886	9	29
2044973	886	10	30
2045003	886	11	29
2045032	886	12	30
2045062	887	1	30
2045092	887	2	30
2045122	887	3	29
2045151	887	4	30
2045181	887	5	29
2045210	887	6	29
2045239	887	7	30
2045269	887	8	29
2045298	887	9	30
2045328	887	10	29
2045357	887	11	30
2045387	887	-11	29
2045416	887	12	30
2045446	888	1	30
2045476	888	2	29
2045505	888	3	30
2045535	888	4	29
2045564	888	5	30
2045594	888	6	29
2045623	888	7	30
2045653	888	8	29
2045682	888	9	30
2045712	888	10	29
2045741	888	11	30
2045771	888	12	29
2045800	889	1	30
2045830	889	2	29
2045859	889	3	30
2045889	889	4	30
2045919	889	5	29
2045948	889	6	30
2045978	889	7	29
2046007	889	8	30
2046037	889	9	29
2046066	889	10	30
2046096	889	11	29
2046125	889	12	30
2046155	890	1	29
2046184	890	2	30
2046214	890	3	29
2046243	890	4	30
2046273	890	5	29
2046302	890	6	30
2046332	890	7	29
2046361	890	8	30
2046391	890	9	30
2046421	890	-9	29
2046450	890	10	30
2046480	890	11	29
2046509	890	12	30
2046539	891	1	29
2046568	891	2	30
2046598	891	3	29
2046627	891	4	29
2046656	891	5	30
2046686	891	6	29
2046715	891	7	30
2046745	891	8	30
2046775	891	9	30
2046805	891	10	29
2046834	891	11	30
2046864	891	12	29
2046893	892	1	30
2046923	892	2	29
2046952	892	3	29
2046981	892	4	30
2047011	892	5	29
2047040	892	6	30
2047070	892	7	29
2047099	892	8	30
2047129	892	9	30
2047159	892	10	29
2047188	892	11	30
2047218	892	12	30
2047248	893	1	29
2047277	893	2	30
2047307	893	3	29
2047336	893	4	30
2047366	893	5	29
2047395	893	-5	29
2047424	893	6	30
2047454	893	7	29
2047483	893	8	30
2047513	893	9	29
2047542	893	10	30
2047572	893	11	30
2047602	893	12	30
2047632	894	1	29
2047661	894	2	30
2047691	894	3	29
2047720	894	4	29
2047749	894	5	30
2047779	894	6	29
2047808	894	7	29
2047837	894	8	30
2047867	894	9	30
2047897	894	10	29
2047926	894	11	30
2047956	894	12	30
2047986	895	1	30
2048016	895	2	29
2048045	895	3	30
2048075	895	4	29
2048104	895	5	30
2048134	895	6	29
2048163	895	7	29
2048192	895	8	29
2048221	895	9	30
2048251	895	10	29
2048280	895	11	30
2048310	895	12	30
2048340	896	1	30
2048370	896	-1	29
2048399	896	2	30
2048429	896	3	30
2048459	896	4	29
2048488	896	5	29
2048517	896	6	30
2048547	896	7	29
2048576	896	8	30
2048606	896	9	29
2048635	896	10	29
2048664	896	11	30
2048694	896	12	30
2048724	897	1	29
2048753	897	2	30
2048783	897	3	30
2048813	897	4	29
2048842	897	5	30
2048872	897	6	29
2048901	897	7	30
2048931	897	8	29
2048960	897	9	30
2048990	897	10	29
2049019	897	11	30
2049049	897	12	29
2049078	898	1	30
2049108	898	2	29
2049137	898	3	30
2049167	898	4	29
2049196	898	5	30
2049226	898	6	30
2049256	898	7	29
2049285	898	8	30
2049315	898	9	29
2049344	898	10	30
2049374	898	-10	29
2049403	898	11	30
2049433	898	12	29
2049462	899	1	29
2049491	899	2	30
2049521	899	3	30
2049551	899	4	29
2049580	899	5	30
2049610	899	6	29
2049639	899	7	30
2049669	899	8	30
2049699	899	9	29
2049728	899	10	30
2049758	899	11	29
2049787	899	12	30
2049817	900	1	29
2049846	900	2	29
2049875	900	3	30
2049905	900	4	29
2049934	900	5	30
2049964	900	6	29
2049993	900	7	30
2050023	900	8	30
2050053	900	9	29
2050082	900	10	30
2050112	900	11	30
2050142	900	12	29
2050171	901	1	30
2050201	901	2	29
2050230	901	3	30
2050260	901	4	29
2050289	901	5	29
2050318	901	6	30
2050348	901	-6	29
2050377	901	7	30
2050407	901	8	29
2050436	901	9	30
2050466	901	10	30
2050496	901	11	30
2050526	901	12	29
2050555	902	1	30
2050585	902	2	29
2050614	902	3	30
2050644	902	4	29
2050673	902	5	29
2050702	902	6	29
2050731	902	7	30
2050761	902	8	30
2050791	902	9	29
2050820	902	10	30
2050850	902	11	30
2050880	902	12	30
2050910	903	1	29
2050939	903	2	30
2050969	903	3	29
2050998	903	4	30
2051028	903	5	29
2051057	903	6	29
2051086	903	7	29
2051115	903	8	30
2051145	903	9	29
2051174	903	10	30
2051204	903	11	30
2051234	903	12	30
2051264	904	1	29
2051293	904	2	30
2051323	904	3	30
2051353	904	4	29
2051382	904	-4	30
2051412	904	5	29
2051441	904	6	29
2051470	904	7	29
2051499	904	8	30
2051529	904	9	29
2051558	904	10	30
2051588	904	11	30
2051618	904	12	29
2051647	905	1	30
2051677	905	2	30
2051707	905	3	29
2051736	905	4	30
2051766	905	5	29
2051795	905	6	30
2051825	905	7	29
2051854	905	8	30
2051884	905	9	29
2051913	905	10	29
2051942	905	11	30
2051972	905	12	30
2052002	906	1	29
2052031	906	2	30
2052061	906	3	29
2052090	906	4	30
2052120	906	5	30
2052150	906	6	29
2052179	906	7	30
2052209	906	8	29
2052238	906	9	30
2052268	906	10	29
2052297	906	11	29
2052326	906	12	30
2052356	906	-12	29
2052385	907	1	30
2052415	907	2	30
2052445	907	3	29
2052474	907	4	30
2052504	907	5	29
2052533	907	6	30
2052563	907	7	30
2052593	907	8	29
2052622	907	9	30
2052652	907	10	29
2052681	907	11	30
2052711	907	12	29
2052740	908	1	29
2052769	908	2	30
2052799	908	3	29
2052828	908	4	30
2052858	908	5	29
2052887	908	6	30
2052917	908	7	30
2052947	908	8	29
2052976	908	9	30
2053006	908	10	30
2053036	908	11	29
2053065	908	12	30
2053095	909	1	29
2053124	909	2	29
2053153	909	3	30
2053183	909	4	29
2053212	909	5	30
2053242	909	6	29
2053271	909	7	30
2053301	909	8	29
2053330	909	-8	30
2053360	909	9	30
2053390	909	10	30
2053420	909	11	29
2053449	909	12	30
2053479	910	1	29
2053508	910	2	30
2053538	910	3	29
2053567	910	4	29
2053596	910	5	30
2053626	910	6	29
2053655	910	7	30
2053685	910	8	29
2053714	910	9	30
2053744	910	10	30
2053774	910	11	30
2053804	910	12	29
2053833	911	1	30
2053863	911	2	29
2053892	911	3	30
2053922	911	4	29
2053951	911	5	29
2053980	911	6	29
2054009	911	7	30
2054039	911	8	29
2054068	911	9	30
2054098	911	10	30
2054128	911	11	30
2054158	911	12	29
2054187	912	1	30
2054217	912	2	30
2054247	912	3	29
2054276	912	4	30
2054306	912	5	29
2054335	912	-5	29
2054364	912	6	29
2054393	912	7	30
2054423	912	8	29
2054452	912	9	30
2054482	912	10	30
2054512	912	11	29
2054541	912	12	30
2054571	913	1	30
2054601	913	2	30
2054631	913	3	29
2054660	913	4	29
2054689	913	5	30
2054719	913	6	29
2054748	913	7	29
2054777	913	8	30
2054807	913	9	29
2054836	913	10	30
2054866	913	11	29
2054895	913	12	30
2054925	914	1	30
2054955	914	2	30
2054985	914	3	29
2055014	914	4	30
2055044	914	5	29
2055073	914	6	30
2055103	914	7	29
2055132	914	8	30
2055162	914	9	29
2055191	914	10	29
2055220	914	11	30
2055250	914	12	29
2055279	915	1	30
2055309	915	2	30
2055339	915	-2	29
2055368	915	3	30
2055398	915	4	30
2055428	915	5	29
2055457	915	6	30
2055487	915	7	29
2055516	915	8	30
2055546	915	9	29
2055575	915	10	29
2055604	915	11	30
2055634	915	12	29
2055663	916	1	30
2055693	916	2	29
2055722	916	3	30
2055752	916	4	30
2055782	916	5	29
2055811	916	6	30
2055841	916	7	29
2055870	916	8	30
2055900	916	9	30
2055930	916	10	29
2055959	916	11	30
2055989	916	12	29
2056018	917	1	29
2056047	917	2	30
2056077	917	3	29
2056106	917	4	30
2056136	917	5	29
2056165	917	6	30
2056195	917	7	30
2056225	917	8	29
2056254	917	9	30
2056284	917	10	30
2056314	917	-10	29
2056343	917	11	30
2056373	917	12	29
2056402	918	1	29
2056431	918	2	30
2056461	918	3	29
2056490	918	4	30
2056520	918	5	29
2056549	918	6	30
2056579	918	7	29
2056608	918	8	30
2056638	918	9	30
2056668	918	10	29
2056697	918	11	30
2056727	918	12	30
2056757	919	1	29
2056786	919	2	30
2056816	919	3	29
2056845	919	4	29
2056874	919	5	29
2056903	919	6	30
2056933	919	7	29
2056962	919	8	30
2056992	919	9	30
2057022	919	10	30
2057052	919	11	29
2057081	919	12	30
2057111	920	1	30
2057141	920	2	29
2057170	920	3	30
2057200	920	4	29
2057229	920	5	29
2057258	920	6	29
2057287	920	-6	30
2057317	920	7	29
2057346	920	8	30
2057376	920	9	30
2057406	920	10	29
2057435	920	11	30
2057465	920	12	30
2057495	921	1	30
2057525	921	2	29
2057554	921	3	30
2057584	921	4	29
2057613	921	5	29
2057642	921	6	29
2057671	921	7	30
2057701	921	8	29
2057730	921	9	30
2057760	921	10	29
2057789	921	11	30
2057819	921	12	30
2057849	922	1	30
2057879	922	2	29
2057908	922	3	30
2057938	922	4	29
2057967	922	5	30
2057997	922	6	29
2058026	922	7	29
2058055	922	8	30
2058085	922	9	29
2058114	922	10	30
2058144	922	11	29
2058173	922	12	30
2058203	923	1	30
2058233	923	2	29
2058262	923	3	30
2058292	923	4	30
2058322	923	-4	29
2058351	923	5	30
2058381	923	6	29
2058410	923	7	29
2058439	923	8	30
2058469	923	9	29
2058498	923	10	30
2058528	923	11	29
2058557	923	12	30
2058587	924	1	29
2058616	924	2	30
2058646	924	3	30
2058676	924	4	29
2058705	924	5	30
2058735	924	6	30
2058765	924	7	29
2058794	924	8	30
2058824	924	9	29
2058853	924	10	29
2058882	924	11	30
2058912	924	12	29
2058941	925	1	30
2058971	925	2	29
2059000	925	3	30
2059030	925	4	29
2059059	925	5	30
2059089	925	6	30
2059119	925	7	29
2059148	925	8	30
2059178	925	9	29
2059207	925	10	30
2059237	925	11	30
2059267	925	12	29
2059296	925	-12	29
2059325	926	1	30
2059355	926	2	29
2059384	926	3	30
2059414	926	4	29
2059443	926	5	30
2059473	926	6	29
2059502	926	7	30
2059532	926	8	30
2059562	926	9	29
2059591	926	10	30
2059621	926	11	30
2059651	926	12	29
2059680	927	1	29
2059709	927	2	30
2059739	927	3	29
2059768	927	4	30
2059798	927	5	29
2059827	927	6	30
2059857	927	7	29
2059886	927	8	30
2059916	927	9	30
2059946	927	10	29
2059975	927	11	30
2060005	927	12	30
2060035	928	1	29
2060064	928	2	30
2060094	928	3	29
2060123	928	4	29
2060152	928	5	29
2060181	928	6	30
2060211	928	7	29
2060240	928	8	30
2060270	928	-8	30
2060300	928	9	29
2060329	928	10	30
2060359	928	11	30
2060389	928	12	30
2060419	929	1	29
2060448	929	2	30
2060478	929	3	29
2060507	929	4	29
2060536	929	5	29
2060565	929	6	30
2060595	929	7	29
2060624	929	8	30
2060654	929	9	29
2060683	929	10	30
2060713	929	11	30
2060743	929	12	30
2060773	930	1	29
2060802	930	2	30
2060832	930	3	29
2060861	930	4	30
2060891	930	5	29
2060920	930	6	29
2060949	930	7	30
2060979	930	8	29
2061008	930	9	30
2061038	930	10	29
2061067	930	11	30
2061097	930	12	30
2061127	931	1	29
2061156	931	2	30
2061186	931	3	30
2061216	931	4	29
2061245	931	5	30
2061275	931	-5	29
2061304	931	6	29
2061333	931	7	30
2061363	931	8	29
2061392	931	9	30
2061422	931	10	29
2061451	931	11	30
2061481	931	12	29
2061510	932	1	30
2061540	932	2	30
2061570	932	3	30
2061600	932	4	29
2061629	932	5	30
2061659	932	6	29
2061688	932	7	29
2061717	932	8	30
2061747	932	9	29
2061776	932	10	30
2061806	932	11	29
2061835	932	12	30
2061865	933	1	29
2061894	933	2	30
2061924	933	3	30
2061954	933	4	29
2061983	933	5	30
2062013	933	6	29
2062042	933	7	30
2062072	933	8	29
2062101	933	9	30
2062131	933	10	29
2062160	933	11	30
2062190	933	12	29
2062219	934	1	30
2062249	934	-1	29
2062278	934	2	30
2062308	934	3	29
2062337	934	4	30
2062367	934	5	30
2062397	934	6	29
2062426	934	7	30
2062456	934	8	29
2062485	934	9	30
2062515	934	10	29
2062544	934	11	30
2062574	934	12	29
2062603	935	1	30
2062633	935	2	29
2062662	935	3	30
2062692	935	4	29
2062721	935	5	30
2062751	935	6	29
2062780	935	7	30
2062810	935	8	30
2062840	935	9	29
2062869	935	10	30
2062899	935	11	30
2062929	935	12	29
2062958	936	1	29
2062987	936	2	30
2063017	936	3	29
2063046	936	4	30
2063076	936	5	29
2063105	936	6	29
2063134	936	7	30
2063164	936	8	30
2063194	936	9	29
2063223	936	10	30
2063253	936	11	30
2063283	936	-11	29
2063312	936	12	29
2063341	937	1	30
2063371	937	2	30
2063401	937	3	29
2063430	937	4	29
2063459	937	5	30
2063489	937	6	29
2063518	937	7	30
2063548	937	8	29
2063577	937	9	30
2063607	937	10	30
2063637	937	11	29
2063666	937	12	29
2063695	938	1	30
2063725	938	2	30
2063755	938	3	30
2063785	938	4	29
2063814	938	5	29
2063843	938	6	30
2063873	938	7	29
2063902	938	8	30
2063932	938	9	29
2063961	938	10	30
2063991	938	11	30
2064021	938	12	29
2064050	939	1	30
2064080	939	2	30
2064110	939	3	29
2064139	939	4	30
2064169	939	5	29
2064198	939	6	29
2064227	939	7	30
2064257	939	-7	29
2064286	939	8	30
2064316	939	9	29
2064345	939	10	30
2064375	939	11	29
2064404	939	12	30
2064434	940	1	30
2064464	940	2	30
2064494	940	3	29
2064523	940	4	30
2064553	940	5	29
2064582	940	6	29
2064611	940	7	30
2064641	940	8	29
2064670	940	9	30
2064700	940	10	29
2064729	940	11	30
2064759	940	12	29
2064788	941	1	30
2064818	941	2	30
2064848	941	3	29
2064877	941	4	30
2064907	941	5	30
2064937	941	6	29
2064966	941	7	29
2064995	941	8	30
2065025	941	9	29
2065054	941	10	30
2065084	941	11	29
2065113	941	12	30
2065143	942	1	29
2065172	942	2	30
2065202	942	3	29
2065231	942	-3	30
2065261	942	4	30
2065291	942	5	29
2065320	942	6	30
2065350	942	7	29
2065379	942	8	30
2065409	942	9	29
2065438	942	10	30
2065468	942	11	29
2065497	942	12	30
2065527	943	1	29
2065556	943	2	30
2065586	943	3	29
2065615	943	4	30
2065645	943	5	29
2065674	943	6	30
2065704	943	7	30
2065734	943	8	29
2065763	943	9	30
2065793	943	10	29
2065822	943	11	30
2065852	943	12	29
2065881	944	1	30
2065911	944	2	29
2065940	944	3	30
2065970	944	4	29
2065999	944	5	29
2066028	944	6	30
2066058	944	7	30
2066088	944	8	29
2066117	944	9	30
2066147	944	10	30
2066177	944	11	29
2066206	944	12	30
2066236	944	-12	29
2066265	945	1	30
2066295	945	2	29
2066324	945	3	29
2066353	945	4	30
2066383	945	5	29
2066412	945	6	30
2066442	945	7	29
2066471	945	8	30
2066501	945	9	30
2066531	945	10	30
2066561	945	11	29
2066590	945	12	30
2066620	946	1	29
2066649	946	2	30
2066679	946	3	29
2066708	946	4	29
2066737	946	5	30
2066767	946	6	29
2066796	946	7	30
2066826	946	8	29
2066855	946	9	30
2066885	946	10	30
2066915	946	11	29
2066944	946	12	30
2066974	947	1	30
2067004	947	2	29
2067033	947	3	30
2067063	947	4	29
2067092	947	5	29
2067121	947	6	30
2067151	947	7	29
2067180	947	-7	29
2067209	947	8	30
2067239	947	9	30
2067269	947	10	29
2067298	947	11	30
2067328	947	12	30
2067358	948	1	30
2067388	948	2	29
2067417	948	3	30
2067447	948	4	29
2067476	948	5	29
2067505	948	6	30
2067535	948	7	29
2067564	948	8	29
2067593	948	9	30
2067623	948	10	30
2067653	948	11	29
2067682	948	12	30
2067712	949	1	30
2067742	949	2	29
2067771	949	3	30
2067801	949	4	30
2067831	949	5	29
2067860	949	6	29
2067889	949	7	30
2067919	949	8	29
2067948	949	9	29
2067977	949	10	30
2068007	949	11	30
2068037	949	12	29
2068066	950	1	30
2068096	950	2	29
2068125	950	3	30
2068155	950	4	30
2068185	950	5	29
2068214	950	-5	30
2068244	950	6	29
2068273	950	7	30
2068303	950	8	29
2068332	950	9	30
2068362	950	10	29
2068391	950	11	30
2068421	950	12	29
2068450	951	1	30
2068480	951	2	29
2068509	951	3	30
2068539	951	4	30
2068569	951	5	29
2068598	951	6	30
2068628	951	7	29
2068657	951	8	30
2068687	951	9	29
2068716	951	10	30
2068746	951	11	29
2068775	951	12	30
2068805	952	1	29
2068834	952	2	30
2068864	952	3	29
2068893	952	4	30
2068923	952	5	29
2068952	952	6	30
2068982	952	7	29
2069011	952	8	30
2069041	952	9	30
2069071	952	10	29
2069100	952	11	30
2069130	952	12	29
2069159	953	1	30
2069189	953	-1	29
2069218	953	2	29
2069247	953	3	30
2069277	953	4	29
2069306	953	5	30
2069336	953	6	29
2069365	953	7	30
2069395	953	8	30
2069425	953	9	30
2069455	953	10	29
2069484	953	11	30
2069514	953	12	29
2069543	954	1	30
2069573	954	2	29
2069602	954	3	29
2069631	954	4	30
2069661	954	5	29
2069690	954	6	30
2069720	954	7	29
2069749	954	8	30
2069779	954	9	30
2069809	954	10	29
2069838	954	11	30
2069868	954	12	30
2069898	955	1	29
2069927	955	2	30
2069957	955	3	29
2069986	955	4	29
2070015	955	5	30
2070045	955	6	29
2070074	955	7	30
2070104	955	8	29
2070133	955	9	30
2070163	955	-9	29
2070192	955	10	30
2070222	955	11	30
2070252	955	12	30
2070282	956	1	29
2070311	956	2	30
2070341	956	3	29
2070370	956	4	29
2070399	956	5	30
2070429	956	6	29
2070458	956	7	29
2070487	956	8	30
2070517	956	9	30
2070547	956	10	29
2070576	956	11	30
2070606	956	12	30
2070636	957	1	30
2070666	957	2	29
2070695	957	3	30
2070725	957	4	29
2070754	957	5	29
2070783	957	6	30
2070813	957	7	29
2070842	957	8	29
2070871	957	9	30
2070901	957	10	29
2070930	957	11	30
2070960	957	12	30
2070990	958	1	30
2071020	958	2	29
2071049	958	3	30
2071079	958	4	29
2071108	958	5	30
2071138	958	6	29
2071167	958	7	30
2071197	958	-7	29
2071226	958	8	30
2071256	958	9	29
2071285	958	10	29
2071314	958	11	30
2071344	958	12	30
2071374	959	1	29
2071403	959	2	30
2071433	959	3	30
2071463	959	4	29
2071492	959	5	30
2071522	959	6	29
2071551	959	7	30
2071581	959	8	29
2071610	959	9	30
2071640	959	10	29
2071669	959	11	30
2071699	959	12	29
2071728	960	1	30
2071758	960	2	29
2071787	960	3	30
2071817	960	4	29
2071846	960	5	30
2071876	960	6	30
2071906	960	7	29
2071935	960	8	30
2071965	960	9	29
2071994	960	10	30
2072024	960	11	29
2072053	960	12	30
2072083	961	1	29
2072112	961	2	30
2072142	961	3	29
2072171	961	-3	29
2072200	961	4	30
2072230	961	5	30
2072260	961	6	29
2072289	961	7	30
2072319	961	8	30
2072349	961	9	29
2072378	961	10	30
2072408	961	11	29
2072437	961	12	30
2072467	962	1	29
2072496	962	2	29
2072525	962	3	30
2072555	962	4	29
2072584	962	5	30
2072614	962	6	29
2072643	962	7	30
2072673	962	8	30
2072703	962	9	29
2072732	962	10	30
2072762	962	11	30
2072792	962	12	29
2072821	963	1	30
2072851	963	2	29
2072880	963	3	29
2072909	963	4	30
2072939	963	5	29
2072968	963	6	30
2072998	963	7	29
2073027	963	8	30
2073057	963	9	29
2073086	963	10	30
2073116	963	11	30
2073146	963	12	30
2073176	963	-12	29
2073205	964	1	30
2073235	964	2	29
2073264	964	3	30
2073294	964	4	29
2073323	964	5	29
2073352	964	6	29
2073381	964	7	30
2073411	964	8	30
2073441	964	9	29
2073470	964	10	30
2073500	964	11	30
2073530	964	12	30
2073560	965	1	29
2073589	965	2	30
2073619	965	3	29
2073648	965	4	30
2073678	965	5	29
2073707	965	6	29
2073736	965	7	29
2073765	965	8	30
2073795	965	9	29
2073824	965	10	30
2073854	965	11	30
2073884	965	12	30
2073914	966	1	29
2073943	966	2	30
2073973	966	3	30
2074003	966	4	29
2074032	966	5	29
2074061	966	6	30
2074091	966	7	29
2074120	966	8	29
2074149	966	-8	30
2074179	966	9	29
2074208	966	10	30
2074238	966	11	30
2074268	966	12	29
2074297	967	1	30
2074327	967	2	30
2074357	967	3	29
2074386	967	4	30
2074416	967	5	29
2074445	967	6	30
2074475	967	7	29
2074504	967	8	29
2074533	967	9	30
2074563	967	10	29
2074592	967	11	30
2074622	967	12	30
2074652	968	1	29
2074681	968	2	30
2074711	968	3	29
2074740	968	4	30
2074770	968	5	30
2074800	968	6	29
2074829	968	7	30
2074859	968	8	29
2074888	968	9	30
2074918	968	10	29
2074947	968	11	29
2074976	968	12	30
2075006	969	1	29
2075035	969	2	30
2075065	969	3	30
2075095	969	4	29
2075124	969	5	30
2075154	969	-5	29
2075183	969	6	30
2075213	969	7	30
2075243	969	8	29
2075272	969	9	30
2075302	969	10	29
2075331	969	11	30
2075361	969	12	29
2075390	970	1	29
2075419	970	2	30
2075449	970	3	29
2075478	970	4	30
2075508	970	5	29
2075537	970	6	30
2075567	970	7	30
2075597	970	8	29
2075626	970	9	30
2075656	970	10	30
2075686	970	11	29
2075715	970	12	30
2075745	971	1	29
2075774	971	2	29
2075803	971	3	30
2075833	971	4	29
2075862	971	5	30
2075892	971	6	29
2075921	971	7	30
2075951	971	8	29
2075980	971	9	30
2076010	971	10	30
2076040	971	11	30
2076070	971	12	29
2076099	972	1	30
2076129	972	2	29
2076158	972	-2	29
2076187	972	3	30
2076217	972	4	29
2076246	972	5	29
2076275	972	6	30
2076305	972	7	30
2076335	972	8	29
2076364	972	9	30
2076394	972	10	30
2076424	972	11	30
2076454	972	12	29
2076483	973	1	30
2076513	973	2	29
2076542	973	3	30
2076572	973	4	29
2076601	973	5	29
2076630	973	6	29
2076659	973	7	30
2076689	973	8	29
2076718	973	9	30
2076748	973	10	30
2076778	973	11	30
2076808	973	12	29
2076837	974	1	30
2076867	974	2	30
2076897	974	3	29
2076926	974	4	29
2076955	974	5	30
2076985	974	6	29
2077014	974	7	29
2077043	974	8	30
2077073	974	9	29
2077102	974	10	30
2077132	974	-10	30
2077162	974	11	29
2077191	974	12	30
2077221	975	1	30
2077251	975	2	29
2077280	975	3	30
2077310	975	4	29
2077339	975	5	30
2077369	975	6	29
2077398	975	7	29
2077427	975	8	30
2077457	975	9	29
2077486	975	10	30
2077516	975	11	29
2077545	975	12	30
2077575	976	1	30
2077605	976	2	30
2077635	976	3	29
2077664	976	4	30
2077694	976	5	29
2077723	976	6	30
2077753	976	7	29
2077782	976	8	29
2077811	976	9	30
2077841	976	10	29
2077870	976	11	30
2077900	976	12	29
2077929	977	1	30
2077959	977	2	30
2077989	977	3	29
2078018	977	4	30
2078048	977	5	30
2078078	977	6	29
2078107	977	7	30
2078137	977	-7	29
2078166	977	8	30
2078196	977	9	29
2078225	977	10	29
2078254	977	11	30
2078284	977	12	29
2078313	978	1	30
2078343	978	2	29
2078372	978	3	30
2078402	978	4	30
2078432	978	5	29
2078461	978	6	30
2078491	978	7	29
2078520	978	8	30
2078550	978	9	30
2078580	978	10	29
2078609	978	11	30
2078639	978	12	29
2078668	979	1	29
2078697	979	2	30
2078727	979	3	29
2078756	979	4	30
2078786	979	5	29
2078815	979	6	30
2078845	979	7	30
2078875	979	8	29
2078904	979	9	30
2078934	979	10	30
2078964	979	11	29
2078993	979	12	30
2079023	980	1	29
2079052	980	2	29
2079081	980	3	30
2079111	980	-3	29
2079140	980	4	30
2079170	980	5	29
2079199	980	6	30
2079229	980	7	29
2079258	980	8	30
2079288	980	9	30
2079318	980	10	29
2079347	980	11	30
2079377	980	12	30
2079407	981	1	29
2079436	981	2	29
2079465	981	3	30
2079495	981	4	29
2079524	981	5	29
2079553	981	6	30
2079583	981	7	29
2079612	981	8	30
2079642	981	9	30
2079672	981	10	30
2079702	981	11	29
2079731	981	12	30
2079761	982	1	30
2079791	982	2	29
2079820	982	3	29
2079849	982	4	30
2079879	982	5	29
2079908	982	6	29
2079937	982	7	30
2079967	982	8	29
2079996	982	9	30
2080026	982	10	30
2080056	982	11	29
2080085	982	12	30
2080115	982	-12	30
2080145	983	1	30
2080175	983	2	29
2080204	983	3	29
2080233	983	4	30
2080263	983	5	29
2080292	983	6	29
2080321	983	7	30
2080351	983	8	29
2080380	983	9	30
2080410	983	10	29
2080439	983	11	30
2080469	983	12	30
2080499	984	1	30
2080529	984	2	29
2080558	984	3	30
2080588	984	4	29
2080617	984	5	30
2080647	984	6	29
2080676	984	7	29
2080705	984	8	30
2080735	984	9	29
2080764	984	10	30
2080794	984	11	29
2080823	984	12	30
2080853	985	1	30
2080883	985	2	29
2080912	985	3	30
2080942	985	4	30
2080972	985	5	29
2081001	985	6	30
2081031	985	7	29
2081060	985	8	29
2081089	985	9	30
2081119	985	-9	29
2081148	985	10	30
2081178	985	11	29
2081207	985	12	30
2081237	986	1	30
2081267	986	2	29
2081296	986	3	30
2081326	986	4	29
2081355	986	5	30
2081385	986	6	30
2081415	986	7	29
2081444	986	8	29
2081473	986	9	30
2081503	986	10	29
2081532	986	11	30
2081562	986	12	29
2081591	987	1	30
2081621	987	2	29
2081650	987	3	30
2081680	987	4	29
2081709	987	5	30
2081739	987	6	30
2081769	987	7	29
2081798	987	8	30
2081828	987	9	29
2081857	987	10	30
2081887	987	11	29
2081916	987	12	30
2081946	988	1	29
2081975	988	2	30
2082005	988	3	29
2082034	988	4	30
2082064	988	5	29
2082093	988	-5	30
2082123	988	6	29
2082152	988	7	30
2082182	988	8	30
2082212	988	9	29
2082241	988	10	30
2082271	988	11	30
2082301	988	12	29
2082330	989	1	29
2082359	989	2	30
2082389	989	3	29
2082418	989	4	29
2082447	989	5	30
2082477	989	6	29
2082506	989	7	30
2082536	989	8	30
2082566	989	9	30
2082596	989	10	29
2082625	989	11	30
2082655	989	12	30
2082685	990	1	29
2082714	990	2	29
2082743	990	3	30
2082773	990	4	29
2082802	990	5	29
2082831	990	6	30
2082861	990	7	29
2082890	990	8	30
2082920	990	9	30
2082950	990	10	29
2082979	990	11	30
2083009	990	12	30
2083039	991	1	30
2083069	991	2	29
2083098	991	-2	29
2083127	991	3	30
2083157	991	4	29
2083186	991	5	29
2083215	991	6	30
2083245	991	7	29
2083274	991	8	30
2083304	991	9	29
2083333	991	10	30
2083363	991	11	30
2083393	991	12	30
2083423	992	1	29
2083452	992	2	30
2083482	992	3	29
2083511	992	4	30
2083541	992	5	29
2083570	992	6	29
2083599	992	7	30
2083629	992	8	29
2083658	992	9	30
2083688	992	10	29
2083717	992	11	30
2083747	992	12	30
2083777	993	1	29
2083806	993	2	30
2083836	993	3	30
2083866	993	4	29
2083895	993	5	30
2083925	993	6	29
2083954	993	7	29
2083983	993	8	30
2084013	993	9	29
2084042	993	10	30
2084072	993	-10	29
2084101	993	11	30
2084131	993	12	30
2084161	994	1	29
2084190	994	2	30
2084220	994	3	29
2084249	994	4	30
2084279	994	5	30
2084309	994	6	29
2084338	994	7	29
2084367	994	8	30
2084397	994	9	29
2084426	994	10	30
2084456	994	11	29
2084485	994	12	30
2084515	995	1	29
2084544	995	2	30
2084574	995	3	30
2084604	995	4	29
2084633	995	5	30
2084663	995	6	29
2084692	995	7	30
2084722	995	8	29
2084751	995	9	30
2084781	995	10	29
2084810	995	11	30
2084840	995	12	29
2084869	996	1	30
2084899	996	2	29
2084928	996	3	30
2084958	996	4	29
2084987	996	5	30
2085017	996	6	29
2085046	996	7	30
2085076	996	-7	30
2085106	996	8	29
2085135	996	9	30
2085165	996	10	29
2085194	996	11	30
2085224	996	12	29
2085253	997	1	30
2085283	997	2	29
2085312	997	3	30
2085342	997	4	29
2085371	997	5	30
2085401	997	6	29
2085430	997	7	30
2085460	997	8	30
2085490	997	9	29
2085519	997	10	30
2085549	997	11	30
2085579	997	12	29
2085608	998	1	29
2085637	998	2	30
2085667	998	3	29
2085696	998	4	29
2085725	998	5	30
2085755	998	6	29
2085784	998	7	30
2085814	998	8	30
2085844	998	9	29
2085873	998	10	30
2085903	998	11	30
2085933	998	12	29
2085962	999	1	30
2085992	999	2	29
2086021	999	3	30
2086051	999	-3	29
2086080	999	4	29
2086109	999	5	30
2086139	999	6	29
2086168	999	7	30
2086198	999	8	29
2086227	999	9	30
2086257	999	10	30
2086287	999	11	30
2086317	999	12	29
2086346	1000	1	30
2086376	1000	2	29
2086405	1000	3	30
2086435	1000	4	29
2086464	1000	5	29
2086493	1000	6	30
2086523	1000	7	29
2086552	1000	8	30
2086582	1000	9	29
2086611	1000	10	30
2086641	1000	11	30
2086671	1000	12	30
2086701	1001	1	29
2086730	1001	2	30
2086760	1001	3	29
2086789	1001	4	30
2086819	1001	5	29
2086848	1001	6	29
2086877	1001	7	30
2086907	1001	8	29
2086936	1001	9	30
2086966	1001	10	29
2086995	1001	11	30
2087025	1001	12	30
2087055	1001	-12	29
2087084	1002	1	30
2087114	1002	2	30
2087144	1002	3	29
2087173	1002	4	30
2087203	1002	5	29
2087232	1002	6	29
2087261	1002	7	30
2087291	1002	8	29
2087320	1002	9	30
2087350	1002	10	29
2087379	1002	11	30
2087409	1002	12	29
2087438	1003	1	30
2087468	1003	2	30
2087498	1003	3	29
2087527	1003	4	30
2087557	1003	5	29
2087586	1003	6	30
2087616	1003	7	29
2087645	1003	8	30
2087675	1003	9	29
2087704	1003	10	30
2087734	1003	11	29
2087763	1003	12	30
2087793	1004	1	29
2087822	1004	2	30
2087852	1004	3	29
2087881	1004	4	30
2087911	1004	5	30
2087941	1004	6	29
2087970	1004	7	30
2088000	1004	8	29
2088029	1004	9	30
2088059	1004	-9	29
2088088	1004	10	30
2088118	1004	11	29
2088147	1004	12	30
2088177	1005	1	29
2088206	1005	2	30
2088236	1005	3	29
2088265	1005	4	30
2088295	1005	5	29
2088324	1005	6	30
2088354	1005	7	30
2088384	1005	8	29
2088413	1005	9	30
2088443	1005	10	29
2088472	1005	11	30
2088502	1005	12	29
2088531	1006	1	30
2088561	1006	2	29
2088590	1006	3	29
2088619	1006	4	30
2088649	1006	5	29
2088678	1006	6	30
2088708	1006	7	30
2088738	1006	8	29
2088767	1006	9	30
2088797	1006	10	30
2088827	1006	11	29
2088856	1006	12	30
2088886	1007	1	29
2088915	1007	2	30
2088945	1007	3	29
2088974	1007	4	29
2089003	1007	5	30
2089033	1007	-5	29
2089062	1007	6	30
2089092	1007	7	29
2089121	1007	8	30
2089151	1007	9	30
2089181	1007	10	30
2089211	1007	11	29
2089240	1007	12	30
2089270	1008	1	29
2089299	1008	2	30
2089329	1008	3	29
2089358	1008	4	29
2089387	1008	5	30
2089417	1008	6	29
2089446	1008	7	30
2089476	1008	8	29
2089505	1008	9	30
2089535	1008	10	30
2089565	1008	11	29
2089594	1008	12	30
2089624	1009	1	30
2089654	1009	2	29
2089683	1009	3	30
2089713	1009	4	29
2089742	1009	5	29
2089771	1009	6	30
2089801	1009	7	29
2089830	1009	8	29
2089859	1009	9	30
2089889	1009	10	30
2089919	1009	11	29
2089948	1009	12	30
2089978	1010	1	30
2090008	1010	2	30
2090038	1010	-2	29
2090067	1010	3	30
2090097	1010	4	29
2090126	1010	5	29
2090155	1010	6	30
2090185	1010	7	29
2090214	1010	8	29
2090243	1010	9	30
2090273	1010	10	30
2090303	1010	11	29
2090332	1010	12	30
2090362	1011	1	30
2090392	1011	2	29
2090421	1011	3	30
2090451	1011	4	30
2090481	1011	5	29
2090510	1011	6	29
2090539	1011	7	30
2090569	1011	8	29
2090598	1011	9	29
2090627	1011	10	30
2090657	1011	11	30
2090687	1011	12	29
2090716	1012	1	30
2090746	1012	2	29
2090775	1012	3	30
2090805	1012	4	30
2090835	1012	5	29
2090864	1012	6	30
2090894	1012	7	29
2090923	1012	8	30
2090953	1012	9	29
2090982	1012	10	30
2091012	1012	-10	29
2091041	1012	11	30
2091071	1012	12	29
2091100	1013	1	30
2091130	1013	2	29
2091159	1013	3	30
2091189	1013	4	29
2091218	1013	5	30
2091248	1013	6	30
2091278	1013	7	29
2091307	1013	8	30
2091337	1013	9	29
2091366	1013	10	30
2091396	1013	11	29
2091425	1013	12	30
2091455	1014	1	29
2091484	1014	2	29
2091513	1014	3	30
2091543	1014	4	30
2091573	1014	5	29
2091602	1014	6	30
2091632	1014	7	29
2091661	1014	8	30
2091691	1014	9	30
2091721	1014	10	29
2091750	1014	11	30
2091780	1014	12	29
2091809	1015	1	30
2091839	1015	2	29
2091868	1015	3	29
2091897	1015	4	30
2091927	1015	5	29
2091956	1015	6	30
2091986	1015	-6	29
2092015	1015	7	30
2092045	1015	8	30
2092075	1015	9	30
2092105	1015	10	29
2092134	1015	11	30
2092164	1015	12	29
2092193	1016	1	30
2092223	1016	2	29
2092252	1016	3	29
2092281	1016	4	30
2092311	1016	5	29
2092340	1016	6	30
2092370	1016	7	29
2092399	1016	8	30
2092429	1016	9	30
2092459	1016	10	29
2092488	1016	11	30
2092518	1016	12	30
2092548	1017	1	29
2092577	1017	2	30
2092607	1017	3	29
2092636	1017	4	29
2092665	1017	5	30
2092695	1017	6	29
2092724	1017	7	29
2092753	1017	8	30
2092783	1017	9	30
2092813	1017	10	29
2092842	1017	11	30
2092872	1017	12	30
2092902	1018	1	30
2092932	1018	2	29
2092961	1018	3	30
2092991	1018	4	29
2093020	1018	-4	29
2093049	1018	5	30
2093079	1018	6	29
2093108	1018	7	29
2093137	1018	8	30
2093167	1018	9	30
2093197	1018	10	29
2093226	1018	11	30
2093256	1018	12	30
2093286	1019	1	30
2093316	1019	2	29
2093345	1019	3	30
2093375	1019	4	29
2093404	1019	5	29
2093433	1019	6	30
2093463	1019	7	29
2093492	1019	8	29
2093521	1019	9	30
2093551	1019	10	29
2093580	1019	11	30
2093610	1019	12	30
2093640	1020	1	30
2093670	1020	2	29
2093699	1020	3	30
2093729	1020	4	29
2093758	1020	5	30
2093788	1020	6	29
2093817	1020	7	30
2093847	1020	8	29
2093876	1020	9	29
2093905	1020	10	30
2093935	1020	11	29
2093964	1020	12	30
2093994	1020	-12	30
2094024	1021	1	29
2094053	1021	2	30
2094083	1021	3	30
2094113	1021	4	29
2094142	1021	5	30
2094172	1021	6	29
2094201	1021	7	30
2094231	1021	8	29
2094260	1021	9	30
2094290	1021	10	29
2094319	1021	11	30
2094349	1021	12	29
2094378	1022	1	29
2094407	1022	2	30
2094437	1022	3	30
2094467	1022	4	29
2094496	1022	5	30
2094526	1022	6	30
2094556	1022	7	29
2094585	1022	8	30
2094615	1022	9	29
2094644	1022	10	30
2094674	1022	11	29
2094703	1022	12	30
2094733	1023	1	29
2094762	1023	2	29
2094791	1023	3	30
2094821	1023	4	29
2094850	1023	5	30
2094880	1023	6	30
2094910	1023	7	29
2094939	1023	8	30
2094969	1023	9	30
2094999	1023	-9	29
2095028	1023	10	30
2095058	1023	11	29
2095087	1023	12	30
2095117	1024	1	29
2095146	1024	2	29
2095175	1024	3	30
2095205	1024	4	29
2095234	1024	5	30
2095264	1024	6	29
2095293	1024	7	30
2095323	1024	8	30
2095353	1024	9	29
2095382	1024	10	30
2095412	1024	11	29
2095441	1024	12	30
2095471	1025	1	30
2095501	1025	2	29
2095530	1025	3	29
2095559	1025	4	30
2095589	1025	5	29
2095618	1025	6	29
2095647	1025	7	30
2095677	1025	8	30
2095707	1025	9	29
2095736	1025	10	30
2095766	1025	11	30
2095796	1025	12	30
2095826	1026	1	29
2095855	1026	2	30
2095885	1026	3	29
2095914	1026	4	29
2095943	1026	5	30
2095973	1026	-5	29
2096002	1026	6	29
2096031	1026	7	30
2096061	1026	8	29
2096090	1026	9	30
2096120	1026	10	30
2096150	1026	11	30
2096180	1026	12	29
2096209	1027	1	30
2096239	1027	2	30
2096269	1027	3	29
2096298	1027	4	29
2096327	1027	5	30
2096357	1027	6	29
2096386	1027	7	29
2096415	1027	8	30
2096445	1027	9	29
2096474	1027	10	30
2096504	1027	11	30
2096534	1027	12	30
2096564	1028	1	29
2096593	1028	2	30
2096623	1028	3	30
2096653	1028	4	29
2096682	1028	5	29
2096711	1028	6	30
2096741	1028	7	29
2096770	1028	8	29
2096799	1028	9	30
2096829	1028	10	29
2096858	1028	11	30
2096888	1028	12	30
2096918	1029	1	29
2096947	1029	2	30
2096977	1029	-2	30
2097007	1029	3	29
2097036	1029	4	30
2097066	1029	5	29
2097095	1029	6	30
2097125	1029	7	29
2097154	1029	8	29
2097183	1029	9	30
2097213	1029	10	29
2097242	1029	11	30
2097272	1029	12	29
2097301	1030	1	30
2097331	1030	2	30
2097361	1030	3	29
2097390	1030	4	30
2097420	1030	5	30
2097450	1030	6	29
2097479	1030	7	30
2097509	1030	8	29
2097538	1030	9	30
2097568	1030	10	29
2097597	1030	11	29
2097626	1030	12	30
2097656	1031	1	29
2097685	1031	2	30
2097715	1031	3	30
2097745	1031	4	29
2097774	1031	5	30
2097804	1031	6	29
2097833	1031	7	30
2097863	1031	8	30
2097893	1031	9	29
2097922	1031	10	30
2097952	1031	-10	29
2097981	1031	11	30
2098011	1031	12	29
2098040	1032	1	29
2098069	1032	2	30
2098099	1032	3	29
2098128	1032	4	30
2098158	1032	5	29
2098187	1032	6	30
2098217	1032	7	30
2098247	1032	8	29
2098276	1032	9	30
2098306	1032	10	30
2098336	1032	11	29
2098365	1032	12	30
2098395	1033	1	29
2098424	1033	2	29
2098453	1033	3	30
2098483	1033	4	29
2098512	1033	5	29
2098541	1033	6	30
2098571	1033	7	30
2098601	1033	8	29
2098630	1033	9	30
2098660	1033	10	30
2098690	1033	11	30
2098720	1033	12	29
2098749	1034	1	30
2098779	1034	2	29
2098808	1034	3	29
2098837	1034	4	30
2098867	1034	5	29
2098896	1034	6	29
2098925	1034	-6	30
2098955	1034	7	30
2098985	1034	8	29
2099014	1034	9	30
2099044	1034	10	30
2099074	1034	11	30
2099104	1034	12	29
2099133	1035	1	30
2099163	1035	2	29
2099192	1035	3	29
2099221	1035	4	30
2099251	1035	5	29
2099280	1035	6	29
2099309	1035	7	30
2099339	1035	8	29
2099368	1035	9	30
2099398	1035	10	30
2099428	1035	11	30
2099458	1035	12	29
2099487	1036	1	30
2099517	1036	2	30
2099547	1036	3	29
2099576	1036	4	29
2099605	1036	5	30
2099635	1036	6	29
2099664	1036	7	29
2099693	1036	8	30
2099723	1036	9	29
2099752	1036	10	30
2099782	1036	11	30
2099812	1036	12	29
2099841	1037	1	30
2099871	1037	2	30
2099901	1037	3	29
2099930	1037	4	30
2099960	1037	-4	29
2099989	1037	5	30
2100019	1037	6	29
2100048	1037	7	29
2100077	1037	8	30
2100107	1037	9	29
2100136	1037	10	30
2100166	1037	11	29
2100195	1037	12	30
2100225	1038	1	30
2100255	1038	2	30
2100285	1038	3	29
2100314	1038	4	30
2100344	1038	5	29
2100373	1038	6	30
2100403	1038	7	29
2100432	1038	8	29
2100461	1038	9	30
2100491	1038	10	29
2100520	1038	11	30
2100550	1038	12	29
2100579	1039	1	30
2100609	1039	2	30
2100639	1039	3	29
2100668	1039	4	30
2100698	1039	5	29
2100727	1039	6	30
2100757	1039	7	30
2100787	1039	8	29
2100816	1039	9	30
2100846	1039	10	29
2100875	1039	11	29
2100904	1039	12	30
2100934	1039	-12	29
2100963	1040	1	30
2100993	1040	2	29
2101022	1040	3	30
2101052	1040	4	29
2101081	1040	5	30
2101111	1040	6	30
2101141	1040	7	29
2101170	1040	8	30
2101200	1040	9	30
2101230	1040	10	29
2101259	1040	11	30
2101289	1040	12	29
2101318	1041	1	29
2101347	1041	2	30
2101377	1041	3	29
2101406	1041	4	30
2101436	1041	5	29
2101465	1041	6	30
2101495	1041	7	30
2101525	1041	8	29
2101554	1041	9	30
2101584	1041	10	30
2101614	1041	11	29
2101643	1041	12	30
2101673	1042	1	29
2101702	1042	2	29
2101731	1042	3	30
2101761	1042	4	29
2101790	1042	5	29
2101819	1042	6	30
2101849	1042	7	30
2101879	1042	8	29
2101908	1042	9	30
2101938	1042	-9	30
2101968	1042	10	29
2101997	1042	11	30
2102027	1042	12	30
2102057	1043	1	29
2102086	1043	2	29
2102115	1043	3	30
2102145	1043	4	29
2102174	1043	5	29
2102203	1043	6	30
2102233	1043	7	29
2102262	1043	8	30
2102292	1043	9	30
2102322	1043	10	30
2102352	1043	11	29
2102381	1043	12	30
2102411	1044	1	30
2102441	1044	2	29
2102470	1044	3	29
2102499	1044	4	30
2102529	1044	5	29
2102558	1044	6	29
2102587	1044	7	30
2102617	1044	8	29
2102646	1044	9	30
2102676	1044	10	29
2102705	1044	11	30
2102735	1044	12	30
2102765	1045	1	30
2102795	1045	2	29
2102824	1045	3	30
2102854	1045	4	29
2102883	1045	5	30
2102913	1045	-5	29
2102942	1045	6	29
2102971	1045	7	30
2103001	1045	8	29
2103030	1045	9	30
2103060	1045	10	29
2103089	1045	11	30
2103119	1045	12	30
2103149	1046	1	30
2103179	1046	2	29
2103208	1046	3	30
2103238	1046	4	29
2103267	1046	5	30
2103297	1046	6	29
2103326	1046	7	29
2103355	1046	8	30
2103385	1046	9	29
2103414	1046	10	30
2103444	1046	11	29
2103473	1046	12	30
2103503	1047	1	30
2103533	1047	2	29
2103562	1047	3	30
2103592	1047	4	30
2103622	1047	5	29
2103651	1047	6	30
2103681	1047	7	29
2103710	1047	8	29
2103739	1047	9	30
2103769	1047	10	29
2103798	1047	11	30
2103828	1047	12	29
2103857	1048	1	30
2103887	1048	-1	29
2103916	1048	2	30
2103946	1048	3	30
2103976	1048	4	29
2104005	1048	5	30
2104035	1048	6	29
2104064	1048	7	30
2104094	1048	8	29
2104123	1048	9	30
2104153	1048	10	29
2104182	1048	11	30
2104212	1048	12	29
2104241	1049	1	30
2104271	1049	2	29
2104300	1049	3	30
2104330	1049	4	29
2104359	1049	5	30
2104389	1049	6	30
2104419	1049	7	29
2104448	1049	8	30
2104478	1049	9	29
2104507	1049	10	30
2104537	1049	11	30
2104567	1049	12	29
2104596	1050	1	29
2104625	1050	2	30
2104655	1050	3	29
2104684	1050	4	30
2104714	1050	5	29
2104743	1050	6	30
2104773	1050	7	29
2104802	1050	8	30
2104832	1050	9	30
2104862	1050	10	29
2104891	1050	11	30
2104921	1050	-11	30
2104951	1050	12	29
2104980	1051	1	29
2105009	1051	2	30
2105039	1051	3	29
2105068	1051	4	29
2105097	1051	5	30
2105127	1051	6	29
2105156	1051	7	30
2105186	1051	8	30
2105216	1051	9	30
2105246	1051	10	29
2105275	1051	11	30
2105305	1051	12	30
2105335	1052	1	29
2105364	1052	2	29
2105393	1052	3	30
2105423	1052	4	29
2105452	1052	5	29
2105481	1052	6	30
2105511	1052	7	29
2105540	1052	8	30
2105570	1052	9	30
2105600	1052	10	29
2105629	1052	11	30
2105659	1052	12	30
2105689	1053	1	29
2105718	1053	2	30
2105748	1053	3	29
2105777	1053	4	30
2105807	1053	5	29
2105836	1053	6	29
2105865	1053	7	30
2105895	1053	-7	29
2105924	1053	8	30
2105954	1053	9	29
2105983	1053	10	30
2106013	1053	11	30
2106043	1053	12	30
2106073	1054	1	29
2106102	1054	2	30
2106132	1054	3	29
2106161	1054	4	30
2106191	1054	5	29
2106220	1054	6	29
2106249	1054	7	30
2106279	1054	8	29
2106308	1054	9	30
2106338	1054	10	29
2106367	1054	11	30
2106397	1054	12	30
2106427	1055	1	29
2106456	1055	2	30
2106486	1055	3	30
2106516	1055	4	29
2106545	1055	5	30
2106575	1055	6	29
2106604	1055	7	29
2106633	1055	8	30
2106663	1055	9	29
2106692	1055	10	30
2106722	1055	11	29
2106751	1055	12	30
2106781	1056	1	29
2106810	1056	2	30
2106840	1056	3	30
2106870	1056	-3	29
2106899	1056	4	30
2106929	1056	5	29
2106958	1056	6	30
2106988	1056	7	29
2107017	1056	8	30
2107047	1056	9	29
2107076	1056	10	30
2107106	1056	11	29
2107135	1056	12	30
2107165	1057	1	29
2107194	1057	2	30
2107224	1057	3	30
2107254	1057	4	29
2107283	1057	5	30
2107313	1057	6	29
2107342	1057	7	30
2107372	1057	8	29
2107401	1057	9	30
2107431	1057	10	29
2107460	1057	11	30
2107490	1057	12	29
2107519	1058	1	30
2107549	1058	2	29
2107578	1058	3	30
2107608	1058	4	29
2107637	1058	5	30
2107667	1058	6	29
2107696	1058	7	30
2107726	1058	8	30
2107756	1058	9	29
2107785	1058	10	30
2107815	1058	11	29
2107844	1058	12	30
2107874	1058	-12	29
2107903	1059	1	30
2107933	1059	2	29
2107962	1059	3	30
2107992	1059	4	29
2108021	1059	5	29
2108050	1059	6	30
2108080	1059	7	30
2108110	1059	8	30
2108140	1059	9	29
2108169	1059	10	30
2108199	1059	11	30
2108229	1059	12	29
2108258	1060	1	29
2108287	1060	2	30
2108317	1060	3	29
2108346	1060	4	29
2108375	1060	5	30
2108405	1060	6	29
2108434	1060	7	30
2108464	1060	8	30
2108494	1060	9	29
2108523	1060	10	30
2108553	1060	11	30
2108583	1060	12	29
2108612	1061	1	30
2108642	1061	2	29
2108671	1061	3	30
2108701	1061	4	29
2108730	1061	5	29
2108759	1061	6	30
2108789	1061	7	29
2108818	1061	8	30
2108848	1061	-8	29
2108877	1061	9	30
2108907	1061	10	30
2108937	1061	11	30
2108967	1061	12	29
2108996	1062	1	30
2109026	1062	2	29
2109055	1062	3	30
2109085	1062	4	29
2109114	1062	5	29
2109143	1062	6	30
2109173	1062	7	29
2109202	1062	8	30
2109232	1062	9	29
2109261	1062	10	30
2109291	1062	11	30
2109321	1062	12	29
2109350	1063	1	30
2109380	1063	2	30
2109410	1063	3	29
2109439	1063	4	30
2109469	1063	5	29
2109498	1063	6	29
2109527	1063	7	30
2109557	1063	8	29
2109586	1063	9	29
2109615	1063	10	30
2109645	1063	11	30
2109675	1063	12	29
2109704	1064	1	30
2109734	1064	2	30
2109764	1064	3	30
2109794	1064	4	29
2109823	1064	5	30
2109853	1064	-5	29
2109882	1064	6	29
2109911	1064	7	30
2109941	1064	8	29
2109970	1064	9	29
2109999	1064	10	30
2110029	1064	11	30
2110059	1064	12	29
2110088	1065	1	30
2110118	1065	2	30
2110148	1065	3	29
2110177	1065	4	30
2110207	1065	5	29
2110236	1065	6	30
2110266	1065	7	29
2110295	1065	8	30
2110325	1065	9	29
2110354	1065	10	30
2110384	1065	11	29
2110413	1065	12	30
2110443	1066	1	29
2110472	1066	2	30
2110502	1066	3	29
2110531	1066	4	30
2110561	1066	5	30
2110591	1066	6	29
2110620	1066	7	30
2110650	1066	8	29
2110679	1066	9	30
2110709	1066	10	29
2110738	1066	11	30
2110768	1066	12	29
2110797	1067	1	30
2110827	1067	2	29
2110856	1067	3	30
2110886	1067	-3	29
2110915	1067	4	30
2110945	1067	5	29
2110974	1067	6	30
2111004	1067	7	30
2111034	1067	8	29
2111063	1067	9	30
2111093	1067	10	29
2111122	1067	11	30
2111152	1067	12	29
2111181	1068	1	30
2111211	1068	2	29
2111240	1068	3	29
2111269	1068	4	30
2111299	1068	5	29
2111328	1068	6	30
2111358	1068	7	30
2111388	1068	8	29
2111417	1068	9	30
2111447	1068	10	30
2111477	1068	11	29
2111506	1068	12	30
2111536	1069	1	29
2111565	1069	2	30
2111595	1069	3	29
2111624	1069	4	29
2111653	1069	5	30
2111683	1069	6	29
2111712	1069	7	30
2111742	1069	8	29
2111771	1069	9	30
2111801	1069	10	30
2111831	1069	11	30
2111861	1069	-11	29
2111890	1069	12	30
2111920	1070	1	29
2111949	1070	2	30
2111979	1070	3	29
2112008	1070	4	29
2112037	1070	5	30
2112067	1070	6	29
2112096	1070	7	29
2112125	1070	8	30
2112155	1070	9	30
2112185	1070	10	30
2112215	1070	11	29
2112244	1070	12	30
2112274	1071	1	30
2112304	1071	2	29
2112333	1071	3	30
2112363	1071	4	29
2112392	1071	5	29
2112421	1071	6	30
2112451	1071	7	29
2112480	1071	8	29
2112509	1071	9	30
2112539	1071	10	30
2112569	1071	11	29
2112598	1071	12	30
2112628	1072	1	30
2112658	1072	2	30
2112688	1072	3	29
2112717	1072	4	30
2112747	1072	5	29
2112776	1072	6	29
2112805	1072	7	30
2112835	1072	-7	29
2112864	1072	8	29
2112893	1072	9	30
2112923	1072	10	30
2112953	1072	11	29
2112982	1072	12	30
2113012	1073	1	30
2113042	1073	2	29
2113071	1073	3	30
2113101	1073	4	29
2113130	1073	5	30
2113160	1073	6	29
2113189	1073	7	30
2113219	1073	8	29
2113248	1073	9	29
2113277	1073	10	30
2113307	1073	11	29
2113336	1073	12	30
2113366	1074	1	30
2113396	1074	2	29
2113425	1074	3	30
2113455	1074	4	30
2113485	1074	5	29
2113514	1074	6	30
2113544	1074	7	29
2113573	1074	8	30
2113603	1074	9	29
2113632	1074	10	30
2113662	1074	11	29
2113691	1074	12	30
2113721	1075	1	29
2113750	1075	2	30
2113780	1075	3	29
2113809	1075	4	30
2113839	1075	-4	29
2113868	1075	5	30
2113898	1075	6	30
2113928	1075	7	29
2113957	1075	8	30
2113987	1075	9	29
2114016	1075	10	30
2114046	1075	11	29
2114075	1075	12	30
2114105	1076	1	29
2114134	1076	2	29
2114163	1076	3	30
2114193	1076	4	30
2114223	1076	5	29
2114252	1076	6	30
2114282	1076	7	29
2114311	1076	8	30
2114341	1076	9	30
2114371	1076	10	29
2114400	1076	11	30
2114430	1076	12	29
2114459	1077	1	30
2114489	1077	2	29
2114518	1077	3	29
2114547	1077	4	30
2114577	1077	5	29
2114606	1077	6	30
2114636	1077	7	29
2114665	1077	8	30
2114695	1077	9	30
2114725	1077	10	30
2114755	1077	11	29
2114784	1077	12	30
2114814	1078	1	29
2114843	1078	-1	30
2114873	1078	2	29
2114902	1078	3	29
2114931	1078	4	30
2114961	1078	5	29
2114990	1078	6	30
2115020	1078	7	29
2115049	1078	8	30
2115079	1078	9	30
2115109	1078	10	29
2115138	1078	11	30
2115168	1078	12	30
2115198	1079	1	29
2115227	1079	2	30
2115257	1079	3	29
2115286	1079	4	29
2115315	1079	5	30
2115345	1079	6	29
2115374	1079	7	29
2115403	1079	8	30
2115433	1079	9	30
2115463	1079	10	29
2115492	1079	11	30
2115522	1079	12	30
2115552	1080	1	30
2115582	1080	2	29
2115611	1080	3	30
2115641	1080	4	29
2115670	1080	5	29
2115699	1080	6	30
2115729	1080	7	29
2115758	1080	8	29
2115787	1080	9	30
2115817	1080	-9	29
2115846	1080	10	30
2115876	1080	11	30
2115906	1080	12	30
2115936	1081	1	29
2115965	1081	2	30
2115995	1081	3	30
2116025	1081	4	29
2116054	1081	5	29
2116083	1081	6	30
2116113	1081	7	29
2116142	1081	8	29
2116171	1081	9	30
2116201	1081	10	29
2116230	1081	11	30
2116260	1081	12	30
2116290	1082	1	30
2116320	1082	2	29
2116349	1082	3	30
2116379	1082	4	29
2116408	1082	5	30
2116438	1082	6	29
2116467	1082	7	30
2116497	1082	8	29
2116526	1082	9	29
2116555	1082	10	30
2116585	1082	11	29
2116614	1082	12	30
2116644	1083	1	30
2116674	1083	2	29
2116703	1083	3	30
2116733	1083	4	30
2116763	1083	5	29
2116792	1083	6	30
2116822	1083	-6	29
2116851	1083	7	30
2116881	1083	8	29
2116910	1083	9	30
2116940	1083	10	29
2116969	1083	11	29
2116998	1083	12	30
2117028	1084	1	29
2117057	1084	2	30
2117087	1084	3	30
2117117	1084	4	29
2117146	1084	5	30
2117176	1084	6	29
2117205	1084	7	30
2117235	1084	8	30
2117265	1084	9	29
2117294	1084	10	30
2117324	1084	11	29
2117353	1084	12	30
2117383	1085	1	29
2117412	1085	2	29
2117441	1085	3	30
2117471	1085	4	29
2117500	1085	5	30
2117530	1085	6	30
2117560	1085	7	29
2117589	1085	8	30
2117619	1085	9	30
2117649	1085	10	29
2117678	1085	11	30
2117708	1085	12	29
2117737	1086	1	30
2117767	1086	2	29
2117796	1086	-2	29
2117825	1086	3	30
2117855	1086	4	29
2117884	1086	5	30
2117914	1086	6	29
2117943	1086	7	30
2117973	1086	8	30
2118003	1086	9	29
2118032	1086	10	30
2118062	1086	11	30
2118092	1086	12	29
2118121	1087	1	30
2118151	1087	2	29
2118180	1087	3	29
2118209	1087	4	30
2118239	1087	5	29
2118268	1087	6	29
2118297	1087	7	30
2118327	1087	8	30
2118357	1087	9	29
2118386	1087	10	30
2118416	1087	11	30
2118446	1087	12	30
2118476	1088	1	29
2118505	1088	2	30
2118535	1088	3	29
2118564	1088	4	29
2118593	1088	5	30
2118623	1088	6	29
2118652	1088	7	29
2118681	1088	8	30
2118711	1088	9	29
2118740	1088	10	30
2118770	1088	11	30
2118800	1088	12	30
2118830	1088	-12	29
2118859	1089	1	30
2118889	1089	2	30
2118919	1089	3	29
2118948	1089	4	29
2118977	1089	5	30
2119007	1089	6	29
2119036	1089	7	29
2119065	1089	8	30
2119095	1089	9	29
2119124	1089	10	30
2119154	1089	11	30
2119184	1089	12	30
2119214	1090	1	29
2119243	1090	2	30
2119273	1090	3	30
2119303	1090	4	29
2119332	1090	5	29
2119361	1090	6	30
2119391	1090	7	29
2119420	1090	8	29
2119449	1090	9	30
2119479	1090	10	29
2119508	1090	11	30
2119538	1090	12	30
2119568	1091	1	29
2119597	1091	2	30
2119627	1091	3	30
2119657	1091	4	29
2119686	1091	5	30
2119716	1091	6	29
2119745	1091	7	30
2119775	1091	8	29
2119804	1091	-8	29
2119833	1091	9	30
2119863	1091	10	29
2119892	1091	11	30
2119922	1091	12	29
2119951	1092	1	30
2119981	1092	2	30
2120011	1092	3	29
2120040	1092	4	30
2120070	1092	5	30
2120100	1092	6	29
2120129	1092	7	30
2120159	1092	8	29
2120188	1092	9	29
2120217	1092	10	30
2120247	1092	11	29
2120276	1092	12	30
2120306	1093	1	29
2120335	1093	2	30
2120365	1093	3	29
2120394	1093	4	30
2120424	1093	5	30
2120454	1093	6	29
2120483	1093	7	30
2120513	1093	8	30
2120543	1093	9	29
2120572	1093	10	30
2120602	1093	11	29
2120631	1093	12	29
2120660	1094	1	30
2120690	1094	2	29
2120719	1094	3	30
2120749	1094	4	29
2120778	1094	-4	30
2120808	1094	5	29
2120837	1094	6	30
2120867	1094	7	30
2120897	1094	8	29
2120926	1094	9	30
2120956	1094	10	30
2120986	1094	11	29
2121015	1094	12	30
2121045	1095	1	29
2121074	1095	2	29
2121103	1095	3	30
2121133	1095	4	29
2121162	1095	5	30
2121192	1095	6	29
2121221	1095	7	30
2121251	1095	8	29
2121280	1095	9	30
2121310	1095	10	30
2121340	1095	11	30
2121370	1095	12	29
2121399	1096	1	30
2121429	1096	2	29
2121458	1096	3	29
2121487	1096	4	30
2121517	1096	5	29
2121546	1096	6	29
2121575	1096	7	30
2121605	1096	8	29
2121634	1096	9	30
2121664	1096	10	30
2121694	1096	11	30
2121724	1096	12	29
2121753	1097	1	30
2121783	1097	2	30
2121813	1097	-2	29
2121842	1097	3	29
2121871	1097	4	30
2121901	1097	5	29
2121930	1097	6	29
2121959	1097	7	30
2121989	1097	8	29
2122018	1097	9	30
2122048	1097	10	30
2122078	1097	11	30
2122108	1097	12	29
2122137	1098	1	30
2122167	1098	2	30
2122197	1098	3	29
2122226	1098	4	29
2122255	1098	5	30
2122285	1098	6	29
2122314	1098	7	29
2122343	1098	8	30
2122373	1098	9	29
2122402	1098	10	30
2122432	1098	11	30
2122462	1098	12	29
2122491	1099	1	30
2122521	1099	2	30
2122551	1099	3	29
2122580	1099	4	30
2122610	1099	5	29
2122639	1099	6	30
2122669	1099	7	29
2122698	1099	8	29
2122727	1099	9	30
2122757	1099	-9	29
2122786	1099	10	30
2122816	1099	11	29
2122845	1099	12	30
2122875	1100	1	30
2122905	1100	2	30
2122935	1100	3	29
2122964	1100	4	30
2122994	1100	5	29
2123023	1100	6	30
2123053	1100	7	29
2123082	1100	8	29
2123111	1100	9	30
2123141	1100	10	29
2123170	1100	11	30
2123200	1100	12	29
2123229	1101	1	30
2123259	1101	2	30
2123289	1101	3	29
2123318	1101	4	30
2123348	1101	5	29
2123377	1101	6	30
2123407	1101	7	30
2123437	1101	8	29
2123466	1101	9	29
2123495	1101	10	30
2123525	1101	11	29
2123554	1101	12	30
2123584	1102	1	29
2123613	1102	2	30
2123643	1102	3	29
2123672	1102	4	30
2123702	1102	5	30
2123732	1102	6	29
2123761	1102	-6	30
2123791	1102	7	29
2123820	1102	8	30
2123850	1102	9	29
2123879	1102	10	30
2123909	1102	11	29
2123938	1102	12	30
2123968	1103	1	29
2123997	1103	2	30
2124027	1103	3	29
2124056	1103	4	30
2124086	1103	5	29
2124115	1103	6	30
2124145	1103	7	29
2124174	1103	8	30
2124204	1103	9	30
2124234	1103	10	30
2124264	1103	11	29
2124293	1103	12	30
2124323	1104	1	29
2124352	1104	2	29
2124381	1104	3	30
2124411	1104	4	29
2124440	1104	5	29
2124469	1104	6	30
2124499	1104	7	30
2124529	1104	8	29
2124558	1104	9	30
2124588	1104	10	30
2124618	1104	11	29
2124647	1104	12	30
2124677	1105	1	30
2124707	1105	2	29
2124736	1105	-2	29
2124765	1105	3	30
2124795	1105	4	29
2124824	1105	5	29
2124853	1105	6	30
2124883	1105	7	29
2124912	1105	8	30
2124942	1105	9	30
2124972	1105	10	30
2125002	1105	11	29
2125031	1105	12	30
2125061	1106	1	30
2125091	1106	2	29
2125120	1106	3	29
2125149	1106	4	30
2125179	1106	5	29
2125208	1106	6	29
2125237	1106	7	30
2125267	1106	8	29
2125296	1106	9	30
2125326	1106	10	29
2125355	1106	11	30
2125385	1106	12	30
2125415	1107	1	30
2125445	1107	2	29
2125474	1107	3	30
2125504	1107	4	29
2125533	1107	5	30
2125563	1107	6	29
2125592	1107	7	29
2125621	1107	8	30
2125651	1107	9	29
2125680	1107	10	30
2125710	1107	-10	29
2125739	1107	11	30
2125769	1107	12	30
2125799	1108	1	30
2125829	1108	2	29
2125858	1108	3	30
2125888	1108	4	29
2125917	1108	5	30
2125947	1108	6	29
2125976	1108	7	29
2126005	1108	8	30
2126035	1108	9	29
2126064	1108	10	30
2126094	1108	11	29
2126123	1108	12	30
2126153	1109	1	30
2126183	1109	2	29
2126212	1109	3	30
2126242	1109	4	30
2126272	1109	5	29
2126301	1109	6	30
2126331	1109	7	29
2126360	1109	8	29
2126389	1109	9	30
2126419	1109	10	29
2126448	1109	11	30
2126478	1109	12	29
2126507	1110	1	30
2126537	1110	2	29
2126566	1110	3	30
2126596	1110	4	30
2126626	1110	5	29
2126655	1110	6	30
2126685	1110	7	29
2126714	1110	8	30
2126744	1110	-8	29
2126773	1110	9	30
2126803	1110	10	29
2126832	1110	11	30
2126862	1110	12	29
2126891	1111	1	30
2126921	1111	2	29
2126950	1111	3	30
2126980	1111	4	29
2127009	1111	5	30
2127039	1111	6	30
2127069	1111	7	29
2127098	1111	8	30
2127128	1111	9	29
2127157	1111	10	30
2127187	1111	11	29
2127216	1111	12	30
2127246	1112	1	29
2127275	1112	2	30
2127305	1112	3	29
2127334	1112	4	30
2127364	1112	5	29
2127393	1112	6	30
2127423	1112	7	29
2127452	1112	8	30
2127482	1112	9	30
2127512	1112	10	29
2127541	1112	11	30
2127571	1112	12	30
2127601	1113	1	29
2127630	1113	2	29
2127659	1113	3	30
2127689	1113	4	29
2127718	1113	-4	29
2127747	1113	5	30
2127777	1113	6	29
2127806	1113	7	30
2127836	1113	8	30
2127866	1113	9	29
2127895	1113	10	30
2127925	1113	11	30
2127955	1113	12	30
2127985	1114	1	29
2128014	1114	2	29
2128043	1114	3	30
2128073	1114	4	29
2128102	1114	5	29
2128131	1114	6	30
2128161	1114	7	29
2128190	1114	8	30
2128220	1114	9	29
2128249	1114	10	30
2128279	1114	11	30
2128309	1114	12	30
2128339	1115	1	29
2128368	1115	2	30
2128398	1115	3	29
2128427	1115	4	30
2128457	1115	5	29
2128486	1115	6	29
2128515	1115	7	30
2128545	1115	8	29
2128574	1115	9	30
2128604	1115	10	29
2128633	1115	11	30
2128663	1115	12	30
2128693	1116	1	30
2128723	1116	-1	29
2128752	1116	2	30
2128782	1116	3	29
2128811	1116	4	30
2128841	1116	5	29
2128870	1116	6	29
2128899	1116	7	30
2128929	1116	8	29
2128958	1116	9	30
2128988	1116	10	29
2129017	1116	11	30
2129047	1116	12	30
2129077	1117	1	29
2129106	1117	2	30
2129136	1117	3	30
2129166	1117	4	29
2129195	1117	5	30
2129225	1117	6	29
2129254	1117	7	29
2129283	1117	8	30
2129313	1117	9	29
2129342	1117	10	30
2129372	1117	11	29
2129401	1117	12	30
2129431	1118	1	29
2129460	1118	2	30
2129490	1118	3	30
2129520	1118	4	29
2129549	1118	5	30
2129579	1118	6	29
2129608	1118	7	30
2129638	1118	8	29
2129667	1118	9	30
2129697	1118	-9	29
2129726	1118	10	30
2129756	1118	11	29
2129785	1118	12	30
2129815	1119	1	29
2129844	1119	2	30
2129874	1119	3	29
2129903	1119	4	30
2129933	1119	5	30
2129963	1119	6	29
2129992	1119	7	30
2130022	1119	8	29
2130051	1119	9	30
2130081	1119	10	29
2130110	1119	11	30
2130140	1119	12	29
2130169	1120	1	30
2130199	1120	2	29
2130228	1120	3	30
2130258	1120	4	29
2130287	1120	5	30
2130317	1120	6	29
2130346	1120	7	30
2130376	1120	8	30
2130406	1120	9	29
2130435	1120	10	30
2130465	1120	11	29
2130494	1120	12	30
2130524	1121	1	29
2130553	1121	2	30
2130583	1121	3	29
2130612	1121	4	29
2130641	1121	5	30
2130671	1121	-5	29
2130700	1121	6	30
2130730	1121	7	30
2130760	1121	8	29
2130789	1121	9	30
2130819	1121	10	30
2130849	1121	11	29
2130878	1121	12	30
2130908	1122	1	29
2130937	1122	2	30
2130967	1122	3	29
2130996	1122	4	29
2131025	1122	5	30
2131055	1122	6	29
2131084	1122	7	30
2131114	1122	8	30
2131144	1122	9	29
2131173	1122	10	30
2131203	1122	11	30
2131233	1122	12	29
2131262	1123	1	30
2131292	1123	2	29
2131321	1123	3	30
2131351	1123	4	29
2131380	1123	5	29
2131409	1123	6	30
2131439	1123	7	29
2131468	1123	8	30
2131498	1123	9	29
2131527	1123	10	30
2131557	1123	11	30
2131587	1123	12	30
2131617	1124	1	29
2131646	1124	2	30
2131676	1124	3	29
2131705	1124	-3	30
2131735	1124	4	29
2131764	1124	5	29
2131793	1124	6	30
2131823	1124	7	29
2131852	1124	8	29
2131881	1124	9	30
2131911	1124	10	30
2131941	1124	11	30
2131971	1124	12	29
2132000	1125	1	30
2132030	1125	2	30
2132060	1125	3	29
2132089	1125	4	30
2132119	1125	5	29
2132148	1125	6	29
2132177	1125	7	30
2132207	1125	8	29
2132236	1125	9	29
2132265	1125	10	30
2132295	1125	11	30
2132325	1125	12	29
2132354	1126	1	30
2132384	1126	2	30
2132414	1126	3	30
2132444	1126	4	29
2132473	1126	5	30
2132503	1126	6	29
2132532	1126	7	29
2132561	1126	8	30
2132591	1126	9	29
2132620	1126	10	29
2132649	1126	11	30
2132679	1126	-11	30
2132709	1126	12	29
2132738	1127	1	30
2132768	1127	2	30
2132798	1127	3	29
2132827	1127	4	30
2132857	1127	5	29
2132886	1127	6	30
2132916	1127	7	29
2132945	1127	8	30
2132975	1127	9	29
2133004	1127	10	30
2133034	1127	11	29
2133063	1127	12	30
2133093	1128	1	29
2133122	1128	2	30
2133152	1128	3	29
2133181	1128	4	30
2133211	1128	5	30
2133241	1128	6	29
2133270	1128	7	30
2133300	1128	8	29
2133329	1128	9	30
2133359	1128	10	29
2133388	1128	11	30
2133418	1128	12	29
2133447	1129	1	30
2133477	1129	2	29
2133506	1129	3	29
2133535	1129	4	30
2133565	1129	5	30
2133595	1129	6	29
2133624	1129	7	30
2133654	1129	8	30
2133684	1129	-8	29
2133713	1129	9	30
2133743	1129	10	29
2133772	1129	11	30
2133802	1129	12	29
2133831	1130	1	30
2133861	1130	2	29
2133890	1130	3	29
2133919	1130	4	30
2133949	1130	5	29
2133978	1130	6	30
2134008	1130	7	30
2134038	1130	8	29
2134067	1130	9	30
2134097	1130	10	30
2134127	1130	11	29
2134156	1130	12	30
2134186	1131	1	29
2134215	1131	2	30
2134245	1131	3	29
2134274	1131	4	29
2134303	1131	5	30
2134333	1131	6	29
2134362	1131	7	30
2134392	1131	8	29
2134421	1131	9	30
2134451	1131	10	30
2134481	1131	11	30
2134511	1131	12	29
2134540	1132	1	30
2134570	1132	2	29
2134599	1132	3	30
2134629	1132	4	29
2134658	1132	-4	29
2134687	1132	5	30
2134717	1132	6	29
2134746	1132	7	29
2134775	1132	8	30
2134805	1132	9	30
2134835	1132	10	30
2134865	1132	11	29
2134894	1132	12	30
2134924	1133	1	30
2134954	1133	2	29
2134983	1133	3	30
2135013	1133	4	29
2135042	1133	5	29
2135071	1133	6	30
2135101	1133	7	29
2135130	1133	8	29
2135159	1133	9	30
2135189	1133	10	30
2135219	1133	11	29
2135248	1133	12	30
2135278	1134	1	30
2135308	1134	2	30
2135338	1134	3	29
2135367	1134	4	30
2135397	1134	5	29
2135426	1134	6	29
2135455	1134	7	30
2135485	1134	8	29
2135514	1134	9	29
2135543	1134	10	30
2135573	1134	11	29
2135602	1134	12	30
2135632	1135	1	30
2135662	1135	2	30
2135692	1135	-2	29
2135721	1135	3	30
2135751	1135	4	30
2135781	1135	5	29
2135810	1135	6	29
2135839	1135	7	30
2135869	1135	8	29
2135898	1135	9	29
2135927	1135	10	30
2135957	1135	11	29
2135986	1135	12	30
2136016	1136	1	30
2136046	1136	2	29
2136075	1136	3	30
2136105	1136	4	30
2136135	1136	5	29
2136164	1136	6	30
2136194	1136	7	29
2136223	1136	8	30
2136253	1136	9	29
2136282	1136	10	30
2136312	1136	11	29
2136341	1136	12	29
2136370	1137	1	30
2136400	1137	2	30
2136430	1137	3	29
2136459	1137	4	30
2136489	1137	5	29
2136518	1137	6	30
2136548	1137	7	30
2136578	1137	8	29
2136607	1137	9	30
2136637	1137	10	29
2136666	1137	-10	30
2136696	1137	11	29
2136725	1137	12	30
2136755	1138	1	29
2136784	1138	2	29
2136813	1138	3	30
2136843	1138	4	29
2136872	1138	5	30
2136902	1138	6	30
2136932	1138	7	29
2136961	1138	8	30
2136991	1138	9	30
2137021	1138	10	29
2137050	1138	11	30
2137080	1138	12	29
2137109	1139	1	30
2137139	1139	2	29
2137168	1139	3	29
2137197	1139	4	30
2137227	1139	5	29
2137256	1139	6	30
2137286	1139	7	29
2137315	1139	8	30
2137345	1139	9	30
2137375	1139	10	30
2137405	1139	11	29
2137434	1139	12	30
2137464	1140	1	29
2137493	1140	2	30
2137523	1140	3	29
2137552	1140	4	29
2137581	1140	5	30
2137611	1140	6	29
2137640	1140	-6	30
2137670	1140	7	29
2137699	1140	8	30
2137729	1140	9	30
2137759	1140	10	29
2137788	1140	11	30
2137818	1140	12	30
2137848	1141	1	29
2137877	1141	2	30
2137907	1141	3	29
2137936	1141	4	29
2137965	1141	5	30
2137995	1141	6	29
2138024	1141	7	29
2138053	1141	8	30
2138083	1141	9	30
2138113	1141	10	29
2138142	1141	11	30
2138172	1141	12	30
2138202	1142	1	30
2138232	1142	2	29
2138261	1142	3	30
2138291	1142	4	29
2138320	1142	5	29
2138349	1142	6	30
2138379	1142	7	29
2138408	1142	8	29
2138437	1142	9	30
2138467	1142	10	29
2138496	1142	11	30
2138526	1142	12	30
2138556	1143	1	30
2138586	1143	2	29
2138615	1143	3	30
2138645	1143	4	30
2138675	1143	-4	29
2138704	1143	5	29
2138733	1143	6	30
2138763	1143	7	29
2138792	1143	8	29
2138821	1143	9	30
2138851	1143	10	29
2138880	1143	11	30
2138910	1143	12	30
2138940	1144	1	29
2138969	1144	2	30
2138999	1144	3	30
2139029	1144	4	29
2139058	1144	5	30
2139088	1144	6	29
2139117	1144	7	30
2139147	1144	8	29
2139176	1144	9	29
2139205	1144	10	30
2139235	1144	11	29
2139264	1144	12	30
2139294	1145	1	30
2139324	1145	2	29
2139353	1145	3	30
2139383	1145	4	30
2139413	1145	5	29
2139442	1145	6	30
2139472	1145	7	29
2139501	1145	8	30
2139531	1145	9	29
2139560	1145	10	29
2139589	1145	11	30
2139619	1145	-11	29
2139648	1145	12	30
2139678	1146	1	29
2139707	1146	2	30
2139737	1146	3	30
2139767	1146	4	29
2139796	1146	5	30
2139826	1146	6	29
2139855	1146	7	30
2139885	1146	8	30
2139915	1146	9	29
2139944	1146	10	30
2139974	1146	11	29
2140003	1146	12	29
2140032	1147	1	30
2140062	1147	2	29
2140091	1147	3	30
2140121	1147	4	29
2140150	1147	5	30
2140180	1147	6	29
2140209	1147	7	30
2140239	1147	8	30
2140269	1147	9	29
2140298	1147	10	30
2140328	1147	11	30
2140358	1147	12	29
2140387	1148	1	30
2140417	1148	2	29
2140446	1148	3	29
2140475	1148	4	30
2140505	1148	5	29
2140534	1148	6	30
2140564	1148	7	29
2140593	1148	8	30
2140623	1148	-8	30
2140653	1148	9	29
2140682	1148	10	30
2140712	1148	11	30
2140742	1148	12	29
2140771	1149	1	30
2140801	1149	2	29
2140830	1149	3	29
2140859	1149	4	30
2140889	1149	5	29
2140918	1149	6	29
2140947	1149	7	30
2140977	1149	8	30
2141007	1149	9	29
2141036	1149	10	30
2141066	1149	11	30
2141096	1149	12	30
2141126	1150	1	29
2141155	1150	2	30
2141185	1150	3	29
2141214	1150	4	29
2141243	1150	5	30
2141273	1150	6	29
2141302	1150	7	29
2141331	1150	8	30
2141361	1150	9	29
2141390	1150	10	30
2141420	1150	11	30
2141450	1150	12	30
2141480	1151	1	29
2141509	1151	2	30
2141539	1151	3	30
2141569	1151	4	29
2141598	1151	-4	29
2141627	1151	5	30
2141657	1151	6	29
2141686	1151	7	29
2141715	1151	8	30
2141745	1151	9	29
2141774	1151	10	30
2141804	1151	11	30
2141834	1151	12	30
2141864	1152	1	29
2141893	1152	2	30
2141923	1152	3	29
2141952	1152	4	30
2141982	1152	5	29
2142011	1152	6	30
2142041	1152	7	29
2142070	1152	8	29
2142099	1152	9	30
2142129	1152	10	29
2142158	1152	11	30
2142188	1152	12	30
2142218	1153	1	29
2142247	1153	2	30
2142277	1153	3	30
2142307	1153	4	29
2142336	1153	5	30
2142366	1153	6	29
2142395	1153	7	30
2142425	1153	8	29
2142454	1153	9	29
2142483	1153	10	30
2142513	1153	11	29
2142542	1153	12	30
2142572	1153	-12	29
2142601	1154	1	30
2142631	1154	2	30
2142661	1154	3	29
2142690	1154	4	30
2142720	1154	5	30
2142750	1154	6	29
2142779	1154	7	30
2142809	1154	8	29
2142838	1154	9	29
2142867	1154	10	30
2142897	1154	11	29
2142926	1154	12	30
2142956	1155	1	29
2142985	1155	2	30
2143015	1155	3	29
2143044	1155	4	30
2143074	1155	5	30
2143104	1155	6	29
2143133	1155	7	30
2143163	1155	8	29
2143192	1155	9	30
2143222	1155	10	30
2143252	1155	11	29
2143281	1155	12	29
2143310	1156	1	30
2143340	1156	2	29
2143369	1156	3	30
2143399	1156	4	29
2143428	1156	5	30
2143458	1156	6	29
2143487	1156	7	30
2143517	1156	8	30
2143547	1156	9	29
2143576	1156	10	30
2143606	1156	-10	30
2143636	1156	11	29
2143665	1156	12	30
2143695	1157	1	29
2143724	1157	2	29
2143753	1157	3	30
2143783	1157	4	29
2143812	1157	5	29
2143841	1157	6	30
2143871	1157	7	30
2143901	1157	8	29
2143930	1157	9	30
2143960	1157	10	30
2143990	1157	11	30
2144020	1157	12	29
2144049	1158	1	30
2144079	1158	2	29
2144108	1158	3	29
2144137	1158	4	30
2144167	1158	5	29
2144196	1158	6	29
2144225	1158	7	30
2144255	1158	8	29
2144284	1158	9	30
2144314	1158	10	30
2144344	1158	11	30
2144374	1158	12	29
2144403	1159	1	30
2144433	1159	2	30
2144463	1159	3	29
2144492	1159	4	29
2144521	1159	5	30
2144551	1159	6	29
2144580	1159	-6	29
2144609	1159	7	30
2144639	1159	8	29
2144668	1159	9	30
2144698	1159	10	30
2144728	1159	11	30
2144758	1159	12	29
2144787	1160	1	30
2144817	1160	2	30
2144847	1160	3	29
2144876	1160	4	29
2144905	1160	5	30
2144935	1160	6	29
2144964	1160	7	29
2144993	1160	8	30
2145023	1160	9	29
2145052	1160	10	30
2145082	1160	11	30
2145112	1160	12	29
2145141	1161	1	30
2145171	1161	2	30
2145201	1161	3	29
2145230	1161	4	30
2145260	1161	5	29
2145289	1161	6	30
2145319	1161	7	29
2145348	1161	8	29
2145377	1161	9	30
2145407	1161	10	29
2145436	1161	11	30
2145466	1161	12	29
2145495	1162	1	30
2145525	1162	2	30
2145555	1162	-2	29
2145584	1162	3	30
2145614	1162	4	30
2145644	1162	5	29
2145673	1162	6	30
2145703	1162	7	29
2145732	1162	8	29
2145761	1162	9	30
2145791	1162	10	29
2145820	1162	11	30
2145850	1162	12	29
2145879	1163	1	30
2145909	1163	2	30
2145939	1163	3	29
2145968	1163	4	30
2145998	1163	5	29
2146027	1163	6	30
2146057	1163	7	29
2146086	1163	8	30
2146116	1163	9	29
2146145	1163	10	30
2146175	1163	11	29
2146204	1163	12	30
2146234	1164	1	29
2146263	1164	2	30
2146293	1164	3	29
2146322	1164	4	30
2146352	1164	5	29
2146381	1164	6	30
2146411	1164	7	30
2146441	1164	8	29
2146470	1164	9	30
2146500	1164	10	29
2146529	1164	11	30
2146559	1164	-11	29
2146588	1164	12	30
2146618	1165	1	29
2146647	1165	2	30
2146677	1165	3	29
2146706	1165	4	30
2146736	1165	5	29
2146765	1165	6	30
2146795	1165	7	29
2146824	1165	8	30
2146854	1165	9	30
2146884	1165	10	29
2146913	1165	11	30
2146943	1165	12	30
2146973	1166	1	29
2147002	1166	2	29
2147031	1166	3	30
2147061	1166	4	29
2147090	1166	5	29
2147119	1166	6	30
2147149	1166	7	29
2147178	1166	8	30
2147208	1166	9	30
2147238	1166	10	30
2147268	1166	11	29
2147297	1166	12	30
2147327	1167	1	30
2147357	1167	2	29
2147386	1167	3	29
2147415	1167	4	30
2147445	1167	5	29
2147474	1167	6	29
2147503	1167	7	30
2147533	1167	-7	29
2147562	1167	8	30
2147592	1167	9	30
2147622	1167	10	30
2147652	1167	11	29
2147681	1167	12	30
2147711	1168	1	30
2147741	1168	2	29
2147770	1168	3	29
2147799	1168	4	30
2147829	1168	5	29
2147858	1168	6	29
2147887	1168	7	30
2147917	1168	8	29
2147946	1168	9	29
2147975	1168	10	30
2148005	1168	11	30
2148035	1168	12	30
2148065	1169	1	30
2148095	1169	2	29
2148124	1169	3	30
2148154	1169	4	29
2148183	1169	5	30
2148213	1169	6	29
2148242	1169	7	29
2148271	1169	8	30
2148301	1169	9	29
2148330	1169	10	30
2148360	1169	11	29
2148389	1169	12	30
2148419	1170	1	30
2148449	1170	2	30
2148479	1170	3	29
2148508	1170	4	30
2148538	1170	5	29
2148567	1170	-5	30
2148597	1170	6	29
2148626	1170	7	29
2148655	1170	8	30
2148685	1170	9	29
2148714	1170	10	30
2148744	1170	11	29
2148773	1170	12	30
2148803	1171	1	30
2148833	1171	2	29
2148862	1171	3	30
2148892	1171	4	30
2148922	1171	5	29
2148951	1171	6	30
2148981	1171	7	29
2149010	1171	8	29
2149039	1171	9	30
2149069	1171	10	29
2149098	1171	11	30
2149128	1171	12	29
2149157	1172	1	30
2149187	1172	2	29
2149216	1172	3	30
2149246	1172	4	30
2149276	1172	5	29
2149305	1172	6	30
2149335	1172	7	29
2149364	1172	8	30
2149394	1172	9	29
2149423	1172	10	30
2149453	1172	11	29
2149482	1172	12	30
2149512	1173	1	29
2149541	1173	-1	30
2149571	1173	2	29
2149600	1173	3	30
2149630	1173	4	29
2149659	1173	5	30
2149689	1173	6	30
2149719	1173	7	29
2149748	1173	8	30
2149778	1173	9	29
2149807	1173	10	30
2149837	1173	11	29
2149866	1173	12	30
2149896	1174	1	29
2149925	1174	2	30
2149955	1174	3	29
2149984	1174	4	29
2150013	1174	5	30
2150043	1174	6	30
2150073	1174	7	29
2150102	1174	8	30
2150132	1174	9	30
2150162	1174	10	29
2150191	1174	11	30
2150221	1174	12	30
2150251	1175	1	29
2150280	1175	2	29
2150309	1175	3	30
2150339	1175	4	29
2150368	1175	5	29
2150397	1175	6	30
2150427	1175	7	29
2150456	1175	8	30
2150486	1175	9	30
2150516	1175	-9	29
2150545	1175	10	30
2150575	1175	11	30
2150605	1175	12	29
2150634	1176	1	30
2150664	1176	2	29
2150693	1176	3	30
2150723	1176	4	29
2150752	1176	5	29
2150781	1176	6	30
2150811	1176	7	29
2150840	1176	8	30
2150870	1176	9	29
2150899	1176	10	30
2150929	1176	11	30
2150959	1176	12	30
2150989	1177	1	29
2151018	1177	2	30
2151048	1177	3	29
2151077	1177	4	30
2151107	1177	5	29
2151136	1177	6	29
2151165	1177	7	30
2151195	1177	8	29
2151224	1177	9	30
2151254	1177	10	29
2151283	1177	11	30
2151313	1177	12	30
2151343	1178	1	30
2151373	1178	2	29
2151402	1178	3	30
2151432	1178	4	29
2151461	1178	5	30
2151491	1178	6	29
2151520	1178	-6	29
2151549	1178	7	30
2151579	1178	8	29
2151608	1178	9	30
2151638	1178	10	29
2151667	1178	11	30
2151697	1178	12	30
2151727	1179	1	29
2151756	1179	2	30
2151786	1179	3	30
2151816	1179	4	29
2151845	1179	5	30
2151875	1179	6	29
2151904	1179	7	29
2151933	1179	8	30
2151963	1179	9	29
2151992	1179	10	30
2152022	1179	11	29
2152051	1179	12	30
2152081	1180	1	29
2152110	1180	2	30
2152140	1180	3	30
2152170	1180	4	29
2152199	1180	5	30
2152229	1180	6	29
2152258	1180	7	30
2152288	1180	8	29
2152317	1180	9	30
2152347	1180	10	29
2152376	1180	11	30
2152406	1180	12	29
2152435	1181	1	30
2152465	1181	2	29
2152494	1181	3	30
2152524	1181	-3	29
2152553	1181	4	30
2152583	1181	5	30
2152613	1181	6	29
2152642	1181	7	30
2152672	1181	8	29
2152701	1181	9	30
2152731	1181	10	29
2152760	1181	11	30
2152790	1181	12	29
2152819	1182	1	30
2152849	1182	2	29
2152878	1182	3	30
2152908	1182	4	29
2152937	1182	5	30
2152967	1182	6	29
2152996	1182	7	30
2153026	1182	8	30
2153056	1182	9	29
2153085	1182	10	30
2153115	1182	11	29
2153144	1182	12	30
2153174	1183	1	29
2153203	1183	2	30
2153233	1183	3	29
2153262	1183	4	29
2153291	1183	5	30
2153321	1183	6	29
2153350	1183	7	30
2153380	1183	8	30
2153410	1183	9	29
2153439	1183	10	30
2153469	1183	11	30
2153499	1183	-11	29
2153528	1183	12	30
2153558	1184	1	29
2153587	1184	2	30
2153617	1184	3	29
2153646	1184	4	29
2153675	1184	5	30
2153705	1184	6	29
2153734	1184	7	30
2153764	1184	8	29
2153793	1184	9	30
2153823	1184	10	30
2153853	1184	11	30
2153883	1184	12	29
2153912	1185	1	30
2153942	1185	2	29
2153971	1185	3	30
2154001	1185	4	29
2154030	1185	5	29
2154059	1185	6	30
2154089	1185	7	29
2154118	1185	8	30
2154148	1185	9	29
2154177	1185	10	30
2154207	1185	11	30
2154237	1185	12	30
2154267	1186	1	29
2154296	1186	2	30
2154326	1186	3	29
2154355	1186	4	30
2154385	1186	5	29
2154414	1186	6	29
2154443	1186	7	30
2154473	1186	-7	29
2154502	1186	8	29
2154531	1186	9	30
2154561	1186	10	30
2154591	1186	11	30
2154621	1186	12	29
2154650	1187	1	30
2154680	1187	2	30
2154710	1187	3	29
2154739	1187	4	30
2154769	1187	5	29
2154798	1187	6	29
2154827	1187	7	30
2154857	1187	8	29
2154886	1187	9	29
2154915	1187	10	30
2154945	1187	11	30
2154975	1187	12	29
2155004	1188	1	30
2155034	1188	2	30
2155064	1188	3	30
2155094	1188	4	29
2155123	1188	5	30
2155153	1188	6	29
2155182	1188	7	29
2155211	1188	8	30
2155241	1188	9	29
2155270	1188	10	29
2155299	1188	11	30
2155329	1188	12	30
2155359	1189	1	29
2155388	1189	2	30
2155418	1189	3	30
2155448	1189	4	29
2155477	1189	5	30
2155507	1189	-5	29
2155536	1189	6	30
2155566	1189	7	29
2155595	1189	8	30
2155625	1189	9	29
2155654	1189	10	30
2155684	1189	11	29
2155713	1189	12	30
2155743	1190	1	29
2155772	1190	2	30
2155802	1190	3	29
2155831	1190	4	30
2155861	1190	5	30
2155891	1190	6	29
2155920	1190	7	30
2155950	1190	8	29
2155979	1190	9	30
2156009	1190	10	29
2156038	1190	11	30
2156068	1190	12	29
2156097	1191	1	30
2156127	1191	2	29
2156156	1191	3	29
2156185	1191	4	30
2156215	1191	5	30
2156245	1191	6	29
2156274	1191	7	30
2156304	1191	8	30
2156334	1191	9	29
2156363	1191	10	30
2156393	1191	11	29
2156422	1191	12	30
2156452	1192	1	29
2156481	1192	2	30
2156511	1192	-2	29
2156540	1192	3	29
2156569	1192	4	30
2156599	1192	5	29
2156628	1192	6	30
2156658	1192	7	30
2156688	1192	8	29
2156717	1192	9	30
2156747	1192	10	30
2156777	1192	11	29
2156806	1192	12	30
2156836	1193	1	29
2156865	1193	2	30
2156895	1193	3	29
2156924	1193	4	29
2156953	1193	5	30
2156983	1193	6	29
2157012	1193	7	30
2157042	1193	8	29
2157071	1193	9	30
2157101	1193	10	30
2157131	1193	11	30
2157161	1193	12	29
2157190	1194	1	30
2157220	1194	2	29
2157249	1194	3	30
2157279	1194	4	29
2157308	1194	5	29
2157337	1194	6	30
2157367	1194	7	29
2157396	1194	8	29
2157425	1194	9	30
2157455	1194	10	30
2157485	1194	-10	30
2157515	1194	11	29
2157544	1194	12	30
2157574	1195	1	30
2157604	1195	2	29
2157633	1195	3	30
2157663	1195	4	29
2157692	1195	5	29
2157721	1195	6	30
2157751	1195	7	29
2157780	1195	8	29
2157809	1195	9	30
2157839	1195	10	30
2157869	1195	11	29
2157898	1195	12	30
2157928	1196	1	30
2157958	1196	2	30
2157988	1196	3	29
2158017	1196	4	30
2158047	1196	5	29
2158076	1196	6	29
2158105	1196	7	30
2158135	1196	8	29
2158164	1196	9	29
2158193	1196	10	30
2158223	1196	11	30
2158253	1196	12	29
2158282	1197	1	30
2158312	1197	2	30
2158342	1197	3	29
2158371	1197	4	30
2158401	1197	5	29
2158430	1197	6	30
2158460	1197	-6	29
2158489	1197	7	30
2158519	1197	8	29
2158548	1197	9	29
2158577	1197	10	30
2158607	1197	11	29
2158636	1197	12	30
2158666	1198	1	30
2158696	1198	2	29
2158725	1198	3	30
2158755	1198	4	30
2158785	1198	5	29
2158814	1198	6	30
2158844	1198	7	29
2158873	1198	8	30
2158903	1198	9	29
2158932	1198	10	29
2158961	1198	11	30
2158991	1198	12	29
2159020	1199	1	30
2159050	1199	2	30
2159080	1199	3	29
2159109	1199	4	30
2159139	1199	5	29
2159168	1199	6	30
2159198	1199	7	30
2159228	1199	8	29
2159257	1199	9	30
2159287	1199	10	29
2159316	1199	11	30
2159346	1199	12	29
2159375	1200	1	29
2159404	1200	2	30
2159434	1200	-2	29
2159463	1200	3	30
2159493	1200	4	29
2159522	1200	5	30
2159552	1200	6	30
2159582	1200	7	29
2159611	1200	8	30
2159641	1200	9	30
2159671	1200	10	29
2159700	1200	11	30
2159730	1200	12	29
2159759	1201	1	30
2159789	1201	2	29
2159818	1201	3	29
2159847	1201	4	30
2159877	1201	5	29
2159906	1201	6	30
2159936	1201	7	29
2159965	1201	8	30
2159995	1201	9	30
2160025	1201	10	30
2160055	1201	11	29
2160084	1201	12	30
2160114	1202	1	29
2160143	1202	2	30
2160173	1202	3	29
2160202	1202	4	29
2160231	1202	5	30
2160261	1202	6	29
2160290	1202	7	29
2160319	1202	8	30
2160349	1202	9	30
2160379	1202	10	30
2160409	1202	11	29
2160438	1202	12	30
2160468	1202	-12	30
2160498	1203	1	29
2160527	1203	2	30
2160557	1203	3	29
2160586	1203	4	29
2160615	1203	5	30
2160645	1203	6	29
2160674	1203	7	29
2160703	1203	8	30
2160733	1203	9	30
2160763	1203	10	29
2160792	1203	11	30
2160822	1203	12	30
2160852	1204	1	30
2160882	1204	2	29
2160911	1204	3	30
2160941	1204	4	29
2160970	1204	5	29
2160999	1204	6	30
2161029	1204	7	29
2161058	1204	8	29
2161087	1204	9	30
2161117	1204	10	29
2161146	1204	11	30
2161176	1204	12	30
2161206	1205	1	30
2161236	1205	2	29
2161265	1205	3	30
2161295	1205	4	29
2161324	1205	5	30
2161354	1205	6	29
2161383	1205	7	30
2161413	1205	8	29
2161442	1205	-8	29
2161471	1205	9	30
2161501	1205	10	29
2161530	1205	11	30
2161560	1205	12	30
2161590	1206	1	29
2161619	1206	2	30
2161649	1206	3	30
2161679	1206	4	29
2161708	1206	5	30
2161738	1206	6	29
2161767	1206	7	30
2161797	1206	8	29
2161826	1206	9	29
2161855	1206	10	30
2161885	1206	11	29
2161914	1206	12	30
2161944	1207	1	30
2161974	1207	2	29
2162003	1207	3	30
2162033	1207	4	30
2162063	1207	5	29
2162092	1207	6	30
2162122	1207	7	29
2162151	1207	8	30
2162181	1207	9	29
2162210	1207	10	30
2162240	1207	11	29
2162269	1207	12	29
2162298	1208	1	30
2162328	1208	2	29
2162357	1208	3	30
2162387	1208	4	30
2162417	1208	-4	29
2162446	1208	5	30
2162476	1208	6	29
2162505	1208	7	30
2162535	1208	8	30
2162565	1208	9	29
2162594	1208	10	30
2162624	1208	11	29
2162653	1208	12	29
2162682	1209	1	30
2162712	1209	2	29
2162741	1209	3	30
2162771	1209	4	29
2162800	1209	5	30
2162830	1209	6	29
2162859	1209	7	30
2162889	1209	8	30
2162919	1209	9	29
2162948	1209	10	30
2162978	1209	11	30
2163008	1209	12	29
2163037	1210	1	30
2163067	1210	2	29
2163096	1210	3	29
2163125	1210	4	30
2163155	1210	5	29
2163184	1210	6	30
2163214	1210	7	29
2163243	1210	8	30
2163273	1210	9	30
2163303	1210	10	29
2163332	1210	11	30
2163362	1210	12	30
2163392	1211	1	29
2163421	1211	2	30
2163451	1211	-2	29
2163480	1211	3	29
2163509	1211	4	30
2163539	1211	5	29
2163568	1211	6	29
2163597	1211	7	30
2163627	1211	8	30
2163657	1211	9	29
2163686	1211	10	30
2163716	1211	11	30
2163746	1211	12	30
2163776	1212	1	29
2163805	1212	2	30
2163835	1212	3	29
2163864	1212	4	29
2163893	1212	5	30
2163923	1212	6	29
2163952	1212	7	29
2163981	1212	8	30
2164011	1212	9	29
2164040	1212	10	30
2164070	1212	11	30
2164100	1212	12	30
2164130	1213	1	29
2164159	1213	2	30
2164189	1213	3	30
2164219	1213	4	29
2164248	1213	5	29
2164277	1213	6	30
2164307	1213	7	29
2164336	1213	8	29
2164365	1213	9	30
2164395	1213	-9	29
2164424	1213	10	30
2164454	1213	11	30
2164484	1213	12	30
2164514	1214	1	29
2164543	1214	2	30
2164573	1214	3	29
2164602	1214	4	30
2164632	1214	5	29
2164661	1214	6	30
2164691	1214	7	29
2164720	1214	8	29
2164749	1214	9	30
2164779	1214	10	29
2164808	1214	11	30
2164838	1214	12	30
2164868	1215	1	29
2164897	1215	2	30
2164927	1215	3	30
2164957	1215	4	29
2164986	1215	5	30
2165016	1215	6	29
2165045	1215	7	30
2165075	1215	8	29
2165104	1215	9	29
2165133	1215	10	30
2165163	1215	11	29
2165192	1215	12	30
2165222	1216	1	29
2165251	1216	2	30
2165281	1216	3	30
2165311	1216	4	29
2165340	1216	5	30
2165370	1216	6	30
2165400	1216	7	29
2165429	1216	-7	30
2165459	1216	8	29
2165488	1216	9	29
2165517	1216	10	30
2165547	1216	11	29
2165576	1216	12	30
2165606	1217	1	29
2165635	1217	2	30
2165665	1217	3	29
2165694	1217	4	30
2165724	1217	5	30
2165754	1217	6	29
2165783	1217	7	30
2165813	1217	8	29
2165842	1217	9	30
2165872	1217	10	30
2165902	1217	11	29
2165931	1217	12	29
2165960	1218	1	30
2165990	1218	2	29
2166019	1218	3	30
2166049	1218	4	29
2166078	1218	5	30
2166108	1218	6	29
2166137	1218	7	30
2166167	1218	8	30
2166197	1218	9	29
2166226	1218	10	30
2166256	1218	11	30
2166286	1218	12	29
2166315	1219	1	30
2166345	1219	2	29
2166374	1219	3	29
2166403	1219	-3	30
2166433	1219	4	29
2166462	1219	5	29
2166491	1219	6	30
2166521	1219	7	30
2166551	1219	8	29
2166580	1219	9	30
2166610	1219	10	30
2166640	1219	11	30
2166670	1219	12	29
2166699	1220	1	30
2166729	1220	2	29
2166758	1220	3	29
2166787	1220	4	30
2166817	1220	5	29
2166846	1220	6	29
2166875	1220	7	30
2166905	1220	8	29
2166934	1220	9	30
2166964	1220	10	30
2166994	1220	11	30
2167024	1220	12	29
2167053	1221	1	30
2167083	1221	2	30
2167113	1221	3	29
2167142	1221	4	29
2167171	1221	5	30
2167201	1221	6	29
2167230	1221	7	29
2167259	1221	8	30
2167289	1221	9	29
2167318	1221	10	30
2167348	1221	11	30
2167378	1221	12	30
2167408	1221	-12	29
2167437	1222	1	30
2167467	1222	2	30
2167497	1222	3	29
2167526	1222	4	29
2167555	1222	5	30
2167585	1222	6	29
2167614	1222	7	29
2167643	1222	8	30
2167673	1222	9	29
2167702	1222	10	30
2167732	1222	11	30
2167762	1222	12	29
2167791	1223	1	30
2167821	1223	2	30
2167851	1223	3	29
2167880	1223	4	30
2167910	1223	5	29
2167939	1223	6	30
2167969	1223	7	29
2167998	1223	8	29
2168027	1223	9	30
2168057	1223	10	29
2168086	1223	11	30
2168116	1223	12	29
2168145	1224	1	30
2168175	1224	2	30
2168205	1224	3	29
2168234	1224	4	30
2168264	1224	5	30
2168294	1224	6	29
2168323	1224	7	30
2168353	1224	8	29
2168382	1224	-8	29
2168411	1224	9	30
2168441	1224	10	29
2168470	1224	11	30
2168500	1224	12	29
2168529	1225	1	30
2168559	1225	2	29
2168588	1225	3	30
2168618	1225	4	30
2168648	1225	5	29
2168677	1225	6	30
2168707	1225	7	29
2168736	1225	8	30
2168766	1225	9	29
2168795	1225	10	30
2168825	1225	11	29
2168854	1225	12	30
2168884	1226	1	29
2168913	1226	2	30
2168943	1226	3	29
2168972	1226	4	30
2169002	1226	5	29
2169031	1226	6	30
2169061	1226	7	30
2169091	1226	8	29
2169120	1226	9	30
2169150	1226	10	29
2169179	1226	11	30
2169209	1226	12	29
2169238	1227	1	30
2169268	1227	2	29
2169297	1227	3	30
2169327	1227	4	29
2169356	1227	5	30
2169386	1227	-5	29
2169415	1227	6	30
2169445	1227	7	29
2169474	1227	8	30
2169504	1227	9	30
2169534	1227	10	29
2169563	1227	11	30
2169593	1227	12	30
2169623	1228	1	29
2169652	1228	2	29
2169681	1228	3	30
2169711	1228	4	29
2169740	1228	5	29
2169769	1228	6	30
2169799	1228	7	29
2169828	1228	8	30
2169858	1228	9	30
2169888	1228	10	30
2169918	1228	11	29
2169947	1228	12	30
2169977	1229	1	30
2170007	1229	2	29
2170036	1229	3	29
2170065	1229	4	30
2170095	1229	5	29
2170124	1229	6	29
2170153	1229	7	30
2170183	1229	8	29
2170212	1229	9	30
2170242	1229	10	30
2170272	1229	11	30
2170302	1229	12	29
2170331	1230	1	30
2170361	1230	2	30
2170391	1230	-2	29
2170420	1230	3	29
2170449	1230	4	30
2170479	1230	5	29
2170508	1230	6	29
2170537	1230	7	30
2170567	1230	8	29
2170596	1230	9	30
2170626	1230	10	29
2170655	1230	11	30
2170685	1230	12	30
2170715	1231	1	30
2170745	1231	2	29
2170774	1231	3	30
2170804	1231	4	29
2170833	1231	5	30
2170863	1231	6	29
2170892	1231	7	29
2170921	1231	8	30
2170951	1231	9	29
2170980	1231	10	30
2171010	1231	11	29
2171039	1231	12	30
2171069	1232	1	30
2171099	1232	2	30
2171129	1232	3	29
2171158	1232	4	30
2171188	1232	5	29
2171217	1232	6	30
2171247	1232	7	29
2171276	1232	8	29
2171305	1232	9	30
2171335	1232	-9	29
2171364	1232	10	30
2171394	1232	11	29
2171423	1232	12	30
2171453	1233	1	30
2171483	1233	2	29
2171512	1233	3	30
2171542	1233	4	30
2171572	1233	5	29
2171601	1233	6	29
2171630	1233	7	30
2171660	1233	8	29
2171689	1233	9	30
2171719	1233	10	29
2171748	1233	11	30
2171778	1233	12	29
2171807	1234	1	30
2171837	1234	2	29
2171866	1234	3	30
2171896	1234	4	30
2171926	1234	5	29
2171955	1234	6	30
2171985	1234	7	29
2172014	1234	8	30
2172044	1234	9	29
2172073	1234	10	30
2172103	1234	11	29
2172132	1234	12	30
2172162	1235	1	29
2172191	1235	2	30
2172221	1235	3	29
2172250	1235	4	30
2172280	1235	5	29
2172309	1235	6	30
2172339	1235	7	30
2172369	1235	-7	29
2172398	1235	8	30
2172428	1235	9	29
2172457	1235	10	30
2172487	1235	11	29
2172516	1235	12	30
2172546	1236	1	29
2172575	1236	2	30
2172605	1236	3	29
2172634	1236	4	29
2172663	1236	5	30
2172693	1236	6	30
2172723	1236	7	29
2172752	1236	8	30
2172782	1236	9	30
2172812	1236	10	29
2172841	1236	11	30
2172871	1236	12	29
2172900	1237	1	30
2172930	1237	2	29
2172959	1237	3	30
2172989	1237	4	29
2173018	1237	5	29
2173047	1237	6	30
2173077	1237	7	29
2173106	1237	8	30
2173136	1237	9	30
2173166	1237	10	29
2173195	1237	11	30
2173225	1237	12	30
2173255	1238	1	29
2173284	1238	2	30
2173314	1238	3	29
2173343	1238	4	30
2173373	1238	-4	29
2173402	1238	5	29
2173431	1238	6	30
2173461	1238	7	29
2173490	1238	8	30
2173520	1238	9	29
2173549	1238	10	30
2173579	1238	11	30
2173609	1238	12	30
2173639	1239	1	29
2173668	1239	2	30
2173698	1239	3	29
2173727	1239	4	30
2173757	1239	5	29
2173786	1239	6	29
2173815	1239	7	30
2173845	1239	8	29
2173874	1239	9	30
2173904	1239	10	29
2173933	1239	11	30
2173963	1239	12	30
2173993	1240	1	30
2174023	1240	2	29
2174052	1240	3	30
2174082	1240	4	29
2174111	1240	5	30
2174141	1240	6	29
2174170	1240	7	29
2174199	1240	8	30
2174229	1240	9	29
2174258	1240	10	29
2174287	1240	11	30
2174317	1240	12	30
2174347	1240	-12	30
2174377	1241	1	29
2174406	1241	2	30
2174436	1241	3	30
2174466	1241	4	29
2174495	1241	5	30
2174525	1241	6	29
2174554	1241	7	29
2174583	1241	8	30
2174613	1241	9	29
2174642	1241	10	29
2174671	1241	11	30
2174701	1241	12	30
2174731	1242	1	29
2174760	1242	2	30
2174790	1242	3	30
2174820	1242	4	29
2174849	1242	5	30
2174879	1242	6	29
2174908	1242	7	30
2174938	1242	8	29
2174967	1242	9	30
2174997	1242	10	29
2175026	1242	11	30
2175056	1242	12	29
2175085	1243	1	30
2175115	1243	2	29
2175144	1243	3	30
2175174	1243	4	29
2175203	1243	5	30
2175233	1243	6	30
2175263	1243	7	29
2175292	1243	8	30
2175322	1243	-8	29
2175351	1243	9	30
2175381	1243	10	29
2175410	1243	11	30
2175440	1243	12	29
2175469	1244	1	30
2175499	1244	2	29
2175528	1244	3	30
2175558	1244	4	29
2175587	1244	5	30
2175617	1244	6	29
2175646	1244	7	30
2175676	1244	8	30
2175706	1244	9	29
2175735	1244	10	30
2175765	1244	11	29
2175794	1244	12	30
2175824	1245	1	29
2175853	1245	2	30
2175883	1245	3	29
2175912	1245	4	29
2175941	1245	5	30
2175971	1245	6	29
2176000	1245	7	30
2176030	1245	8	30
2176060	1245	9	29
2176089	1245	10	30
2176119	1245	11	30
2176149	1245	12	29
2176178	1246	1	30
2176208	1246	2	29
2176237	1246	3	30
2176267	1246	4	29
2176296	1246	-4	29
2176325	1246	5	30
2176355	1246	6	29
2176384	1246	7	30
2176414	1246	8	29
2176443	1246	9	30
2176473	1246	10	30
2176503	1246	11	30
2176533	1246	12	29
2176562	1247	1	30
2176592	1247	2	29
2176621	1247	3	30
2176651	1247	4	29
2176680	1247	5	29
2176709	1247	6	30
2176739	1247	7	29
2176768	1247	8	30
2176798	1247	9	29
2176827	1247	10	30
2176857	1247	11	30
2176887	1247	12	30
2176917	1248	1	29
2176946	1248	2	30
2176976	1248	3	29
2177005	1248	4	30
2177035	1248	5	29
2177064	1248	6	29
2177093	1248	7	30
2177123	1248	8	29
2177152	1248	9	29
2177181	1248	10	30
2177211	1248	11	30
2177241	1248	12	30
2177271	1249	1	29
2177300	1249	2	30
2177330	1249	-2	30
2177360	1249	3	29
2177389	1249	4	30
2177419	1249	5	29
2177448	1249	6	29
2177477	1249	7	30
2177507	1249	8	29
2177536	1249	9	29
2177565	1249	10	30
2177595	1249	11	30
2177625	1249	12	29
2177654	1250	1	30
2177684	1250	2	30
2177714	1250	3	30
2177744	1250	4	29
2177773	1250	5	29
2177802	1250	6	30
2177832	1250	7	29
2177861	1250	8	30
2177891	1250	9	29
2177920	1250	10	29
2177949	1250	11	30
2177979	1250	12	30
2178009	1251	1	29
2178038	1251	2	30
2178068	1251	3	30
2178098	1251	4	29
2178127	1251	5	30
2178157	1251	6	30
2178187	1251	7	29
2178216	1251	8	29
2178245	1251	9	30
2178275	1251	10	29
2178304	1251	-10	29
2178333	1251	11	30
2178363	1251	12	30
2178393	1252	1	29
2178422	1252	2	30
2178452	1252	3	29
2178481	1252	4	30
2178511	1252	5	29
2178540	1252	6	30
2178570	1252	7	30
2178600	1252	8	29
2178629	1252	9	30
2178659	1252	10	29
2178688	1252	11	30
2178718	1252	12	29
2178747	1253	1	29
2178776	1253	2	30
2178806	1253	3	29
2178835	1253	4	30
2178865	1253	5	30
2178895	1253	6	29
2178924	1253	7	30
2178954	1253	8	30
2178984	1253	9	29
2179013	1253	10	30
2179043	1253	11	29
2179072	1253	12	30
2179102	1254	1	29
2179131	1254	2	30
2179161	1254	3	29
2179190	1254	4	29
2179219	1254	5	30
2179249	1254	6	29
2179278	1254	-6	30
2179308	1254	7	30
2179338	1254	8	29
2179367	1254	9	30
2179397	1254	10	30
2179427	1254	11	29
2179456	1254	12	30
2179486	1255	1	29
2179515	1255	2	30
2179545	1255	3	29
2179574	1255	4	29
2179603	1255	5	30
2179633	1255	6	29
2179662	1255	7	30
2179692	1255	8	29
2179721	1255	9	30
2179751	1255	10	30
2179781	1255	11	30
2179811	1255	12	29
2179840	1256	1	30
2179870	1256	2	29
2179899	1256	3	30
2179929	1256	4	29
2179958	1256	5	29
2179987	1256	6	30
2180017	1256	7	29
2180046	1256	8	29
2180075	1256	9	30
2180105	1256	10	30
2180135	1256	11	30
2180165	1256	12	29
2180194	1257	1	30
2180224	1257	2	30
2180254	1257	3	29
2180283	1257	4	30
2180313	1257	-4	29
2180342	1257	5	29
2180371	1257	6	30
2180401	1257	7	29
2180430	1257	8	29
2180459	1257	9	30
2180489	1257	10	30
2180519	1257	11	29
2180548	1257	12	30
2180578	1258	1	30
2180608	1258	2	30
2180638	1258	3	29
2180667	1258	4	30
2180697	1258	5	29
2180726	1258	6	29
2180755	1258	7	30
2180785	1258	8	29
2180814	1258	9	29
2180843	1258	10	30
2180873	1258	11	30
2180903	1258	12	29
2180932	1259	1	30
2180962	1259	2	30
2180992	1259	3	29
2181021	1259	4	30
2181051	1259	5	29
2181080	1259	6	30
2181110	1259	7	29
2181139	1259	8	30
2181169	1259	9	29
2181198	1259	10	29
2181227	1259	11	30
2181257	1259	-11	29
2181286	1259	12	30
2181316	1260	1	30
2181346	1260	2	29
2181375	1260	3	30
2181405	1260	4	30
2181435	1260	5	29
2181464	1260	6	30
2181494	1260	7	29
2181523	1260	8	30
2181553	1260	9	29
2181582	1260	10	29
2181611	1260	11	30
2181641	1260	12	29
2181670	1261	1	30
2181700	1261	2	29
2181729	1261	3	30
2181759	1261	4	30
2181789	1261	5	29
2181818	1261	6	30
2181848	1261	7	30
2181878	1261	8	29
2181907	1261	9	30
2181937	1261	10	29
2181966	1261	11	30
2181996	1261	12	29
2182025	1262	1	29
2182054	1262	2	30
2182084	1262	3	29
2182113	1262	4	30
2182143	1262	5	29
2182172	1262	6	30
2182202	1262	7	30
2182232	1262	8	29
2182261	1262	9	30
2182291	1262	-9	30
2182321	1262	10	29
2182350	1262	11	30
2182380	1262	12	29
2182409	1263	1	29
2182438	1263	2	30
2182468	1263	3	29
2182497	1263	4	30
2182527	1263	5	29
2182556	1263	6	30
2182586	1263	7	29
2182615	1263	8	30
2182645	1263	9	29
2182674	1263	10	30
2182704	1263	11	30
2182734	1263	12	30
2182764	1264	1	29
2182793	1264	2	30
2182823	1264	3	29
2182852	1264	4	29
2182881	1264	5	30
2182911	1264	6	29
2182940	1264	7	29
2182969	1264	8	30
2182999	1264	9	30
2183029	1264	10	30
2183059	1264	11	29
2183088	1264	12	30
2183118	1265	1	30
2183148	1265	2	29
2183177	1265	3	30
2183207	1265	4	29
2183236	1265	5	29
2183265	1265	-5	30
2183295	1265	6	29
2183324	1265	7	29
2183353	1265	8	30
2183383	1265	9	30
2183413	1265	10	29
2183442	1265	11	30
2183472	1265	12	30
2183502	1266	1	30
2183532	1266	2	29
2183561	1266	3	30
2183591	1266	4	29
2183620	1266	5	29
2183649	1266	6	30
2183679	1266	7	29
2183708	1266	8	29
2183737	1266	9	30
2183767	1266	10	29
2183796	1266	11	30
2183826	1266	12	30
2183856	1267	1	30
2183886	1267	2	29
2183915	1267	3	30
2183945	1267	4	29
2183974	1267	5	30
2184004	1267	6	29
2184033	1267	7	30
2184063	1267	8	29
2184092	1267	9	29
2184121	1267	10	30
2184151	1267	11	29
2184180	1267	12	30
2184210	1268	1	30
2184240	1268	-1	29
2184269	1268	2	30
2184299	1268	3	30
2184329	1268	4	29
2184358	1268	5	30
2184388	1268	6	29
2184417	1268	7	30
2184447	1268	8	29
2184476	1268	9	29
2184505	1268	10	30
2184535	1268	11	29
2184564	1268	12	30
2184594	1269	1	30
2184624	1269	2	29
2184653	1269	3	30
2184683	1269	4	30
2184713	1269	5	29
2184742	1269	6	30
2184772	1269	7	29
2184801	1269	8	30
2184831	1269	9	29
2184860	1269	10	29
2184889	1269	11	30
2184919	1269	12	29
2184948	1270	1	30
2184978	1270	2	29
2185007	1270	3	30
2185037	1270	4	30
2185067	1270	5	29
2185096	1270	6	30
2185126	1270	7	29
2185155	1270	8	30
2185185	1270	9	30
2185215	1270	10	29
2185244	1270	-10	29
2185273	1270	11	30
2185303	1270	12	29
2185332	1271	1	30
2185362	1271	2	29
2185391	1271	3	30
2185421	1271	4	29
2185450	1271	5	30
2185480	1271	6	29
2185509	1271	7	30
2185539	1271	8	30
2185569	1271	9	29
2185598	1271	10	30
2185628	1271	11	30
2185658	1271	12	29
2185687	1272	1	30
2185717	1272	2	29
2185746	1272	3	29
2185775	1272	4	30
2185805	1272	5	29
2185834	1272	6	30
2185864	1272	7	29
2185893	1272	8	30
2185923	1272	9	30
2185953	1272	10	29
2185982	1272	11	30
2186012	1272	12	30
2186042	1273	1	29
2186071	1273	2	30
2186101	1273	3	29
2186130	1273	4	29
2186159	1273	5	30
2186189	1273	6	29
2186218	1273	-6	29
2186247	1273	7	30
2186277	1273	8	30
2186307	1273	9	29
2186336	1273	10	30
2186366	1273	11	30
2186396	1273	12	30
2186426	1274	1	29
2186455	1274	2	30
2186485	1274	3	29
2186514	1274	4	29
2186543	1274	5	30
2186573	1274	6	29
2186602	1274	7	29
2186631	1274	8	30
2186661	1274	9	29
2186690	1274	10	30
2186720	1274	11	30
2186750	1274	12	30
2186780	1275	1	29
2186809	1275	2	30
2186839	1275	3	30
2186869	1275	4	29
2186898	1275	5	29
2186927	1275	6	30
2186957	1275	7	29
2186986	1275	8	29
2187015	1275	9	30
2187045	1275	10	29
2187074	1275	11	30
2187104	1275	12	30
2187134	1276	1	30
2187164	1276	2	29
2187193	1276	3	30
2187223	1276	-3	29
2187252	1276	4	30
2187282	1276	5	29
2187311	1276	6	30
2187341	1276	7	29
2187370	1276	8	29
2187399	1276	9	30
2187429	1276	10	29
2187458	1276	11	30
2187488	1276	12	30
2187518	1277	1	29
2187547	1277	2	30
2187577	1277	3	30
2187607	1277	4	29
2187636	1277	5	30
2187666	1277	6	29
2187695	1277	7	30
2187725	1277	8	29
2187754	1277	9	29
2187783	1277	10	30
2187813	1277	11	29
2187842	1277	12	30
2187872	1278	1	29
2187901	1278	2	30
2187931	1278	3	30
2187961	1278	4	29
2187990	1278	5	30
2188020	1278	6	29
2188049	1278	7	30
2188079	1278	8	30
2188109	1278	9	29
2188138	1278	10	29
2188167	1278	11	30
2188197	1278	-11	29
2188226	1278	12	30
2188256	1279	1	29
2188285	1279	2	30
2188315	1279	3	29
2188344	1279	4	30
2188374	1279	5	30
2188404	1279	6	29
2188433	1279	7	30
2188463	1279	8	29
2188492	1279	9	30
2188522	1279	10	30
2188552	1279	11	29
2188581	1279	12	29
2188610	1280	1	30
2188640	1280	2	29
2188669	1280	3	30
2188699	1280	4	29
2188728	1280	5	30
2188758	1280	6	29
2188787	1280	7	30
2188817	1280	8	30
2188847	1280	9	29
2188876	1280	10	30
2188906	1280	11	30
2188936	1280	12	29
2188965	1281	1	29
2188994	1281	2	29
2189023	1281	3	30
2189053	1281	4	29
2189082	1281	5	30
2189112	1281	6	29
2189141	1281	7	30
2189171	1281	8	29
2189200	1281	-8	30
2189230	1281	9	30
2189260	1281	10	30
2189290	1281	11	29
2189319	1281	12	30
2189349	1282	1	29
2189378	1282	2	30
2189408	1282	3	29
2189437	1282	4	29
2189466	1282	5	30
2189496	1282	6	29
2189525	1282	7	29
2189554	1282	8	30
2189584	1282	9	30
2189614	1282	10	30
2189644	1282	11	30
2189674	1282	12	29
2189703	1283	1	30
2189733	1283	2	29
2189762	1283	3	30
2189792	1283	4	29
2189821	1283	5	29
2189850	1283	6	30
2189880	1283	7	29
2189909	1283	8	29
2189938	1283	9	30
2189968	1283	10	30
2189998	1283	11	29
2190027	1283	12	30
2190057	1284	1	30
2190087	1284	2	30
2190117	1284	3	29
2190146	1284	4	30
2190176	1284	5	29
2190205	1284	-5	29
2190234	1284	6	30
2190264	1284	7	29
2190293	1284	8	29
2190322	1284	9	30
2190352	1284	10	29
2190381	1284	11	30
2190411	1284	12	30
2190441	1285	1	30
2190471	1285	2	29
2190500	1285	3	30
2190530	1285	4	30
2190560	1285	5	29
2190589	1285	6	29
2190618	1285	7	30
2190648	1285	8	29
2190677	1285	9	29
2190706	1285	10	30
2190736	1285	11	29
2190765	1285	12	30
2190795	1286	1	30
2190825	1286	2	29
2190854	1286	3	30
2190884	1286	4	30
2190914	1286	5	29
2190943	1286	6	30
2190973	1286	7	29
2191002	1286	8	30
2191032	1286	9	29
2191061	1286	10	29
2191090	1286	11	30
2191120	1286	12	29
2191149	1287	1	30
2191179	1287	2	30
2191209	1287	-2	29
2191238	1287	3	30
2191268	1287	4	30
2191298	1287	5	29
2191327	1287	6	30
2191357	1287	7	29
2191386	1287	8	30
2191416	1287	9	29
2191445	1287	10	29
2191474	1287	11	30
2191504	1287	12	29
2191533	1288	1	30
2191563	1288	2	29
2191592	1288	3	30
2191622	1288	4	30
2191652	1288	5	29
2191681	1288	6	30
2191711	1288	7	29
2191740	1288	8	30
2191770	1288	9	30
2191800	1288	10	29
2191829	1288	11	30
2191859	1288	12	29
2191888	1289	1	30
2191918	1289	2	29
2191947	1289	3	29
2191976	1289	4	30
2192006	1289	5	29
2192035	1289	6	30
2192065	1289	7	29
2192094	1289	8	30
2192124	1289	9	30
2192154	1289	10	30
2192184	1289	-10	29
2192213	1289	11	30
2192243	1289	12	29
2192272	1290	1	30
2192302	1290	2	29
2192331	1290	3	29
2192360	1290	4	30
2192390	1290	5	29
2192419	1290	6	30
2192449	1290	7	29
2192478	1290	8	30
2192508	1290	9	30
2192538	1290	10	29
2192567	1290	11	30
2192597	1290	12	30
2192627	1291	1	29
2192656	1291	2	30
2192686	1291	3	29
2192715	1291	4	29
2192744	1291	5	30
2192774	1291	6	29
2192803	1291	7	29
2192832	1291	8	30
2192862	1291	9	30
2192892	1291	10	29
2192921	1291	11	30
2192951	1291	12	30
2192981	1292	1	30
2193011	1292	2	29
2193040	1292	3	30
2193070	1292	4	29
2193099	1292	5	29
2193128	1292	6	30
2193158	1292	-6	29
2193187	1292	7	29
2193216	1292	8	30
2193246	1292	9	29
2193275	1292	10	30
2193305	1292	11	30
2193335	1292	12	30
2193365	1293	1	30
2193395	1293	2	29
2193424	1293	3	30
2193454	1293	4	29
2193483	1293	5	29
2193512	1293	6	30
2193542	1293	7	29
2193571	1293	8	29
2193600	1293	9	30
2193630	1293	10	29
2193659	1293	11	30
2193689	1293	12	30
2193719	1294	1	30
2193749	1294	2	29
2193778	1294	3	30
2193808	1294	4	29
2193837	1294	5	30
2193867	1294	6	29
2193896	1294	7	30
2193926	1294	8	29
2193955	1294	9	29
2193984	1294	10	30
2194014	1294	11	29
2194043	1294	12	30
2194073	1295	1	30
2194103	1295	2	29
2194132	1295	3	30
2194162	1295	4	30
2194192	1295	-4	29
2194221	1295	5	30
2194251	1295	6	29
2194280	1295	7	30
2194310	1295	8	29
2194339	1295	9	29
2194368	1295	10	30
2194398	1295	11	29
2194427	1295	12	30
2194457	1296	1	29
2194486	1296	2	30
2194516	1296	3	30
2194546	1296	4	29
2194575	1296	5	30
2194605	1296	6	30
2194635	1296	7	29
2194664	1296	8	30
2194694	1296	9	29
2194723	1296	10	30
2194753	1296	11	29
2194782	1296	12	29
2194811	1297	1	30
2194841	1297	2	29
2194870	1297	3	30
2194900	1297	4	29
2194929	1297	5	30
2194959	1297	6	30
2194989	1297	7	29
2195018	1297	8	30
2195048	1297	9	29
2195077	1297	10	30
2195107	1297	11	30
2195137	1297	12	29
2195166	1297	-12	29
2195195	1298	1	30
2195225	1298	2	29
2195254	1298	3	30
2195284	1298	4	29
2195313	1298	5	30
2195343	1298	6	29
2195372	1298	7	30
2195402	1298	8	30
2195432	1298	9	29
2195461	1298	10	30
2195491	1298	11	30
2195521	1298	12	29
2195550	1299	1	30
2195580	1299	2	29
2195609	1299	3	29
2195638	1299	4	30
2195668	1299	5	29
2195697	1299	6	29
2195726	1299	7	30
2195756	1299	8	30
2195786	1299	9	29
2195815	1299	10	30
2195845	1299	11	30
2195875	1299	12	30
2195905	1300	1	29
2195934	1300	2	30
2195964	1300	3	29
2195993	1300	4	29
2196022	1300	5	30
2196052	1300	6	29
2196081	1300	7	29
2196110	1300	8	30
2196140	1300	-8	30
2196170	1300	9	30
2196200	1300	10	29
2196229	1300	11	30
2196259	1300	12	30
2196289	1301	1	29
2196318	1301	2	30
2196348	1301	3	29
2196377	1301	4	29
2196406	1301	5	30
2196436	1301	6	29
2196465	1301	7	29
2196494	1301	8	30
2196524	1301	9	29
2196553	1301	10	30
2196583	1301	11	30
2196613	1301	12	30
2196643	1302	1	29
2196672	1302	2	30
2196702	1302	3	30
2196732	1302	4	29
2196761	1302	5	29
2196790	1302	6	30
2196820	1302	7	29
2196849	1302	8	29
2196878	1302	9	30
2196908	1302	10	29
2196937	1302	11	30
2196967	1302	12	30
2196997	1303	1	29
2197026	1303	2	30
2197056	1303	3	30
2197086	1303	4	29
2197115	1303	5	30
2197145	1303	-5	29
2197174	1303	6	30
2197204	1303	7	29
2197233	1303	8	29
2197262	1303	9	30
2197292	1303	10	29
2197321	1303	11	30
2197351	1303	12	29
2197380	1304	1	30
2197410	1304	2	30
2197440	1304	3	29
2197469	1304	4	30
2197499	1304	5	30
2197529	1304	6	29
2197558	1304	7	30
2197588	1304	8	29
2197617	1304	9	29
2197646	1304	10	30
2197676	1304	11	29
2197705	1304	12	30
2197735	1305	1	29
2197764	1305	2	30
2197794	1305	3	29
2197823	1305	4	30
2197853	1305	5	30
2197883	1305	6	29
2197912	1305	7	30
2197942	1305	8	29
2197971	1305	9	30
2198001	1305	10	29
2198030	1305	11	30
2198060	1305	12	29
2198089	1306	1	30
2198119	1306	-1	29
2198148	1306	2	30
2198178	1306	3	29
2198207	1306	4	30
2198237	1306	5	29
2198266	1306	6	30
2198296	1306	7	30
2198326	1306	8	29
2198355	1306	9	30
2198385	1306	10	30
2198415	1306	11	29
2198444	1306	12	29
2198473	1307	1	30
2198503	1307	2	29
2198532	1307	3	30
2198562	1307	4	29
2198591	1307	5	29
2198620	1307	6	30
2198650	1307	7	30
2198680	1307	8	29
2198709	1307	9	30
2198739	1307	10	30
2198769	1307	11	30
2198799	1307	12	29
2198828	1308	1	30
2198858	1308	2	29
2198887	1308	3	29
2198916	1308	4	30
2198946	1308	5	29
2198975	1308	6	29
2199004	1308	7	30
2199034	1308	8	29
2199063	1308	9	30
2199093	1308	10	30
2199123	1308	11	30
2199153	1308	-11	29
2199182	1308	12	30
2199212	1309	1	30
2199242	1309	2	29
2199271	1309	3	29
2199300	1309	4	30
2199330	1309	5	29
2199359	1309	6	29
2199388	1309	7	30
2199418	1309	8	29
2199447	1309	9	30
2199477	1309	10	30
2199507	1309	11	30
2199537	1309	12	29
2199566	1310	1	30
2199596	1310	2	30
2199626	1310	3	29
2199655	1310	4	29
2199684	1310	5	30
2199714	1310	6	29
2199743	1310	7	29
2199772	1310	8	30
2199802	1310	9	29
2199831	1310	10	30
2199861	1310	11	30
2199891	1310	12	29
2199920	1311	1	30
2199950	1311	2	30
2199980	1311	3	29
2200009	1311	4	30
2200039	1311	5	29
2200068	1311	6	30
2200098	1311	7	29
2200127	1311	-7	29
2200156	1311	8	30
2200186	1311	9	29
2200215	1311	10	30
2200245	1311	11	29
2200274	1311	12	30
2200304	1312	1	30
2200334	1312	2	30
2200364	1312	3	29
2200393	1312	4	30
2200423	1312	5	29
2200452	1312	6	30
2200482	1312	7	29
2200511	1312	8	29
2200540	1312	9	30
2200570	1312	10	29
2200599	1312	11	30
2200629	1312	12	29
2200658	1313	1	30
2200688	1313	2	30
2200718	1313	3	29
2200747	1313	4	30
2200777	1313	5	29
2200806	1313	6	30
2200836	1313	7	29
2200865	1313	8	30
2200895	1313	9	29
2200924	1313	10	30
2200954	1313	11	29
2200983	1313	12	30
2201013	1314	1	29
2201042	1314	2	30
2201072	1314	3	29
2201101	1314	-3	30
2201131	1314	4	30
2201161	1314	5	29
2201190	1314	6	30
2201220	1314	7	29
2201249	1314	8	30
2201279	1314	9	29
2201308	1314	10	30
2201338	1314	11	29
2201367	1314	12	30
2201397	1315	1	29
2201426	1315	2	30
2201456	1315	3	29
2201485	1315	4	30
2201515	1315	5	29
2201544	1315	6	30
2201574	1315	7	30
2201604	1315	8	29
2201633	1315	9	30
2201663	1315	10	29
2201692	1315	11	30
2201722	1315	12	29
2201751	1316	1	30
2201781	1316	2	29
2201810	1316	3	30
2201840	1316	4	29
2201869	1316	5	29
2201898	1316	6	30
2201928	1316	7	30
2201958	1316	8	29
2201987	1316	9	30
2202017	1316	10	30
2202047	1316	11	29
2202076	1316	12	30
2202106	1317	1	30
2202136	1317	-1	29
2202165	1317	2	29
2202194	1317	3	30
2202224	1317	4	29
2202253	1317	5	29
2202282	1317	6	30
2202312	1317	7	29
2202341	1317	8	30
2202371	1317	9	30
2202401	1317	10	30
2202431	1317	11	29
2202460	1317	12	30
2202490	1318	1	30
2202520	1318	2	29
2202549	1318	3	29
2202578	1318	4	30
2202608	1318	5	29
2202637	1318	6	29
2202666	1318	7	30
2202696	1318	8	29
2202725	1318	9	30
2202755	1318	10	29
2202784	1318	11	30
2202814	1318	12	30
2202844	1319	1	30
2202874	1319	2	29
2202903	1319	3	30
2202933	1319	4	29
2202962	1319	5	29
2202991	1319	6	30
2203021	1319	7	29
2203050	1319	8	30
2203080	1319	-8	29
2203109	1319	9	30
2203139	1319	10	29
2203168	1319	11	30
2203198	1319	12	30
2203228	1320	1	30
2203258	1320	2	29
2203287	1320	3	30
2203317	1320	4	29
2203346	1320	5	30
2203376	1320	6	29
2203405	1320	7	29
2203434	1320	8	30
2203464	1320	9	29
2203493	1320	10	30
2203523	1320	11	29
2203552	1320	12	30
2203582	1321	1	30
2203612	1321	2	29
2203641	1321	3	30
2203671	1321	4	30
2203701	1321	5	29
2203730	1321	6	29
2203759	1321	7	30
2203789	1321	8	29
2203818	1321	9	30
2203848	1321	10	29
2203877	1321	11	30
2203907	1321	12	29
2203936	1322	1	30
2203966	1322	2	29
2203995	1322	3	30
2204025	1322	4	30
2204055	1322	5	29
2204084	1322	-5	30
2204114	1322	6	29
2204143	1322	7	30
2204173	1322	8	29
2204202	1322	9	30
2204232	1322	10	29
2204261	1322	11	30
2204291	1322	12	29
2204320	1323	1	30
2204350	1323	2	29
2204379	1323	3	30
2204409	1323	4	29
2204438	1323	5	30
2204468	1323	6	30
2204498	1323	7	29
2204527	1323	8	30
2204557	1323	9	29
2204586	1323	10	30
2204616	1323	11	29
2204645	1323	12	30
2204675	1324	1	29
2204704	1324	2	30
2204734	1324	3	29
2204763	1324	4	29
2204792	1324	5	30
2204822	1324	6	30
2204852	1324	7	29
2204881	1324	8	30
2204911	1324	9	30
2204941	1324	10	29
2204970	1324	11	30
2205000	1324	12	29
2205029	1325	1	30
2205059	1325	-1	29
2205088	1325	2	30
2205118	1325	3	29
2205147	1325	4	29
2205176	1325	5	30
2205206	1325	6	29
2205235	1325	7	30
2205265	1325	8	30
2205295	1325	9	30
2205325	1325	10	29
2205354	1325	11	30
2205384	1325	12	29
2205413	1326	1	30
2205443	1326	2	29
2205472	1326	3	30
2205502	1326	4	29
2205531	1326	5	29
2205560	1326	6	30
2205590	1326	7	29
2205619	1326	8	30
2205649	1326	9	29
2205678	1326	10	30
2205708	1326	11	30
2205738	1326	12	30
2205768	1327	1	29
2205797	1327	2	30
2205827	1327	3	29
2205856	1327	4	30
2205886	1327	5	29
2205915	1327	6	29
2205944	1327	7	30
2205974	1327	8	29
2206003	1327	9	30
2206033	1327	-9	29
2206062	1327	10	30
2206092	1327	11	30
2206122	1327	12	30
2206152	1328	1	29
2206181	1328	2	30
2206211	1328	3	29
2206240	1328	4	30
2206270	1328	5	29
2206299	1328	6	29
2206328	1328	7	30
2206358	1328	8	29
2206387	1328	9	29
2206416	1328	10	30
2206446	1328	11	30
2206476	1328	12	30
2206506	1329	1	29
2206535	1329	2	30
2206565	1329	3	30
2206595	1329	4	29
2206624	1329	5	30
2206654	1329	6	29
2206683	1329	7	29
2206712	1329	8	30
2206742	1329	9	29
2206771	1329	10	29
2206800	1329	11	30
2206830	1329	12	30
2206860	1330	1	29
2206889	1330	2	30
2206919	1330	3	30
2206949	1330	4	29
2206978	1330	5	30
2207008	1330	6	29
2207037	1330	7	30
2207067	1330	-7	29
2207096	1330	8	30
2207126	1330	9	29
2207155	1330	10	29
2207184	1330	11	30
2207214	1330	12	30
2207244	1331	1	29
2207273	1331	2	30
2207303	1331	3	30
2207333	1331	4	29
2207362	1331	5	30
2207392	1331	6	29
2207421	1331	7	30
2207451	1331	8	29
2207480	1331	9	30
2207510	1331	10	29
2207539	1331	11	30
2207569	1331	12	29
2207598	1332	1	30
2207628	1332	2	29
2207657	1332	3	30
2207687	1332	4	29
2207716	1332	5	30
2207746	1332	6	29
2207775	1332	7	30
2207805	1332	8	30
2207835	1332	9	29
2207864	1332	10	30
2207894	1332	11	29
2207923	1332	12	30
2207953	1333	1	29
2207982	1333	2	30
2208012	1333	3	29
2208041	1333	-3	29
2208070	1333	4	30
2208100	1333	5	29
2208129	1333	6	30
2208159	1333	7	30
2208189	1333	8	30
2208219	1333	9	29
2208248	1333	10	30
2208278	1333	11	29
2208307	1333	12	30
2208337	1334	1	29
2208366	1334	2	30
2208396	1334	3	29
2208425	1334	4	29
2208454	1334	5	30
2208484	1334	6	29
2208513	1334	7	30
2208543	1334	8	30
2208573	1334	9	29
2208602	1334	10	30
2208632	1334	11	30
2208662	1334	12	29
2208691	1335	1	30
2208721	1335	2	29
2208750	1335	3	30
2208780	1335	4	29
2208809	1335	5	29
2208838	1335	6	30
2208868	1335	7	30
2208898	1335	8	29
2208927	1335	9	29
2208956	1335	10	30
2208986	1335	11	30
2209016	1335	12	30
2209046	1335	-12	29
2209075	1336	1	30
2209105	1336	2	29
2209134	1336	3	30
2209164	1336	4	29
2209193	1336	5	29
2209222	1336	6	29
2209251	1336	7	30
2209281	1336	8	29
2209310	1336	9	30
2209340	1336	10	30
2209370	1336	11	30
2209400	1336	12	29
2209429	1337	1	30
2209459	1337	2	30
2209489	1337	3	29
2209518	1337	4	30
2209548	1337	5	29
2209577	1337	6	29
2209606	1337	7	29
2209635	1337	8	30
2209665	1337	9	29
2209694	1337	10	30
2209724	1337	11	30
2209754	1337	12	29
2209783	1338	1	30
2209813	1338	2	30
2209843	1338	3	30
2209873	1338	4	29
2209902	1338	5	30
2209932	1338	6	29
2209961	1338	7	29
2209990	1338	8	30
2210020	1338	-8	29
2210049	1338	9	29
2210078	1338	10	30
2210108	1338	11	30
2210138	1338	12	29
2210167	1339	1	30
2210197	1339	2	30
2210227	1339	3	29
2210256	1339	4	30
2210286	1339	5	29
2210315	1339	6	30
2210345	1339	7	29
2210374	1339	8	29
2210403	1339	9	30
2210433	1339	10	29
2210462	1339	11	30
2210492	1339	12	29
2210521	1340	1	30
2210551	1340	2	30
2210581	1340	3	29
2210610	1340	4	30
2210640	1340	5	30
2210670	1340	6	29
2210699	1340	7	30
2210729	1340	8	29
2210758	1340	9	30
2210788	1340	10	29
2210817	1340	11	30
2210847	1340	12	29
2210876	1341	1	29
2210905	1341	2	30
2210935	1341	3	29
2210964	1341	4	30
2210994	1341	5	30
2211024	1341	-5	29
2211053	1341	6	30
2211083	1341	7	30
2211113	1341	8	29
2211142	1341	9	30
2211172	1341	10	29
2211201	1341	11	30
2211231	1341	12	29
2211260	1342	1	29
2211289	1342	2	30
2211319	1342	3	29
2211348	1342	4	30
2211378	1342	5	29
2211407	1342	6	30
2211437	1342	7	30
2211467	1342	8	29
2211496	1342	9	30
2211526	1342	10	30
2211556	1342	11	29
2211585	1342	12	30
2211615	1343	1	29
2211644	1343	2	30
2211674	1343	3	29
2211703	1343	4	29
2211732	1343	5	30
2211762	1343	6	29
2211791	1343	7	30
2211821	1343	8	29
2211850	1343	9	30
2211880	1343	10	30
2211910	1343	11	30
2211940	1343	12	29
2211969	1344	1	30
2211999	1344	2	29
2212028	1344	-2	30
2212058	1344	3	29
2212087	1344	4	29
2212116	1344	5	29
2212145	1344	6	30
2212175	1344	7	29
2212204	1344	8	30
2212234	1344	9	30
2212264	1344	10	30
2212294	1344	11	29
2212323	1344	12	30
2212353	1345	1	30
2212383	1345	2	29
2212412	1345	3	30
2212442	1345	4	29
2212471	1345	5	29
2212500	1345	6	29
2212529	1345	7	30
2212559	1345	8	29
2212588	1345	9	30
2212618	1345	10	30
2212648	1345	11	29
2212677	1345	12	30
2212707	1346	1	30
2212737	1346	2	30
2212767	1346	3	29
2212796	1346	4	30
2212826	1346	5	29
2212855	1346	6	29
2212884	1346	7	29
2212913	1346	8	30
2212943	1346	9	29
2212972	1346	10	30
2213002	1346	-10	29
2213031	1346	11	30
2213061	1346	12	30
2213091	1347	1	30
2213121	1347	2	29
2213150	1347	3	30
2213180	1347	4	29
2213209	1347	5	30
2213239	1347	6	29
2213268	1347	7	30
2213298	1347	8	29
2213327	1347	9	29
2213356	1347	10	30
2213386	1347	11	29
2213415	1347	12	30
2213445	1348	1	30
2213475	1348	2	29
2213504	1348	3	30
2213534	1348	4	30
2213564	1348	5	29
2213593	1348	6	30
2213623	1348	7	29
2213652	1348	8	30
2213682	1348	9	29
2213711	1348	10	29
2213740	1348	11	30
2213770	1348	12	29
2213799	1349	1	30
2213829	1349	2	30
2213859	1349	3	29
2213888	1349	4	30
2213918	1349	5	29
2213947	1349	6	30
2213977	1349	7	30
2214007	1349	-7	29
2214036	1349	8	30
2214066	1349	9	29
2214095	1349	10	30
2214125	1349	11	29
2214154	1349	12	29
2214183	1350	1	30
2214213	1350	2	29
2214242	1350	3	30
2214272	1350	4	29
2214301	1350	5	30
2214331	1350	6	30
2214361	1350	7	29
2214390	1350	8	30
2214420	1350	9	30
2214450	1350	10	29
2214479	1350	11	30
2214509	1350	12	29
2214538	1351	1	29
2214567	1351	2	30
2214597	1351	3	29
2214626	1351	4	30
2214656	1351	5	29
2214685	1351	6	30
2214715	1351	7	29
2214744	1351	8	30
2214774	1351	9	30
2214804	1351	10	30
2214834	1351	11	29
2214863	1351	12	30
2214893	1352	1	29
2214922	1352	2	30
2214952	1352	3	29
2214981	1352	-3	29
2215010	1352	4	30
2215040	1352	5	29
2215069	1352	6	29
2215098	1352	7	30
2215128	1352	8	30
2215158	1352	9	30
2215188	1352	10	29
2215217	1352	11	30
2215247	1352	12	30
2215277	1353	1	29
2215306	1353	2	30
2215336	1353	3	29
2215365	1353	4	29
2215394	1353	5	29
2215423	1353	6	30
2215453	1353	7	29
2215482	1353	8	30
2215512	1353	9	30
2215542	1353	10	29
2215571	1353	11	30
2215601	1353	12	30
2215631	1354	1	30
2215661	1354	2	29
2215690	1354	3	30
2215720	1354	4	29
2215749	1354	5	29
2215778	1354	6	29
2215807	1354	7	30
2215837	1354	8	29
2215866	1354	9	30
2215896	1354	10	29
2215925	1354	11	30
2215955	1354	12	30
2215985	1355	1	30
2216015	1355	-1	30
2216045	1355	2	29
2216074	1355	3	30
2216104	1355	4	29
2216133	1355	5	29
2216162	1355	6	29
2216191	1355	7	30
2216221	1355	8	29
2216250	1355	9	30
2216280	1355	10	29
2216309	1355	11	30
2216339	1355	12	30
2216369	1356	1	30
2216399	1356	2	29
2216428	1356	3	30
2216458	1356	4	29
2216487	1356	5	30
2216517	1356	6	29
2216546	1356	7	30
2216576	1356	8	29
2216605	1356	9	29
2216634	1356	10	30
2216664	1356	11	29
2216693	1356	12	30
2216723	1357	1	30
2216753	1357	2	29
2216782	1357	3	30
2216812	1357	4	30
2216842	1357	5	29
2216871	1357	6	30
2216901	1357	7	29
2216930	1357	8	30
2216960	1357	9	29
2216989	1357	-9	29
2217018	1357	10	30
2217048	1357	11	29
2217077	1357	12	30
2217107	1358	1	29
2217136	1358	2	30
2217166	1358	3	30
2217196	1358	4	29
2217225	1358	5	30
2217255	1358	6	29
2217284	1358	7	30
2217314	1358	8	30
2217344	1358	9	29
2217373	1358	10	29
2217402	1358	11	30
2217432	1358	12	29
2217461	1359	1	30
2217491	1359	2	29
2217520	1359	3	30
2217550	1359	4	29
2217579	1359	5	30
2217609	1359	6	30
2217639	1359	7	29
2217668	1359	8	30
2217698	1359	9	29
2217727	1359	10	30
2217757	1359	11	30
2217787	1359	12	29
2217816	1360	1	29
2217845	1360	2	30
2217875	1360	3	29
2217904	1360	4	30
2217934	1360	5	29
2217963	1360	-5	30
2217993	1360	6	29
2218022	1360	7	30
2218052	1360	8	30
2218082	1360	9	29
2218111	1360	10	30
2218141	1360	11	30
2218171	1360	12	29
2218200	1361	1	30
2218230	1361	2	29
2218259	1361	3	29
2218288	1361	4	30
2218318	1361	5	29
2218347	1361	6	29
2218376	1361	7	30
2218406	1361	8	30
2218436	1361	9	29
2218465	1361	10	30
2218495	1361	11	30
2218525	1361	12	30
2218555	1362	1	29
2218584	1362	2	30
2218614	1362	3	29
2218643	1362	4	29
2218672	1362	5	29
2218701	1362	6	30
2218731	1362	7	29
2218760	1362	8	30
2218790	1362	9	29
2218819	1362	10	30
2218849	1362	11	30
2218879	1362	12	30
2218909	1363	1	30
2218939	1363	2	29
2218968	1363	3	30
2218998	1363	-3	29
2219027	1363	4	29
2219056	1363	5	29
2219085	1363	6	30
2219115	1363	7	29
2219144	1363	8	30
2219174	1363	9	29
2219203	1363	10	30
2219233	1363	11	30
2219263	1363	12	30
2219293	1364	1	29
2219322	1364	2	30
2219352	1364	3	29
2219381	1364	4	30
2219411	1364	5	29
2219440	1364	6	29
2219469	1364	7	30
2219499	1364	8	29
2219528	1364	9	30
2219558	1364	10	29
2219587	1364	11	30
2219617	1364	12	30
2219647	1365	1	29
2219676	1365	2	30
2219706	1365	3	30
2219736	1365	4	29
2219765	1365	5	30
2219795	1365	6	29
2219824	1365	7	30
2219854	1365	8	29
2219883	1365	9	29
2219912	1365	10	30
2219942	1365	-10	29
2219971	1365	11	30
2220001	1365	12	29
2220030	1366	1	30
2220060	1366	2	30
2220090	1366	3	29
2220119	1366	4	30
2220149	1366	5	30
2220179	1366	6	29
2220208	1366	7	29
2220237	1366	8	30
2220267	1366	9	29
2220296	1366	10	30
2220326	1366	11	29
2220355	1366	12	30
2220385	1367	1	29
2220414	1367	2	30
2220444	1367	3	29
2220473	1367	4	30
2220503	1367	5	30
2220533	1367	6	29
2220562	1367	7	30
2220592	1367	8	29
2220621	1367	9	30
2220651	1367	10	29
2220680	1367	11	30
2220710	1367	12	29
2220739	1368	1	30
2220769	1368	2	29
2220798	1368	3	30
2220828	1368	4	29
2220857	1368	5	30
2220887	1368	6	29
2220916	1368	7	30
2220946	1368	-7	30
2220976	1368	8	29
2221005	1368	9	30
2221035	1368	10	30
2221065	1368	11	29
2221094	1368	12	29
2221123	1369	1	30
2221153	1369	2	29
2221182	1369	3	30
2221212	1369	4	29
2221241	1369	5	29
2221270	1369	6	30
2221300	1369	7	30
2221330	1369	8	29
2221359	1369	9	30
2221389	1369	10	30
2221419	1369	11	30
2221449	1369	12	29
2221478	1370	1	29
2221507	1370	2	30
2221537	1370	3	29
2221566	1370	4	30
2221596	1370	5	29
2221625	1370	6	29
2221654	1370	7	30
2221684	1370	8	29
2221713	1370	9	30
2221743	1370	10	30
2221773	1370	11	30
2221803	1370	12	29
2221832	1371	1	30
2221862	1371	2	30
2221892	1371	3	29
2221921	1371	-3	29
2221950	1371	4	29
2221979	1371	5	30
2222009	1371	6	29
2222038	1371	7	30
2222068	1371	8	29
2222097	1371	9	30
2222127	1371	10	30
2222157	1371	11	30
2222187	1371	12	29
2222216	1372	1	30
2222246	1372	2	29
2222275	1372	3	30
2222305	1372	4	29
2222334	1372	5	29
2222363	1372	6	30
2222393	1372	7	29
2222422	1372	8	30
2222452	1372	9	29
2222481	1372	10	30
2222511	1372	11	30
2222541	1372	12	29
2222570	1373	1	30
2222600	1373	2	30
2222630	1373	3	29
2222659	1373	4	30
2222689	1373	5	29
2222718	1373	6	29
2222747	1373	7	30
2222777	1373	8	29
2222806	1373	9	30
2222836	1373	10	29
2222865	1373	11	30
2222895	1373	-11	29
2222924	1373	12	30
2222954	1374	1	30
2222984	1374	2	30
2223014	1374	3	29
2223043	1374	4	30
2223073	1374	5	29
2223102	1374	6	29
2223131	1374	7	30
2223161	1374	8	29
2223190	1374	9	30
2223220	1374	10	29
2223249	1374	11	30
2223279	1374	12	29
2223308	1375	1	30
2223338	1375	2	30
2223368	1375	3	29
2223397	1375	4	30
2223427	1375	5	29
2223456	1375	6	30
2223486	1375	7	29
2223515	1375	8	30
2223545	1375	9	29
2223574	1375	10	30
2223604	1375	11	29
2223633	1375	12	30
2223663	1376	1	29
2223692	1376	2	30
2223722	1376	3	29
2223751	1376	4	30
2223781	1376	5	30
2223811	1376	6	29
2223840	1376	7	30
2223870	1376	8	29
2223899	1376	9	30
2223929	1376	-9	29
2223958	1376	10	30
2223988	1376	11	29
2224017	1376	12	30
2224047	1377	1	29
2224076	1377	2	30
2224106	1377	3	29
2224135	1377	4	30
2224165	1377	5	29
2224194	1377	6	30
2224224	1377	7	30
2224254	1377	8	29
2224283	1377	9	30
2224313	1377	10	29
2224342	1377	11	30
2224372	1377	12	29
2224401	1378	1	30
2224431	1378	2	29
2224460	1378	3	30
2224490	1378	4	29
2224519	1378	5	29
2224548	1378	6	30
2224578	1378	7	30
2224608	1378	8	29
2224637	1378	9	30
2224667	1378	10	30
2224697	1378	11	29
2224726	1378	12	30
2224756	1379	1	29
2224785	1379	2	30
2224815	1379	3	29
2224844	1379	4	30
2224874	1379	5	29
2224903	1379	-5	29
2224932	1379	6	30
2224962	1379	7	29
2224991	1379	8	30
2225021	1379	9	30
2225051	1379	10	30
2225081	1379	11	29
2225110	1379	12	30
2225140	1380	1	29
2225169	1380	2	30
2225199	1380	3	29
2225228	1380	4	30
2225258	1380	5	29
2225287	1380	6	29
2225316	1380	7	30
2225346	1380	8	29
2225375	1380	9	30
2225405	1380	10	29
2225434	1380	11	30
2225464	1380	12	30
2225494	1381	1	30
2225524	1381	2	29
2225553	1381	3	30
2225583	1381	4	29
2225612	1381	5	30
2225642	1381	6	29
2225671	1381	7	29
2225700	1381	8	29
2225729	1381	9	30
2225759	1381	10	30
2225789	1381	11	29
2225818	1381	12	30
2225848	1382	1	30
2225878	1382	2	30
2225908	1382	-2	29
2225937	1382	3	30
2225967	1382	4	29
2225996	1382	5	29
2226025	1382	6	30
2226055	1382	7	29
2226084	1382	8	30
2226114	1382	9	29
2226143	1382	10	30
2226173	1382	11	29
2226202	1382	12	30
2226232	1383	1	30
2226262	1383	2	29
2226291	1383	3	30
2226321	1383	4	30
2226351	1383	5	29
2226380	1383	6	29
2226409	1383	7	30
2226439	1383	8	29
2226468	1383	9	30
2226498	1383	10	29
2226527	1383	11	30
2226557	1383	12	29
2226586	1384	1	30
2226616	1384	2	29
2226645	1384	3	30
2226675	1384	4	30
2226705	1384	5	29
2226734	1384	6	30
2226764	1384	7	29
2226793	1384	8	30
2226823	1384	9	29
2226852	1384	10	30
2226882	1384	-10	29
2226911	1384	11	30
2226941	1384	12	29
2226970	1385	1	30
2227000	1385	2	29
2227029	1385	3	30
2227059	1385	4	29
2227088	1385	5	30
2227118	1385	6	30
2227148	1385	7	29
2227177	1385	8	30
2227207	1385	9	29
2227236	1385	10	30
2227266	1385	11	29
2227295	1385	12	30
2227325	1386	1	29
2227354	1386	2	30
2227384	1386	3	29
2227413	1386	4	29
2227442	1386	5	30
2227472	1386	6	30
2227502	1386	7	29
2227531	1386	8	30
2227561	1386	9	30
2227591	1386	10	29
2227620	1386	11	30
2227650	1386	12	29
2227679	1387	1	30
2227709	1387	2	29
2227738	1387	3	30
2227768	1387	4	29
2227797	1387	5	29
2227826	1387	6	30
2227856	1387	-6	29
2227885	1387	7	30
2227915	1387	8	30
2227945	1387	9	30
2227975	1387	10	29
2228004	1387	11	30
2228034	1387	12	29
2228063	1388	1	30
2228093	1388	2	29
2228122	1388	3	30
2228152	1388	4	29
2228181	1388	5	29
2228210	1388	6	30
2228240	1388	7	29
2228269	1388	8	30
2228299	1388	9	29
2228328	1388	10	30
2228358	1388	11	30
2228388	1388	12	30
2228418	1389	1	29
2228447	1389	2	30
2228477	1389	3	29
2228506	1389	4	30
2228536	1389	5	29
2228565	1389	6	29
2228594	1389	7	29
2228623	1389	8	30
2228653	1389	9	30
2228683	1389	10	29
2228712	1389	11	30
2228742	1389	12	30
2228772	1390	1	30
2228802	1390	2	29
2228831	1390	3	30
2228861	1390	4	29
2228890	1390	-4	30
2228920	1390	5	29
2228949	1390	6	29
2228978	1390	7	29
2229007	1390	8	30
2229037	1390	9	29
2229066	1390	10	30
2229096	1390	11	30
2229126	1390	12	30
2229156	1391	1	29
2229185	1391	2	30
2229215	1391	3	30
2229245	1391	4	29
2229274	1391	5	29
2229303	1391	6	30
2229333	1391	7	29
2229362	1391	8	30
2229392	1391	9	29
2229421	1391	10	29
2229450	1391	11	30
2229480	1391	12	30
2229510	1392	1	29
2229539	1392	2	30
2229569	1392	3	30
2229599	1392	4	29
2229628	1392	5	30
2229658	1392	6	29
2229687	1392	7	30
2229717	1392	8	29
2229746	1392	9	30
2229776	1392	10	29
2229805	1392	11	29
2229834	1392	12	30
2229864	1392	-12	30
2229894	1393	1	29
2229923	1393	2	30
2229953	1393	3	29
2229982	1393	4	30
2230012	1393	5	30
2230042	1393	6	29
2230071	1393	7	30
2230101	1393	8	29
2230130	1393	9	30
2230160	1393	10	29
2230189	1393	11	30
2230219	1393	12	29
2230248	1394	1	30
2230278	1394	2	29
2230307	1394	3	30
2230337	1394	4	29
2230366	1394	5	30
2230396	1394	6	29
2230425	1394	7	30
2230455	1394	8	30
2230485	1394	9	29
2230514	1394	10	30
2230544	1394	11	29
2230573	1394	12	30
2230603	1395	1	29
2230632	1395	2	29
2230661	1395	3	30
2230691	1395	4	29
2230720	1395	5	30
2230750	1395	6	29
2230779	1395	7	30
2230809	1395	8	30
2230839	1395	9	30
2230869	1395	-9	29
2230898	1395	10	30
2230928	1395	11	29
2230957	1395	12	30
2230987	1396	1	29
2231016	1396	2	29
2231045	1396	3	30
2231075	1396	4	29
2231104	1396	5	30
2231134	1396	6	29
2231163	1396	7	30
2231193	1396	8	30
2231223	1396	9	29
2231252	1396	10	30
2231282	1396	11	30
2231312	1396	12	29
2231341	1397	1	30
2231371	1397	2	29
2231400	1397	3	30
2231430	1397	4	29
2231459	1397	5	29
2231488	1397	6	29
2231517	1397	7	30
2231547	1397	8	30
2231577	1397	9	29
2231606	1397	10	30
2231636	1397	11	30
2231666	1397	12	30
2231696	1398	1	29
2231725	1398	2	30
2231755	1398	3	29
2231784	1398	4	30
2231814	1398	5	29
2231843	1398	-5	29
2231872	1398	6	29
2231901	1398	7	30
2231931	1398	8	29
2231960	1398	9	30
2231990	1398	10	30
2232020	1398	11	30
2232050	1398	12	29
2232079	1399	1	30
2232109	1399	2	30
2232139	1399	3	29
2232168	1399	4	30
2232198	1399	5	29
2232227	1399	6	29
2232256	1399	7	29
2232285	1399	8	30
2232315	1399	9	29
2232344	1399	10	30
2232374	1399	11	30
2232404	1399	12	29
2232433	1400	1	30
2232463	1400	2	30
2232493	1400	3	30
2232523	1400	4	29
2232552	1400	5	29
2232581	1400	6	30
2232611	1400	7	29
2232640	1400	8	29
2232669	1400	9	30
2232699	1400	10	29
2232728	1400	11	30
2232758	1400	12	30
2232788	1401	1	29
2232817	1401	2	30
2232847	1401	3	30
2232877	1401	-3	29
2232906	1401	4	30
2232936	1401	5	29
2232965	1401	6	30
2232995	1401	7	29
2233024	1401	8	30
2233054	1401	9	29
2233083	1401	10	29
2233112	1401	11	30
2233142	1401	12	29
2233171	1402	1	30
2233201	1402	2	30
2233231	1402	3	29
2233260	1402	4	30
2233290	1402	5	30
2233320	1402	6	29
2233349	1402	7	30
2233379	1402	8	29
2233408	1402	9	30
2233438	1402	10	29
2233467	1402	11	30
2233497	1402	12	29
2233526	1403	1	29
2233555	1403	2	30
2233585	1403	3	29
2233614	1403	4	30
2233644	1403	5	30
2233674	1403	6	29
2233703	1403	7	30
2233733	1403	8	30
2233763	1403	9	29
2233792	1403	10	30
2233822	1403	11	29
2233851	1403	-11	30
2233881	1403	12	29
2233910	1404	1	29
2233939	1404	2	30
2233969	1404	3	29
2233998	1404	4	30
2234028	1404	5	29
2234057	1404	6	30
2234087	1404	7	30
2234117	1404	8	29
2234146	1404	9	30
2234176	1404	10	30
2234206	1404	11	29
2234235	1404	12	30
2234265	1405	1	29
2234294	1405	2	29
2234323	1405	3	30
2234353	1405	4	29
2234382	1405	5	30
2234412	1405	6	29
2234441	1405	7	30
2234471	1405	8	29
2234500	1405	9	30
2234530	1405	10	30
2234560	1405	11	30
2234590	1405	12	29
2234619	1406	1	30
2234649	1406	2	29
2234678	1406	3	30
2234708	1406	4	29
2234737	1406	5	29
2234766	1406	6	29
2234795	1406	7	30
2234825	1406	-7	29
2234854	1406	8	30
2234884	1406	9	30
2234914	1406	10	30
2234944	1406	11	29
2234973	1406	12	30
2235003	1407	1	30
2235033	1407	2	29
2235062	1407	3	30
2235092	1407	4	29
2235121	1407	5	29
2235150	1407	6	29
2235179	1407	7	30
2235209	1407	8	29
2235238	1407	9	30
2235268	1407	10	30
2235298	1407	11	29
2235327	1407	12	30
2235357	1408	1	30
2235387	1408	2	30
2235417	1408	3	29
2235446	1408	4	30
2235476	1408	5	29
2235505	1408	6	29
2235534	1408	7	29
2235563	1408	8	30
2235593	1408	9	29
2235622	1408	10	30
2235652	1408	11	29
2235681	1408	12	30
2235711	1409	1	30
2235741	1409	2	30
2235771	1409	3	29
2235800	1409	4	30
2235830	1409	-4	29
2235859	1409	5	30
2235889	1409	6	29
2235918	1409	7	29
2235947	1409	8	30
2235977	1409	9	29
2236006	1409	10	30
2236036	1409	11	29
2236065	1409	12	30
2236095	1410	1	30
2236125	1410	2	29
2236154	1410	3	30
2236184	1410	4	30
2236214	1410	5	29
2236243	1410	6	30
2236273	1410	7	29
2236302	1410	8	30
2236332	1410	9	29
2236361	1410	10	29
2236390	1410	11	30
2236420	1410	12	29
2236449	1411	1	30
2236479	1411	2	29
2236508	1411	3	30
2236538	1411	4	30
2236568	1411	5	29
2236597	1411	6	30
2236627	1411	7	30
2236657	1411	8	29
2236686	1411	9	30
2236716	1411	10	29
2236745	1411	11	29
2236774	1411	12	30
2236804	1411	-12	29
2236833	1412	1	30
2236863	1412	2	29
2236892	1412	3	30
2236922	1412	4	29
2236951	1412	5	30
2236981	1412	6	30
2237011	1412	7	29
2237040	1412	8	30
2237070	1412	9	30
2237100	1412	10	29
2237129	1412	11	30
2237159	1412	12	29
2237188	1413	1	29
2237217	1413	2	30
2237247	1413	3	29
2237276	1413	4	30
2237306	1413	5	29
2237335	1413	6	30
2237365	1413	7	29
2237394	1413	8	30
2237424	1413	9	30
2237454	1413	10	30
2237484	1413	11	29
2237513	1413	12	30
2237543	1414	1	29
2237572	1414	2	29
2237601	1414	3	30
2237631	1414	4	29
2237660	1414	5	29
2237689	1414	6	30
2237719	1414	7	29
2237748	1414	8	30
2237778	1414	9	30
2237808	1414	-9	30
2237838	1414	10	29
2237867	1414	11	30
2237897	1414	12	30
2237927	1415	1	29
2237956	1415	2	30
2237986	1415	3	29
2238015	1415	4	29
2238044	1415	5	29
2238073	1415	6	30
2238103	1415	7	29
2238132	1415	8	30
2238162	1415	9	30
2238192	1415	10	29
2238221	1415	11	30
2238251	1415	12	30
2238281	1416	1	30
2238311	1416	2	29
2238340	1416	3	30
2238370	1416	4	29
2238399	1416	5	29
2238428	1416	6	29
2238457	1416	7	30
2238487	1416	8	29
2238516	1416	9	30
2238546	1416	10	29
2238575	1416	11	30
2238605	1416	12	30
2238635	1417	1	30
2238665	1417	2	29
2238694	1417	3	30
2238724	1417	4	29
2238753	1417	5	30
2238783	1417	-5	29
2238812	1417	6	29
2238841	1417	7	30
2238871	1417	8	29
2238900	1417	9	30
2238930	1417	10	29
2238959	1417	11	30
2238989	1417	12	30
2239019	1418	1	30
2239049	1418	2	29
2239078	1418	3	30
2239108	1418	4	29
2239137	1418	5	30
2239167	1418	6	29
2239196	1418	7	29
2239225	1418	8	30
2239255	1418	9	29
2239284	1418	10	30
2239314	1418	11	29
2239343	1418	12	30
2239373	1419	1	30
2239403	1419	2	29
2239432	1419	3	30
2239462	1419	4	30
2239492	1419	5	29
2239521	1419	6	30
2239551	1419	7	29
2239580	1419	8	30
2239610	1419	9	29
2239639	1419	10	29
2239668	1419	11	30
2239698	1419	12	29
2239727	1420	1	30
2239757	1420	-1	29
2239786	1420	2	30
2239816	1420	3	30
2239846	1420	4	29
2239875	1420	5	30
2239905	1420	6	29
2239934	1420	7	30
2239964	1420	8	29
2239993	1420	9	30
2240023	1420	10	29
2240052	1420	11	30
2240082	1420	12	29
2240111	1421	1	30
2240141	1421	2	29
2240170	1421	3	30
2240200	1421	4	29
2240229	1421	5	30
2240259	1421	6	29
2240288	1421	7	30
2240318	1421	8	30
2240348	1421	9	29
2240377	1421	10	30
2240407	1421	11	30
2240437	1421	12	29
2240466	1422	1	29
2240495	1422	2	30
2240525	1422	3	29
2240554	1422	4	30
2240584	1422	5	29
2240613	1422	6	30
2240643	1422	7	29
2240672	1422	8	30
2240702	1422	9	30
2240732	1422	10	29
2240761	1422	11	30
2240791	1422	12	30
2240821	1422	-12	29
2240850	1423	1	29
2240879	1423	2	30
2240909	1423	3	29
2240938	1423	4	29
2240967	1423	5	30
2240997	1423	6	29
2241026	1423	7	30
2241056	1423	8	30
2241086	1423	9	29
2241115	1423	10	30
2241145	1423	11	30
2241175	1423	12	30
2241205	1424	1	29
2241234	1424	2	30
2241264	1424	3	29
2241293	1424	4	29
2241322	1424	5	29
2241351	1424	6	30
2241381	1424	7	29
2241410	1424	8	30
2241440	1424	9	29
2241469	1424	10	30
2241499	1424	11	30
2241529	1424	12	30
2241559	1425	1	29
2241588	1425	2	30
2241618	1425	3	29
2241647	1425	4	30
2241677	1425	5	29
2241706	1425	6	29
2241735	1425	7	30
2241765	1425	-7	29
2241794	1425	8	30
2241824	1425	9	29
2241853	1425	10	30
2241883	1425	11	30
2241913	1425	12	30
2241943	1426	1	29
2241972	1426	2	30
2242002	1426	3	29
2242031	1426	4	30
2242061	1426	5	29
2242090	1426	6	29
2242119	1426	7	30
2242149	1426	8	29
2242178	1426	9	30
2242208	1426	10	29
2242237	1426	11	30
2242267	1426	12	30
2242297	1427	1	29
2242326	1427	2	30
2242356	1427	3	30
2242386	1427	4	29
2242415	1427	5	30
2242445	1427	6	29
2242474	1427	7	29
2242503	1427	8	30
2242533	1427	9	29
2242562	1427	10	30
2242592	1427	11	29
2242621	1427	12	30
2242651	1428	1	29
2242680	1428	2	30
2242710	1428	3	30
2242740	1428	4	29
2242769	1428	-4	30
2242799	1428	5	30
2242829	1428	6	29
2242858	1428	7	29
2242887	1428	8	30
2242917	1428	9	29
2242946	1428	10	30
2242976	1428	11	29
2243005	1428	12	30
2243035	1429	1	29
2243064	1429	2	30
2243094	1429	3	29
2243123	1429	4	30
2243153	1429	5	30
2243183	1429	6	29
2243212	1429	7	30
2243242	1429	8	29
2243271	1429	9	30
2243301	1429	10	29
2243330	1429	11	30
2243360	1429	12	29
2243389	1430	1	30
2243419	1430	2	29
2243448	1430	3	30
2243478	1430	4	29
2243507	1430	5	30
2243537	1430	6	29
2243566	1430	7	30
2243596	1430	8	30
2243626	1430	9	29
2243655	1430	10	30
2243685	1430	11	29
2243714	1430	12	30
2243744	1430	-12	29
2243773	1431	1	30
2243803	1431	2	29
2243832	1431	3	30
2243862	1431	4	29
2243891	1431	5	29
2243920	1431	6	30
2243950	1431	7	30
2243980	1431	8	29
2244009	1431	9	30
2244039	1431	10	30
2244069	1431	11	30
2244099	1431	12	29
2244128	1432	1	29
2244157	1432	2	30
2244187	1432	3	29
2244216	1432	4	29
2244245	1432	5	30
2244275	1432	6	29
2244304	1432	7	30
2244334	1432	8	29
2244363	1432	9	30
2244393	1432	10	30
2244423	1432	11	30
2244453	1432	12	29
2244482	1433	1	30
2244512	1433	2	29
2244541	1433	3	30
2244571	1433	4	29
2244600	1433	5	29
2244629	1433	6	30
2244659	1433	7	29
2244688	1433	8	30
2244718	1433	-8	29
2244747	1433	9	30
2244777	1433	10	30
2244807	1433	11	30
2244837	1433	12	29
2244866	1434	1	30
2244896	1434	2	29
2244925	1434	3	30
2244955	1434	4	29
2244984	1434	5	29
2245013	1434	6	30
2245043	1434	7	29
2245072	1434	8	30
2245102	1434	9	29
2245131	1434	10	30
2245161	1434	11	30
2245191	1434	12	29
2245220	1435	1	30
2245250	1435	2	30
2245280	1435	3	29
2245309	1435	4	30
2245339	1435	5	29
2245368	1435	6	29
2245397	1435	7	30
2245427	1435	8	29
2245456	1435	9	30
2245486	1435	10	29
2245515	1435	11	30
2245545	1435	12	29
2245574	1436	1	30
2245604	1436	2	30
2245634	1436	3	30
2245664	1436	4	29
2245693	1436	5	30
2245723	1436	6	29
2245752	1436	-6	29
2245781	1436	7	30
2245811	1436	8	29
2245840	1436	9	30
2245870	1436	10	29
2245899	1436	11	30
2245929	1436	12	29
2245958	1437	1	30
2245988	1437	2	30
2246018	1437	3	29
2246047	1437	4	30
2246077	1437	5	29
2246106	1437	6	30
2246136	1437	7	29
2246165	1437	8	30
2246195	1437	9	29
2246224	1437	10	30
2246254	1437	11	29
2246283	1437	12	30
2246313	1438	1	29
2246342	1438	2	30
2246372	1438	3	29
2246401	1438	4	30
2246431	1438	5	29
2246460	1438	6	30
2246490	1438	7	30
2246520	1438	8	29
2246549	1438	9	30
2246579	1438	10	29
2246608	1438	11	30
2246638	1438	12	29
2246667	1439	1	30
2246697	1439	2	29
2246726	1439	-2	30
2246756	1439	3	29
2246785	1439	4	30
2246815	1439	5	29
2246844	1439	6	30
2246874	1439	7	29
2246903	1439	8	30
2246933	1439	9	30
2246963	1439	10	29
2246992	1439	11	30
2247022	1439	12	29
2247051	1440	1	30
2247081	1440	2	29
2247110	1440	3	29
2247139	1440	4	30
2247169	1440	5	29
2247198	1440	6	30
2247228	1440	7	29
2247257	1440	8	30
2247287	1440	9	30
2247317	1440	10	30
2247347	1440	11	29
2247376	1440	12	30
2247406	1441	1	29
2247435	1441	2	30
2247465	1441	3	29
2247494	1441	4	29
2247523	1441	5	30
2247553	1441	6	29
2247582	1441	7	30
2247612	1441	8	29
2247641	1441	9	30
2247671	1441	10	30
2247701	1441	11	30
2247731	1441	-11	29
2247760	1441	12	30
2247790	1442	1	29
2247819	1442	2	30
2247849	1442	3	29
2247878	1442	4	29
2247907	1442	5	30
2247937	1442	6	29
2247966	1442	7	29
2247995	1442	8	30
2248025	1442	9	30
2248055	1442	10	29
2248084	1442	11	30
2248114	1442	12	30
2248144	1443	1	30
2248174	1443	2	29
2248203	1443	3	30
2248233	1443	4	29
2248262	1443	5	29
2248291	1443	6	30
2248321	1443	7	29
2248350	1443	8	29
2248379	1443	9	30
2248409	1443	10	30
2248439	1443	11	29
2248468	1443	12	30
2248498	1444	1	30
2248528	1444	2	30
2248558	1444	3	29
2248587	1444	4	30
2248617	1444	5	29
2248646	1444	6	29
2248675	1444	7	30
2248705	1444	-7	29
2248734	1444	8	29
2248763	1444	9	30
2248793	1444	10	30
2248823	1444	11	29
2248852	1444	12	30
2248882	1445	1	30
2248912	1445	2	29
2248941	1445	3	30
2248971	1445	4	30
2249001	1445	5	29
2249030	1445	6	29
2249059	1445	7	30
2249089	1445	8	29
2249118	1445	9	30
2249148	1445	10	29
2249177	1445	11	30
2249207	1445	12	29
2249236	1446	1	30
2249266	1446	2	29
2249295	1446	3	30
2249325	1446	4	30
2249355	1446	5	29
2249384	1446	6	30
2249414	1446	7	29
2249443	1446	8	30
2249473	1446	9	29
2249502	1446	10	30
2249532	1446	11	29
2249561	1446	12	30
2249591	1447	1	29
2249620	1447	2	30
2249650	1447	3	29
2249679	1447	4	30
2249709	1447	-4	29
2249738	1447	5	30
2249768	1447	6	30
2249798	1447	7	29
2249827	1447	8	30
2249857	1447	9	29
2249886	1447	10	30
2249916	1447	11	29
2249945	1447	12	30
2249975	1448	1	29
2250004	1448	2	29
2250033	1448	3	30
2250063	1448	4	29
2250092	1448	5	30
2250122	1448	6	30
2250152	1448	7	29
2250181	1448	8	30
2250211	1448	9	30
2250241	1448	10	29
2250270	1448	11	30
2250300	1448	12	29
2250329	1449	1	30
2250359	1449	2	29
2250388	1449	3	29
2250417	1449	4	30
2250447	1449	5	29
2250476	1449	6	30
2250506	1449	7	29
2250535	1449	8	30
2250565	1449	9	30
2250595	1449	10	29
2250624	1449	11	30
2250654	1449	12	30
2250684	1450	1	29
2250713	1450	-1	30
2250743	1450	2	29
2250772	1450	3	29
2250801	1450	4	30
2250831	1450	5	29
2250860	1450	6	30
2250890	1450	7	29
2250919	1450	8	30
2250949	1450	9	29
2250978	1450	10	30
2251008	1450	11	30
2251038	1450	12	30
2251068	1451	1	29
2251097	1451	2	30
2251127	1451	3	29
2251156	1451	4	29
2251185	1451	5	30
2251215	1451	6	29
2251244	1451	7	29
2251273	1451	8	30
2251303	1451	9	30
2251333	1451	10	29
2251362	1451	11	30
2251392	1451	12	30
2251422	1452	1	30
2251452	1452	2	29
2251481	1452	3	30
2251511	1452	4	29
2251540	1452	5	29
2251569	1452	6	30
2251599	1452	7	29
2251628	1452	8	29
2251657	1452	9	30
2251687	1452	-9	29
2251716	1452	10	30
2251746	1452	11	30
2251776	1452	12	30
2251806	1453	1	29
2251835	1453	2	30
2251865	1453	3	30
2251895	1453	4	29
2251924	1453	5	29
2251953	1453	6	30
2251983	1453	7	29
2252012	1453	8	29
2252041	1453	9	30
2252071	1453	10	29
2252100	1453	11	30
2252130	1453	12	30
2252160	1454	1	29
2252189	1454	2	30
2252219	1454	3	30
2252249	1454	4	29
2252278	1454	5	30
2252308	1454	6	29
2252337	1454	7	30
2252367	1454	8	29
2252396	1454	9	30
2252426	1454	10	29
2252455	1454	11	29
2252484	1454	12	30
2252514	1455	1	30
2252544	1455	2	29
2252573	1455	3	30
2252603	1455	4	29
2252632	1455	5	30
2252662	1455	6	30
2252692	1455	-6	29
2252721	1455	7	30
2252751	1455	8	29
2252780	1455	9	30
2252810	1455	10	29
2252839	1455	11	30
2252869	1455	12	29
2252898	1456	1	29
2252927	1456	2	30
2252957	1456	3	30
2252987	1456	4	29
2253016	1456	5	30
2253046	1456	6	29
2253075	1456	7	30
2253105	1456	8	30
2253135	1456	9	29
2253164	1456	10	30
2253194	1456	11	29
2253223	1456	12	30
2253253	1457	1	29
2253282	1457	2	29
2253311	1457	3	30
2253341	1457	4	29
2253370	1457	5	30
2253400	1457	6	29
2253429	1457	7	30
2253459	1457	8	30
2253489	1457	9	29
2253518	1457	10	30
2253548	1457	11	30
2253578	1457	12	29
2253607	1458	1	30
2253637	1458	2	29
2253666	1458	-2	29
2253695	1458	3	30
2253725	1458	4	29
2253754	1458	5	30
2253784	1458	6	29
2253813	1458	7	30
2253843	1458	8	29
2253872	1458	9	30
2253902	1458	10	30
2253932	1458	11	30
2253962	1458	12	29
2253991	1459	1	30
2254021	1459	2	29
2254050	1459	3	29
2254079	1459	4	30
2254109	1459	5	29
2254138	1459	6	29
2254167	1459	7	30
2254197	1459	8	30
2254227	1459	9	29
2254256	1459	10	30
2254286	1459	11	30
2254316	1459	12	30
2254346	1460	1	29
2254375	1460	2	30
2254405	1460	3	29
2254434	1460	4	29
2254463	1460	5	30
2254493	1460	6	29
2254522	1460	7	29
2254551	1460	8	30
2254581	1460	9	29
2254610	1460	10	30
2254640	1460	11	30
2254670	1460	-11	30
2254700	1460	12	29
2254729	1461	1	30
2254759	1461	2	30
2254789	1461	3	29
2254818	1461	4	29
2254847	1461	5	30
2254877	1461	6	29
2254906	1461	7	29
2254935	1461	8	30
2254965	1461	9	29
2254994	1461	10	30
2255024	1461	11	30
2255054	1461	12	29
2255083	1462	1	30
2255113	1462	2	30
2255143	1462	3	30
2255173	1462	4	29
2255202	1462	5	29
2255231	1462	6	30
2255261	1462	7	29
2255290	1462	8	29
2255319	1462	9	30
2255349	1462	10	29
2255378	1462	11	30
2255408	1462	12	30
2255438	1463	1	29
2255467	1463	2	30
2255497	1463	3	30
2255527	1463	4	29
2255556	1463	5	30
2255586	1463	6	29
2255615	1463	7	30
2255645	1463	-7	29
2255674	1463	8	30
2255704	1463	9	29
2255733	1463	10	29
2255762	1463	11	30
2255792	1463	12	29
2255821	1464	1	30
2255851	1464	2	30
2255881	1464	3	29
2255910	1464	4	30
2255940	1464	5	30
2255970	1464	6	29
2255999	1464	7	30
2256029	1464	8	29
2256058	1464	9	30
2256088	1464	10	29
2256117	1464	11	30
2256147	1464	12	29
2256176	1465	1	29
2256205	1465	2	30
2256235	1465	3	29
2256264	1465	4	30
2256294	1465	5	30
2256324	1465	6	29
2256353	1465	7	30
2256383	1465	8	29
2256412	1465	9	30
2256442	1465	10	30
2256472	1465	11	29
2256501	1465	12	30
2256531	1466	1	29
2256560	1466	2	29
2256589	1466	3	30
2256619	1466	-3	29
2256648	1466	4	30
2256678	1466	5	29
2256707	1466	6	30
2256737	1466	7	30
2256767	1466	8	29
2256796	1466	9	30
2256826	1466	10	30
2256856	1466	11	29
2256885	1466	12	30
2256915	1467	1	29
2256944	1467	2	29
2256973	1467	3	30
2257003	1467	4	29
2257032	1467	5	29
2257061	1467	6	30
2257091	1467	7	30
2257121	1467	8	29
2257150	1467	9	30
2257180	1467	10	30
2257210	1467	11	30
2257240	1467	12	29
2257269	1468	1	30
2257299	1468	2	29
2257328	1468	3	29
2257357	1468	4	30
2257387	1468	5	29
2257416	1468	6	29
2257445	1468	7	30
2257475	1468	8	29
2257504	1468	9	30
2257534	1468	10	30
2257564	1468	11	30
2257594	1468	12	29
2257623	1469	1	30
2257653	1469	2	30
2257683	1469	-2	29
2257712	1469	3	29
2257741	1469	4	30
2257771	1469	5	29
2257800	1469	6	29
2257829	1469	7	30
2257859	1469	8	29
2257888	1469	9	30
2257918	1469	10	30
2257948	1469	11	29
2257977	1469	12	30
2258007	1470	1	30
2258037	1470	2	30
2258067	1470	3	29
2258096	1470	4	29
2258125	1470	5	30
2258155	1470	6	29
2258184	1470	7	29
2258213	1470	8	30
2258243	1470	9	29
2258272	1470	10	30
2258302	1470	11	29
2258331	1470	12	30
2258361	1471	1	30
2258391	1471	2	30
2258421	1471	3	29
2258450	1471	4	30
2258480	1471	5	29
2258509	1471	6	30
2258539	1471	7	29
2258568	1471	8	29
2258597	1471	9	30
2258627	1471	-9	29
2258656	1471	10	30
2258686	1471	11	29
2258715	1471	12	30
2258745	1472	1	30
2258775	1472	2	29
2258804	1472	3	30
2258834	1472	4	30
2258864	1472	5	29
2258893	1472	6	30
2258923	1472	7	29
2258952	1472	8	29
2258981	1472	9	30
2259011	1472	10	29
2259040	1472	11	30
2259070	1472	12	29
2259099	1473	1	30
2259129	1473	2	29
2259158	1473	3	30
2259188	1473	4	30
2259218	1473	5	29
2259247	1473	6	30
2259277	1473	7	30
2259307	1473	8	29
2259336	1473	9	30
2259366	1473	10	29
2259395	1473	11	29
2259424	1473	12	30
2259454	1474	1	29
2259483	1474	2	30
2259513	1474	3	29
2259542	1474	4	30
2259572	1474	5	29
2259601	1474	6	30
2259631	1474	-6	30
2259661	1474	7	29
2259690	1474	8	30
2259720	1474	9	30
2259750	1474	10	29
2259779	1474	11	30
2259809	1474	12	29
2259838	1475	1	29
2259867	1475	2	30
2259897	1475	3	29
2259926	1475	4	30
2259956	1475	5	29
2259985	1475	6	30
2260015	1475	7	29
2260044	1475	8	30
2260074	1475	9	30
2260104	1475	10	29
2260133	1475	11	30
2260163	1475	12	30
2260193	1476	1	29
2260222	1476	2	29
2260251	1476	3	30
2260281	1476	4	29
2260310	1476	5	29
2260339	1476	6	30
2260369	1476	7	29
2260398	1476	8	30
2260428	1476	9	30
2260458	1476	10	30
2260488	1476	11	29
2260517	1476	12	30
2260547	1477	1	30
2260577	1477	2	29
2260606	1477	-2	29
2260635	1477	3	30
2260665	1477	4	29
2260694	1477	5	29
2260723	1477	6	30
2260753	1477	7	29
2260782	1477	8	30
2260812	1477	9	30
2260842	1477	10	29
2260871	1477	11	30
2260901	1477	12	30
2260931	1478	1	30
2260961	1478	2	29
2260990	1478	3	29
2261019	1478	4	30
2261049	1478	5	29
2261078	1478	6	29
2261107	1478	7	30
2261137	1478	8	29
2261166	1478	9	30
2261196	1478	10	29
2261225	1478	11	30
2261255	1478	12	30
2261285	1479	1	30
2261315	1479	2	29
2261344	1479	3	30
2261374	1479	4	29
2261403	1479	5	30
2261433	1479	6	29
2261462	1479	7	29
2261491	1479	8	30
2261521	1479	9	29
2261550	1479	10	30
2261580	1479	-10	29
2261609	1479	11	30
2261639	1479	12	30
2261669	1480	1	29
2261698	1480	2	30
2261728	1480	3	30
2261758	1480	4	29
2261787	1480	5	30
2261817	1480	6	29
2261846	1480	7	29
2261875	1480	8	30
2261905	1480	9	29
2261934	1480	10	30
2261964	1480	11	29
2261993	1480	12	30
2262023	1481	1	29
2262052	1481	2	30
2262082	1481	3	30
2262112	1481	4	30
2262142	1481	5	29
2262171	1481	6	30
2262201	1481	7	29
2262230	1481	8	29
2262259	1481	9	30
2262289	1481	10	29
2262318	1481	11	30
2262348	1481	12	29
2262377	1482	1	30
2262407	1482	2	29
2262436	1482	3	30
2262466	1482	4	30
2262496	1482	5	29
2262525	1482	6	30
2262555	1482	7	29
2262584	1482	8	30
2262614	1482	-8	29
2262643	1482	9	30
2262673	1482	10	29
2262702	1482	11	30
2262732	1482	12	29
2262761	1483	1	30
2262791	1483	2	29
2262820	1483	3	30
2262850	1483	4	29
2262879	1483	5	30
2262909	1483	6	29
2262938	1483	7	30
2262968	1483	8	30
2262998	1483	9	29
2263027	1483	10	30
2263057	1483	11	30
2263087	1483	12	29
2263116	1484	1	29
2263145	1484	2	30
2263175	1484	3	29
2263204	1484	4	30
2263234	1484	5	29
2263263	1484	6	29
2263292	1484	7	30
2263322	1484	8	30
2263352	1484	9	30
2263382	1484	10	29
2263411	1484	11	30
2263441	1484	12	30
2263471	1485	1	29
2263500	1485	2	29
2263529	1485	3	30
2263559	1485	4	29
2263588	1485	-4	29
2263617	1485	5	30
2263647	1485	6	29
2263676	1485	7	30
2263706	1485	8	30
2263736	1485	9	29
2263765	1485	10	30
2263795	1485	11	30
2263825	1485	12	30
2263855	1486	1	29
2263884	1486	2	29
2263913	1486	3	30
2263943	1486	4	29
2263972	1486	5	29
2264001	1486	6	30
2264031	1486	7	29
2264060	1486	8	30
2264090	1486	9	29
2264119	1486	10	30
2264149	1486	11	30
2264179	1486	12	30
2264209	1487	1	29
2264238	1487	2	30
2264268	1487	3	29
2264297	1487	4	30
2264327	1487	5	29
2264356	1487	6	29
2264385	1487	7	30
2264415	1487	8	29
2264444	1487	9	30
2264474	1487	10	29
2264503	1487	11	30
2264533	1487	12	30
2264563	1488	1	30
2264593	1488	-1	29
2264622	1488	2	30
2264652	1488	3	29
2264681	1488	4	30
2264711	1488	5	29
2264740	1488	6	29
2264769	1488	7	30
2264799	1488	8	29
2264828	1488	9	30
2264858	1488	10	29
2264887	1488	11	30
2264917	1488	12	30
2264947	1489	1	29
2264976	1489	2	30
2265006	1489	3	30
2265036	1489	4	29
2265065	1489	5	30
2265095	1489	6	29
2265124	1489	7	29
2265153	1489	8	30
2265183	1489	9	29
2265212	1489	10	30
2265242	1489	11	29
2265271	1489	12	30
2265301	1490	1	29
2265330	1490	2	30
2265360	1490	3	30
2265390	1490	4	29
2265419	1490	5	30
2265449	1490	6	29
2265478	1490	7	30
2265508	1490	8	29
2265537	1490	9	30
2265567	1490	-9	29
2265596	1490	10	30
2265626	1490	11	29
2265655	1490	12	30
2265685	1491	1	29
2265714	1491	2	30
2265744	1491	3	29
2265773	1491	4	30
2265803	1491	5	30
2265833	1491	6	29
2265862	1491	7	30
2265892	1491	8	29
2265921	1491	9	30
2265951	1491	10	29
2265980	1491	11	30
2266010	1491	12	29
2266039	1492	1	30
2266069	1492	2	29
2266098	1492	3	30
2266128	1492	4	29
2266157	1492	5	30
2266187	1492	6	29
2266216	1492	7	30
2266246	1492	8	30
2266276	1492	9	29
2266305	1492	10	30
2266335	1492	11	29
2266364	1492	12	30
2266394	1493	1	29
2266423	1493	2	30
2266453	1493	3	29
2266482	1493	4	29
2266511	1493	5	30
2266541	1493	-5	29
2266570	1493	6	30
2266600	1493	7	30
2266630	1493	8	29
2266659	1493	9	30
2266689	1493	10	30
2266719	1493	11	29
2266748	1493	12	30
2266778	1494	1	29
2266807	1494	2	30
2266837	1494	3	29
2266866	1494	4	29
2266895	1494	5	30
2266925	1494	6	29
2266954	1494	7	30
2266984	1494	8	29
2267013	1494	9	30
2267043	1494	10	30
2267073	1494	11	30
2267103	1494	12	29
2267132	1495	1	30
2267162	1495	2	29
2267191	1495	3	30
2267221	1495	4	29
2267250	1495	5	29
2267279	1495	6	29
2267308	1495	7	30
2267338	1495	8	30
2267368	1495	9	29
2267397	1495	10	30
2267427	1495	11	30
2267457	1495	12	30
2267487	1496	1	29
2267516	1496	2	30
2267546	1496	3	29
2267575	1496	-3	30
2267605	1496	4	29
2267634	1496	5	29
2267663	1496	6	30
2267693	1496	7	29
2267722	1496	8	29
2267751	1496	9	30
2267781	1496	10	30
2267811	1496	11	30
2267841	1496	12	29
2267870	1497	1	30
2267900	1497	2	30
2267930	1497	3	29
2267959	1497	4	30
2267989	1497	5	29
2268018	1497	6	29
2268047	1497	7	30
2268077	1497	8	29
2268106	1497	9	30
2268136	1497	10	29
2268165	1497	11	30
2268195	1497	12	29
2268224	1498	1	30
2268254	1498	2	30
2268284	1498	3	29
2268313	1498	4	30
2268343	1498	5	30
2268373	1498	6	29
2268402	1498	7	29
2268431	1498	8	30
2268461	1498	9	29
2268490	1498	10	30
2268520	1498	11	29
2268549	1498	-11	30
2268579	1498	12	29
2268608	1499	1	30
2268638	1499	2	29
2268667	1499	3	30
2268697	1499	4	30
2268727	1499	5	29
2268756	1499	6	30
2268786	1499	7	29
2268815	1499	8	30
2268845	1499	9	29
2268874	1499	10	30
2268904	1499	11	29
2268933	1499	12	30
2268963	1500	1	29
2268992	1500	2	30
2269022	1500	3	29
2269051	1500	4	30
2269081	1500	5	29
2269110	1500	6	30
2269140	1500	7	30
2269170	1500	8	29
2269199	1500	9	30
2269229	1500	10	29
2269258	1500	11	30
2269288	1500	12	29
2269317	1501	1	30
2269347	1501	2	29
2269376	1501	3	29
2269405	1501	4	30
2269435	1501	5	29
2269464	1501	6	30
2269494	1501	7	30
2269524	1501	-7	29
2269553	1501	8	30
2269583	1501	9	30
2269613	1501	10	29
2269642	1501	11	30
2269672	1501	12	29
2269701	1502	1	30
2269731	1502	2	29
2269760	1502	3	29
2269789	1502	4	30
2269819	1502	5	29
2269848	1502	6	30
2269878	1502	7	29
2269907	1502	8	30
2269937	1502	9	30
2269967	1502	10	30
2269997	1502	11	29
2270026	1502	12	30
2270056	1503	1	29
2270085	1503	2	30
2270115	1503	3	29
2270144	1503	4	29
2270173	1503	5	30
2270203	1503	6	29
2270232	1503	7	30
2270262	1503	8	29
2270291	1503	9	30
2270321	1503	10	30
2270351	1503	11	30
2270381	1503	12	29
2270410	1504	1	30
2270440	1504	2	29
2270469	1504	3	30
2270499	1504	4	29
2270528	1504	-4	29
2270557	1504	5	30
2270587	1504	6	29
2270616	1504	7	29
2270645	1504	8	30
2270675	1504	9	30
2270705	1504	10	29
2270734	1504	11	30
2270764	1504	12	30
2270794	1505	1	30
2270824	1505	2	29
2270853	1505	3	30
2270883	1505	4	29
2270912	1505	5	29
2270941	1505	6	30
2270971	1505	7	29
2271000	1505	8	29
2271029	1505	9	30
2271059	1505	10	30
2271089	1505	11	29
2271118	1505	12	30
2271148	1506	1	30
2271178	1506	2	30
2271208	1506	3	29
2271237	1506	4	30
2271267	1506	5	29
2271296	1506	6	29
2271325	1506	7	30
2271355	1506	8	29
2271384	1506	9	29
2271413	1506	10	30
2271443	1506	11	29
2271472	1506	12	30
2271502	1507	1	30
2271532	1507	-1	30
2271562	1507	2	29
2271591	1507	3	30
2271621	1507	4	29
2271650	1507	5	30
2271680	1507	6	29
2271709	1507	7	30
2271739	1507	8	29
2271768	1507	9	30
2271798	1507	10	29
2271827	1507	11	30
2271857	1507	12	29
2271886	1508	1	30
2271916	1508	2	29
2271945	1508	3	30
2271975	1508	4	30
2272005	1508	5	29
2272034	1508	6	30
2272064	1508	7	29
2272093	1508	8	30
2272123	1508	9	29
2272152	1508	10	30
2272182	1508	11	29
2272211	1508	12	30
2272241	1509	1	29
2272270	1509	2	30
2272300	1509	3	29
2272329	1509	4	30
2272359	1509	5	29
2272388	1509	6	30
2272418	1509	7	30
2272448	1509	8	29
2272477	1509	9	30
2272507	1509	-9	29
2272536	1509	10	30
2272566	1509	11	29
2272595	1509	12	30
2272625	1510	1	29
2272654	1510	2	29
2272683	1510	3	30
2272713	1510	4	29
2272742	1510	5	30
2272772	1510	6	30
2272802	1510	7	29
2272831	1510	8	30
2272861	1510	9	30
2272891	1510	10	29
2272920	1510	11	30
2272950	1510	12	29
2272979	1511	1	30
2273009	1511	2	29
2273038	1511	3	29
2273067	1511	4	30
2273097	1511	5	29
2273126	1511	6	30
2273156	1511	7	29
2273185	1511	8	30
2273215	1511	9	30
2273245	1511	10	29
2273274	1511	11	30
2273304	1511	12	30
2273334	1512	1	29
2273363	1512	2	30
2273393	1512	3	29
2273422	1512	4	29
2273451	1512	5	30
2273481	1512	-5	29
2273510	1512	6	29
2273539	1512	7	30
2273569	1512	8	30
2273599	1512	9	29
2273628	1512	10	30
2273658	1512	11	30
2273688	1512	12	30
2273718	1513	1	29
2273747	1513	2	30
2273777	1513	3	29
2273806	1513	4	29
2273835	1513	5	30
2273865	1513	6	29
2273894	1513	7	29
2273923	1513	8	30
2273953	1513	9	29
2273982	1513	10	30
2274012	1513	11	30
2274042	1513	12	30
2274072	1514	1	30
2274102	1514	2	29
2274131	1514	3	30
2274161	1514	4	29
2274190	1514	5	29
2274219	1514	6	30
2274249	1514	7	29
2274278	1514	8	29
2274307	1514	9	30
2274337	1514	10	29
2274366	1514	11	30
2274396	1514	12	30
2274426	1515	1	30
2274456	1515	2	29
2274485	1515	3	30
2274515	1515	4	30
2274545	1515	-4	29
2274574	1515	5	29
2274603	1515	6	30
2274633	1515	7	29
2274662	1515	8	29
2274691	1515	9	30
2274721	1515	10	29
2274750	1515	11	30
2274780	1515	12	30
2274810	1516	1	29
2274839	1516	2	30
2274869	1516	3	30
2274899	1516	4	29
2274928	1516	5	30
2274958	1516	6	29
2274987	1516	7	30
2275017	1516	8	29
2275046	1516	9	30
2275076	1516	10	29
2275105	1516	11	29
2275134	1516	12	30
2275164	1517	1	30
2275194	1517	2	29
2275223	1517	3	30
2275253	1517	4	29
2275282	1517	5	30
2275312	1517	6	30
2275342	1517	7	29
2275371	1517	8	30
2275401	1517	9	29
2275430	1517	10	30
2275460	1517	11	29
2275489	1517	12	30
2275519	1517	-12	29
2275548	1518	1	29
2275577	1518	2	30
2275607	1518	3	29
2275636	1518	4	30
2275666	1518	5	30
2275696	1518	6	29
2275725	1518	7	30
2275755	1518	8	30
2275785	1518	9	29
2275814	1518	10	30
2275844	1518	11	29
2275873	1518	12	30
2275903	1519	1	29
2275932	1519	2	29
2275961	1519	3	30
2275991	1519	4	29
2276020	1519	5	30
2276050	1519	6	29
2276079	1519	7	30
2276109	1519	8	30
2276139	1519	9	29
2276168	1519	10	30
2276198	1519	11	30
2276228	1519	12	29
2276257	1520	1	30
2276287	1520	2	29
2276316	1520	3	29
2276345	1520	4	30
2276375	1520	5	29
2276404	1520	6	30
2276434	1520	7	29
2276463	1520	8	30
2276493	1520	-8	29
2276522	1520	9	30
2276552	1520	10	30
2276582	1520	11	30
2276612	1520	12	29
2276641	1521	1	30
2276671	1521	2	29
2276700	1521	3	29
2276729	1521	4	30
2276759	1521	5	29
2276788	1521	6	29
2276817	1521	7	30
2276847	1521	8	29
2276876	1521	9	30
2276906	1521	10	30
2276936	1521	11	30
2276966	1521	12	30
2276996	1522	1	29
2277025	1522	2	30
2277055	1522	3	29
2277084	1522	4	29
2277113	1522	5	30
2277143	1522	6	29
2277172	1522	7	29
2277201	1522	8	30
2277231	1522	9	29
2277260	1522	10	30
2277290	1522	11	30
2277320	1522	12	30
2277350	1523	1	29
2277379	1523	2	30
2277409	1523	3	30
2277439	1523	4	29
2277468	1523	-4	29
2277497	1523	5	30
2277527	1523	6	29
2277556	1523	7	29
2277585	1523	8	30
2277615	1523	9	29
2277644	1523	10	30
2277674	1523	11	30
2277704	1523	12	29
2277733	1524	1	30
2277763	1524	2	30
2277793	1524	3	29
2277822	1524	4	30
2277852	1524	5	29
2277881	1524	6	30
2277911	1524	7	29
2277940	1524	8	29
2277969	1524	9	30
2277999	1524	10	29
2278028	1524	11	30
2278058	1524	12	29
2278087	1525	1	30
2278117	1525	2	30
2278147	1525	3	30
2278177	1525	4	29
2278206	1525	5	30
2278236	1525	6	29
2278265	1525	7	30
2278295	1525	8	29
2278324	1525	9	29
2278353	1525	10	30
2278383	1525	11	29
2278412	1525	12	30
2278442	1525	-12	29
2278471	1526	1	30
2278501	1526	2	30
2278531	1526	3	29
2278560	1526	4	30
2278590	1526	5	29
2278619	1526	6	30
2278649	1526	7	30
2278679	1526	8	29
2278708	1526	9	30
2278738	1526	10	29
2278767	1526	11	29
2278796	1526	12	30
2278826	1527	1	29
2278855	1527	2	30
2278885	1527	3	29
2278914	1527	4	30
2278944	1527	5	29
2278973	1527	6	30
2279003	1527	7	30
2279033	1527	8	29
2279062	1527	9	30
2279092	1527	10	30
2279122	1527	11	29
2279151	1527	12	30
2279181	1528	1	29
2279210	1528	2	29
2279239	1528	3	30
2279269	1528	4	29
2279298	1528	5	30
2279328	1528	6	29
2279357	1528	7	30
2279387	1528	8	30
2279417	1528	9	29
2279446	1528	10	30
2279476	1528	-10	30
2279506	1528	11	29
2279535	1528	12	30
2279565	1529	1	29
2279594	1529	2	29
2279623	1529	3	30
2279653	1529	4	29
2279682	1529	5	29
2279711	1529	6	30
2279741	1529	7	30
2279771	1529	8	29
2279800	1529	9	30
2279830	1529	10	30
2279860	1529	11	30
2279890	1529	12	29
2279919	1530	1	30
2279949	1530	2	29
2279978	1530	3	29
2280007	1530	4	30
2280037	1530	5	29
2280066	1530	6	29
2280095	1530	7	30
2280125	1530	8	29
2280154	1530	9	30
2280184	1530	10	30
2280214	1530	11	30
2280244	1530	12	29
2280273	1531	1	30
2280303	1531	2	30
2280333	1531	3	29
2280362	1531	4	29
2280391	1531	5	30
2280421	1531	6	29
2280450	1531	-6	29
2280479	1531	7	30
2280509	1531	8	29
2280538	1531	9	30
2280568	1531	10	30
2280598	1531	11	29
2280627	1531	12	30
2280657	1532	1	30
2280687	1532	2	30
2280717	1532	3	29
2280746	1532	4	29
2280775	1532	5	30
2280805	1532	6	29
2280834	1532	7	29
2280863	1532	8	30
2280893	1532	9	29
2280922	1532	10	30
2280952	1532	11	29
2280981	1532	12	30
2281011	1533	1	30
2281041	1533	2	30
2281071	1533	3	29
2281100	1533	4	30
2281130	1533	5	29
2281159	1533	6	30
2281189	1533	7	29
2281218	1533	8	29
2281247	1533	9	30
2281277	1533	10	29
2281306	1533	11	30
2281336	1533	12	29
2281365	1534	1	30
2281395	1534	2	30
2281425	1534	-2	29
2281454	1534	3	30
2281484	1534	4	30
2281514	1534	5	29
2281543	1534	6	30
2281573	1534	7	29
2281602	1534	8	29
2281631	1534	9	30
2281661	1534	10	29
2281690	1534	11	30
2281720	1534	12	29
2281749	1535	1	30
2281779	1535	2	29
2281808	1535	3	30
2281838	1535	4	30
2281868	1535	5	29
2281897	1535	6	30
2281927	1535	7	29
2281956	1535	8	30
2281986	1535	9	30
2282016	1535	10	29
2282045	1535	11	29
2282074	1535	12	30
2282104	1536	1	29
2282133	1536	2	30
2282163	1536	3	29
2282192	1536	4	30
2282222	1536	5	29
2282251	1536	6	30
2282281	1536	7	30
2282311	1536	8	29
2282340	1536	9	30
2282370	1536	10	30
2282400	1536	11	29
2282429	1536	12	30
2282459	1536	-12	29
2282488	1537	1	29
2282517	1537	2	30
2282547	1537	3	29
2282576	1537	4	30
2282606	1537	5	29
2282635	1537	6	30
2282665	1537	7	29
2282694	1537	8	30
2282724	1537	9	30
2282754	1537	10	29
2282783	1537	11	30
2282813	1537	12	30
2282843	1538	1	29
2282872	1538	2	29
2282901	1538	3	30
2282931	1538	4	29
2282960	1538	5	29
2282989	1538	6	30
2283019	1538	7	29
2283048	1538	8	30
2283078	1538	9	30
2283108	1538	10	30
2283138	1538	11	29
2283167	1538	12	30
2283197	1539	1	30
2283227	1539	2	29
2283256	1539	3	29
2283285	1539	4	30
2283315	1539	5	29
2283344	1539	6	29
2283373	1539	7	30
2283403	1539	-7	29
2283432	1539	8	30
2283462	1539	9	30
2283492	1539	10	29
2283521	1539	11	30
2283551	1539	12	30
2283581	1540	1	30
2283611	1540	2	29
2283640	1540	3	29
2283669	1540	4	30
2283699	1540	5	29
2283728	1540	6	29
2283757	1540	7	30
2283787	1540	8	29
2283816	1540	9	30
2283846	1540	10	29
2283875	1540	11	30
2283905	1540	12	30
2283935	1541	1	30
2283965	1541	2	29
2283994	1541	3	30
2284024	1541	4	29
2284053	1541	5	30
2284083	1541	6	29
2284112	1541	7	29
2284141	1541	8	30
2284171	1541	9	29
2284200	1541	10	30
2284230	1541	11	29
2284259	1541	12	30
2284289	1542	1	30
2284319	1542	2	29
2284348	1542	3	30
2284378	1542	4	30
2284408	1542	5	29
2284437	1542	-5	30
2284467	1542	6	29
2284496	1542	7	29
2284525	1542	8	30
2284555	1542	9	29
2284584	1542	10	30
2284614	1542	11	29
2284643	1542	12	30
2284673	1543	1	29
2284702	1543	2	30
2284732	1543	3	30
2284762	1543	4	29
2284791	1543	5	30
2284821	1543	6	30
2284851	1543	7	29
2284880	1543	8	29
2284909	1543	9	30
2284939	1543	10	29
2284968	1543	11	30
2284998	1543	12	29
2285027	1544	1	30
2285057	1544	2	29
2285086	1544	3	30
2285116	1544	4	29
2285145	1544	5	30
2285175	1544	6	30
2285205	1544	7	29
2285234	1544	8	30
2285264	1544	9	29
2285293	1544	10	30
2285323	1544	11	29
2285352	1544	12	30
2285382	1545	1	29
2285411	1545	-1	30
2285441	1545	2	29
2285470	1545	3	30
2285500	1545	4	29
2285529	1545	5	30
2285559	1545	6	29
2285588	1545	7	30
2285618	1545	8	30
2285648	1545	9	29
2285677	1545	10	30
2285707	1545	11	30
2285737	1545	12	29
2285766	1546	1	29
2285795	1546	2	30
2285825	1546	3	29
2285854	1546	4	29
2285883	1546	5	30
2285913	1546	6	29
2285942	1546	7	30
2285972	1546	8	30
2286002	1546	9	30
2286032	1546	10	29
2286061	1546	11	30
2286091	1546	12	30
2286121	1547	1	29
2286150	1547	2	29
2286179	1547	3	30
2286209	1547	4	29
2286238	1547	5	29
2286267	1547	6	30
2286297	1547	7	29
2286326	1547	8	30
2286356	1547	9	30
2286386	1547	-9	29
2286415	1547	10	30
2286445	1547	11	30
2286475	1547	12	30
2286505	1548	1	29
2286534	1548	2	29
2286563	1548	3	30
2286593	1548	4	29
2286622	1548	5	29
2286651	1548	6	30
2286681	1548	7	29
2286710	1548	8	30
2286740	1548	9	29
2286769	1548	10	30
2286799	1548	11	30
2286829	1548	12	30
2286859	1549	1	29
2286888	1549	2	30
2286918	1549	3	29
2286947	1549	4	30
2286977	1549	5	29
2287006	1549	6	29
2287035	1549	7	30
2287065	1549	8	29
2287094	1549	9	30
2287124	1549	10	29
2287153	1549	11	30
2287183	1549	12	30
2287213	1550	1	30
2287243	1550	2	29
2287272	1550	3	30
2287302	1550	4	29
2287331	1550	5	30
2287361	1550	6	29
2287390	1550	-6	29
2287419	1550	7	30
2287449	1550	8	29
2287478	1550	9	30
2287508	1550	10	29
2287537	1550	11	30
2287567	1550	12	29
2287596	1551	1	30
2287626	1551	2	30
2287656	1551	3	30
2287686	1551	4	29
2287715	1551	5	30
2287745	1551	6	29
2287774	1551	7	29
2287803	1551	8	30
2287833	1551	9	29
2287862	1551	10	30
2287892	1551	11	29
2287921	1551	12	30
2287951	1552	1	29
2287980	1552	2	30
2288010	1552	3	30
2288040	1552	4	29
2288069	1552	5	30
2288099	1552	6	29
2288128	1552	7	30
2288158	1552	8	29
2288187	1552	9	30
2288217	1552	10	29
2288246	1552	11	30
2288276	1552	12	29
2288305	1553	1	30
2288335	1553	2	29
2288364	1553	3	30
2288394	1553	-3	29
2288423	1553	4	30
2288453	1553	5	30
2288483	1553	6	29
2288512	1553	7	30
2288542	1553	8	29
2288571	1553	9	30
2288601	1553	10	29
2288630	1553	11	30
2288660	1553	12	29
2288689	1554	1	30
2288719	1554	2	29
2288748	1554	3	30
2288778	1554	4	29
2288807	1554	5	30
2288837	1554	6	29
2288866	1554	7	30
2288896	1554	8	30
2288926	1554	9	29
2288955	1554	10	30
2288985	1554	11	29
2289014	1554	12	30
2289044	1555	1	29
2289073	1555	2	30
2289103	1555	3	29
2289132	1555	4	29
2289161	1555	5	30
2289191	1555	6	29
2289220	1555	7	30
2289250	1555	8	30
2289280	1555	9	29
2289309	1555	10	30
2289339	1555	11	30
2289369	1555	-11	29
2289398	1555	12	30
2289428	1556	1	29
2289457	1556	2	30
2289487	1556	3	29
2289516	1556	4	29
2289545	1556	5	30
2289575	1556	6	29
2289604	1556	7	30
2289634	1556	8	29
2289663	1556	9	30
2289693	1556	10	30
2289723	1556	11	30
2289753	1556	12	29
2289782	1557	1	30
2289812	1557	2	29
2289841	1557	3	30
2289871	1557	4	29
2289900	1557	5	29
2289929	1557	6	30
2289959	1557	7	29
2289988	1557	8	30
2290018	1557	9	29
2290047	1557	10	30
2290077	1557	11	30
2290107	1557	12	30
2290137	1558	1	29
2290166	1558	2	30
2290196	1558	3	29
2290225	1558	4	30
2290255	1558	5	29
2290284	1558	6	29
2290313	1558	7	30
2290343	1558	-7	29
2290372	1558	8	29
2290401	1558	9	30
2290431	1558	10	30
2290461	1558	11	29
2290490	1558	12	30
2290520	1559	1	30
2290550	1559	2	30
2290580	1559	3	29
2290609	1559	4	30
2290639	1559	5	29
2290668	1559	6	29
2290697	1559	7	30
2290727	1559	8	29
2290756	1559	9	29
2290785	1559	10	30
2290815	1559	11	30
2290845	1559	12	29
2290874	1560	1	30
2290904	1560	2	30
2290934	1560	3	29
2290963	1560	4	30
2290993	1560	5	30
2291023	1560	6	29
2291052	1560	7	29
2291081	1560	8	30
2291111	1560	9	29
2291140	1560	10	30
2291170	1560	11	29
2291199	1560	12	30
2291229	1561	1	29
2291258	1561	2	30
2291288	1561	3	29
2291317	1561	4	30
2291347	1561	5	30
2291377	1561	-5	29
2291406	1561	6	30
2291436	1561	7	29
2291465	1561	8	30
2291495	1561	9	29
2291524	1561	10	30
2291554	1561	11	29
2291583	1561	12	30
2291613	1562	1	29
2291642	1562	2	30
2291672	1562	3	29
2291701	1562	4	30
2291731	1562	5	29
2291760	1562	6	30
2291790	1562	7	30
2291820	1562	8	29
2291849	1562	9	30
2291879	1562	10	29
2291908	1562	11	30
2291938	1562	12	29
2291967	1563	1	30
2291997	1563	2	29
2292026	1563	3	29
2292055	1563	4	30
2292085	1563	5	29
2292114	1563	6	30
2292144	1563	7	30
2292174	1563	8	29
2292203	1563	9	30
2292233	1563	10	30
2292263	1563	11	29
2292292	1563	12	30
2292322	1564	1	29
2292351	1564	2	30
2292381	1564	-2	29
2292410	1564	3	29
2292439	1564	4	30
2292469	1564	5	29
2292498	1564	6	30
2292528	1564	7	29
2292557	1564	8	30
2292587	1564	9	30
2292617	1564	10	30
2292647	1564	11	29
2292676	1564	12	30
2292706	1565	1	29
2292735	1565	2	30
2292765	1565	3	29
2292794	1565	4	29
2292823	1565	5	30
2292853	1565	6	29
2292882	1565	7	30
2292912	1565	8	29
2292941	1565	9	30
2292971	1565	10	30
2293001	1565	11	30
2293031	1565	12	29
2293060	1566	1	30
2293090	1566	2	29
2293119	1566	3	30
2293149	1566	4	29
2293178	1566	5	29
2293207	1566	6	30
2293237	1566	7	29
2293266	1566	8	29
2293295	1566	9	30
2293325	1566	10	30
2293355	1566	-10	29
2293384	1566	11	30
2293414	1566	12	30
2293444	1567	1	30
2293474	1567	2	29
2293503	1567	3	30
2293533	1567	4	29
2293562	1567	5	29
2293591	1567	6	30
2293621	1567	7	29
2293650	1567	8	29
2293679	1567	9	30
2293709	1567	10	30
2293739	1567	11	29
2293768	1567	12	30
2293798	1568	1	30
2293828	1568	2	30
2293858	1568	3	29
2293887	1568	4	30
2293917	1568	5	29
2293946	1568	6	29
2293975	1568	7	30
2294005	1568	8	29
2294034	1568	9	29
2294063	1568	10	30
2294093	1568	11	29
2294122	1568	12	30
2294152	1569	1	30
2294182	1569	2	30
2294212	1569	3	29
2294241	1569	4	30
2294271	1569	5	29
2294300	1569	6	30
2294330	1569	-6	29
2294359	1569	7	30
2294389	1569	8	29
2294418	1569	9	30
2294448	1569	10	29
2294477	1569	11	29
2294506	1569	12	30
2294536	1570	1	30
2294566	1570	2	29
2294595	1570	3	30
2294625	1570	4	30
2294655	1570	5	29
2294684	1570	6	30
2294714	1570	7	29
2294743	1570	8	30
2294773	1570	9	29
2294802	1570	10	30
2294832	1570	11	29
2294861	1570	12	30
2294891	1571	1	29
2294920	1571	2	29
2294949	1571	3	30
2294979	1571	4	30
2295009	1571	5	29
2295038	1571	6	30
2295068	1571	7	29
2295097	1571	8	30
2295127	1571	9	30
2295157	1571	10	29
2295186	1571	11	30
2295216	1571	12	29
2295245	1572	1	30
2295275	1572	2	29
2295304	1572	-2	29
2295333	1572	3	30
2295363	1572	4	29
2295392	1572	5	30
2295422	1572	6	29
2295451	1572	7	30
2295481	1572	8	30
2295511	1572	9	30
2295541	1572	10	29
2295570	1572	11	30
2295600	1572	12	29
2295629	1573	1	30
2295659	1573	2	29
2295688	1573	3	29
2295717	1573	4	30
2295747	1573	5	29
2295776	1573	6	30
2295806	1573	7	29
2295835	1573	8	30
2295865	1573	9	30
2295895	1573	10	29
2295924	1573	11	30
2295954	1573	12	30
2295984	1574	1	29
2296013	1574	2	30
2296043	1574	3	29
2296072	1574	4	29
2296101	1574	5	30
2296131	1574	6	29
2296160	1574	7	29
2296189	1574	8	30
2296219	1574	9	30
2296249	1574	10	29
2296278	1574	11	30
2296308	1574	12	30
2296338	1574	-12	30
2296368	1575	1	29
2296397	1575	2	30
2296427	1575	3	29
2296456	1575	4	29
2296485	1575	5	30
2296515	1575	6	29
2296544	1575	7	29
2296573	1575	8	30
2296603	1575	9	29
2296632	1575	10	30
2296662	1575	11	30
2296692	1575	12	30
2296722	1576	1	30
2296752	1576	2	29
2296781	1576	3	30
2296811	1576	4	29
2296840	1576	5	29
2296869	1576	6	30
2296899	1576	7	29
2296928	1576	8	29
2296957	1576	9	30
2296987	1576	10	29
2297016	1576	11	30
2297046	1576	12	30
2297076	1577	1	30
2297106	1577	2	29
2297135	1577	3	30
2297165	1577	4	30
2297195	1577	5	29
2297224	1577	6	29
2297253	1577	7	30
2297283	1577	8	29
2297312	1577	-8	29
2297341	1577	9	30
2297371	1577	10	29
2297400	1577	11	30
2297430	1577	12	30
2297460	1578	1	29
2297489	1578	2	30
2297519	1578	3	30
2297549	1578	4	29
2297578	1578	5	30
2297608	1578	6	29
2297637	1578	7	30
2297667	1578	8	29
2297696	1578	9	29
2297725	1578	10	30
2297755	1578	11	29
2297784	1578	12	30
2297814	1579	1	29
2297843	1579	2	30
2297873	1579	3	30
2297903	1579	4	29
2297932	1579	5	30
2297962	1579	6	30
2297992	1579	7	29
2298021	1579	8	30
2298051	1579	9	29
2298080	1579	10	30
2298110	1579	11	29
2298139	1579	12	29
2298168	1580	1	30
2298198	1580	2	29
2298227	1580	3	30
2298257	1580	4	29
2298286	1580	-4	30
2298316	1580	5	30
2298346	1580	6	29
2298375	1580	7	30
2298405	1580	8	30
2298435	1580	9	29
2298464	1580	10	30
2298494	1580	11	29
2298523	1580	12	30
2298553	1581	1	29
2298582	1581	2	29
2298611	1581	3	30
2298641	1581	4	29
2298670	1581	5	30
2298700	1581	6	29
2298729	1581	7	30
2298759	1581	8	30
2298789	1581	9	29
2298818	1581	10	30
2298848	1581	11	30
2298878	1581	12	29
2298907	1582	1	30
2298937	1582	2	29
2298966	1582	3	29
2298995	1582	4	30
2299025	1582	5	29
2299054	1582	6	29
2299083	1582	7	30
2299113	1582	8	30
2299143	1582	9	29
2299172	1582	10	30
2299202	1582	11	30
2299232	1582	12	30
2299262	1583	1	29
2299291	1583	2	30
2299321	1583	-2	29
2299350	1583	3	29
2299379	1583	4	30
2299409	1583	5	29
2299438	1583	6	29
2299467	1583	7	30
2299497	1583	8	29
2299526	1583	9	30
2299556	1583	10	30
2299586	1583	11	30
2299616	1583	12	30
2299646	1584	1	29
2299675	1584	2	30
2299705	1584	3	29
2299734	1584	4	29
2299763	1584	5	30
2299793	1584	6	29
2299822	1584	7	29
2299851	1584	8	30
2299881	1584	9	29
2299910	1584	10	30
2299940	1584	11	30
2299970	1584	12	30
2300000	1585	1	29
2300029	1585	2	30
2300059	1585	3	30
2300089	1585	4	29
2300118	1585	5	29
2300147	1585	6	30
2300177	1585	7	29
2300206	1585	8	29
2300235	1585	9	30
2300265	1585	-9	29
2300294	1585	10	30
2300324	1585	11	30
2300354	1585	12	29
2300383	1586	1	30
2300413	1586	2	30
2300443	1586	3	29
2300472	1586	4	30
2300502	1586	5	29
2300531	1586	6	30
2300561	1586	7	29
2300590	1586	8	29
2300619	1586	9	30
2300649	1586	10	29
2300678	1586	11	30
2300708	1586	12	29
2300737	1587	1	30
2300767	1587	2	30
2300797	1587	3	30
2300827	1587	4	29
2300856	1587	5	30
2300886	1587	6	29
2300915	1587	7	30
2300945	1587	8	29
2300974	1587	9	29
2301003	1587	10	30
2301033	1587	11	29
2301062	1587	12	30
2301092	1588	1	29
2301121	1588	2	30
2301151	1588	3	30
2301181	1588	4	29
2301210	1588	5	30
2301240	1588	6	29
2301269	1588	-6	30
2301299	1588	7	30
2301329	1588	8	29
2301358	1588	9	30
2301388	1588	10	29
2301417	1588	11	29
2301446	1588	12	30
2301476	1589	1	29
2301505	1589	2	30
2301535	1589	3	29
2301564	1589	4	30
2301594	1589	5	29
2301623	1589	6	30
2301653	1589	7	30
2301683	1589	8	29
2301712	1589	9	30
2301742	1589	10	30
2301772	1589	11	29
2301801	1589	12	30
2301831	1590	1	29
2301860	1590	2	29
2301889	1590	3	30
2301919	1590	4	29
2301948	1590	5	30
2301978	1590	6	29
2302007	1590	7	30
2302037	1590	8	30
2302067	1590	9	29
2302096	1590	10	30
2302126	1590	11	30
2302156	1590	12	29
2302185	1591	1	30
2302215	1591	2	29
2302244	1591	3	29
2302273	1591	-3	30
2302303	1591	4	29
2302332	1591	5	29
2302361	1591	6	30
2302391	1591	7	29
2302420	1591	8	30
2302450	1591	9	30
2302480	1591	10	30
2302510	1591	11	30
2302540	1591	12	29
2302569	1592	1	30
2302599	1592	2	29
2302628	1592	3	29
2302657	1592	4	30
2302687	1592	5	29
2302716	1592	6	29
2302745	1592	7	30
2302775	1592	8	29
2302804	1592	9	30
2302834	1592	10	30
2302864	1592	11	30
2302894	1592	12	29
2302923	1593	1	30
2302953	1593	2	30
2302983	1593	3	29
2303012	1593	4	29
2303041	1593	5	30
2303071	1593	6	29
2303100	1593	7	29
2303129	1593	8	30
2303159	1593	9	29
2303188	1593	10	30
2303218	1593	11	30
2303248	1593	-11	29
2303277	1593	12	30
2303307	1594	1	30
2303337	1594	2	29
2303366	1594	3	30
2303396	1594	4	29
2303425	1594	5	30
2303455	1594	6	29
2303484	1594	7	29
2303513	1594	8	30
2303543	1594	9	29
2303572	1594	10	30
2303602	1594	11	29
2303631	1594	12	30
2303661	1595	1	30
2303691	1595	2	30
2303721	1595	3	29
2303750	1595	4	30
2303780	1595	5	29
2303809	1595	6	30
2303839	1595	7	29
2303868	1595	8	29
2303897	1595	9	30
2303927	1595	10	29
2303956	1595	11	30
2303986	1595	12	29
2304015	1596	1	30
2304045	1596	2	30
2304075	1596	3	29
2304104	1596	4	30
2304134	1596	5	30
2304164	1596	6	29
2304193	1596	7	30
2304223	1596	8	29
2304252	1596	-8	29
2304281	1596	9	30
2304311	1596	10	29
2304340	1596	11	30
2304370	1596	12	29
2304399	1597	1	30
2304429	1597	2	29
2304458	1597	3	30
2304488	1597	4	30
2304518	1597	5	29
2304547	1597	6	30
2304577	1597	7	29
2304606	1597	8	30
2304636	1597	9	29
2304665	1597	10	30
2304695	1597	11	29
2304724	1597	12	30
2304754	1598	1	29
2304783	1598	2	30
2304813	1598	3	29
2304842	1598	4	30
2304872	1598	5	29
2304901	1598	6	30
2304931	1598	7	30
2304961	1598	8	29
2304990	1598	9	30
2305020	1598	10	29
2305049	1598	11	30
2305079	1598	12	30
2305109	1599	1	29
2305138	1599	2	29
2305167	1599	3	30
2305197	1599	4	29
2305226	1599	-4	29
2305255	1599	5	30
2305285	1599	6	30
2305315	1599	7	29
2305344	1599	8	30
2305374	1599	9	30
2305404	1599	10	29
2305433	1599	11	30
2305463	1599	12	30
2305493	1600	1	29
2305522	1600	2	29
2305551	1600	3	30
2305581	1600	4	29
2305610	1600	5	29
2305639	1600	6	30
2305669	1600	7	29
2305698	1600	8	30
2305728	1600	9	30
2305758	1600	10	30
2305788	1600	11	29
2305817	1600	12	30
2305847	1601	1	30
2305877	1601	2	29
2305906	1601	3	29
2305935	1601	4	30
2305965	1601	5	29
2305994	1601	6	29
2306023	1601	7	30
2306053	1601	8	29
2306082	1601	9	30
2306112	1601	10	30
2306142	1601	11	29
2306171	1601	12	30
2306201	1602	1	30
2306231	1602	2	30
2306261	1602	-2	29
2306290	1602	3	29
2306319	1602	4	30
2306349	1602	5	29
2306378	1602	6	29
2306407	1602	7	30
2306437	1602	8	29
2306466	1602	9	30
2306496	1602	10	29
2306525	1602	11	30
2306555	1602	12	30
2306585	1603	1	30
2306615	1603	2	29
2306644	1603	3	30
2306674	1603	4	29
2306703	1603	5	30
2306733	1603	6	29
2306762	1603	7	29
2306791	1603	8	30
2306821	1603	9	29
2306850	1603	10	30
2306880	1603	11	29
2306909	1603	12	30
2306939	1604	1	30
2306969	1604	2	29
2306998	1604	3	30
2307028	1604	4	30
2307058	1604	5	29
2307087	1604	6	30
2307117	1604	7	29
2307146	1604	8	29
2307175	1604	9	30
2307205	1604	-9	29
2307234	1604	10	30
2307264	1604	11	29
2307293	1604	12	30
2307323	1605	1	29
2307352	1605	2	30
2307382	1605	3	30
2307412	1605	4	29
2307441	1605	5	30
2307471	1605	6	29
2307500	1605	7	30
2307530	1605	8	29
2307559	1605	9	30
2307589	1605	10	29
2307618	1605	11	30
2307648	1605	12	29
2307677	1606	1	30
2307707	1606	2	29
2307736	1606	3	30
2307766	1606	4	29
2307795	1606	5	30
2307825	1606	6	30
2307855	1606	7	29
2307884	1606	8	30
2307914	1606	9	29
2307943	1606	10	30
2307973	1606	11	29
2308002	1606	12	30
2308032	1607	1	29
2308061	1607	2	30
2308091	1607	3	29
2308120	1607	4	30
2308150	1607	5	29
2308179	1607	6	30
2308209	1607	-6	29
2308238	1607	7	30
2308268	1607	8	30
2308298	1607	9	29
2308327	1607	10	30
2308357	1607	11	29
2308386	1607	12	30
2308416	1608	1	29
2308445	1608	2	30
2308475	1608	3	29
2308504	1608	4	29
2308533	1608	5	30
2308563	1608	6	29
2308592	1608	7	30
2308622	1608	8	30
2308652	1608	9	30
2308682	1608	10	29
2308711	1608	11	30
2308741	1608	12	30
2308771	1609	1	29
2308800	1609	2	29
2308829	1609	3	30
2308859	1609	4	29
2308888	1609	5	29
2308917	1609	6	30
2308947	1609	7	29
2308976	1609	8	30
2309006	1609	9	30
2309036	1609	10	29
2309065	1609	11	30
2309095	1609	12	30
2309125	1610	1	29
2309154	1610	2	30
2309184	1610	3	29
2309213	1610	-3	30
2309243	1610	4	29
2309272	1610	5	29
2309301	1610	6	30
2309331	1610	7	29
2309360	1610	8	30
2309390	1610	9	29
2309419	1610	10	30
2309449	1610	11	30
2309479	1610	12	30
2309509	1611	1	29
2309538	1611	2	30
2309568	1611	3	29
2309597	1611	4	30
2309627	1611	5	29
2309656	1611	6	29
2309685	1611	7	30
2309715	1611	8	29
2309744	1611	9	30
2309774	1611	10	29
2309803	1611	11	30
2309833	1611	12	30
2309863	1612	1	30
2309893	1612	2	29
2309922	1612	3	30
2309952	1612	4	29
2309981	1612	5	30
2310011	1612	6	29
2310040	1612	7	29
2310069	1612	8	30
2310099	1612	9	29
2310128	1612	10	30
2310158	1612	11	29
2310187	1612	-11	30
2310217	1612	12	29
2310246	1613	1	30
2310276	1613	2	30
2310306	1613	3	30
2310336	1613	4	29
2310365	1613	5	30
2310395	1613	6	29
2310424	1613	7	29
2310453	1613	8	30
2310483	1613	9	29
2310512	1613	10	30
2310542	1613	11	29
2310571	1613	12	30
2310601	1614	1	29
2310630	1614	2	30
2310660	1614	3	30
2310690	1614	4	29
2310719	1614	5	30
2310749	1614	6	29
2310778	1614	7	30
2310808	1614	8	29
2310837	1614	9	30
2310867	1614	10	29
2310896	1614	11	30
2310926	1614	12	29
2310955	1615	1	30
2310985	1615	2	29
2311014	1615	3	30
2311044	1615	4	29
2311073	1615	5	30
2311103	1615	6	30
2311133	1615	7	29
2311162	1615	8	30
2311192	1615	-8	29
2311221	1615	9	30
2311251	1615	10	29
2311280	1615	11	30
2311310	1615	12	29
2311339	1616	1	30
2311369	1616	2	29
2311398	1616	3	29
2311427	1616	4	30
2311457	1616	5	30
2311487	1616	6	29
2311516	1616	7	30
2311546	1616	8	30
2311576	1616	9	29
2311605	1616	10	30
2311635	1616	11	29
2311664	1616	12	30
2311694	1617	1	29
2311723	1617	2	30
2311753	1617	3	29
2311782	1617	4	29
2311811	1617	5	30
2311841	1617	6	29
2311870	1617	7	30
2311900	1617	8	30
2311930	1617	9	29
2311959	1617	10	30
2311989	1617	11	30
2312019	1617	12	29
2312048	1618	1	30
2312078	1618	2	29
2312107	1618	3	30
2312137	1618	4	29
2312166	1618	-4	29
2312195	1618	5	30
2312225	1618	6	29
2312254	1618	7	30
2312284	1618	8	29
2312313	1618	9	30
2312343	1618	10	30
2312373	1618	11	30
2312403	1618	12	29
2312432	1619	1	30
2312462	1619	2	29
2312491	1619	3	30
2312521	1619	4	29
2312550	1619	5	29
2312579	1619	6	30
2312609	1619	7	29
2312638	1619	8	29
2312667	1619	9	30
2312697	1619	10	30
2312727	1619	11	30
2312757	1619	12	30
2312787	1620	1	29
2312816	1620	2	30
2312846	1620	3	29
2312875	1620	4	30
2312905	1620	5	29
2312934	1620	6	29
2312963	1620	7	30
2312993	1620	8	29
2313022	1620	9	29
2313051	1620	10	30
2313081	1620	11	30
2313111	1620	12	29
2313140	1621	1	30
2313170	1621	2	30
2313200	1621	-2	30
2313230	1621	3	29
2313259	1621	4	30
2313289	1621	5	29
2313318	1621	6	29
2313347	1621	7	30
2313377	1621	8	29
2313406	1621	9	29
2313435	1621	10	30
2313465	1621	11	30
2313495	1621	12	29
2313524	1622	1	30
2313554	1622	2	30
2313584	1622	3	29
2313613	1622	4	30
2313643	1622	5	29
2313672	1622	6	30
2313702	1622	7	29
2313731	1622	8	30
2313761	1622	9	29
2313790	1622	10	30
2313820	1622	11	29
2313849	1622	12	30
2313879	1623	1	29
2313908	1623	2	30
2313938	1623	3	29
2313967	1623	4	30
2313997	1623	5	30
2314027	1623	6	29
2314056	1623	7	30
2314086	1623	8	29
2314115	1623	9	30
2314145	1623	10	29
2314174	1623	-10	30
2314204	1623	11	29
2314233	1623	12	30
2314263	1624	1	29
2314292	1624	2	30
2314322	1624	3	29
2314351	1624	4	30
2314381	1624	5	29
2314410	1624	6	30
2314440	1624	7	30
2314470	1624	8	29
2314499	1624	9	30
2314529	1624	10	29
2314558	1624	11	30
2314588	1624	12	29
2314617	1625	1	30
2314647	1625	2	29
2314676	1625	3	29
2314705	1625	4	30
2314735	1625	5	29
2314764	1625	6	30
2314794	1625	7	30
2314824	1625	8	29
2314853	1625	9	30
2314883	1625	10	30
2314913	1625	11	29
2314942	1625	12	30
2314972	1626	1	29
2315001	1626	2	30
2315031	1626	3	29
2315060	1626	4	29
2315089	1626	5	30
2315119	1626	6	29
2315148	1626	-6	30
2315178	1626	7	29
2315207	1626	8	30
2315237	1626	9	30
2315267	1626	10	30
2315297	1626	11	29
2315326	1626	12	30
2315356	1627	1	29
2315385	1627	2	30
2315415	1627	3	29
2315444	1627	4	29
2315473	1627	5	30
2315503	1627	6	29
2315532	1627	7	29
2315561	1627	8	30
2315591	1627	9	30
2315621	1627	10	30
2315651	1627	11	30
2315681	1627	12	29
2315710	1628	1	30
2315740	1628	2	29
2315769	1628	3	30
2315799	1628	4	29
2315828	1628	5	29
2315857	1628	6	30
2315887	1628	7	29
2315916	1628	8	29
2315945	1628	9	30
2315975	1628	10	30
2316005	1628	11	29
2316034	1628	12	30
2316064	1629	1	30
2316094	1629	2	30
2316124	1629	3	29
2316153	1629	4	30
2316183	1629	-4	29
2316212	1629	5	29
2316241	1629	6	30
2316271	1629	7	29
2316300	1629	8	29
2316329	1629	9	30
2316359	1629	10	30
2316389	1629	11	29
2316418	1629	12	30
2316448	1630	1	30
2316478	1630	2	30
2316508	1630	3	29
2316537	1630	4	30
2316567	1630	5	29
2316596	1630	6	29
2316625	1630	7	30
2316655	1630	8	29
2316684	1630	9	29
2316713	1630	10	30
2316743	1630	11	29
2316772	1630	12	30
2316802	1631	1	30
2316832	1631	2	30
2316862	1631	3	29
2316891	1631	4	30
2316921	1631	5	29
2316950	1631	6	30
2316980	1631	7	29
2317009	1631	8	30
2317039	1631	9	29
2317068	1631	10	29
2317097	1631	11	30
2317127	1631	-11	29
2317156	1631	12	30
2317186	1632	1	30
2317216	1632	2	29
2317245	1632	3	30
2317275	1632	4	30
2317305	1632	5	29
2317334	1632	6	30
2317364	1632	7	29
2317393	1632	8	30
2317423	1632	9	29
2317452	1632	10	30
2317482	1632	11	29
2317511	1632	12	29
2317540	1633	1	30
2317570	1633	2	29
2317599	1633	3	30
2317629	1633	4	30
2317659	1633	5	29
2317688	1633	6	30
2317718	1633	7	29
2317747	1633	8	30
2317777	1633	9	30
2317807	1633	10	29
2317836	1633	11	30
2317866	1633	12	29
2317895	1634	1	30
2317925	1634	2	29
2317954	1634	3	29
2317983	1634	4	30
2318013	1634	5	29
2318042	1634	6	30
2318072	1634	7	29
2318101	1634	8	30
2318131	1634	-8	30
2318161	1634	9	30
2318191	1634	10	29
2318220	1634	11	30
2318250	1634	12	29
2318279	1635	1	30
2318309	1635	2	29
2318338	1635	3	29
2318367	1635	4	30
2318397	1635	5	29
2318426	1635	6	30
2318456	1635	7	29
2318485	1635	8	30
2318515	1635	9	30
2318545	1635	10	29
2318574	1635	11	30
2318604	1635	12	30
2318634	1636	1	29
2318663	1636	2	30
2318693	1636	3	29
2318722	1636	4	29
2318751	1636	5	30
2318781	1636	6	29
2318810	1636	7	29
2318839	1636	8	30
2318869	1636	9	30
2318899	1636	10	29
2318928	1636	11	30
2318958	1636	12	30
2318988	1637	1	30
2319018	1637	2	29
2319047	1637	3	30
2319077	1637	4	29
2319106	1637	-4	29
2319135	1637	5	30
2319165	1637	6	29
2319194	1637	7	29
2319223	1637	8	30
2319253	1637	9	29
2319282	1637	10	30
2319312	1637	11	30
2319342	1637	12	30
2319372	1638	1	30
2319402	1638	2	29
2319431	1638	3	30
2319461	1638	4	29
2319490	1638	5	29
2319519	1638	6	30
2319549	1638	7	29
2319578	1638	8	29
2319607	1638	9	30
2319637	1638	10	29
2319666	1638	11	30
2319696	1638	12	30
2319726	1639	1	30
2319756	1639	2	29
2319785	1639	3	30
2319815	1639	4	29
2319844	1639	5	30
2319874	1639	6	29
2319903	1639	7	30
2319933	1639	8	29
2319962	1639	9	29
2319991	1639	10	30
2320021	1639	11	29
2320050	1639	12	30
2320080	1640	1	30
2320110	1640	-1	29
2320139	1640	2	30
2320169	1640	3	30
2320199	1640	4	29
2320228	1640	5	30
2320258	1640	6	29
2320287	1640	7	30
2320317	1640	8	29
2320346	1640	9	29
2320375	1640	10	30
2320405	1640	11	29
2320434	1640	12	30
2320464	1641	1	29
2320493	1641	2	30
2320523	1641	3	30
2320553	1641	4	29
2320582	1641	5	30
2320612	1641	6	30
2320642	1641	7	29
2320671	1641	8	30
2320701	1641	9	29
2320730	1641	10	30
2320760	1641	11	29
2320789	1641	12	29
2320818	1642	1	30
2320848	1642	2	29
2320877	1642	3	30
2320907	1642	4	29
2320936	1642	5	30
2320966	1642	6	30
2320996	1642	7	29
2321025	1642	8	30
2321055	1642	9	30
2321085	1642	10	29
2321114	1642	11	30
2321144	1642	-11	29
2321173	1642	12	30
2321203	1643	1	29
2321232	1643	2	29
2321261	1643	3	30
2321291	1643	4	29
2321320	1643	5	30
2321350	1643	6	29
2321379	1643	7	30
2321409	1643	8	30
2321439	1643	9	29
2321468	1643	10	30
2321498	1643	11	30
2321528	1643	12	29
2321557	1644	1	30
2321587	1644	2	29
2321616	1644	3	29
2321645	1644	4	30
2321675	1644	5	29
2321704	1644	6	29
2321733	1644	7	30
2321763	1644	8	30
2321793	1644	9	29
2321822	1644	10	30
2321852	1644	11	30
2321882	1644	12	30
2321912	1645	1	29
2321941	1645	2	30
2321971	1645	3	29
2322000	1645	4	29
2322029	1645	5	30
2322059	1645	6	29
2322088	1645	-6	29
2322117	1645	7	30
2322147	1645	8	29
2322176	1645	9	30
2322206	1645	10	30
2322236	1645	11	30
2322266	1645	12	30
2322296	1646	1	29
2322325	1646	2	30
2322355	1646	3	29
2322384	1646	4	29
2322413	1646	5	30
2322443	1646	6	29
2322472	1646	7	29
2322501	1646	8	30
2322531	1646	9	29
2322560	1646	10	30
2322590	1646	11	30
2322620	1646	12	30
2322650	1647	1	29
2322679	1647	2	30
2322709	1647	3	30
2322739	1647	4	29
2322768	1647	5	29
2322797	1647	6	30
2322827	1647	7	29
2322856	1647	8	29
2322885	1647	9	30
2322915	1647	10	29
2322944	1647	11	30
2322974	1647	12	30
2323004	1648	1	29
2323033	1648	2	30
2323063	1648	3	30
2323093	1648	4	29
2323122	1648	-4	30
2323152	1648	5	29
2323181	1648	6	30
2323211	1648	7	29
2323240	1648	8	29
2323269	1648	9	30
2323299	1648	10	29
2323328	1648	11	30
2323358	1648	12	29
2323387	1649	1	30
2323417	1649	2	30
2323447	1649	3	29
2323476	1649	4	30
2323506	1649	5	30
2323536	1649	6	29
2323565	1649	7	30
2323595	1649	8	29
2323624	1649	9	29
2323653	1649	10	30
2323683	1649	11	29
2323712	1649	12	30
2323742	1650	1	29
2323771	1650	2	30
2323801	1650	3	30
2323831	1650	4	29
2323860	1650	5	30
2323890	1650	6	29
2323919	1650	7	30
2323949	1650	8	30
2323979	1650	9	29
2324008	1650	10	29
2324037	1650	11	30
2324067	1650	12	29
2324096	1651	1	30
2324126	1651	2	29
2324155	1651	-2	30
2324185	1651	3	29
2324214	1651	4	30
2324244	1651	5	29
2324273	1651	6	30
2324303	1651	7	30
2324333	1651	8	29
2324362	1651	9	30
2324392	1651	10	30
2324422	1651	11	29
2324451	1651	12	29
2324480	1652	1	30
2324510	1652	2	29
2324539	1652	3	30
2324569	1652	4	29
2324598	1652	5	30
2324628	1652	6	29
2324657	1652	7	30
2324687	1652	8	30
2324717	1652	9	29
2324746	1652	10	30
2324776	1652	11	30
2324806	1652	12	29
2324835	1653	1	30
2324865	1653	2	29
2324894	1653	3	29
2324923	1653	4	30
2324953	1653	5	29
2324982	1653	6	29
2325011	1653	-6	30
2325041	1653	7	30
2325071	1653	8	29
2325100	1653	9	30
2325130	1653	10	30
2325160	1653	11	29
2325189	1653	12	30
2325219	1654	1	30
2325249	1654	2	29
2325278	1654	3	29
2325307	1654	4	30
2325337	1654	5	29
2325366	1654	6	29
2325395	1654	7	30
2325425	1654	8	29
2325454	1654	9	30
2325484	1654	10	30
2325514	1654	11	30
2325544	1654	12	29
2325573	1655	1	30
2325603	1655	2	30
2325633	1655	3	29
2325662	1655	4	29
2325691	1655	5	30
2325721	1655	6	29
2325750	1655	7	29
2325779	1655	8	30
2325809	1655	9	29
2325838	1655	10	30
2325868	1655	11	30
2325898	1655	12	29
2325927	1656	1	30
2325957	1656	2	30
2325987	1656	3	29
2326016	1656	4	30
2326046	1656	5	29
2326075	1656	-5	30
2326105	1656	6	29
2326134	1656	7	29
2326163	1656	8	30
2326193	1656	9	29
2326222	1656	10	30
2326252	1656	11	29
2326281	1656	12	30
2326311	1657	1	30
2326341	1657	2	30
2326371	1657	3	29
2326400	1657	4	30
2326430	1657	5	29
2326459	1657	6	30
2326489	1657	7	29
2326518	1657	8	29
2326547	1657	9	30
2326577	1657	10	29
2326606	1657	11	30
2326636	1657	12	29
2326665	1658	1	30
2326695	1658	2	30
2326725	1658	3	29
2326754	1658	4	30
2326784	1658	5	30
2326814	1658	6	29
2326843	1658	7	30
2326873	1658	8	29
2326902	1658	9	29
2326931	1658	10	30
2326961	1658	11	29
2326990	1658	12	30
2327020	1659	1	29
2327049	1659	2	30
2327079	1659	3	29
2327108	1659	-3	30
2327138	1659	4	30
2327168	1659	5	29
2327197	1659	6	30
2327227	1659	7	29
2327256	1659	8	30
2327286	1659	9	29
2327315	1659	10	30
2327345	1659	11	29
2327374	1659	12	30
2327404	1660	1	29
2327433	1660	2	30
2327463	1660	3	29
2327492	1660	4	30
2327522	1660	5	29
2327551	1660	6	30
2327581	1660	7	30
2327611	1660	8	29
2327640	1660	9	30
2327670	1660	10	29
2327699	1660	11	30
2327729	1660	12	29
2327758	1661	1	30
2327788	1661	2	29
2327817	1661	3	30
2327847	1661	4	29
2327876	1661	5	29
2327905	1661	6	30
2327935	1661	7	30
2327965	1661	-7	29
2327994	1661	8	30
2328024	1661	9	30
2328054	1661	10	29
2328083	1661	11	30
2328113	1661	12	29
2328142	1662	1	30
2328172	1662	2	29
2328201	1662	3	30
2328231	1662	4	29
2328260	1662	5	29
2328289	1662	6	30
2328319	1662	7	29
2328348	1662	8	30
2328378	1662	9	30
2328408	1662	10	30
2328438	1662	11	29
2328467	1662	12	30
2328497	1663	1	30
2328527	1663	2	29
2328556	1663	3	29
2328585	1663	4	30
2328615	1663	5	29
2328644	1663	6	29
2328673	1663	7	30
2328703	1663	8	29
2328732	1663	9	30
2328762	1663	10	30
2328792	1663	11	29
2328821	1663	12	30
2328851	1664	1	30
2328881	1664	2	29
2328910	1664	3	30
2328940	1664	4	29
2328969	1664	5	30
2328999	1664	6	29
2329028	1664	-6	29
2329057	1664	7	30
2329087	1664	8	29
2329116	1664	9	30
2329146	1664	10	29
2329175	1664	11	30
2329205	1664	12	30
2329235	1665	1	30
2329265	1665	2	29
2329294	1665	3	30
2329324	1665	4	29
2329353	1665	5	30
2329383	1665	6	29
2329412	1665	7	29
2329441	1665	8	30
2329471	1665	9	29
2329500	1665	10	30
2329530	1665	11	29
2329559	1665	12	30
2329589	1666	1	30
2329619	1666	2	29
2329648	1666	3	30
2329678	1666	4	30
2329708	1666	5	29
2329737	1666	6	30
2329767	1666	7	29
2329796	1666	8	29
2329825	1666	9	30
2329855	1666	10	29
2329884	1666	11	30
2329914	1666	12	29
2329943	1667	1	30
2329973	1667	2	29
2330002	1667	3	30
2330032	1667	4	30
2330062	1667	-4	29
2330091	1667	5	30
2330121	1667	6	29
2330150	1667	7	30
2330180	1667	8	29
2330209	1667	9	30
2330239	1667	10	29
2330268	1667	11	30
2330298	1667	12	29
2330327	1668	1	30
2330357	1668	2	29
2330386	1668	3	30
2330416	1668	4	29
2330445	1668	5	30
2330475	1668	6	30
2330505	1668	7	29
2330534	1668	8	30
2330564	1668	9	29
2330593	1668	10	30
2330623	1668	11	29
2330652	1668	12	30
2330682	1669	1	29
2330711	1669	2	30
2330741	1669	3	29
2330770	1669	4	30
2330800	1669	5	29
2330829	1669	6	30
2330859	1669	7	29
2330888	1669	8	30
2330918	1669	9	30
2330948	1669	10	29
2330977	1669	11	30
2331007	1669	12	29
2331036	1670	1	30
2331066	1670	2	29
2331095	1670	-2	30
2331125	1670	3	29
2331154	1670	4	29
2331183	1670	5	30
2331213	1670	6	29
2331242	1670	7	30
2331272	1670	8	30
2331302	1670	9	30
2331332	1670	10	29
2331361	1670	11	30
2331391	1670	12	29
2331420	1671	1	30
2331450	1671	2	29
2331479	1671	3	30
2331509	1671	4	29
2331538	1671	5	29
2331567	1671	6	30
2331597	1671	7	29
2331626	1671	8	30
2331656	1671	9	30
2331686	1671	10	29
2331715	1671	11	30
2331745	1671	12	30
2331775	1672	1	29
2331804	1672	2	30
2331834	1672	3	29
2331863	1672	4	30
2331893	1672	5	29
2331922	1672	6	29
2331951	1672	7	30
2331981	1672	-7	29
2332010	1672	8	30
2332040	1672	9	29
2332069	1672	10	30
2332099	1672	11	30
2332129	1672	12	30
2332159	1673	1	29
2332188	1673	2	30
2332218	1673	3	29
2332247	1673	4	30
2332277	1673	5	29
2332306	1673	6	29
2332335	1673	7	30
2332365	1673	8	29
2332394	1673	9	30
2332424	1673	10	29
2332453	1673	11	30
2332483	1673	12	30
2332513	1674	1	29
2332542	1674	2	30
2332572	1674	3	30
2332602	1674	4	29
2332631	1674	5	30
2332661	1674	6	29
2332690	1674	7	29
2332719	1674	8	30
2332749	1674	9	29
2332778	1674	10	29
2332807	1674	11	30
2332837	1674	12	30
2332867	1675	1	29
2332896	1675	2	30
2332926	1675	3	30
2332956	1675	4	30
2332986	1675	5	29
2333015	1675	-5	30
2333045	1675	6	29
2333074	1675	7	29
2333103	1675	8	30
2333133	1675	9	29
2333162	1675	10	30
2333192	1675	11	29
2333221	1675	12	30
2333251	1676	1	29
2333280	1676	2	30
2333310	1676	3	30
2333340	1676	4	29
2333369	1676	5	30
2333399	1676	6	29
2333428	1676	7	30
2333458	1676	8	29
2333487	1676	9	30
2333517	1676	10	29
2333546	1676	11	30
2333576	1676	12	29
2333605	1677	1	30
2333635	1677	2	29
2333664	1677	3	30
2333694	1677	4	29
2333723	1677	5	30
2333753	1677	6	30
2333783	1677	7	29
2333812	1677	8	30
2333842	1677	9	29
2333871	1677	10	30
2333901	1677	11	29
2333930	1677	12	30
2333960	1678	1	29
2333989	1678	2	30
2334019	1678	3	29
2334048	1678	-3	29
2334077	1678	4	30
2334107	1678	5	30
2334137	1678	6	29
2334166	1678	7	30
2334196	1678	8	30
2334226	1678	9	29
2334255	1678	10	30
2334285	1678	11	29
2334314	1678	12	30
2334344	1679	1	29
2334373	1679	2	30
2334403	1679	3	29
2334432	1679	4	29
2334461	1679	5	30
2334491	1679	6	29
2334520	1679	7	30
2334550	1679	8	30
2334580	1679	9	29
2334609	1679	10	30
2334639	1679	11	30
2334669	1679	12	29
2334698	1680	1	30
2334728	1680	2	29
2334757	1680	3	30
2334787	1680	4	29
2334816	1680	5	29
2334845	1680	6	30
2334875	1680	7	29
2334904	1680	8	30
2334934	1680	-8	29
2334963	1680	9	30
2334993	1680	10	30
2335023	1680	11	30
2335053	1680	12	29
2335082	1681	1	30
2335112	1681	2	29
2335141	1681	3	30
2335171	1681	4	29
2335200	1681	5	29
2335229	1681	6	30
2335259	1681	7	29
2335288	1681	8	29
2335317	1681	9	30
2335347	1681	10	30
2335377	1681	11	30
2335407	1681	12	29
2335436	1682	1	30
2335466	1682	2	30
2335496	1682	3	29
2335525	1682	4	30
2335555	1682	5	29
2335584	1682	6	29
2335613	1682	7	30
2335643	1682	8	29
2335672	1682	9	29
2335701	1682	10	30
2335731	1682	11	30
2335761	1682	12	29
2335790	1683	1	30
2335820	1683	2	30
2335850	1683	3	30
2335880	1683	4	29
2335909	1683	5	30
2335939	1683	6	29
2335968	1683	-6	29
2335997	1683	7	30
2336027	1683	8	29
2336056	1683	9	29
2336085	1683	10	30
2336115	1683	11	30
2336145	1683	12	29
2336174	1684	1	30
2336204	1684	2	30
2336234	1684	3	29
2336263	1684	4	30
2336293	1684	5	29
2336322	1684	6	30
2336352	1684	7	29
2336381	1684	8	30
2336411	1684	9	29
2336440	1684	10	29
2336469	1684	11	30
2336499	1684	12	29
2336528	1685	1	30
2336558	1685	2	30
2336588	1685	3	29
2336617	1685	4	30
2336647	1685	5	30
2336677	1685	6	29
2336706	1685	7	30
2336736	1685	8	29
2336765	1685	9	30
2336795	1685	10	29
2336824	1685	11	30
2336854	1685	12	29
2336883	1686	1	29
2336912	1686	2	30
2336942	1686	3	30
2336972	1686	4	29
2337001	1686	-4	30
2337031	1686	5	29
2337060	1686	6	30
2337090	1686	7	30
2337120	1686	8	29
2337149	1686	9	30
2337179	1686	10	29
2337208	1686	11	30
2337238	1686	12	29
2337267	1687	1	29
2337296	1687	2	30
2337326	1687	3	29
2337355	1687	4	30
2337385	1687	5	29
2337414	1687	6	30
2337444	1687	7	30
2337474	1687	8	29
2337503	1687	9	30
2337533	1687	10	30
2337563	1687	11	29
2337592	1687	12	30
2337622	1688	1	29
2337651	1688	2	30
2337681	1688	3	29
2337710	1688	4	29
2337739	1688	5	30
2337769	1688	6	29
2337798	1688	7	30
2337828	1688	8	29
2337857	1688	9	30
2337887	1688	10	30
2337917	1688	11	30
2337947	1688	12	29
2337976	1689	1	30
2338006	1689	2	29
2338035	1689	3	30
2338065	1689	-3	29
2338094	1689	4	29
2338123	1689	5	30
2338153	1689	6	29
2338182	1689	7	29
2338211	1689	8	30
2338241	1689	9	30
2338271	1689	10	30
2338301	1689	11	29
2338330	1689	12	30
2338360	1690	1	30
2338390	1690	2	29
2338419	1690	3	30
2338449	1690	4	29
2338478	1690	5	29
2338507	1690	6	30
2338537	1690	7	29
2338566	1690	8	29
2338595	1690	9	30
2338625	1690	10	30
2338655	1690	11	29
2338684	1690	12	30
2338714	1691	1	30
2338744	1691	2	30
2338774	1691	3	29
2338803	1691	4	30
2338833	1691	5	29
2338862	1691	6	29
2338891	1691	7	30
2338921	1691	-7	29
2338950	1691	8	29
2338979	1691	9	30
2339009	1691	10	29
2339038	1691	11	30
2339068	1691	12	30
2339098	1692	1	30
2339128	1692	2	29
2339157	1692	3	30
2339187	1692	4	30
2339217	1692	5	29
2339246	1692	6	29
2339275	1692	7	30
2339305	1692	8	29
2339334	1692	9	29
2339363	1692	10	30
2339393	1692	11	29
2339422	1692	12	30
2339452	1693	1	30
2339482	1693	2	30
2339512	1693	3	29
2339541	1693	4	30
2339571	1693	5	29
2339600	1693	6	30
2339630	1693	7	29
2339659	1693	8	30
2339689	1693	9	29
2339718	1693	10	29
2339747	1693	11	30
2339777	1693	12	29
2339806	1694	1	30
2339836	1694	2	30
2339866	1694	3	29
2339895	1694	4	30
2339925	1694	5	29
2339954	1694	-5	30
2339984	1694	6	30
2340014	1694	7	29
2340043	1694	8	30
2340073	1694	9	29
2340102	1694	10	30
2340132	1694	11	29
2340161	1694	12	29
2340190	1695	1	30
2340220	1695	2	29
2340249	1695	3	30
2340279	1695	4	30
2340309	1695	5	29
2340338	1695	6	30
2340368	1695	7	29
2340397	1695	8	30
2340427	1695	9	30
2340457	1695	10	29
2340486	1695	11	30
2340516	1695	12	29
2340545	1696	1	29
2340574	1696	2	30
2340604	1696	3	29
2340633	1696	4	30
2340663	1696	5	29
2340692	1696	6	30
2340722	1696	7	29
2340751	1696	8	30
2340781	1696	9	30
2340811	1696	10	30
2340841	1696	11	29
2340870	1696	12	30
2340900	1697	1	29
2340929	1697	2	30
2340959	1697	3	29
2340988	1697	-3	29
2341017	1697	4	30
2341047	1697	5	29
2341076	1697	6	30
2341106	1697	7	29
2341135	1697	8	30
2341165	1697	9	30
2341195	1697	10	29
2341224	1697	11	30
2341254	1697	12	30
2341284	1698	1	29
2341313	1698	2	30
2341343	1698	3	29
2341372	1698	4	29
2341401	1698	5	30
2341431	1698	6	29
2341460	1698	7	29
2341489	1698	8	30
2341519	1698	9	30
2341549	1698	10	29
2341578	1698	11	30
2341608	1698	12	30
2341638	1699	1	30
2341668	1699	2	29
2341697	1699	3	30
2341727	1699	4	29
2341756	1699	5	29
2341785	1699	6	30
2341815	1699	7	29
2341844	1699	-7	29
2341873	1699	8	30
2341903	1699	9	29
2341932	1699	10	30
2341962	1699	11	30
2341992	1699	12	30
2342022	1700	1	30
2342052	1700	2	29
2342081	1700	3	30
2342111	1700	4	29
2342140	1700	5	29
2342169	1700	6	30
2342199	1700	7	29
2342228	1700	8	29
2342257	1700	9	30
2342287	1700	10	29
2342316	1700	11	30
2342346	1700	12	30
2342376	1701	1	30
2342406	1701	2	29
2342435	1701	3	30
2342465	1701	4	29
2342494	1701	5	30
2342524	1701	6	29
2342553	1701	7	30
2342583	1701	8	29
2342612	1701	9	29
2342641	1701	10	30
2342671	1701	11	29
2342700	1701	12	30
2342730	1702	1	30
2342760	1702	2	29
2342789	1702	3	30
2342819	1702	4	30
2342849	1702	5	29
2342878	1702	6	30
2342908	1702	-6	29
2342937	1702	7	30
2342967	1702	8	29
2342996	1702	9	29
2343025	1702	10	30
2343055	1702	11	29
2343084	1702	12	30
2343114	1703	1	29
2343143	1703	2	30
2343173	1703	3	30
2343203	1703	4	29
2343232	1703	5	30
2343262	1703	6	30
2343292	1703	7	29
2343321	1703	8	30
2343351	1703	9	29
2343380	1703	10	29
2343409	1703	11	30
2343439	1703	12	29
2343468	1704	1	30
2343498	1704	2	29
2343527	1704	3	30
2343557	1704	4	29
2343586	1704	5	30
2343616	1704	6	30
2343646	1704	7	29
2343675	1704	8	30
2343705	1704	9	30
2343735	1704	10	29
2343764	1704	11	30
2343794	1704	12	29
2343823	1705	1	29
2343852	1705	2	30
2343882	1705	3	29
2343911	1705	4	30
2343941	1705	-4	29
2343970	1705	5	30
2344000	1705	6	29
2344029	1705	7	30
2344059	1705	8	30
2344089	1705	9	29
2344118	1705	10	30
2344148	1705	11	30
2344178	1705	12	29
2344207	1706	1	30
2344237	1706	2	29
2344266	1706	3	29
2344295	1706	4	30
2344325	1706	5	29
2344354	1706	6	29
2344383	1706	7	30
2344413	1706	8	30
2344443	1706	9	29
2344472	1706	10	30
2344502	1706	11	30
2344532	1706	12	30
2344562	1707	1	29
2344591	1707	2	30
2344621	1707	3	29
2344650	1707	4	29
2344679	1707	5	30
2344709	1707	6	29
2344738	1707	7	29
2344767	1707	8	30
2344797	1707	9	29
2344826	1707	10	30
2344856	1707	11	30
2344886	1707	12	30
2344916	1708	1	29
2344945	1708	2	30
2344975	1708	3	30
2345005	1708	-3	29
2345034	1708	4	29
2345063	1708	5	30
2345093	1708	6	29
2345122	1708	7	29
2345151	1708	8	30
2345181	1708	9	29
2345210	1708	10	30
2345240	1708	11	30
2345270	1708	12	30
2345300	1709	1	29
2345329	1709	2	30
2345359	1709	3	30
2345389	1709	4	29
2345418	1709	5	29
2345447	1709	6	30
2345477	1709	7	29
2345506	1709	8	29
2345535	1709	9	30
2345565	1709	10	29
2345594	1709	11	30
2345624	1709	12	30
2345654	1710	1	29
2345683	1710	2	30
2345713	1710	3	30
2345743	1710	4	29
2345772	1710	5	30
2345802	1710	6	29
2345831	1710	7	30
2345861	1710	-7	29
2345890	1710	8	29
2345919	1710	9	30
2345949	1710	10	29
2345978	1710	11	30
2346008	1710	12	29
2346037	1711	1	30
2346067	1711	2	30
2346097	1711	3	29
2346126	1711	4	30
2346156	1711	5	30
2346186	1711	6	29
2346215	1711	7	30
2346245	1711	8	29
2346274	1711	9	29
2346303	1711	10	30
2346333	1711	11	29
2346362	1711	12	30
2346392	1712	1	29
2346421	1712	2	30
2346451	1712	3	29
2346480	1712	4	30
2346510	1712	5	30
2346540	1712	6	29
2346569	1712	7	30
2346599	1712	8	29
2346628	1712	9	30
2346658	1712	10	29
2346687	1712	11	30
2346717	1712	12	29
2346746	1713	1	30
2346776	1713	2	29
2346805	1713	3	30
2346835	1713	4	29
2346864	1713	5	30
2346894	1713	-5	29
2346923	1713	6	30
2346953	1713	7	30
2346983	1713	8	29
2347012	1713	9	30
2347042	1713	10	30
2347072	1713	11	29
2347101	1713	12	29
2347130	1714	1	30
2347160	1714	2	29
2347189	1714	3	30
2347219	1714	4	29
2347248	1714	5	30
2347278	1714	6	29
2347307	1714	7	30
2347337	1714	8	29
2347366	1714	9	30
2347396	1714	10	30
2347426	1714	11	30
2347456	1714	12	29
2347485	1715	1	30
2347515	1715	2	29
2347544	1715	3	29
2347573	1715	4	30
2347603	1715	5	29
2347632	1715	6	29
2347661	1715	7	30
2347691	1715	8	29
2347720	1715	9	30
2347750	1715	10	30
2347780	1715	11	30
2347810	1715	12	29
2347839	1716	1	30
2347869	1716	2	30
2347899	1716	3	29
2347928	1716	-3	29
2347957	1716	4	30
2347987	1716	5	29
2348016	1716	6	29
2348045	1716	7	30
2348075	1716	8	29
2348104	1716	9	30
2348134	1716	10	30
2348164	1716	11	30
2348194	1716	12	29
2348223	1717	1	30
2348253	1717	2	30
2348283	1717	3	29
2348312	1717	4	29
2348341	1717	5	30
2348371	1717	6	29
2348400	1717	7	29
2348429	1717	8	30
2348459	1717	9	29
2348488	1717	10	30
2348518	1717	11	30
2348548	1717	12	29
2348577	1718	1	30
2348607	1718	2	30
2348637	1718	3	29
2348666	1718	4	30
2348696	1718	5	29
2348725	1718	6	30
2348755	1718	7	29
2348784	1718	8	29
2348813	1718	-8	30
2348843	1718	9	29
2348872	1718	10	30
2348902	1718	11	29
2348931	1718	12	30
2348961	1719	1	30
2348991	1719	2	30
2349021	1719	3	29
2349050	1719	4	30
2349080	1719	5	29
2349109	1719	6	30
2349139	1719	7	29
2349168	1719	8	29
2349197	1719	9	30
2349227	1719	10	29
2349256	1719	11	30
2349286	1719	12	29
2349315	1720	1	30
2349345	1720	2	30
2349375	1720	3	29
2349404	1720	4	30
2349434	1720	5	29
2349463	1720	6	30
2349493	1720	7	29
2349522	1720	8	30
2349552	1720	9	29
2349581	1720	10	30
2349611	1720	11	29
2349640	1720	12	30
2349670	1721	1	29
2349699	1721	2	30
2349729	1721	3	29
2349758	1721	4	30
2349788	1721	5	30
2349818	1721	6	29
2349847	1721	-6	30
2349877	1721	7	29
2349906	1721	8	30
2349936	1721	9	29
2349965	1721	10	30
2349995	1721	11	29
2350024	1721	12	30
2350054	1722	1	29
2350083	1722	2	30
2350113	1722	3	29
2350142	1722	4	30
2350172	1722	5	29
2350201	1722	6	30
2350231	1722	7	30
2350261	1722	8	29
2350290	1722	9	30
2350320	1722	10	29
2350349	1722	11	30
2350379	1722	12	29
2350408	1723	1	30
2350438	1723	2	29
2350467	1723	3	30
2350497	1723	4	29
2350526	1723	5	29
2350555	1723	6	30
2350585	1723	7	30
2350615	1723	8	29
2350644	1723	9	30
2350674	1723	10	30
2350704	1723	11	29
2350733	1723	12	30
2350763	1724	1	29
2350792	1724	2	30
2350822	1724	3	29
2350851	1724	4	30
2350881	1724	-4	29
2350910	1724	5	29
2350939	1724	6	30
2350969	1724	7	29
2350998	1724	8	30
2351028	1724	9	30
2351058	1724	10	30
2351088	1724	11	29
2351117	1724	12	30
2351147	1725	1	29
2351176	1725	2	30
2351206	1725	3	29
2351235	1725	4	30
2351265	1725	5	29
2351294	1725	6	29
2351323	1725	7	30
2351353	1725	8	29
2351382	1725	9	30
2351412	1725	10	30
2351442	1725	11	29
2351471	1725	12	30
2351501	1726	1	30
2351531	1726	2	29
2351560	1726	3	30
2351590	1726	4	29
2351619	1726	5	30
2351649	1726	6	29
2351678	1726	7	29
2351707	1726	8	30
2351737	1726	9	29
2351766	1726	10	30
2351796	1726	11	29
2351825	1726	12	30
2351855	1727	1	30
2351885	1727	2	30
2351915	1727	3	29
2351944	1727	-3	30
2351974	1727	4	29
2352003	1727	5	30
2352033	1727	6	29
2352062	1727	7	29
2352091	1727	8	30
2352121	1727	9	29
2352150	1727	10	30
2352180	1727	11	29
2352209	1727	12	30
2352239	1728	1	30
2352269	1728	2	29
2352298	1728	3	30
2352328	1728	4	30
2352358	1728	5	29
2352387	1728	6	30
2352417	1728	7	29
2352446	1728	8	29
2352475	1728	9	30
2352505	1728	10	29
2352534	1728	11	30
2352564	1728	12	29
2352593	1729	1	30
2352623	1729	2	29
2352652	1729	3	30
2352682	1729	4	30
2352712	1729	5	29
2352741	1729	6	30
2352771	1729	7	29
2352800	1729	-7	30
2352830	1729	8	29
2352859	1729	9	30
2352889	1729	10	29
2352918	1729	11	30
2352948	1729	12	29
2352977	1730	1	30
2353007	1730	2	29
2353036	1730	3	30
2353066	1730	4	29
2353095	1730	5	30
2353125	1730	6	30
2353155	1730	7	29
2353184	1730	8	30
2353214	1730	9	29
2353243	1730	10	30
2353273	1730	11	29
2353302	1730	12	30
2353332	1731	1	29
2353361	1731	2	30
2353391	1731	3	29
2353420	1731	4	30
2353450	1731	5	29
2353479	1731	6	30
2353509	1731	7	29
2353538	1731	8	30
2353568	1731	9	30
2353598	1731	10	29
2353627	1731	11	30
2353657	1731	12	29
2353686	1732	1	30
2353716	1732	2	29
2353745	1732	3	30
2353775	1732	4	29
2353804	1732	5	29
2353833	1732	-5	30
2353863	1732	6	29
2353892	1732	7	30
2353922	1732	8	30
2353952	1732	9	30
2353982	1732	10	29
2354011	1732	11	30
2354041	1732	12	29
2354070	1733	1	30
2354100	1733	2	29
2354129	1733	3	30
2354159	1733	4	29
2354188	1733	5	29
2354217	1733	6	30
2354247	1733	7	29
2354276	1733	8	30
2354306	1733	9	30
2354336	1733	10	29
2354365	1733	11	30
2354395	1733	12	30
2354425	1734	1	29
2354454	1734	2	30
2354484	1734	3	29
2354513	1734	4	30
2354543	1734	5	29
2354572	1734	6	29
2354601	1734	7	30
2354631	1734	8	29
2354660	1734	9	30
2354690	1734	10	29
2354719	1734	11	30
2354749	1734	12	30
2354779	1735	1	30
2354809	1735	2	29
2354838	1735	3	30
2354868	1735	4	29
2354897	1735	-4	30
2354927	1735	5	29
2354956	1735	6	29
2354985	1735	7	29
2355014	1735	8	30
2355044	1735	9	29
2355073	1735	10	30
2355103	1735	11	30
2355133	1735	12	30
2355163	1736	1	29
2355192	1736	2	30
2355222	1736	3	30
2355252	1736	4	29
2355281	1736	5	30
2355311	1736	6	29
2355340	1736	7	29
2355369	1736	8	30
2355399	1736	9	29
2355428	1736	10	29
2355457	1736	11	30
2355487	1736	12	30
2355517	1737	1	29
2355546	1737	2	30
2355576	1737	3	30
2355606	1737	4	29
2355635	1737	5	30
2355665	1737	6	29
2355694	1737	7	30
2355724	1737	8	29
2355753	1737	9	30
2355783	1737	-9	29
2355812	1737	10	29
2355841	1737	11	30
2355871	1737	12	30
2355901	1738	1	29
2355930	1738	2	30
2355960	1738	3	30
2355990	1738	4	29
2356019	1738	5	30
2356049	1738	6	29
2356078	1738	7	30
2356108	1738	8	29
2356137	1738	9	30
2356167	1738	10	29
2356196	1738	11	30
2356226	1738	12	29
2356255	1739	1	30
2356285	1739	2	29
2356314	1739	3	30
2356344	1739	4	29
2356373	1739	5	30
2356403	1739	6	29
2356432	1739	7	30
2356462	1739	8	30
2356492	1739	9	29
2356521	1739	10	30
2356551	1739	11	29
2356580	1739	12	30
2356610	1740	1	29
2356639	1740	2	30
2356669	1740	3	29
2356698	1740	4	29
2356727	1740	5	30
2356757	1740	6	30
2356787	1740	-6	29
2356816	1740	7	30
2356846	1740	8	30
2356876	1740	9	29
2356905	1740	10	30
2356935	1740	11	29
2356964	1740	12	30
2356994	1741	1	29
2357023	1741	2	30
2357053	1741	3	29
2357082	1741	4	29
2357111	1741	5	30
2357141	1741	6	29
2357170	1741	7	30
2357200	1741	8	30
2357230	1741	9	29
2357259	1741	10	30
2357289	1741	11	30
2357319	1741	12	29
2357348	1742	1	30
2357378	1742	2	29
2357407	1742	3	30
2357437	1742	4	29
2357466	1742	5	29
2357495	1742	6	30
2357525	1742	7	29
2357554	1742	8	30
2357584	1742	9	29
2357613	1742	10	30
2357643	1742	11	30
2357673	1742	12	30
2357703	1743	1	29
2357732	1743	2	30
2357762	1743	3	29
2357791	1743	4	30
2357821	1743	-4	29
2357850	1743	5	29
2357879	1743	6	29
2357908	1743	7	30
2357938	1743	8	29
2357967	1743	9	30
2357997	1743	10	30
2358027	1743	11	30
2358057	1743	12	29
2358086	1744	1	30
2358116	1744	2	30
2358146	1744	3	29
2358175	1744	4	30
2358205	1744	5	29
2358234	1744	6	29
2358263	1744	7	29
2358292	1744	8	30
2358322	1744	9	29
2358351	1744	10	30
2358381	1744	11	30
2358411	1744	12	29
2358440	1745	1	30
2358470	1745	2	30
2358500	1745	3	30
2358530	1745	4	29
2358559	1745	5	30
2358589	1745	6	29
2358618	1745	7	29
2358647	1745	8	30
2358677	1745	9	29
2358706	1745	10	29
2358735	1745	11	30
2358765	1745	12	30
2358795	1746	1	29
2358824	1746	2	30
2358854	1746	3	30
2358884	1746	-3	29
2358913	1746	4	30
2358943	1746	5	29
2358972	1746	6	30
2359002	1746	7	29
2359031	1746	8	30
2359061	1746	9	29
2359090	1746	10	29
2359119	1746	11	30
2359149	1746	12	29
2359178	1747	1	30
2359208	1747	2	30
2359238	1747	3	29
2359267	1747	4	30
2359297	1747	5	30
2359327	1747	6	29
2359356	1747	7	30
2359386	1747	8	29
2359415	1747	9	30
2359445	1747	10	29
2359474	1747	11	30
2359504	1747	12	29
2359533	1748	1	29
2359562	1748	2	30
2359592	1748	3	29
2359621	1748	4	30
2359651	1748	5	30
2359681	1748	6	29
2359710	1748	7	30
2359740	1748	-7	30
2359770	1748	8	29
2359799	1748	9	30
2359829	1748	10	29
2359858	1748	11	30
2359888	1748	12	29
2359917	1749	1	29
2359946	1749	2	30
2359976	1749	3	29
2360005	1749	4	30
2360035	1749	5	29
2360064	1749	6	30
2360094	1749	7	30
2360124	1749	8	29
2360153	1749	9	30
2360183	1749	10	30
2360213	1749	11	29
2360242	1749	12	30
2360272	1750	1	29
2360301	1750	2	30
2360331	1750	3	29
2360360	1750	4	29
2360389	1750	5	30
2360419	1750	6	29
2360448	1750	7	30
2360478	1750	8	29
2360507	1750	9	30
2360537	1750	10	30
2360567	1750	11	30
2360597	1750	12	29
2360626	1751	1	30
2360656	1751	2	29
2360685	1751	3	30
2360715	1751	4	29
2360744	1751	5	29
2360773	1751	-5	30
2360803	1751	6	29
2360832	1751	7	29
2360861	1751	8	30
2360891	1751	9	30
2360921	1751	10	30
2360951	1751	11	29
2360980	1751	12	30
2361010	1752	1	30
2361040	1752	2	29
2361069	1752	3	30
2361099	1752	4	29
2361128	1752	5	29
2361157	1752	6	29
2361186	1752	7	30
2361216	1752	8	29
2361245	1752	9	30
2361275	1752	10	30
2361305	1752	11	29
2361334	1752	12	30
2361364	1753	1	30
2361394	1753	2	30
2361424	1753	3	29
2361453	1753	4	30
2361483	1753	5	29
2361512	1753	6	29
2361541	1753	7	29
2361570	1753	8	30
2361600	1753	9	29
2361629	1753	10	30
2361659	1753	11	29
2361688	1753	12	30
2361718	1754	1	30
2361748	1754	2	30
2361778	1754	3	29
2361807	1754	4	30
2361837	1754	-4	29
2361866	1754	5	30
2361896	1754	6	29
2361925	1754	7	30
2361955	1754	8	29
2361984	1754	9	29
2362013	1754	10	30
2362043	1754	11	29
2362072	1754	12	30
2362102	1755	1	30
2362132	1755	2	29
2362161	1755	3	30
2362191	1755	4	30
2362221	1755	5	29
2362250	1755	6	30
2362280	1755	7	29
2362309	1755	8	30
2362339	1755	9	29
2362368	1755	10	29
2362397	1755	11	30
2362427	1755	12	29
2362456	1756	1	30
2362486	1756	2	30
2362516	1756	3	29
2362545	1756	4	30
2362575	1756	5	29
2362604	1756	6	30
2362634	1756	7	30
2362664	1756	8	29
2362693	1756	9	30
2362723	1756	-9	29
2362752	1756	10	29
2362781	1756	11	30
2362811	1756	12	29
2362840	1757	1	30
2362870	1757	2	29
2362899	1757	3	30
2362929	1757	4	29
2362958	1757	5	30
2362988	1757	6	30
2363018	1757	7	29
2363047	1757	8	30
2363077	1757	9	30
2363107	1757	10	29
2363136	1757	11	30
2363166	1757	12	29
2363195	1758	1	29
2363224	1758	2	30
2363254	1758	3	29
2363283	1758	4	30
2363313	1758	5	29
2363342	1758	6	30
2363372	1758	7	29
2363401	1758	8	30
2363431	1758	9	30
2363461	1758	10	30
2363491	1758	11	29
2363520	1758	12	30
2363550	1759	1	29
2363579	1759	2	29
2363608	1759	3	30
2363638	1759	4	29
2363667	1759	5	30
2363697	1759	6	29
2363726	1759	-6	30
2363756	1759	7	29
2363785	1759	8	30
2363815	1759	9	30
2363845	1759	10	29
2363874	1759	11	30
2363904	1759	12	30
2363934	1760	1	29
2363963	1760	2	30
2363993	1760	3	29
2364022	1760	4	29
2364051	1760	5	29
2364080	1760	6	30
2364110	1760	7	29
2364139	1760	8	30
2364169	1760	9	30
2364199	1760	10	29
2364228	1760	11	30
2364258	1760	12	30
2364288	1761	1	30
2364318	1761	2	29
2364347	1761	3	30
2364377	1761	4	29
2364406	1761	5	29
2364435	1761	6	29
2364464	1761	7	30
2364494	1761	8	29
2364523	1761	9	30
2364553	1761	10	29
2364582	1761	11	30
2364612	1761	12	30
2364642	1762	1	30
2364672	1762	2	29
2364701	1762	3	30
2364731	1762	4	30
2364761	1762	5	29
2364790	1762	-5	29
2364819	1762	6	29
2364848	1762	7	30
2364878	1762	8	29
2364907	1762	9	30
2364937	1762	10	29
2364966	1762	11	30
2364996	1762	12	30
2365026	1763	1	30
2365056	1763	2	29
2365085	1763	3	30
2365115	1763	4	29
2365144	1763	5	30
2365174	1763	6	29
2365203	1763	7	29
2365232	1763	8	30
2365262	1763	9	29
2365291	1763	10	30
2365321	1763	11	29
2365350	1763	12	30
2365380	1764	1	30
2365410	1764	2	29
2365439	1764	3	30
2365469	1764	4	30
2365499	1764	5	29
2365528	1764	6	30
2365558	1764	7	29
2365587	1764	8	30
2365617	1764	9	29
2365646	1764	10	29
2365675	1764	11	30
2365705	1764	12	29
2365734	1765	1	30
2365764	1765	2	29
2365793	1765	-2	30
2365823	1765	3	30
2365853	1765	4	29
2365882	1765	5	30
2365912	1765	6	29
2365941	1765	7	30
2365971	1765	8	30
2366001	1765	9	29
2366030	1765	10	29
2366059	1765	11	30
2366089	1765	12	29
2366118	1766	1	30
2366148	1766	2	29
2366177	1766	3	30
2366207	1766	4	29
2366236	1766	5	30
2366266	1766	6	30
2366296	1766	7	29
2366325	1766	8	30
2366355	1766	9	29
2366384	1766	10	30
2366414	1766	11	30
2366444	1766	12	29
2366473	1767	1	29
2366502	1767	2	30
2366532	1767	3	29
2366561	1767	4	30
2366591	1767	5	29
2366620	1767	6	30
2366650	1767	7	29
2366679	1767	-7	30
2366709	1767	8	30
2366739	1767	9	29
2366768	1767	10	30
2366798	1767	11	30
2366828	1767	12	29
2366857	1768	1	29
2366886	1768	2	30
2366916	1768	3	29
2366945	1768	4	30
2366975	1768	5	29
2367004	1768	6	29
2367033	1768	7	30
2367063	1768	8	30
2367093	1768	9	29
2367122	1768	10	30
2367152	1768	11	30
2367182	1768	12	30
2367212	1769	1	29
2367241	1769	2	30
2367271	1769	3	29
2367300	1769	4	29
2367329	1769	5	29
2367358	1769	6	30
2367388	1769	7	29
2367417	1769	8	30
2367447	1769	9	29
2367476	1769	10	30
2367506	1769	11	30
2367536	1769	12	30
2367566	1770	1	29
2367595	1770	2	30
2367625	1770	3	30
2367655	1770	4	29
2367684	1770	5	29
2367713	1770	-5	29
2367742	1770	6	30
2367772	1770	7	29
2367801	1770	8	30
2367831	1770	9	29
2367860	1770	10	30
2367890	1770	11	30
2367920	1770	12	30
2367950	1771	1	29
2367979	1771	2	30
2368009	1771	3	29
2368038	1771	4	30
2368068	1771	5	29
2368097	1771	6	29
2368126	1771	7	30
2368156	1771	8	29
2368185	1771	9	30
2368215	1771	10	29
2368244	1771	11	30
2368274	1771	12	30
2368304	1772	1	29
2368333	1772	2	30
2368363	1772	3	30
2368393	1772	4	29
2368422	1772	5	30
2368452	1772	6	29
2368481	1772	7	29
2368510	1772	8	30
2368540	1772	9	29
2368569	1772	10	30
2368599	1772	11	29
2368628	1772	12	30
2368658	1773	1	29
2368687	1773	2	30
2368717	1773	3	30
2368747	1773	-3	29
2368776	1773	4	30
2368806	1773	5	30
2368836	1773	6	29
2368865	1773	7	29
2368894	1773	8	30
2368924	1773	9	29
2368953	1773	10	30
2368983	1773	11	29
2369012	1773	12	30
2369042	1774	1	29
2369071	1774	2	30
2369101	1774	3	29
2369130	1774	4	30
2369160	1774	5	30
2369190	1774	6	29
2369219	1774	7	30
2369249	1774	8	29
2369278	1774	9	30
2369308	1774	10	29
2369337	1774	11	30
2369367	1774	12	29
2369396	1775	1	30
2369426	1775	2	29
2369455	1775	3	30
2369485	1775	4	29
2369514	1775	5	30
2369544	1775	6	29
2369573	1775	7	30
2369603	1775	8	30
2369633	1775	9	29
2369662	1775	10	30
2369692	1775	-10	29
2369721	1775	11	30
2369751	1775	12	29
2369780	1776	1	30
2369810	1776	2	29
2369839	1776	3	30
2369869	1776	4	29
2369898	1776	5	29
2369927	1776	6	30
2369957	1776	7	30
2369987	1776	8	29
2370016	1776	9	30
2370046	1776	10	30
2370076	1776	11	29
2370105	1776	12	30
2370135	1777	1	29
2370164	1777	2	30
2370194	1777	3	29
2370223	1777	4	29
2370252	1777	5	30
2370282	1777	6	29
2370311	1777	7	30
2370341	1777	8	29
2370370	1777	9	30
2370400	1777	10	30
2370430	1777	11	30
2370460	1777	12	29
2370489	1778	1	30
2370519	1778	2	29
2370548	1778	3	30
2370578	1778	4	29
2370607	1778	5	29
2370636	1778	6	30
2370666	1778	-6	29
2370695	1778	7	30
2370725	1778	8	29
2370754	1778	9	30
2370784	1778	10	30
2370814	1778	11	30
2370844	1778	12	29
2370873	1779	1	30
2370903	1779	2	29
2370932	1779	3	30
2370962	1779	4	29
2370991	1779	5	29
2371020	1779	6	30
2371050	1779	7	29
2371079	1779	8	30
2371109	1779	9	29
2371138	1779	10	30
2371168	1779	11	30
2371198	1779	12	29
2371227	1780	1	30
2371257	1780	2	30
2371287	1780	3	29
2371316	1780	4	30
2371346	1780	5	29
2371375	1780	6	29
2371404	1780	7	30
2371434	1780	8	29
2371463	1780	9	30
2371493	1780	10	29
2371522	1780	11	30
2371552	1780	12	29
2371581	1781	1	30
2371611	1781	2	30
2371641	1781	3	30
2371671	1781	4	29
2371700	1781	5	30
2371730	1781	-5	29
2371759	1781	6	29
2371788	1781	7	30
2371818	1781	8	29
2371847	1781	9	30
2371877	1781	10	29
2371906	1781	11	30
2371936	1781	12	29
2371965	1782	1	30
2371995	1782	2	30
2372025	1782	3	29
2372054	1782	4	30
2372084	1782	5	29
2372113	1782	6	30
2372143	1782	7	29
2372172	1782	8	30
2372202	1782	9	29
2372231	1782	10	30
2372261	1782	11	29
2372290	1782	12	30
2372320	1783	1	29
2372349	1783	2	30
2372379	1783	3	29
2372408	1783	4	30
2372438	1783	5	30
2372468	1783	6	29
2372497	1783	7	30
2372527	1783	8	29
2372556	1783	9	30
2372586	1783	10	29
2372615	1783	11	30
2372645	1783	12	29
2372674	1784	1	30
2372704	1784	2	29
2372733	1784	3	30
2372763	1784	-3	29
2372792	1784	4	30
2372822	1784	5	29
2372851	1784	6	30
2372881	1784	7	30
2372911	1784	8	29
2372940	1784	9	30
2372970	1784	10	29
2372999	1784	11	30
2373029	1784	12	29
2373058	1785	1	30
2373088	1785	2	29
2373117	1785	3	30
2373147	1785	4	29
2373176	1785	5	29
2373205	1785	6	30
2373235	1785	7	30
2373265	1785	8	29
2373294	1785	9	30
2373324	1785	10	30
2373354	1785	11	29
2373383	1785	12	30
2373413	1786	1	29
2373442	1786	2	30
2373472	1786	3	29
2373501	1786	4	29
2373530	1786	5	30
2373560	1786	6	29
2373589	1786	7	30
2373619	1786	-7	29
2373648	1786	8	30
2373678	1786	9	30
2373708	1786	10	30
2373738	1786	11	29
2373767	1786	12	30
2373797	1787	1	29
2373826	1787	2	30
2373856	1787	3	29
2373885	1787	4	29
2373914	1787	5	30
2373944	1787	6	29
2373973	1787	7	30
2374003	1787	8	29
2374032	1787	9	30
2374062	1787	10	29
2374091	1787	11	30
2374121	1787	12	30
2374151	1788	1	30
2374181	1788	2	29
2374210	1788	3	30
2374240	1788	4	29
2374269	1788	5	30
2374299	1788	6	29
2374328	1788	7	29
2374357	1788	8	29
2374386	1788	9	30
2374416	1788	10	30
2374446	1788	11	29
2374475	1788	12	30
2374505	1789	1	30
2374535	1789	2	30
2374565	1789	3	29
2374594	1789	4	30
2374624	1789	5	29
2374653	1789	-5	29
2374682	1789	6	30
2374712	1789	7	29
2374741	1789	8	30
2374771	1789	9	29
2374800	1789	10	30
2374830	1789	11	29
2374859	1789	12	30
2374889	1790	1	30
2374919	1790	2	29
2374948	1790	3	30
2374978	1790	4	30
2375008	1790	5	29
2375037	1790	6	29
2375066	1790	7	30
2375096	1790	8	29
2375125	1790	9	30
2375155	1790	10	29
2375184	1790	11	30
2375214	1790	12	29
2375243	1791	1	30
2375273	1791	2	29
2375302	1791	3	30
2375332	1791	4	30
2375362	1791	5	29
2375391	1791	6	30
2375421	1791	7	29
2375450	1791	8	30
2375480	1791	9	29
2375509	1791	10	30
2375539	1791	11	29
2375568	1791	12	30
2375598	1792	1	29
2375627	1792	2	30
2375657	1792	3	29
2375686	1792	4	30
2375716	1792	-4	29
2375745	1792	5	30
2375775	1792	6	30
2375805	1792	7	29
2375834	1792	8	30
2375864	1792	9	29
2375893	1792	10	30
2375923	1792	11	29
2375952	1792	12	30
2375982	1793	1	29
2376011	1793	2	30
2376041	1793	3	29
2376070	1793	4	29
2376099	1793	5	30
2376129	1793	6	30
2376159	1793	7	29
2376188	1793	8	30
2376218	1793	9	30
2376248	1793	10	29
2376277	1793	11	30
2376307	1793	12	29
2376336	1794	1	30
2376366	1794	2	29
2376395	1794	3	29
2376424	1794	4	30
2376454	1794	5	29
2376483	1794	6	30
2376513	1794	7	29
2376542	1794	8	30
2376572	1794	9	30
2376602	1794	10	30
2376632	1794	11	29
2376661	1794	12	30
2376691	1795	1	29
2376720	1795	2	30
2376750	1795	-2	29
2376779	1795	3	29
2376808	1795	4	30
2376838	1795	5	29
2376867	1795	6	30
2376897	1795	7	29
2376926	1795	8	30
2376956	1795	9	29
2376985	1795	10	30
2377015	1795	11	30
2377045	1795	12	30
2377075	1796	1	29
2377104	1796	2	30
2377134	1796	3	29
2377163	1796	4	29
2377192	1796	5	30
2377222	1796	6	29
2377251	1796	7	29
2377280	1796	8	30
2377310	1796	9	30
2377340	1796	10	29
2377369	1796	11	30
2377399	1796	12	30
2377429	1797	1	30
2377459	1797	2	29
2377488	1797	3	30
2377518	1797	4	29
2377547	1797	5	30
2377577	1797	6	29
2377606	1797	-6	29
2377635	1797	7	29
2377664	1797	8	30
2377694	1797	9	29
2377723	1797	10	30
2377753	1797	11	30
2377783	1797	12	30
2377813	1798	1	29
2377842	1798	2	30
2377872	1798	3	30
2377902	1798	4	29
2377931	1798	5	29
2377960	1798	6	30
2377990	1798	7	29
2378019	1798	8	29
2378048	1798	9	30
2378078	1798	10	29
2378107	1798	11	30
2378137	1798	12	30
2378167	1799	1	29
2378196	1799	2	30
2378226	1799	3	30
2378256	1799	4	29
2378285	1799	5	30
2378315	1799	6	29
2378344	1799	7	30
2378374	1799	8	29
2378403	1799	9	30
2378433	1799	10	29
2378462	1799	11	29
2378491	1799	12	30
2378521	1800	1	30
2378551	1800	2	29
2378580	1800	3	30
2378610	1800	4	30
2378640	1800	-4	29
2378669	1800	5	30
2378699	1800	6	29
2378728	1800	7	30
2378758	1800	8	29
2378787	1800	9	30
2378817	1800	10	29
2378846	1800	11	30
2378876	1800	12	29
2378905	1801	1	29
2378934	1801	2	30
2378964	1801	3	30
2378994	1801	4	29
2379023	1801	5	30
2379053	1801	6	29
2379082	1801	7	30
2379112	1801	8	30
2379142	1801	9	29
2379171	1801	10	30
2379201	1801	11	29
2379230	1801	12	30
2379260	1802	1	29
2379289	1802	2	29
2379318	1802	3	30
2379348	1802	4	29
2379377	1802	5	30
2379407	1802	6	29
2379436	1802	7	30
2379466	1802	8	30
2379496	1802	9	30
2379526	1802	10	29
2379555	1802	11	30
2379585	1802	12	29
2379614	1803	1	30
2379644	1803	2	29
2379673	1803	-2	29
2379702	1803	3	30
2379732	1803	4	29
2379761	1803	5	30
2379791	1803	6	29
2379820	1803	7	30
2379850	1803	8	30
2379880	1803	9	29
2379909	1803	10	30
2379939	1803	11	30
2379969	1803	12	29
2379998	1804	1	30
2380028	1804	2	29
2380057	1804	3	29
2380086	1804	4	30
2380116	1804	5	29
2380145	1804	6	29
2380174	1804	7	30
2380204	1804	8	30
2380234	1804	9	29
2380263	1804	10	30
2380293	1804	11	30
2380323	1804	12	30
2380353	1805	1	29
2380382	1805	2	30
2380412	1805	3	29
2380441	1805	4	30
2380471	1805	5	29
2380500	1805	6	29
2380529	1805	-6	29
2380558	1805	7	30
2380588	1805	8	29
2380617	1805	9	30
2380647	1805	10	30
2380677	1805	11	30
2380707	1805	12	29
2380736	1806	1	30
2380766	1806	2	30
2380796	1806	3	29
2380825	1806	4	30
2380855	1806	5	29
2380884	1806	6	29
2380913	1806	7	29
2380942	1806	8	30
2380972	1806	9	29
2381001	1806	10	30
2381031	1806	11	30
2381061	1806	12	29
2381090	1807	1	30
2381120	1807	2	30
2381150	1807	3	30
2381180	1807	4	29
2381209	1807	5	29
2381238	1807	6	30
2381268	1807	7	29
2381297	1807	8	29
2381326	1807	9	30
2381356	1807	10	29
2381385	1807	11	30
2381415	1807	12	30
2381445	1808	1	29
2381474	1808	2	30
2381504	1808	3	30
2381534	1808	4	29
2381563	1808	5	30
2381593	1808	-5	29
2381622	1808	6	30
2381652	1808	7	29
2381681	1808	8	30
2381711	1808	9	29
2381740	1808	10	29
2381769	1808	11	30
2381799	1808	12	29
2381828	1809	1	30
2381858	1809	2	30
2381888	1809	3	29
2381917	1809	4	30
2381947	1809	5	30
2381977	1809	6	29
2382006	1809	7	30
2382036	1809	8	29
2382065	1809	9	30
2382095	1809	10	29
2382124	1809	11	29
2382153	1809	12	30
2382183	1810	1	29
2382212	1810	2	30
2382242	1810	3	29
2382271	1810	4	30
2382301	1810	5	30
2382331	1810	6	29
2382360	1810	7	30
2382390	1810	8	30
2382420	1810	9	29
2382449	1810	10	30
2382479	1810	11	29
2382508	1810	12	30
2382538	1811	1	29
2382567	1811	2	29
2382596	1811	3	30
2382626	1811	-3	29
2382655	1811	4	30
2382685	1811	5	29
2382714	1811	6	30
2382744	1811	7	30
2382774	1811	8	29
2382803	1811	9	30
2382833	1811	10	30
2382863	1811	11	29
2382892	1811	12	30
2382922	1812	1	29
2382951	1812	2	29
2382980	1812	3	30
2383010	1812	4	29
2383039	1812	5	30
2383069	1812	6	29
2383098	1812	7	30
2383128	1812	8	29
2383157	1812	9	30
2383187	1812	10	30
2383217	1812	11	30
2383247	1812	12	29
2383276	1813	1	30
2383306	1813	2	29
2383335	1813	3	30
2383365	1813	4	29
2383394	1813	5	29
2383423	1813	6	29
2383452	1813	7	30
2383482	1813	8	29
2383511	1813	9	30
2383541	1813	10	30
2383571	1813	11	30
2383601	1813	12	29
2383630	1814	1	30
2383660	1814	2	30
2383690	1814	-2	29
2383719	1814	3	30
2383749	1814	4	29
2383778	1814	5	29
2383807	1814	6	29
2383836	1814	7	30
2383866	1814	8	29
2383895	1814	9	30
2383925	1814	10	30
2383955	1814	11	29
2383984	1814	12	30
2384014	1815	1	30
2384044	1815	2	30
2384074	1815	3	29
2384103	1815	4	29
2384132	1815	5	30
2384162	1815	6	29
2384191	1815	7	29
2384220	1815	8	30
2384250	1815	9	29
2384279	1815	10	30
2384309	1815	11	29
2384338	1815	12	30
2384368	1816	1	30
2384398	1816	2	30
2384428	1816	3	29
2384457	1816	4	30
2384487	1816	5	29
2384516	1816	6	30
2384546	1816	-6	29
2384575	1816	7	29
2384604	1816	8	30
2384634	1816	9	29
2384663	1816	10	30
2384693	1816	11	29
2384722	1816	12	30
2384752	1817	1	30
2384782	1817	2	29
2384811	1817	3	30
2384841	1817	4	30
2384871	1817	5	29
2384900	1817	6	30
2384930	1817	7	29
2384959	1817	8	30
2384989	1817	9	29
2385018	1817	10	29
2385047	1817	11	30
2385077	1817	12	29
2385106	1818	1	30
2385136	1818	2	29
2385165	1818	3	30
2385195	1818	4	30
2385225	1818	5	29
2385254	1818	6	30
2385284	1818	7	30
2385314	1818	8	29
2385343	1818	9	30
2385373	1818	10	29
2385402	1818	11	29
2385431	1818	12	30
2385461	1819	1	29
2385490	1819	2	30
2385520	1819	3	29
2385549	1819	4	30
2385579	1819	-4	29
2385608	1819	5	30
2385638	1819	6	30
2385668	1819	7	29
2385697	1819	8	30
2385727	1819	9	30
2385757	1819	10	29
2385786	1819	11	30
2385816	1819	12	29
2385845	1820	1	29
2385874	1820	2	30
2385904	1820	3	29
2385933	1820	4	30
2385963	1820	5	29
2385992	1820	6	30
2386022	1820	7	29
2386051	1820	8	30
2386081	1820	9	30
2386111	1820	10	30
2386141	1820	11	29
2386170	1820	12	30
2386200	1821	1	29
2386229	1821	2	29
2386258	1821	3	30
2386288	1821	4	29
2386317	1821	5	29
2386346	1821	6	30
2386376	1821	7	29
2386405	1821	8	30
2386435	1821	9	30
2386465	1821	10	30
2386495	1821	11	29
2386524	1821	12	30
2386554	1822	1	30
2386584	1822	2	29
2386613	1822	3	30
2386643	1822	-3	29
2386672	1822	4	29
2386701	1822	5	29
2386730	1822	6	30
2386760	1822	7	29
2386789	1822	8	30
2386819	1822	9	30
2386849	1822	10	29
2386878	1822	11	30
2386908	1822	12	30
2386938	1823	1	30
2386968	1823	2	29
2386997	1823	3	30
2387027	1823	4	29
2387056	1823	5	29
2387085	1823	6	29
2387114	1823	7	30
2387144	1823	8	29
2387173	1823	9	30
2387203	1823	10	29
2387232	1823	11	30
2387262	1823	12	30
2387292	1824	1	30
2387322	1824	2	29
2387351	1824	3	30
2387381	1824	4	29
2387410	1824	5	30
2387440	1824	6	29
2387469	1824	7	29
2387498	1824	-7	30
2387528	1824	8	29
2387557	1824	9	30
2387587	1824	10	29
2387616	1824	11	30
2387646	1824	12	30
2387676	1825	1	30
2387706	1825	2	29
2387735	1825	3	30
2387765	1825	4	29
2387794	1825	5	30
2387824	1825	6	29
2387853	1825	7	29
2387882	1825	8	30
2387912	1825	9	29
2387941	1825	10	30
2387971	1825	11	29
2388000	1825	12	30
2388030	1826	1	30
2388060	1826	2	29
2388089	1826	3	30
2388119	1826	4	30
2388149	1826	5	29
2388178	1826	6	30
2388208	1826	7	29
2388237	1826	8	29
2388266	1826	9	30
2388296	1826	10	29
2388325	1826	11	30
2388355	1826	12	29
2388384	1827	1	30
2388414	1827	2	29
2388443	1827	3	30
2388473	1827	4	30
2388503	1827	5	29
2388532	1827	-5	30
2388562	1827	6	29
2388591	1827	7	30
2388621	1827	8	29
2388650	1827	9	30
2388680	1827	10	29
2388709	1827	11	30
2388739	1827	12	29
2388768	1828	1	30
2388798	1828	2	29
2388827	1828	3	30
2388857	1828	4	29
2388886	1828	5	30
2388916	1828	6	30
2388946	1828	7	29
2388975	1828	8	30
2389005	1828	9	29
2389034	1828	10	30
2389064	1828	11	29
2389093	1828	12	30
2389123	1829	1	29
2389152	1829	2	30
2389182	1829	3	29
2389211	1829	4	30
2389241	1829	5	29
2389270	1829	6	30
2389300	1829	7	29
2389329	1829	8	30
2389359	1829	9	30
2389389	1829	10	29
2389418	1829	11	30
2389448	1829	12	30
2389478	1830	1	29
2389507	1830	2	29
2389536	1830	3	30
2389566	1830	4	29
2389595	1830	-4	29
2389624	1830	5	30
2389654	1830	6	29
2389683	1830	7	30
2389713	1830	8	30
2389743	1830	9	29
2389772	1830	10	30
2389802	1830	11	30
2389832	1830	12	30
2389862	1831	1	29
2389891	1831	2	29
2389920	1831	3	30
2389950	1831	4	29
2389979	1831	5	29
2390008	1831	6	30
2390038	1831	7	29
2390067	1831	8	30
2390097	1831	9	29
2390126	1831	10	30
2390156	1831	11	30
2390186	1831	12	30
2390216	1832	1	29
2390245	1832	2	30
2390275	1832	3	29
2390304	1832	4	30
2390334	1832	5	29
2390363	1832	6	29
2390392	1832	7	30
2390422	1832	8	29
2390451	1832	9	30
2390481	1832	-9	29
2390510	1832	10	30
2390540	1832	11	30
2390570	1832	12	30
2390600	1833	1	29
2390629	1833	2	30
2390659	1833	3	29
2390688	1833	4	30
2390718	1833	5	29
2390747	1833	6	29
2390776	1833	7	30
2390806	1833	8	29
2390835	1833	9	30
2390865	1833	10	29
2390894	1833	11	30
2390924	1833	12	30
2390954	1834	1	29
2390983	1834	2	30
2391013	1834	3	30
2391043	1834	4	29
2391072	1834	5	30
2391102	1834	6	29
2391131	1834	7	29
2391160	1834	8	30
2391190	1834	9	29
2391219	1834	10	30
2391249	1834	11	29
2391278	1834	12	30
2391308	1835	1	29
2391337	1835	2	30
2391367	1835	3	30
2391397	1835	4	29
2391426	1835	5	30
2391456	1835	6	30
2391486	1835	-6	29
2391515	1835	7	29
2391544	1835	8	30
2391574	1835	9	29
2391603	1835	10	30
2391633	1835	11	29
2391662	1835	12	30
2391692	1836	1	29
2391721	1836	2	30
2391751	1836	3	29
2391780	1836	4	30
2391810	1836	5	30
2391840	1836	6	29
2391869	1836	7	30
2391899	1836	8	29
2391928	1836	9	30
2391958	1836	10	29
2391987	1836	11	30
2392017	1836	12	29
2392046	1837	1	30
2392076	1837	2	29
2392105	1837	3	30
2392135	1837	4	29
2392164	1837	5	30
2392194	1837	6	29
2392223	1837	7	30
2392253	1837	8	30
2392283	1837	9	29
2392312	1837	10	30
2392342	1837	11	29
2392371	1837	12	30
2392401	1838	1	29
2392430	1838	2	30
2392460	1838	3	29
2392489	1838	4	30
2392519	1838	-4	29
2392548	1838	5	29
2392577	1838	6	30
2392607	1838	7	30
2392637	1838	8	29
2392666	1838	9	30
2392696	1838	10	30
2392726	1838	11	29
2392755	1838	12	30
2392785	1839	1	29
2392814	1839	2	30
2392844	1839	3	29
2392873	1839	4	29
2392902	1839	5	30
2392932	1839	6	29
2392961	1839	7	30
2392991	1839	8	29
2393020	1839	9	30
2393050	1839	10	30
2393080	1839	11	30
2393110	1839	12	29
2393139	1840	1	30
2393169	1840	2	29
2393198	1840	3	30
2393228	1840	4	29
2393257	1840	5	29
2393286	1840	6	30
2393316	1840	7	29
2393345	1840	8	30
2393375	1840	9	29
2393404	1840	10	30
2393434	1840	11	30
2393464	1840	12	30
2393494	1841	1	29
2393523	1841	2	30
2393553	1841	3	29
2393582	1841	-3	30
2393612	1841	4	29
2393641	1841	5	29
2393670	1841	6	30
2393700	1841	7	29
2393729	1841	8	30
2393759	1841	9	29
2393788	1841	10	30
2393818	1841	11	29
2393847	1841	12	30
2393877	1842	1	30
2393907	1842	2	30
2393937	1842	3	29
2393966	1842	4	30
2393996	1842	5	29
2394025	1842	6	29
2394054	1842	7	30
2394084	1842	8	29
2394113	1842	9	30
2394143	1842	10	29
2394172	1842	11	30
2394202	1842	12	29
2394231	1843	1	30
2394261	1843	2	30
2394291	1843	3	30
2394321	1843	4	29
2394350	1843	5	30
2394380	1843	6	29
2394409	1843	7	29
2394438	1843	-7	30
2394468	1843	8	29
2394497	1843	9	30
2394527	1843	10	29
2394556	1843	11	30
2394586	1843	12	29
2394615	1844	1	30
2394645	1844	2	30
2394675	1844	3	29
2394704	1844	4	30
2394734	1844	5	29
2394763	1844	6	30
2394793	1844	7	29
2394822	1844	8	30
2394852	1844	9	29
2394881	1844	10	30
2394911	1844	11	29
2394940	1844	12	30
2394970	1845	1	29
2394999	1845	2	30
2395029	1845	3	29
2395058	1845	4	30
2395088	1845	5	30
2395118	1845	6	29
2395147	1845	7	30
2395177	1845	8	29
2395206	1845	9	30
2395236	1845	10	29
2395265	1845	11	30
2395295	1845	12	29
2395324	1846	1	30
2395354	1846	2	29
2395383	1846	3	30
2395413	1846	4	29
2395442	1846	5	30
2395472	1846	-5	29
2395501	1846	6	30
2395531	1846	7	29
2395560	1846	8	30
2395590	1846	9	30
2395620	1846	10	29
2395649	1846	11	30
2395679	1846	12	29
2395708	1847	1	30
2395738	1847	2	29
2395767	1847	3	29
2395796	1847	4	30
2395826	1847	5	29
2395855	1847	6	30
2395885	1847	7	29
2395914	1847	8	30
2395944	1847	9	30
2395974	1847	10	30
2396004	1847	11	29
2396033	1847	12	30
2396063	1848	1	29
2396092	1848	2	30
2396122	1848	3	29
2396151	1848	4	29
2396180	1848	5	30
2396210	1848	6	29
2396239	1848	7	30
2396269	1848	8	29
2396298	1848	9	30
2396328	1848	10	30
2396358	1848	11	30
2396388	1848	12	29
2396417	1849	1	30
2396447	1849	2	29
2396476	1849	3	30
2396506	1849	4	29
2396535	1849	-4	29
2396564	1849	5	30
2396594	1849	6	29
2396623	1849	7	30
2396653	1849	8	29
2396682	1849	9	30
2396712	1849	10	29
2396741	1849	11	30
2396771	1849	12	30
2396801	1850	1	30
2396831	1850	2	29
2396860	1850	3	30
2396890	1850	4	29
2396919	1850	5	29
2396948	1850	6	30
2396978	1850	7	29
2397007	1850	8	29
2397036	1850	9	30
2397066	1850	10	30
2397096	1850	11	29
2397125	1850	12	30
2397155	1851	1	30
2397185	1851	2	30
2397215	1851	3	29
2397244	1851	4	30
2397274	1851	5	29
2397303	1851	6	29
2397332	1851	7	30
2397362	1851	8	29
2397391	1851	-8	29
2397420	1851	9	30
2397450	1851	10	29
2397479	1851	11	30
2397509	1851	12	30
2397539	1852	1	30
2397569	1852	2	29
2397598	1852	3	30
2397628	1852	4	30
2397658	1852	5	29
2397687	1852	6	29
2397716	1852	7	30
2397746	1852	8	29
2397775	1852	9	30
2397805	1852	10	29
2397834	1852	11	29
2397863	1852	12	30
2397893	1853	1	30
2397923	1853	2	29
2397952	1853	3	30
2397982	1853	4	30
2398012	1853	5	29
2398041	1853	6	30
2398071	1853	7	29
2398100	1853	8	30
2398130	1853	9	29
2398159	1853	10	30
2398189	1853	11	29
2398218	1853	12	30
2398248	1854	1	29
2398277	1854	2	30
2398307	1854	3	29
2398336	1854	4	30
2398366	1854	5	29
2398395	1854	6	30
2398425	1854	7	30
2398455	1854	-7	29
2398484	1854	8	30
2398514	1854	9	29
2398543	1854	10	30
2398573	1854	11	29
2398602	1854	12	30
2398632	1855	1	29
2398661	1855	2	29
2398690	1855	3	30
2398720	1855	4	29
2398749	1855	5	30
2398779	1855	6	30
2398809	1855	7	29
2398838	1855	8	30
2398868	1855	9	30
2398898	1855	10	29
2398927	1855	11	30
2398957	1855	12	29
2398986	1856	1	30
2399016	1856	2	29
2399045	1856	3	29
2399074	1856	4	30
2399104	1856	5	29
2399133	1856	6	30
2399163	1856	7	29
2399192	1856	8	30
2399222	1856	9	30
2399252	1856	10	30
2399282	1856	11	29
2399311	1856	12	30
2399341	1857	1	29
2399370	1857	2	30
2399400	1857	3	29
2399429	1857	4	29
2399458	1857	5	30
2399488	1857	-5	29
2399517	1857	6	30
2399547	1857	7	29
2399576	1857	8	30
2399606	1857	9	29
2399635	1857	10	30
2399665	1857	11	30
2399695	1857	12	30
2399725	1858	1	29
2399754	1858	2	30
2399784	1858	3	29
2399813	1858	4	29
2399842	1858	5	30
2399872	1858	6	29
2399901	1858	7	29
2399930	1858	8	30
2399960	1858	9	30
2399990	1858	10	29
2400019	1858	11	30
2400049	1858	12	30
2400079	1859	1	30
2400109	1859	2	29
2400138	1859	3	30
2400168	1859	4	29
2400197	1859	5	29
2400226	1859	6	30
2400256	1859	7	29
2400285	1859	8	29
2400314	1859	9	30
2400344	1859	10	29
2400373	1859	11	30
2400403	1859	12	30
2400433	1860	1	30
2400463	1860	2	29
2400492	1860	3	30
2400522	1860	-3	30
2400552	1860	4	29
2400581	1860	5	29
2400610	1860	6	30
2400640	1860	7	29
2400669	1860	8	29
2400698	1860	9	30
2400728	1860	10	29
2400757	1860	11	30
2400787	1860	12	30
2400817	1861	1	29
2400846	1861	2	30
2400876	1861	3	30
2400906	1861	4	29
2400935	1861	5	30
2400965	1861	6	29
2400994	1861	7	30
2401024	1861	8	29
2401053	1861	9	30
2401083	1861	10	29
2401112	1861	11	29
2401141	1861	12	30
2401171	1862	1	30
2401201	1862	2	29
2401230	1862	3	30
2401260	1862	4	29
2401289	1862	5	30
2401319	1862	6	30
2401349	1862	7	29
2401378	1862	8	30
2401408	1862	-8	29
2401437	1862	9	30
2401467	1862	10	29
2401496	1862	11	29
2401525	1862	12	30
2401555	1863	1	29
2401584	1863	2	30
2401614	1863	3	30
2401644	1863	4	29
2401673	1863	5	30
2401703	1863	6	29
2401732	1863	7	30
2401762	1863	8	30
2401792	1863	9	29
2401821	1863	10	30
2401851	1863	11	29
2401880	1863	12	30
2401910	1864	1	29
2401939	1864	2	29
2401968	1864	3	30
2401998	1864	4	29
2402027	1864	5	30
2402057	1864	6	29
2402086	1864	7	30
2402116	1864	8	30
2402146	1864	9	29
2402175	1864	10	30
2402205	1864	11	30
2402235	1864	12	29
2402264	1865	1	30
2402294	1865	2	29
2402323	1865	3	29
2402352	1865	4	30
2402382	1865	5	29
2402411	1865	-5	30
2402441	1865	6	29
2402470	1865	7	30
2402500	1865	8	30
2402530	1865	9	29
2402559	1865	10	30
2402589	1865	11	30
2402619	1865	12	29
2402648	1866	1	30
2402678	1866	2	29
2402707	1866	3	29
2402736	1866	4	30
2402766	1866	5	29
2402795	1866	6	29
2402824	1866	7	30
2402854	1866	8	30
2402884	1866	9	29
2402913	1866	10	30
2402943	1866	11	30
2402973	1866	12	30
2403003	1867	1	29
2403032	1867	2	30
2403062	1867	3	29
2403091	1867	4	29
2403120	1867	5	30
2403150	1867	6	29
2403179	1867	7	29
2403208	1867	8	30
2403238	1867	9	29
2403267	1867	10	30
2403297	1867	11	30
2403327	1867	12	30
2403357	1868	1	29
2403386	1868	2	30
2403416	1868	3	30
2403446	1868	4	29
2403475	1868	-4	29
2403504	1868	5	30
2403534	1868	6	29
2403563	1868	7	29
2403592	1868	8	30
2403622	1868	9	29
2403651	1868	10	30
2403681	1868	11	30
2403711	1868	12	29
2403740	1869	1	30
2403770	1869	2	30
2403800	1869	3	30
2403830	1869	4	29
2403859	1869	5	29
2403888	1869	6	30
2403918	1869	7	29
2403947	1869	8	29
2403976	1869	9	30
2404006	1869	10	29
2404035	1869	11	30
2404065	1869	12	29
2404094	1870	1	30
2404124	1870	2	30
2404154	1870	3	30
2404184	1870	4	29
2404213	1870	5	30
2404243	1870	6	29
2404272	1870	7	30
2404302	1870	8	29
2404331	1870	9	29
2404360	1870	10	30
2404390	1870	-10	29
2404419	1870	11	30
2404449	1870	12	29
2404478	1871	1	30
2404508	1871	2	30
2404538	1871	3	29
2404567	1871	4	30
2404597	1871	5	30
2404627	1871	6	29
2404656	1871	7	30
2404686	1871	8	29
2404715	1871	9	30
2404745	1871	10	29
2404774	1871	11	29
2404803	1871	12	30
2404833	1872	1	29
2404862	1872	2	30
2404892	1872	3	29
2404921	1872	4	30
2404951	1872	5	30
2404981	1872	6	29
2405010	1872	7	30
2405040	1872	8	29
2405069	1872	9	30
2405099	1872	10	30
2405129	1872	11	29
2405158	1872	12	30
2405188	1873	1	29
2405217	1873	2	29
2405246	1873	3	30
2405276	1873	4	29
2405305	1873	5	30
2405335	1873	6	29
2405364	1873	-6	30
2405394	1873	7	30
2405424	1873	8	29
2405453	1873	9	30
2405483	1873	10	30
2405513	1873	11	29
2405542	1873	12	30
2405572	1874	1	29
2405601	1874	2	29
2405630	1874	3	30
2405660	1874	4	29
2405689	1874	5	30
2405719	1874	6	29
2405748	1874	7	30
2405778	1874	8	29
2405807	1874	9	30
2405837	1874	10	30
2405867	1874	11	30
2405897	1874	12	29
2405926	1875	1	30
2405956	1875	2	29
2405985	1875	3	29
2406014	1875	4	30
2406044	1875	5	29
2406073	1875	6	29
2406102	1875	7	30
2406132	1875	8	29
2406161	1875	9	30
2406191	1875	10	30
2406221	1875	11	30
2406251	1875	12	29
2406280	1876	1	30
2406310	1876	2	30
2406340	1876	3	29
2406369	1876	4	29
2406398	1876	5	30
2406428	1876	-5	29
2406457	1876	6	29
2406486	1876	7	30
2406516	1876	8	29
2406545	1876	9	30
2406575	1876	10	30
2406605	1876	11	29
2406634	1876	12	30
2406664	1877	1	30
2406694	1877	2	30
2406724	1877	3	29
2406753	1877	4	29
2406782	1877	5	30
2406812	1877	6	29
2406841	1877	7	29
2406870	1877	8	30
2406900	1877	9	29
2406929	1877	10	30
2406959	1877	11	29
2406988	1877	12	30
2407018	1878	1	30
2407048	1878	2	30
2407078	1878	3	29
2407107	1878	4	30
2407137	1878	5	29
2407166	1878	6	30
2407196	1878	7	29
2407225	1878	8	29
2407254	1878	9	30
2407284	1878	10	29
2407313	1878	11	30
2407343	1878	12	29
2407372	1879	1	30
2407402	1879	2	30
2407432	1879	3	29
2407461	1879	-3	30
2407491	1879	4	30
2407521	1879	5	29
2407550	1879	6	30
2407580	1879	7	29
2407609	1879	8	29
2407638	1879	9	30
2407668	1879	10	29
2407697	1879	11	30
2407727	1879	12	29
2407756	1880	1	30
2407786	1880	2	29
2407815	1880	3	30
2407845	1880	4	30
2407875	1880	5	29
2407904	1880	6	30
2407934	1880	7	30
2407964	1880	8	29
2407993	1880	9	30
2408023	1880	10	29
2408052	1880	11	29
2408081	1880	12	30
2408111	1881	1	29
2408140	1881	2	30
2408170	1881	3	29
2408199	1881	4	30
2408229	1881	5	29
2408258	1881	6	30
2408288	1881	7	30
2408318	1881	-7	29
2408347	1881	8	30
2408377	1881	9	30
2408407	1881	10	29
2408436	1881	11	30
2408466	1881	12	29
2408495	1882	1	29
2408524	1882	2	30
2408554	1882	3	29
2408583	1882	4	30
2408613	1882	5	29
2408642	1882	6	30
2408672	1882	7	29
2408701	1882	8	30
2408731	1882	9	30
2408761	1882	10	29
2408790	1882	11	30
2408820	1882	12	30
2408850	1883	1	29
2408879	1883	2	29
2408908	1883	3	30
2408938	1883	4	29
2408967	1883	5	29
2408996	1883	6	30
2409026	1883	7	29
2409055	1883	8	30
2409085	1883	9	30
2409115	1883	10	30
2409145	1883	11	29
2409174	1883	12	30
2409204	1884	1	30
2409234	1884	2	29
2409263	1884	3	29
2409292	1884	4	30
2409322	1884	5	29
2409351	1884	-5	29
2409380	1884	6	30
2409410	1884	7	29
2409439	1884	8	30
2409469	1884	9	30
2409499	1884	10	29
2409528	1884	11	30
2409558	1884	12	30
2409588	1885	1	30
2409618	1885	2	29
2409647	1885	3	29
2409676	1885	4	30
2409706	1885	5	29
2409735	1885	6	29
2409764	1885	7	30
2409794	1885	8	29
2409823	1885	9	30
2409853	1885	10	29
2409882	1885	11	30
2409912	1885	12	30
2409942	1886	1	30
2409972	1886	2	29
2410001	1886	3	30
2410031	1886	4	29
2410060	1886	5	30
2410090	1886	6	29
2410119	1886	7	29
2410148	1886	8	30
2410178	1886	9	29
2410207	1886	10	30
2410237	1886	11	29
2410266	1886	12	30
2410296	1887	1	30
2410326	1887	2	30
2410356	1887	3	29
2410385	1887	4	30
2410415	1887	-4	29
2410444	1887	5	30
2410474	1887	6	29
2410503	1887	7	29
2410532	1887	8	30
2410562	1887	9	29
2410591	1887	10	30
2410621	1887	11	29
2410650	1887	12	30
2410680	1888	1	30
2410710	1888	2	29
2410739	1888	3	30
2410769	1888	4	30
2410799	1888	5	29
2410828	1888	6	30
2410858	1888	7	29
2410887	1888	8	29
2410916	1888	9	30
2410946	1888	10	29
2410975	1888	11	30
2411005	1888	12	29
2411034	1889	1	30
2411064	1889	2	29
2411093	1889	3	30
2411123	1889	4	30
2411153	1889	5	29
2411182	1889	6	30
2411212	1889	7	29
2411241	1889	8	30
2411271	1889	9	29
2411300	1889	10	30
2411330	1889	11	29
2411359	1889	12	30
2411389	1890	1	29
2411418	1890	2	30
2411448	1890	-2	29
2411477	1890	3	30
2411507	1890	4	29
2411536	1890	5	30
2411566	1890	6	30
2411596	1890	7	29
2411625	1890	8	30
2411655	1890	9	29
2411684	1890	10	30
2411714	1890	11	29
2411743	1890	12	30
2411773	1891	1	29
2411802	1891	2	30
2411832	1891	3	29
2411861	1891	4	30
2411891	1891	5	29
2411920	1891	6	30
2411950	1891	7	29
2411979	1891	8	30
2412009	1891	9	30
2412039	1891	10	29
2412068	1891	11	30
2412098	1891	12	30
2412128	1892	1	29
2412157	1892	2	29
2412186	1892	3	30
2412216	1892	4	29
2412245	1892	5	29
2412274	1892	6	30
2412304	1892	-6	29
2412333	1892	7	30
2412363	1892	8	30
2412393	1892	9	29
2412422	1892	10	30
2412452	1892	11	30
2412482	1892	12	30
2412512	1893	1	29
2412541	1893	2	29
2412570	1893	3	30
2412600	1893	4	29
2412629	1893	5	29
2412658	1893	6	30
2412688	1893	7	29
2412717	1893	8	30
2412747	1893	9	29
2412776	1893	10	30
2412806	1893	11	30
2412836	1893	12	30
2412866	1894	1	29
2412895	1894	2	30
2412925	1894	3	29
2412954	1894	4	30
2412984	1894	5	29
2413013	1894	6	29
2413042	1894	7	30
2413072	1894	8	29
2413101	1894	9	30
2413131	1894	10	29
2413160	1894	11	30
2413190	1894	12	30
2413220	1895	1	30
2413250	1895	2	29
2413279	1895	3	30
2413309	1895	4	29
2413338	1895	5	30
2413368	1895	-5	29
2413397	1895	6	29
2413426	1895	7	30
2413456	1895	8	29
2413485	1895	9	30
2413515	1895	10	29
2413544	1895	11	30
2413574	1895	12	29
2413603	1896	1	30
2413633	1896	2	30
2413663	1896	3	30
2413693	1896	4	29
2413722	1896	5	30
2413752	1896	6	29
2413781	1896	7	29
2413810	1896	8	30
2413840	1896	9	29
2413869	1896	10	30
2413899	1896	11	29
2413928	1896	12	30
2413958	1897	1	29
2413987	1897	2	30
2414017	1897	3	30
2414047	1897	4	29
2414076	1897	5	30
2414106	1897	6	29
2414135	1897	7	30
2414165	1897	8	29
2414194	1897	9	30
2414224	1897	10	29
2414253	1897	11	30
2414283	1897	12	29
2414312	1898	1	30
2414342	1898	2	29
2414371	1898	3	30
2414401	1898	-3	29
2414430	1898	4	30
2414460	1898	5	30
2414490	1898	6	29
2414519	1898	7	30
2414549	1898	8	29
2414578	1898	9	30
2414608	1898	10	29
2414637	1898	11	30
2414667	1898	12	29
2414696	1899	1	30
2414726	1899	2	29
2414755	1899	3	30
2414785	1899	4	29
2414814	1899	5	30
2414844	1899	6	29
2414873	1899	7	30
2414903	1899	8	30
2414933	1899	9	29
2414962	1899	10	30
2414992	1899	11	29
2415021	1899	12	30
2415051	1900	1	29
2415080	1900	2	30
2415110	1900	3	29
2415139	1900	4	29
2415168	1900	5	30
2415198	1900	6	29
2415227	1900	7	30
2415257	1900	8	30
2415287	1900	-8	29
2415316	1900	9	30
2415346	1900	10	30
2415376	1900	11	29
2415405	1900	12	30
2415435	1901	1	29
2415464	1901	2	30
2415494	1901	3	29
2415523	1901	4	29
2415552	1901	5	30
2415582	1901	6	29
2415611	1901	7	30
2415641	1901	8	29
2415670	1901	9	30
2415700	1901	10	30
2415730	1901	11	30
2415760	1901	12	29
2415789	1902	1	30
2415819	1902	2	29
2415848	1902	3	30
2415878	1902	4	29
2415907	1902	5	29
2415936	1902	6	30
2415966	1902	7	29
2415995	1902	8	30
2416025	1902	9	29
2416054	1902	10	30
2416084	1902	11	30
2416114	1902	12	30
2416144	1903	1	29
2416173	1903	2	30
2416203	1903	3	29
2416232	1903	4	30
2416262	1903	5	29
2416291	1903	-5	29
2416320	1903	6	30
2416350	1903	7	29
2416379	1903	8	29
2416408	1903	9	30
2416438	1903	10	30
2416468	1903	11	29
2416497	1903	12	30
2416527	1904	1	30
2416557	1904	2	30
2416587	1904	3	29
2416616	1904	4	30
2416646	1904	5	29
2416675	1904	6	29
2416704	1904	7	30
2416734	1904	8	29
2416763	1904	9	29
2416792	1904	10	30
2416822	1904	11	30
2416852	1904	12	29
2416881	1905	1	30
2416911	1905	2	30
2416941	1905	3	29
2416970	1905	4	30
2417000	1905	5	30
2417030	1905	6	29
2417059	1905	7	29
2417088	1905	8	30
2417118	1905	9	29
2417147	1905	10	30
2417177	1905	11	29
2417206	1905	12	30
2417236	1906	1	29
2417265	1906	2	30
2417295	1906	3	30
2417325	1906	4	29
2417354	1906	-4	30
2417384	1906	5	29
2417413	1906	6	30
2417443	1906	7	29
2417472	1906	8	30
2417502	1906	9	29
2417531	1906	10	30
2417561	1906	11	29
2417590	1906	12	30
2417620	1907	1	29
2417649	1907	2	30
2417679	1907	3	29
2417708	1907	4	30
2417738	1907	5	29
2417767	1907	6	30
2417797	1907	7	30
2417827	1907	8	29
2417856	1907	9	30
2417886	1907	10	29
2417915	1907	11	30
2417945	1907	12	29
2417974	1908	1	30
2418004	1908	2	29
2418033	1908	3	29
2418062	1908	4	30
2418092	1908	5	30
2418122	1908	6	29
2418151	1908	7	30
2418181	1908	8	29
2418210	1908	9	30
2418240	1908	10	30
2418270	1908	11	29
2418299	1908	12	30
2418329	1909	1	29
2418358	1909	2	30
2418388	1909	-2	29
2418417	1909	3	29
2418446	1909	4	30
2418476	1909	5	29
2418505	1909	6	30
2418535	1909	7	29
2418564	1909	8	30
2418594	1909	9	30
2418624	1909	10	30
2418654	1909	11	29
2418683	1909	12	30
2418713	1910	1	29
2418742	1910	2	30
2418772	1910	3	29
2418801	1910	4	29
2418830	1910	5	30
2418860	1910	6	29
2418889	1910	7	30
2418919	1910	8	29
2418948	1910	9	30
2418978	1910	10	30
2419008	1910	11	30
2419038	1910	12	29
2419067	1911	1	30
2419097	1911	2	29
2419126	1911	3	30
2419156	1911	4	29
2419185	1911	5	29
2419214	1911	6	30
2419244	1911	-6	29
2419273	1911	7	29
2419302	1911	8	30
2419332	1911	9	30
2419362	1911	10	29
2419391	1911	11	30
2419421	1911	12	30
2419451	1912	1	30
2419481	1912	2	29
2419510	1912	3	30
2419540	1912	4	29
2419569	1912	5	29
2419598	1912	6	30
2419628	1912	7	29
2419657	1912	8	29
2419686	1912	9	30
2419716	1912	10	30
2419746	1912	11	29
2419775	1912	12	30
2419805	1913	1	30
2419835	1913	2	30
2419865	1913	3	29
2419894	1913	4	30
2419924	1913	5	29
2419953	1913	6	29
2419982	1913	7	30
2420012	1913	8	29
2420041	1913	9	29
2420070	1913	10	30
2420100	1913	11	29
2420129	1913	12	30
2420159	1914	1	30
2420189	1914	2	30
2420219	1914	3	29
2420248	1914	4	30
2420278	1914	5	29
2420307	1914	-5	30
2420337	1914	6	29
2420366	1914	7	30
2420396	1914	8	29
2420425	1914	9	29
2420454	1914	10	30
2420484	1914	11	29
2420513	1914	12	30
2420543	1915	1	30
2420573	1915	2	29
2420602	1915	3	30
2420632	1915	4	30
2420662	1915	5	29
2420691	1915	6	30
2420721	1915	7	29
2420750	1915	8	30
2420780	1915	9	29
2420809	1915	10	30
2420839	1915	11	29
2420868	1915	12	29
2420897	1916	1	30
2420927	1916	2	30
2420957	1916	3	29
2420986	1916	4	30
2421016	1916	5	29
2421045	1916	6	30
2421075	1916	7	30
2421105	1916	8	29
2421134	1916	9	30
2421164	1916	10	29
2421193	1916	11	30
2421223	1916	12	29
2421252	1917	1	30
2421282	1917	2	29
2421311	1917	-2	29
2421340	1917	3	30
2421370	1917	4	29
2421399	1917	5	30
2421429	1917	6	30
2421459	1917	7	29
2421488	1917	8	30
2421518	1917	9	30
2421548	1917	10	29
2421577	1917	11	30
2421607	1917	12	29
2421636	1918	1	30
2421666	1918	2	29
2421695	1918	3	29
2421724	1918	4	30
2421754	1918	5	29
2421783	1918	6	30
2421813	1918	7	29
2421842	1918	8	30
2421872	1918	9	30
2421902	1918	10	29
2421931	1918	11	30
2421961	1918	12	30
2421991	1919	1	29
2422020	1919	2	30
2422050	1919	3	29
2422079	1919	4	29
2422108	1919	5	30
2422138	1919	6	29
2422167	1919	7	29
2422196	1919	-7	30
2422226	1919	8	30
2422256	1919	9	29
2422285	1919	10	30
2422315	1919	11	30
2422345	1919	12	30
2422375	1920	1	29
2422404	1920	2	30
2422434	1920	3	29
2422463	1920	4	29
2422492	1920	5	30
2422522	1920	6	29
2422551	1920	7	29
2422580	1920	8	30
2422610	1920	9	29
2422639	1920	10	30
2422669	1920	11	30
2422699	1920	12	30
2422729	1921	1	30
2422759	1921	2	29
2422788	1921	3	30
2422818	1921	4	29
2422847	1921	5	29
2422876	1921	6	30
2422906	1921	7	29
2422935	1921	8	29
2422964	1921	9	30
2422994	1921	10	29
2423023	1921	11	30
2423053	1921	12	30
2423083	1922	1	30
2423113	1922	2	29
2423142	1922	3	30
2423172	1922	4	30
2423202	1922	5	29
2423231	1922	-5	29
2423260	1922	6	30
2423290	1922	7	29
2423319	1922	8	29
2423348	1922	9	30
2423378	1922	10	29
2423407	1922	11	30
2423437	1922	12	30
2423467	1923	1	29
2423496	1923	2	30
2423526	1923	3	30
2423556	1923	4	29
2423585	1923	5	30
2423615	1923	6	29
2423644	1923	7	30
2423674	1923	8	29
2423703	1923	9	29
2423732	1923	10	30
2423762	1923	11	29
2423791	1923	12	30
2423821	1924	1	29
2423850	1924	2	30
2423880	1924	3	30
2423910	1924	4	29
2423939	1924	5	30
2423969	1924	6	30
2423999	1924	7	29
2424028	1924	8	30
2424058	1924	9	29
2424087	1924	10	30
2424117	1924	11	29
2424146	1924	12	29
2424175	1925	1	30
2424205	1925	2	29
2424234	1925	3	30
2424264	1925	4	29
2424293	1925	-4	30
2424323	1925	5	30
2424353	1925	6	29
2424382	1925	7	30
2424412	1925	8	30
2424442	1925	9	29
2424471	1925	10	30
2424501	1925	11	29
2424530	1925	12	30
2424560	1926	1	29
2424589	1926	2	29
2424618	1926	3	30
2424648	1926	4	29
2424677	1926	5	30
2424707	1926	6	29
2424736	1926	7	30
2424766	1926	8	30
2424796	1926	9	29
2424825	1926	10	30
2424855	1926	11	30
2424885	1926	12	29
2424914	1927	1	30
2424944	1927	2	29
2424973	1927	3	29
2425002	1927	4	30
2425032	1927	5	29
2425061	1927	6	30
2425091	1927	7	29
2425120	1927	8	30
2425150	1927	9	29
2425179	1927	10	30
2425209	1927	11	30
2425239	1927	12	30
2425269	1928	1	29
2425298	1928	2	30
2425328	1928	-2	29
2425357	1928	3	29
2425386	1928	4	30
2425416	1928	5	29
2425445	1928	6	29
2425474	1928	7	30
2425504	1928	8	29
2425533	1928	9	30
2425563	1928	10	30
2425593	1928	11	30
2425623	1928	12	30
2425653	1929	1	29
2425682	1929	2	30
2425712	1929	3	29
2425741	1929	4	29
2425770	1929	5	30
2425800	1929	6	29
2425829	1929	7	29
2425858	1929	8	30
2425888	1929	9	29
2425917	1929	10	30
2425947	1929	11	30
2425977	1929	12	30
2426007	1930	1	29
2426036	1930	2	30
2426066	1930	3	30
2426096	1930	4	29
2426125	1930	5	29
2426154	1930	6	30
2426184	1930	-6	29
2426213	1930	7	29
2426242	1930	8	30
2426272	1930	9	29
2426301	1930	10	30
2426331	1930	11	30
2426361	1930	12	29
2426390	1931	1	30
2426420	1931	2	30
2426450	1931	3	29
2426479	1931	4	30
2426509	1931	5	29
2426538	1931	6	30
2426568	1931	7	29
2426597	1931	8	29
2426626	1931	9	30
2426656	1931	10	29
2426685	1931	11	30
2426715	1931	12	29
2426744	1932	1	30
2426774	1932	2	30
2426804	1932	3	30
2426834	1932	4	29
2426863	1932	5	30
2426893	1932	6	29
2426922	1932	7	30
2426952	1932	8	29
2426981	1932	9	29
2427010	1932	10	30
2427040	1932	11	29
2427069	1932	12	30
2427099	1933	1	29
2427128	1933	2	30
2427158	1933	3	30
2427188	1933	4	29
2427217	1933	5	30
2427247	1933	-5	30
2427277	1933	6	29
2427306	1933	7	30
2427336	1933	8	29
2427365	1933	9	30
2427395	1933	10	29
2427424	1933	11	29
2427453	1933	12	30
2427483	1934	1	29
2427512	1934	2	30
2427542	1934	3	29
2427571	1934	4	30
2427601	1934	5	30
2427631	1934	6	29
2427660	1934	7	30
2427690	1934	8	29
2427719	1934	9	30
2427749	1934	10	30
2427779	1934	11	29
2427808	1934	12	30
2427838	1935	1	29
2427867	1935	2	29
2427896	1935	3	30
2427926	1935	4	29
2427955	1935	5	30
2427985	1935	6	29
2428014	1935	7	30
2428044	1935	8	30
2428074	1935	9	29
2428103	1935	10	30
2428133	1935	11	30
2428163	1935	12	29
2428192	1936	1	30
2428222	1936	2	29
2428251	1936	3	29
2428280	1936	-3	30
2428310	1936	4	29
2428339	1936	5	29
2428368	1936	6	30
2428398	1936	7	30
2428428	1936	8	29
2428457	1936	9	30
2428487	1936	10	30
2428517	1936	11	30
2428547	1936	12	29
2428576	1937	1	30
2428606	1937	2	29
2428635	1937	3	29
2428664	1937	4	30
2428694	1937	5	29
2428723	1937	6	29
2428752	1937	7	30
2428782	1937	8	29
2428811	1937	9	30
2428841	1937	10	30
2428871	1937	11	30
2428901	1937	12	29
2428930	1938	1	30
2428960	1938	2	30
2428990	1938	3	29
2429019	1938	4	29
2429048	1938	5	30
2429078	1938	6	29
2429107	1938	7	29
2429136	1938	-7	30
2429166	1938	8	29
2429195	1938	9	30
2429225	1938	10	30
2429255	1938	11	29
2429284	1938	12	30
2429314	1939	1	30
2429344	1939	2	30
2429374	1939	3	29
2429403	1939	4	29
2429432	1939	5	30
2429462	1939	6	29
2429491	1939	7	29
2429520	1939	8	30
2429550	1939	9	29
2429579	1939	10	30
2429609	1939	11	29
2429638	1939	12	30
2429668	1940	1	30
2429698	1940	2	30
2429728	1940	3	29
2429757	1940	4	30
2429787	1940	5	29
2429816	1940	6	30
2429846	1940	7	29
2429875	1940	8	29
2429904	1940	9	30
2429934	1940	10	29
2429963	1940	11	30
2429993	1940	12	29
2430022	1941	1	30
2430052	1941	2	30
2430082	1941	3	29
2430111	1941	4	30
2430141	1941	5	30
2430171	1941	6	29
2430200	1941	-6	30
2430230	1941	7	29
2430259	1941	8	29
2430288	1941	9	30
2430318	1941	10	29
2430347	1941	11	30
2430377	1941	12	29
2430406	1942	1	30
2430436	1942	2	29
2430465	1942	3	30
2430495	1942	4	30
2430525	1942	5	29
2430554	1942	6	30
2430584	1942	7	29
2430613	1942	8	30
2430643	1942	9	29
2430672	1942	10	30
2430702	1942	11	29
2430731	1942	12	30
2430761	1943	1	29
2430790	1943	2	30
2430820	1943	3	29
2430849	1943	4	30
2430879	1943	5	29
2430908	1943	6	30
2430938	1943	7	30
2430968	1943	8	29
2430997	1943	9	30
2431027	1943	10	29
2431056	1943	11	30
2431086	1943	12	29
2431115	1944	1	30
2431145	1944	2	29
2431174	1944	3	30
2431204	1944	4	29
2431233	1944	-4	30
2431263	1944	5	29
2431292	1944	6	30
2431322	1944	7	29
2431351	1944	8	30
2431381	1944	9	30
2431411	1944	10	29
2431440	1944	11	30
2431470	1944	12	30
2431500	1945	1	29
2431529	1945	2	29
2431558	1945	3	30
2431588	1945	4	29
2431617	1945	5	29
2431646	1945	6	30
2431676	1945	7	29
2431705	1945	8	30
2431735	1945	9	30
2431765	1945	10	30
2431795	1945	11	29
2431824	1945	12	30
2431854	1946	1	30
2431884	1946	2	29
2431913	1946	3	29
2431942	1946	4	30
2431972	1946	5	29
2432001	1946	6	29
2432030	1946	7	30
2432060	1946	8	29
2432089	1946	9	30
2432119	1946	10	30
2432149	1946	11	29
2432178	1946	12	30
2432208	1947	1	30
2432238	1947	2	30
2432268	1947	-2	29
2432297	1947	3	29
2432326	1947	4	30
2432356	1947	5	29
2432385	1947	6	29
2432414	1947	7	30
2432444	1947	8	29
2432473	1947	9	30
2432503	1947	10	29
2432532	1947	11	30
2432562	1947	12	30
2432592	1948	1	30
2432622	1948	2	29
2432651	1948	3	30
2432681	1948	4	29
2432710	1948	5	30
2432740	1948	6	29
2432769	1948	7	29
2432798	1948	8	30
2432828	1948	9	29
2432857	1948	10	30
2432887	1948	11	29
2432916	1948	12	30
2432946	1949	1	30
2432976	1949	2	29
2433005	1949	3	30
2433035	1949	4	30
2433065	1949	5	29
2433094	1949	6	30
2433124	1949	7	29
2433153	1949	-7	29
2433182	1949	8	30
2433212	1949	9	29
2433241	1949	10	30
2433271	1949	11	29
2433300	1949	12	30
2433330	1950	1	29
2433359	1950	2	30
2433389	1950	3	30
2433419	1950	4	29
2433448	1950	5	30
2433478	1950	6	30
2433508	1950	7	29
2433537	1950	8	29
2433566	1950	9	30
2433596	1950	10	29
2433625	1950	11	30
2433655	1950	12	29
2433684	1951	1	30
2433714	1951	2	29
2433743	1951	3	30
2433773	1951	4	30
2433803	1951	5	29
2433832	1951	6	30
2433862	1951	7	29
2433891	1951	8	30
2433921	1951	9	29
2433950	1951	10	30
2433980	1951	11	29
2434009	1951	12	30
2434039	1952	1	29
2434068	1952	2	30
2434098	1952	3	29
2434127	1952	4	30
2434157	1952	5	29
2434186	1952	-5	30
2434216	1952	6	29
2434245	1952	7	30
2434275	1952	8	30
2434305	1952	9	29
2434334	1952	10	30
2434364	1952	11	29
2434393	1952	12	30
2434423	1953	1	29
2434452	1953	2	30
2434482	1953	3	29
2434511	1953	4	29
2434540	1953	5	30
2434570	1953	6	30
2434600	1953	7	29
2434629	1953	8	30
2434659	1953	9	30
2434689	1953	10	29
2434718	1953	11	30
2434748	1953	12	29
2434777	1954	1	30
2434807	1954	2	29
2434836	1954	3	30
2434866	1954	4	29
2434895	1954	5	29
2434924	1954	6	30
2434954	1954	7	29
2434983	1954	8	30
2435013	1954	9	30
2435043	1954	10	29
2435072	1954	11	30
2435102	1954	12	30
2435132	1955	1	29
2435161	1955	2	30
2435191	1955	3	29
2435220	1955	-3	30
2435250	1955	4	29
2435279	1955	5	29
2435308	1955	6	30
2435338	1955	7	29
2435367	1955	8	30
2435397	1955	9	29
2435426	1955	10	30
2435456	1955	11	30
2435486	1955	12	30
2435516	1956	1	29
2435545	1956	2	30
2435575	1956	3	29
2435604	1956	4	30
2435634	1956	5	29
2435663	1956	6	29
2435692	1956	7	30
2435722	1956	8	29
2435751	1956	9	30
2435781	1956	10	29
2435810	1956	11	30
2435840	1956	12	30
2435870	1957	1	30
2435900	1957	2	29
2435929	1957	3	30
2435959	1957	4	29
2435988	1957	5	30
2436018	1957	6	29
2436047	1957	7	29
2436076	1957	8	30
2436106	1957	-8	29
2436135	1957	9	30
2436165	1957	10	29
2436194	1957	11	30
2436224	1957	12	29
2436253	1958	1	30
2436283	1958	2	30
2436313	1958	3	30
2436343	1958	4	29
2436372	1958	5	30
2436402	1958	6	29
2436431	1958	7	29
2436460	1958	8	30
2436490	1958	9	29
2436519	1958	10	30
2436549	1958	11	29
2436578	1958	12	30
2436608	1959	1	29
2436637	1959	2	30
2436667	1959	3	30
2436697	1959	4	29
2436726	1959	5	30
2436756	1959	6	29
2436785	1959	7	30
2436815	1959	8	29
2436844	1959	9	30
2436874	1959	10	29
2436903	1959	11	30
2436933	1959	12	29
2436962	1960	1	30
2436992	1960	2	29
2437021	1960	3	30
2437051	1960	4	29
2437080	1960	5	30
2437110	1960	6	30
2437140	1960	-6	29
2437169	1960	7	30
2437199	1960	8	29
2437228	1960	9	30
2437258	1960	10	29
2437287	1960	11	30
2437317	1960	12	29
2437346	1961	1	30
2437376	1961	2	29
2437405	1961	3	30
2437435	1961	4	29
2437464	1961	5	30
2437494	1961	6	29
2437523	1961	7	30
2437553	1961	8	30
2437583	1961	9	29
2437612	1961	10	30
2437642	1961	11	29
2437671	1961	12	30
2437701	1962	1	29
2437730	1962	2	30
2437760	1962	3	29
2437789	1962	4	29
2437818	1962	5	30
2437848	1962	6	29
2437877	1962	7	30
2437907	1962	8	30
2437937	1962	9	29
2437966	1962	10	30
2437996	1962	11	30
2438026	1962	12	29
2438055	1963	1	30
2438085	1963	2	29
2438114	1963	3	30
2438144	1963	4	29
2438173	1963	-4	29
2438202	1963	5	30
2438232	1963	6	29
2438261	1963	7	30
2438291	1963	8	29
2438320	1963	9	30
2438350	1963	10	30
2438380	1963	11	30
2438410	1963	12	29
2438439	1964	1	30
2438469	1964	2	29
2438498	1964	3	30
2438528	1964	4	29
2438557	1964	5	29
2438586	1964	6	30
2438616	1964	7	29
2438645	1964	8	30
2438675	1964	9	29
2438704	1964	10	30
2438734	1964	11	30
2438764	1964	12	30
2438794	1965	1	29
2438823	1965	2	30
2438853	1965	3	29
2438882	1965	4	30
2438912	1965	5	29
2438941	1965	6	29
2438970	1965	7	30
2439000	1965	8	29
2439029	1965	9	29
2439058	1965	10	30
2439088	1965	11	30
2439118	1965	12	29
2439147	1966	1	30
2439177	1966	2	30
2439207	1966	3	30
2439237	1966	-3	29
2439266	1966	4	30
2439296	1966	5	29
2439325	1966	6	29
2439354	1966	7	30
2439384	1966	8	29
2439413	1966	9	29
2439442	1966	10	30
2439472	1966	11	30
2439502	1966	12	29
2439531	1967	1	30
2439561	1967	2	30
2439591	1967	3	29
2439620	1967	4	30
2439650	1967	5	30
2439680	1967	6	29
2439709	1967	7	29
2439738	1967	8	30
2439768	1967	9	29
2439797	1967	10	30
2439827	1967	11	29
2439856	1967	12	30
2439886	1968	1	29
2439915	1968	2	30
2439945	1968	3	29
2439974	1968	4	30
2440004	1968	5	30
2440034	1968	6	29
2440063	1968	7	30
2440093	1968	-7	29
2440122	1968	8	30
2440152	1968	9	29
2440181	1968	10	30
2440211	1968	11	29
2440240	1968	12	30
2440270	1969	1	29
2440299	1969	2	30
2440329	1969	3	29
2440358	1969	4	30
2440388	1969	5	29
2440417	1969	6	30
2440447	1969	7	30
2440477	1969	8	29
2440506	1969	9	30
2440536	1969	10	29
2440565	1969	11	30
2440595	1969	12	29
2440624	1970	1	30
2440654	1970	2	29
2440683	1970	3	29
2440712	1970	4	30
2440742	1970	5	29
2440771	1970	6	30
2440801	1970	7	30
2440831	1970	8	29
2440860	1970	9	30
2440890	1970	10	30
2440920	1970	11	29
2440949	1970	12	30
2440979	1971	1	29
2441008	1971	2	30
2441038	1971	3	29
2441067	1971	4	29
2441096	1971	5	30
2441126	1971	-5	29
2441155	1971	6	30
2441185	1971	7	29
2441214	1971	8	30
2441244	1971	9	30
2441274	1971	10	30
2441304	1971	11	29
2441333	1971	12	30
2441363	1972	1	29
2441392	1972	2	30
2441422	1972	3	29
2441451	1972	4	29
2441480	1972	5	30
2441510	1972	6	29
2441539	1972	7	30
2441569	1972	8	29
2441598	1972	9	30
2441628	1972	10	30
2441658	1972	11	29
2441687	1972	12	30
2441717	1973	1	30
2441747	1973	2	29
2441776	1973	3	30
2441806	1973	4	29
2441835	1973	5	29
2441864	1973	6	30
2441894	1973	7	29
2441923	1973	8	29
2441952	1973	9	30
2441982	1973	10	30
2442012	1973	11	29
2442041	1973	12	30
2442071	1974	1	30
2442101	1974	2	30
2442131	1974	3	29
2442160	1974	4	30
2442190	1974	-4	29
2442219	1974	5	29
2442248	1974	6	30
2442278	1974	7	29
2442307	1974	8	29
2442336	1974	9	30
2442366	1974	10	30
2442396	1974	11	29
2442425	1974	12	30
2442455	1975	1	30
2442485	1975	2	30
2442515	1975	3	29
2442544	1975	4	30
2442574	1975	5	29
2442603	1975	6	29
2442632	1975	7	30
2442662	1975	8	29
2442691	1975	9	29
2442720	1975	10	30
2442750	1975	11	29
2442779	1975	12	30
2442809	1976	1	30
2442839	1976	2	30
2442869	1976	3	29
2442898	1976	4	30
2442928	1976	5	29
2442957	1976	6	30
2442987	1976	7	29
2443016	1976	8	30
2443046	1976	-8	29
2443075	1976	9	29
2443104	1976	10	30
2443134	1976	11	29
2443163	1976	12	30
2443193	1977	1	30
2443223	1977	2	29
2443252	1977	3	30
2443282	1977	4	30
2443312	1977	5	29
2443341	1977	6	30
2443371	1977	7	29
2443400	1977	8	30
2443430	1977	9	29
2443459	1977	10	30
2443489	1977	11	29
2443518	1977	12	29
2443547	1978	1	30
2443577	1978	2	29
2443606	1978	3	30
2443636	1978	4	30
2443666	1978	5	29
2443695	1978	6	30
2443725	1978	7	30
2443755	1978	8	29
2443784	1978	9	30
2443814	1978	10	29
2443843	1978	11	30
2443873	1978	12	29
2443902	1979	1	30
2443932	1979	2	29
2443961	1979	3	29
2443990	1979	4	30
2444020	1979	5	29
2444049	1979	6	30
2444079	1979	-6	30
2444109	1979	7	29
2444138	1979	8	30
2444168	1979	9	30
2444198	1979	10	29
2444227	1979	11	30
2444257	1979	12	29
2444286	1980	1	30
2444316	1980	2	29
2444345	1980	3	29
2444374	1980	4	30
2444404	1980	5	29
2444433	1980	6	30
2444463	1980	7	29
2444492	1980	8	30
2444522	1980	9	30
2444552	1980	10	29
2444581	1980	11	30
2444611	1980	12	30
2444641	1981	1	29
2444670	1981	2	30
2444700	1981	3	29
2444729	1981	4	29
2444758	1981	5	30
2444788	1981	6	29
2444817	1981	7	29
2444846	1981	8	30
2444876	1981	9	30
2444906	1981	10	29
2444935	1981	11	30
2444965	1981	12	30
2444995	1982	1	30
2445025	1982	2	29
2445054	1982	3	30
2445084	1982	4	29
2445113	1982	-4	29
2445142	1982	5	30
2445172	1982	6	29
2445201	1982	7	29
2445230	1982	8	30
2445260	1982	9	29
2445289	1982	10	30
2445319	1982	11	30
2445349	1982	12	30
2445379	1983	1	30
2445409	1983	2	29
2445438	1983	3	30
2445468	1983	4	29
2445497	1983	5	29
2445526	1983	6	30
2445556	1983	7	29
2445585	1983	8	29
2445614	1983	9	30
2445644	1983	10	29
2445673	1983	11	30
2445703	1983	12	30
2445733	1984	1	30
2445763	1984	2	29
2445792	1984	3	30
2445822	1984	4	30
2445852	1984	5	29
2445881	1984	6	29
2445910	1984	7	30
2445940	1984	8	29
2445969	1984	9	29
2445998	1984	10	30
2446028	1984	-10	29
2446057	1984	11	30
2446087	1984	12	30
2446117	1985	1	29
2446146	1985	2	30
2446176	1985	3	30
2446206	1985	4	29
2446235	1985	5	30
2446265	1985	6	29
2446294	1985	7	30
2446324	1985	8	29
2446353	1985	9	29
2446382	1985	10	30
2446412	1985	11	29
2446441	1985	12	30
2446471	1986	1	29
2446500	1986	2	30
2446530	1986	3	30
2446560	1986	4	29
2446589	1986	5	30
2446619	1986	6	30
2446649	1986	7	29
2446678	1986	8	30
2446708	1986	9	29
2446737	1986	10	30
2446767	1986	11	29
2446796	1986	12	29
2446825	1987	1	30
2446855	1987	2	29
2446884	1987	3	30
2446914	1987	4	29
2446943	1987	5	30
2446973	1987	6	30
2447003	1987	-6	29
2447032	1987	7	30
2447062	1987	8	30
2447092	1987	9	29
2447121	1987	10	30
2447151	1987	11	29
2447180	1987	12	29
2447209	1988	1	30
2447239	1988	2	29
2447268	1988	3	30
2447298	1988	4	29
2447327	1988	5	30
2447357	1988	6	29
2447386	1988	7	30
2447416	1988	8	30
2447446	1988	9	29
2447475	1988	10	30
2447505	1988	11	30
2447535	1988	12	29
2447564	1989	1	30
2447594	1989	2	29
2447623	1989	3	29
2447652	1989	4	30
2447682	1989	5	29
2447711	1989	6	30
2447741	1989	7	29
2447770	1989	8	30
2447800	1989	9	29
2447829	1989	10	30
2447859	1989	11	30
2447889	1989	12	30
2447919	1990	1	29
2447948	1990	2	30
2447978	1990	3	29
2448007	1990	4	29
2448036	1990	5	30
2448066	1990	-5	29
2448095	1990	6	29
2448124	1990	7	30
2448154	1990	8	29
2448183	1990	9	30
2448213	1990	10	30
2448243	1990	11	30
2448273	1990	12	30
2448303	1991	1	29
2448332	1991	2	30
2448362	1991	3	29
2448391	1991	4	29
2448420	1991	5	30
2448450	1991	6	29
2448479	1991	7	29
2448508	1991	8	30
2448538	1991	9	29
2448567	1991	10	30
2448597	1991	11	30
2448627	1991	12	30
2448657	1992	1	29
2448686	1992	2	30
2448716	1992	3	30
2448746	1992	4	29
2448775	1992	5	29
2448804	1992	6	30
2448834	1992	7	29
2448863	1992	8	29
2448892	1992	9	30
2448922	1992	10	29
2448951	1992	11	30
2448981	1992	12	30
2449011	1993	1	29
2449040	1993	2	30
2449070	1993	3	30
2449100	1993	-3	29
2449129	1993	4	30
2449159	1993	5	29
2449188	1993	6	30
2449218	1993	7	29
2449247	1993	8	29
2449276	1993	9	30
2449306	1993	10	29
2449335	1993	11	30
2449365	1993	12	29
2449394	1994	1	30
2449424	1994	2	30
2449454	1994	3	30
2449484	1994	4	29
2449513	1994	5	30
2449543	1994	6	29
2449572	1994	7	30
2449602	1994	8	29
2449631	1994	9	29
2449660	1994	10	30
2449690	1994	11	29
2449719	1994	12	30
2449749	1995	1	29
2449778	1995	2	30
2449808	1995	3	30
2449838	1995	4	29
2449867	1995	5	30
2449897	1995	6	29
2449926	1995	7	30
2449956	1995	8	30
2449986	1995	-8	29
2450015	1995	9	29
2450044	1995	10	30
2450074	1995	11	29
2450103	1995	12	30
2450133	1996	1	29
2450162	1996	2	30
2450192	1996	3	29
2450221	1996	4	30
2450251	1996	5	30
2450281	1996	6	29
2450310	1996	7	30
2450340	1996	8	29
2450369	1996	9	30
2450399	1996	10	30
2450429	1996	11	29
2450458	1996	12	29
2450487	1997	1	30
2450517	1997	2	29
2450546	1997	3	30
2450576	1997	4	29
2450605	1997	5	30
2450635	1997	6	29
2450664	1997	7	30
2450694	1997	8	30
2450724	1997	9	29
2450753	1997	10	30
2450783	1997	11	30
2450813	1997	12	29
2450842	1998	1	30
2450872	1998	2	29
2450901	1998	3	29
2450930	1998	4	30
2450960	1998	5	29
2450989	1998	-5	29
2451018	1998	6	30
2451048	1998	7	30
2451078	1998	8	29
2451107	1998	9	30
2451137	1998	10	30
2451167	1998	11	29
2451196	1998	12	30
2451226	1999	1	30
2451256	1999	2	29
2451285	1999	3	29
2451314	1999	4	30
2451344	1999	5	29
2451373	1999	6	29
2451402	1999	7	30
2451432	1999	8	29
2451461	1999	9	30
2451491	1999	10	30
2451521	1999	11	30
2451551	1999	12	29
2451580	2000	1	30
2451610	2000	2	30
2451640	2000	3	29
2451669	2000	4	29
2451698	2000	5	30
2451728	2000	6	29
2451757	2000	7	29
2451786	2000	8	30
2451816	2000	9	29
2451845	2000	10	30
2451875	2000	11	30
2451905	2000	12	29
2451934	2001	1	30
2451964	2001	2	30
2451994	2001	3	29
2452023	2001	4	30
2452053	2001	-4	29
2452082	2001	5	30
2452112	2001	6	29
2452141	2001	7	29
2452170	2001	8	30
2452200	2001	9	29
2452229	2001	10	30
2452259	2001	11	29
2452288	2001	12	30
2452318	2002	1	30
2452348	2002	2	30
2452378	2002	3	29
2452407	2002	4	30
2452437	2002	5	29
2452466	2002	6	30
2452496	2002	7	29
2452525	2002	8	29
2452554	2002	9	30
2452584	2002	10	29
2452613	2002	11	30
2452643	2002	12	29
2452672	2003	1	30
2452702	2003	2	30
2452732	2003	3	29
2452761	2003	4	30
2452791	2003	5	30
2452821	2003	6	29
2452850	2003	7	30
2452880	2003	8	29
2452909	2003	9	29
2452938	2003	10	30
2452968	2003	11	29
2452997	2003	12	30
2453027	2004	1	29
2453056	2004	2	30
2453086	2004	-2	29
2453115	2004	3	30
2453145	2004	4	30
2453175	2004	5	29
2453204	2004	6	30
2453234	2004	7	29
2453263	2004	8	30
2453293	2004	9	29
2453322	2004	10	30
2453352	2004	11	29
2453381	2004	12	30
2453411	2005	1	29
2453440	2005	2	30
2453470	2005	3	29
2453499	2005	4	30
2453529	2005	5	29
2453558	2005	6	30
2453588	2005	7	30
2453618	2005	8	29
2453647	2005	9	30
2453677	2005	10	29
2453706	2005	11	30
2453736	2005	12	29
2453765	2006	1	30
2453795	2006	2	29
2453824	2006	3	30
2453854	2006	4	29
2453883	2006	5	30
2453913	2006	6	29
2453942	2006	7	30
2453972	2006	-7	29
2454001	2006	8	30
2454031	2006	9	30
2454061	2006	10	29
2454090	2006	11	30
2454120	2006	12	30
2454150	2007	1	29
2454179	2007	2	29
2454208	2007	3	30
2454238	2007	4	29
2454267	2007	5	29
2454296	2007	6	30
2454326	2007	7	29
2454355	2007	8	30
2454385	2007	9	30
2454415	2007	10	30
2454445	2007	11	29
2454474	2007	12	30
2454504	2008	1	30
2454534	2008	2	29
2454563	2008	3	29
2454592	2008	4	30
2454622	2008	5	29
2454651	2008	6	29
2454680	2008	7	30
2454710	2008	8	29
2454739	2008	9	30
2454769	2008	10	30
2454799	2008	11	29
2454828	2008	12	30
2454858	2009	1	30
2454888	2009	2	30
2454918	2009	3	29
2454947	2009	4	29
2454976	2009	5	30
2455006	2009	-5	29
2455035	2009	6	29
2455064	2009	7	30
2455094	2009	8	29
2455123	2009	9	30
2455153	2009	10	29
2455182	2009	11	30
2455212	2009	12	30
2455242	2010	1	30
2455272	2010	2	29
2455301	2010	3	30
2455331	2010	4	29
2455360	2010	5	30
2455390	2010	6	29
2455419	2010	7	29
2455448	2010	8	30
2455478	2010	9	29
2455507	2010	10	30
2455537	2010	11	29
2455566	2010	12	30
2455596	2011	1	30
2455626	2011	2	29
2455655	2011	3	30
2455685	2011	4	30
2455715	2011	5	29
2455744	2011	6	30
2455774	2011	7	29
2455803	2011	8	29
2455832	2011	9	30
2455862	2011	10	29
2455891	2011	11	30
2455921	2011	12	29
2455950	2012	1	30
2455980	2012	2	29
2456009	2012	3	30
2456039	2012	4	30
2456069	2012	-4	29
2456098	2012	5	30
2456128	2012	6	29
2456157	2012	7	30
2456187	2012	8	29
2456216	2012	9	30
2456246	2012	10	29
2456275	2012	11	30
2456305	2012	12	29
2456334	2013	1	30
2456364	2013	2	29
2456393	2013	3	30
2456423	2013	4	29
2456452	2013	5	30
2456482	2013	6	30
2456512	2013	7	29
2456541	2013	8	30
2456571	2013	9	29
2456600	2013	10	30
2456630	2013	11	29
2456659	2013	12	30
2456689	2014	1	29
2456718	2014	2	30
2456748	2014	3	29
2456777	2014	4	30
2456807	2014	5	29
2456836	2014	6	30
2456866	2014	7	29
2456895	2014	8	30
2456925	2014	9	30
2456955	2014	-9	29
2456984	2014	10	30
2457014	2014	11	29
2457043	2014	12	30
2457073	2015	1	29
2457102	2015	2	30
2457132	2015	3	29
2457161	2015	4	29
2457190	2015	5	30
2457220	2015	6	29
2457249	2015	7	30
2457279	2015	8	30
2457309	2015	9	30
2457339	2015	10	29
2457368	2015	11	30
2457398	2015	12	29
2457427	2016	1	30
2457457	2016	2	29
2457486	2016	3	30
2457516	2016	4	29
2457545	2016	5	29
2457574	2016	6	30
2457604	2016	7	29
2457633	2016	8	30
2457663	2016	9	30
2457693	2016	10	29
2457722	2016	11	30
2457752	2016	12	30
2457782	2017	1	29
2457811	2017	2	30
2457841	2017	3	29
2457870	2017	4	30
2457900	2017	5	29
2457929	2017	6	29
2457958	2017	-6	30
2457988	2017	7	29
2458017	2017	8	30
2458047	2017	9	29
2458076	2017	10	30
2458106	2017	11	30
2458136	2017	12	30
2458166	2018	1	29
2458195	2018	2	30
2458225	2018	3	29
2458254	2018	4	30
2458284	2018	5	29
2458313	2018	6	29
2458342	2018	7	30
2458372	2018	8	29
2458401	2018	9	30
2458431	2018	10	29
2458460	2018	11	30
2458490	2018	12	30
2458520	2019	1	30
2458550	2019	2	29
2458579	2019	3	30
2458609	2019	4	29
2458638	2019	5	30
2458668	2019	6	29
2458697	2019	7	29
2458726	2019	8	30
2458756	2019	9	29
2458785	2019	10	29
2458814	2019	11	30
2458844	2019	12	30
2458874	2020	1	29
2458903	2020	2	30
2458933	2020	3	30
2458963	2020	4	30
2458993	2020	-4	29
2459022	2020	5	30
2459052	2020	6	29
2459081	2020	7	29
2459110	2020	8	30
2459140	2020	9	29
2459169	2020	10	30
2459199	2020	11	29
2459228	2020	12	30
2459258	2021	1	29
2459287	2021	2	30
2459317	2021	3	30
2459347	2021	4	29
2459376	2021	5	30
2459406	2021	6	29
2459435	2021	7	30
2459465	2021	8	29
2459494	2021	9	30
2459524	2021	10	29
2459553	2021	11	30
2459583	2021	12	29
2459612	2022	1	30
2459642	2022	2	29
2459671	2022	3	30
2459701	2022	4	29
2459730	2022	5	30
2459760	2022	6	30
2459790	2022	7	29
2459819	2022	8	30
2459849	2022	9	29
2459878	2022	10	30
2459908	2022	11	29
2459937	2022	12	30
2459967	2023	1	29
2459996	2023	2	30
2460026	2023	-2	29
2460055	2023	3	29
2460084	2023	4	30
2460114	2023	5	30
2460144	2023	6	29
2460173	2023	7	30
2460203	2023	8	30
2460233	2023	9	29
2460262	2023	10	30
2460292	2023	11	29
2460321	2023	12	30
2460351	2024	1	29
2460380	2024	2	30
2460410	2024	3	29
2460439	2024	4	29
2460468	2024	5	30
2460498	2024	6	29
2460527	2024	7	30
2460557	2024	8	30
2460587	2024	9	29
2460616	2024	10	30
2460646	2024	11	30
2460676	2024	12	29
2460705	2025	1	30
2460735	2025	2	29
2460764	2025	3	30
2460794	2025	4	29
2460823	2025	5	29
2460852	2025	6	30
2460882	2025	-6	29
2460911	2025	7	30
2460941	2025	8	29
2460970	2025	9	30
2461000	2025	10	30
2461030	2025	11	30
2461060	2025	12	29
2461089	2026	1	30
2461119	2026	2	29
2461148	2026	3	30
2461178	2026	4	29
2461207	2026	5	29
2461236	2026	6	30
2461266	2026	7	29
2461295	2026	8	29
2461324	2026	9	30
2461354	2026	10	30
2461384	2026	11	30
2461414	2026	12	29
2461443	2027	1	30
2461473	2027	2	30
2461503	2027	3	29
2461532	2027	4	30
2461562	2027	5	29
2461591	2027	6	29
2461620	2027	7	30
2461650	2027	8	29
2461679	2027	9	29
2461708	2027	10	30
2461738	2027	11	30
2461768	2027	12	29
2461797	2028	1	30
2461827	2028	2	30
2461857	2028	3	30
2461887	2028	4	29
2461916	2028	5	30
2461946	2028	-5	29
2461975	2028	6	29
2462004	2028	7	30
2462034	2028	8	29
2462063	2028	9	29
2462092	2028	10	30
2462122	2028	11	30
2462152	2028	12	29
2462181	2029	1	30
2462211	2029	2	30
2462241	2029	3	29
2462270	2029	4	30
2462300	2029	5	29
2462329	2029	6	30
2462359	2029	7	29
2462388	2029	8	30
2462418	2029	9	29
2462447	2029	10	29
2462476	2029	11	30
2462506	2029	12	30
2462536	2030	1	29
2462565	2030	2	30
2462595	2030	3	29
2462624	2030	4	30
2462654	2030	5	30
2462684	2030	6	29
2462713	2030	7	30
2462743	2030	8	29
2462772	2030	9	30
2462802	2030	10	29
2462831	2030	11	30
2462861	2030	12	29
2462890	2031	1	29
2462919	2031	2	30
2462949	2031	3	30
2462979	2031	-3	29
2463008	2031	4	30
2463038	2031	5	29
2463067	2031	6	30
2463097	2031	7	30
2463127	2031	8	29
2463156	2031	9	30
2463186	2031	10	29
2463215	2031	11	30
2463245	2031	12	29
2463274	2032	1	30
2463304	2032	2	29
2463333	2032	3	29
2463362	2032	4	30
2463392	2032	5	29
2463421	2032	6	30
2463451	2032	7	30
2463481	2032	8	29
2463510	2032	9	30
2463540	2032	10	30
2463570	2032	11	29
2463599	2032	12	30
2463629	2033	1	29
2463658	2033	2	30
2463688	2033	3	29
2463717	2033	4	29
2463746	2033	5	30
2463776	2033	6	29
2463805	2033	7	30
2463835	2033	8	29
2463864	2033	9	30
2463894	2033	10	30
2463924	2033	11	30
2463954	2033	-11	29
2463983	2033	12	30
2464013	2034	1	29
2464042	2034	2	30
2464072	2034	3	29
2464101	2034	4	29
2464130	2034	5	30
2464160	2034	6	29
2464189	2034	7	30
2464219	2034	8	29
2464248	2034	9	30
2464278	2034	10	30
2464308	2034	11	29
2464337	2034	12	30
2464367	2035	1	30
2464397	2035	2	29
2464426	2035	3	30
2464456	2035	4	29
2464485	2035	5	29
2464514	2035	6	30
2464544	2035	7	29
2464573	2035	8	29
2464602	2035	9	30
2464632	2035	10	30
2464662	2035	11	29
2464691	2035	12	30
2464721	2036	1	30
2464751	2036	2	30
2464781	2036	3	29
2464810	2036	4	30
2464840	2036	5	29
2464869	2036	6	29
2464898	2036	-6	30
2464928	2036	7	29
2464957	2036	8	29
2464986	2036	9	30
2465016	2036	10	29
2465045	2036	11	30
2465075	2036	12	30
2465105	2037	1	30
2465135	2037	2	30
2465165	2037	3	29
2465194	2037	4	30
2465224	2037	5	29
2465253	2037	6	29
2465282	2037	7	30
2465312	2037	8	29
2465341	2037	9	29
2465370	2037	10	30
2465400	2037	11	29
2465429	2037	12	30
2465459	2038	1	30
2465489	2038	2	30
2465519	2038	3	29
2465548	2038	4	30
2465578	2038	5	29
2465607	2038	6	30
2465637	2038	7	29
2465666	2038	8	30
2465696	2038	9	29
2465725	2038	10	29
2465754	2038	11	30
2465784	2038	12	29
2465813	2039	1	30
2465843	2039	2	30
2465873	2039	3	29
2465902	2039	4	30
2465932	2039	5	30
2465962	2039	-5	29
2465991	2039	6	30
2466021	2039	7	29
2466050	2039	8	30
2466080	2039	9	29
2466109	2039	10	30
2466139	2039	11	29
2466168	2039	12	29
2466197	2040	1	30
2466227	2040	2	29
2466256	2040	3	30
2466286	2040	4	30
2466316	2040	5	29
2466345	2040	6	30
2466375	2040	7	29
2466404	2040	8	30
2466434	2040	9	30
2466464	2040	10	29
2466493	2040	11	30
2466523	2040	12	29
2466552	2041	1	29
2466581	2041	2	30
2466611	2041	3	29
2466640	2041	4	30
2466670	2041	5	29
2466699	2041	6	30
2466729	2041	7	30
2466759	2041	8	29
2466788	2041	9	30
2466818	2041	10	30
2466848	2041	11	29
2466877	2041	12	30
2466907	2042	1	29
2466936	2042	2	30
2466966	2042	-2	29
2466995	2042	3	29
2467024	2042	4	30
2467054	2042	5	29
2467083	2042	6	30
2467113	2042	7	29
2467142	2042	8	30
2467172	2042	9	30
2467202	2042	10	29
2467231	2042	11	30
2467261	2042	12	30
2467291	2043	1	29
2467320	2043	2	30
2467350	2043	3	29
2467379	2043	4	29
2467408	2043	5	30
2467438	2043	6	29
2467467	2043	7	29
2467496	2043	8	30
2467526	2043	9	30
2467556	2043	10	29
2467585	2043	11	30
2467615	2043	12	30
2467645	2044	1	30
2467675	2044	2	29
2467704	2044	3	30
2467734	2044	4	29
2467763	2044	5	29
2467792	2044	6	30
2467822	2044	7	29
2467851	2044	-7	29
2467880	2044	8	30
2467910	2044	9	29
2467939	2044	10	30
2467969	2044	11	30
2467999	2044	12	30
2468029	2045	1	30
2468059	2045	2	29
2468088	2045	3	30
2468118	2045	4	29
2468147	2045	5	29
2468176	2045	6	30
2468206	2045	7	29
2468235	2045	8	29
2468264	2045	9	30
2468294	2045	10	29
2468323	2045	11	30
2468353	2045	12	30
2468383	2046	1	30
2468413	2046	2	29
2468442	2046	3	30
2468472	2046	4	29
2468501	2046	5	30
2468531	2046	6	29
2468560	2046	7	30
2468590	2046	8	29
2468619	2046	9	29
2468648	2046	10	30
2468678	2046	11	29
2468707	2046	12	30
2468737	2047	1	30
2468767	2047	2	29
2468796	2047	3	30
2468826	2047	4	30
2468856	2047	5	29
2468885	2047	-5	30
2468915	2047	6	29
2468944	2047	7	30
2468974	2047	8	29
2469003	2047	9	29
2469032	2047	10	30
2469062	2047	11	29
2469091	2047	12	30
2469121	2048	1	29
2469150	2048	2	30
2469180	2048	3	30
2469210	2048	4	29
2469239	2048	5	30
2469269	2048	6	30
2469299	2048	7	29
2469328	2048	8	30
2469358	2048	9	29
2469387	2048	10	29
2469416	2048	11	30
2469446	2048	12	29
2469475	2049	1	30
2469505	2049	2	29
2469534	2049	3	30
2469564	2049	4	29
2469593	2049	5	30
2469623	2049	6	30
2469653	2049	7	29
2469682	2049	8	30
2469712	2049	9	30
2469742	2049	10	29
2469771	2049	11	30
2469801	2049	12	29
2469830	2050	1	29
2469859	2050	2	30
2469889	2050	3	29
2469918	2050	-3	30
2469948	2050	4	29
2469977	2050	5	30
2470007	2050	6	29
2470036	2050	7	30
2470066	2050	8	30
2470096	2050	9	29
2470125	2050	10	30
2470155	2050	11	30
2470185	2050	12	29
2470214	2051	1	30
2470244	2051	2	29
2470273	2051	3	29
2470302	2051	4	30
2470332	2051	5	29
2470361	2051	6	29
2470390	2051	7	30
2470420	2051	8	30
2470450	2051	9	29
2470479	2051	10	30
2470509	2051	11	30
2470539	2051	12	30
2470569	2052	1	29
2470598	2052	2	30
2470628	2052	3	29
2470657	2052	4	29
2470686	2052	5	30
2470716	2052	6	29
2470745	2052	7	29
2470774	2052	8	30
2470804	2052	-8	29
2470833	2052	9	30
2470863	2052	10	30
2470893	2052	11	30
2470923	2052	12	30
2470953	2053	1	29
2470982	2053	2	30
2471012	2053	3	29
2471041	2053	4	29
2471070	2053	5	30
2471100	2053	6	29
2471129	2053	7	29
2471158	2053	8	30
2471188	2053	9	29
2471217	2053	10	30
2471247	2053	11	30
2471277	2053	12	30
2471307	2054	1	29
2471336	2054	2	30
2471366	2054	3	30
2471396	2054	4	29
2471425	2054	5	29
2471454	2054	6	30
2471484	2054	7	29
2471513	2054	8	29
2471542	2054	9	30
2471572	2054	10	29
2471601	2054	11	30
2471631	2054	12	30
2471661	2055	1	29
2471690	2055	2	30
2471720	2055	3	30
2471750	2055	4	29
2471779	2055	5	30
2471809	2055	6	29
2471838	2055	-6	30
2471868	2055	7	29
2471897	2055	8	29
2471926	2055	9	30
2471956	2055	10	29
2471985	2055	11	30
2472015	2055	12	29
2472044	2056	1	30
2472074	2056	2	30
2472104	2056	3	30
2472134	2056	4	29
2472163	2056	5	30
2472193	2056	6	29
2472222	2056	7	30
2472252	2056	8	29
2472281	2056	9	29
2472310	2056	10	30
2472340	2056	11	29
2472369	2056	12	30
2472399	2057	1	29
2472428	2057	2	30
2472458	2057	3	30
2472488	2057	4	29
2472517	2057	5	30
2472547	2057	6	29
2472576	2057	7	30
2472606	2057	8	30
2472636	2057	9	29
2472665	2057	10	29
2472694	2057	11	30
2472724	2057	12	29
2472753	2058	1	30
2472783	2058	2	29
2472812	2058	3	30
2472842	2058	4	29
2472871	2058	-4	30
2472901	2058	5	29
2472930	2058	6	30
2472960	2058	7	30
2472990	2058	8	29
2473019	2058	9	30
2473049	2058	10	30
2473079	2058	11	29
2473108	2058	12	29
2473137	2059	1	30
2473167	2059	2	29
2473196	2059	3	30
2473226	2059	4	29
2473255	2059	5	30
2473285	2059	6	29
2473314	2059	7	30
2473344	2059	8	29
2473373	2059	9	30
2473403	2059	10	30
2473433	2059	11	30
2473463	2059	12	29
2473492	2060	1	30
2473522	2060	2	29
2473551	2060	3	29
2473580	2060	4	30
2473610	2060	5	29
2473639	2060	6	29
2473668	2060	7	30
2473698	2060	8	29
2473727	2060	9	30
2473757	2060	10	30
2473787	2060	11	30
2473817	2060	12	29
2473846	2061	1	30
2473876	2061	2	30
2473906	2061	3	29
2473935	2061	-3	29
2473964	2061	4	30
2473994	2061	5	29
2474023	2061	6	29
2474052	2061	7	30
2474082	2061	8	29
2474111	2061	9	30
2474141	2061	10	30
2474171	2061	11	30
2474201	2061	12	29
2474230	2062	1	30
2474260	2062	2	30
2474290	2062	3	29
2474319	2062	4	29
2474348	2062	5	30
2474378	2062	6	29
2474407	2062	7	29
2474436	2062	8	30
2474466	2062	9	29
2474495	2062	10	30
2474525	2062	11	30
2474555	2062	12	29
2474584	2063	1	30
2474614	2063	2	30
2474644	2063	3	29
2474673	2063	4	30
2474703	2063	5	29
2474732	2063	6	30
2474762	2063	7	29
2474791	2063	-7	29
2474820	2063	8	30
2474850	2063	9	29
2474879	2063	10	30
2474909	2063	11	29
2474938	2063	12	30
2474968	2064	1	30
2474998	2064	2	30
2475028	2064	3	29
2475057	2064	4	30
2475087	2064	5	29
2475116	2064	6	30
2475146	2064	7	29
2475175	2064	8	29
2475204	2064	9	30
2475234	2064	10	29
2475263	2064	11	30
2475293	2064	12	29
2475322	2065	1	30
2475352	2065	2	30
2475382	2065	3	29
2475411	2065	4	30
2475441	2065	5	30
2475471	2065	6	29
2475500	2065	7	30
2475530	2065	8	29
2475559	2065	9	29
2475588	2065	10	30
2475618	2065	11	29
2475647	2065	12	30
2475677	2066	1	29
2475706	2066	2	30
2475736	2066	3	29
2475765	2066	4	30
2475795	2066	5	30
2475825	2066	-5	29
2475854	2066	6	30
2475884	2066	7	29
2475913	2066	8	30
2475943	2066	9	29
2475972	2066	10	30
2476002	2066	11	29
2476031	2066	12	30
2476061	2067	1	29
2476090	2067	2	30
2476120	2067	3	29
2476149	2067	4	30
2476179	2067	5	29
2476208	2067	6	30
2476238	2067	7	30
2476268	2067	8	29
2476297	2067	9	30
2476327	2067	10	29
2476356	2067	11	30
2476386	2067	12	29
2476415	2068	1	30
2476445	2068	2	29
2476474	2068	3	30
2476504	2068	4	29
2476533	2068	5	29
2476562	2068	6	30
2476592	2068	7	30
2476622	2068	8	29
2476651	2068	9	30
2476681	2068	10	30
2476711	2068	11	29
2476740	2068	12	30
2476770	2069	1	29
2476799	2069	2	30
2476829	2069	3	29
2476858	2069	4	30
2476888	2069	-4	29
2476917	2069	5	29
2476946	2069	6	30
2476976	2069	7	29
2477005	2069	8	30
2477035	2069	9	30
2477065	2069	10	30
2477095	2069	11	29
2477124	2069	12	30
2477154	2070	1	29
2477183	2070	2	30
2477213	2070	3	29
2477242	2070	4	30
2477272	2070	5	29
2477301	2070	6	29
2477330	2070	7	30
2477360	2070	8	29
2477389	2070	9	30
2477419	2070	10	30
2477449	2070	11	29
2477478	2070	12	30
2477508	2071	1	30
2477538	2071	2	29
2477567	2071	3	30
2477597	2071	4	29
2477626	2071	5	30
2477656	2071	6	29
2477685	2071	7	29
2477714	2071	8	30
2477744	2071	-8	29
2477773	2071	9	30
2477803	2071	10	29
2477832	2071	11	30
2477862	2071	12	30
2477892	2072	1	30
2477922	2072	2	29
2477951	2072	3	30
2477981	2072	4	29
2478010	2072	5	30
2478040	2072	6	29
2478069	2072	7	29
2478098	2072	8	30
2478128	2072	9	29
2478157	2072	10	30
2478187	2072	11	29
2478216	2072	12	30
2478246	2073	1	30
2478276	2073	2	29
2478305	2073	3	30
2478335	2073	4	30
2478365	2073	5	29
2478394	2073	6	30
2478424	2073	7	29
2478453	2073	8	29
2478482	2073	9	30
2478512	2073	10	29
2478541	2073	11	30
2478571	2073	12	29
2478600	2074	1	30
2478630	2074	2	29
2478659	2074	3	30
2478689	2074	4	30
2478719	2074	5	29
2478748	2074	6	30
2478778	2074	-6	29
2478807	2074	7	30
2478837	2074	8	29
2478866	2074	9	30
2478896	2074	10	29
2478925	2074	11	30
2478955	2074	12	29
2478984	2075	1	30
2479014	2075	2	29
2479043	2075	3	30
2479073	2075	4	29
2479102	2075	5	30
2479132	2075	6	30
2479162	2075	7	29
2479191	2075	8	30
2479221	2075	9	29
2479250	2075	10	30
2479280	2075	11	29
2479309	2075	12	30
2479339	2076	1	29
2479368	2076	2	30
2479398	2076	3	29
2479427	2076	4	30
2479457	2076	5	29
2479486	2076	6	30
2479516	2076	7	29
2479545	2076	8	30
2479575	2076	9	30
2479605	2076	10	29
2479634	2076	11	30
2479664	2076	12	29
2479693	2077	1	30
2479723	2077	2	29
2479752	2077	3	30
2479782	2077	4	29
2479811	2077	-4	29
2479840	2077	5	30
2479870	2077	6	29
2479899	2077	7	30
2479929	2077	8	30
2479959	2077	9	30
2479989	2077	10	29
2480018	2077	11	30
2480048	2077	12	29
2480077	2078	1	30
2480107	2078	2	29
2480136	2078	3	30
2480166	2078	4	29
2480195	2078	5	29
2480224	2078	6	30
2480254	2078	7	29
2480283	2078	8	30
2480313	2078	9	30
2480343	2078	10	29
2480372	2078	11	30
2480402	2078	12	30
2480432	2079	1	29
2480461	2079	2	30
2480491	2079	3	29
2480520	2079	4	30
2480550	2079	5	29
2480579	2079	6	29
2480608	2079	7	30
2480638	2079	8	29
2480667	2079	9	30
2480697	2079	10	29
2480726	2079	11	30
2480756	2079	12	30
2480786	2080	1	30
2480816	2080	2	29
2480845	2080	3	30
2480875	2080	-3	29
2480904	2080	4	30
2480934	2080	5	29
2480963	2080	6	29
2480992	2080	7	30
2481022	2080	8	29
2481051	2080	9	29
2481080	2080	10	30
2481110	2080	11	30
2481140	2080	12	30
2481170	2081	1	29
2481199	2081	2	30
2481229	2081	3	30
2481259	2081	4	29
2481288	2081	5	30
2481318	2081	6	29
2481347	2081	7	29
2481376	2081	8	30
2481406	2081	9	29
2481435	2081	10	29
2481464	2081	11	30
2481494	2081	12	30
2481524	2082	1	29
2481553	2082	2	30
2481583	2082	3	30
2481613	2082	4	30
2481643	2082	5	29
2481672	2082	6	29
2481701	2082	7	30
2481731	2082	-7	29
2481760	2082	8	30
2481790	2082	9	29
2481819	2082	10	29
2481848	2082	11	30
2481878	2082	12	30
2481908	2083	1	29
2481937	2083	2	30
2481967	2083	3	30
2481997	2083	4	29
2482026	2083	5	30
2482056	2083	6	29
2482085	2083	7	30
2482115	2083	8	29
2482144	2083	9	30
2482174	2083	10	29
2482203	2083	11	30
2482233	2083	12	29
2482262	2084	1	30
2482292	2084	2	29
2482321	2084	3	30
2482351	2084	4	29
2482380	2084	5	30
2482410	2084	6	30
2482440	2084	7	29
2482469	2084	8	30
2482499	2084	9	29
2482528	2084	10	30
2482558	2084	11	29
2482587	2084	12	30
2482617	2085	1	29
2482646	2085	2	30
2482676	2085	3	29
2482705	2085	4	29
2482734	2085	5	30
2482764	2085	-5	30
2482794	2085	6	29
2482823	2085	7	30
2482853	2085	8	30
2482883	2085	9	29
2482912	2085	10	30
2482942	2085	11	29
2482971	2085	12	30
2483001	2086	1	29
2483030	2086	2	30
2483060	2086	3	29
2483089	2086	4	29
2483118	2086	5	30
2483148	2086	6	29
2483177	2086	7	30
2483207	2086	8	30
2483237	2086	9	29
2483266	2086	10	30
2483296	2086	11	30
2483326	2086	12	29
2483355	2087	1	30
2483385	2087	2	29
2483414	2087	3	30
2483444	2087	4	29
2483473	2087	5	29
2483502	2087	6	30
2483532	2087	7	29
2483561	2087	8	30
2483591	2087	9	29
2483620	2087	10	30
2483650	2087	11	30
2483680	2087	12	30
2483710	2088	1	29
2483739	2088	2	30
2483769	2088	3	29
2483798	2088	4	30
2483828	2088	-4	29
2483857	2088	5	29
2483886	2088	6	30
2483916	2088	7	29
2483945	2088	8	29
2483974	2088	9	30
2484004	2088	10	30
2484034	2088	11	30
2484064	2088	12	29
2484093	2089	1	30
2484123	2089	2	30
2484153	2089	3	29
2484182	2089	4	30
2484212	2089	5	29
2484241	2089	6	29
2484270	2089	7	29
2484299	2089	8	30
2484329	2089	9	29
2484358	2089	10	30
2484388	2089	11	30
2484418	2089	12	29
2484447	2090	1	30
2484477	2090	2	30
2484507	2090	3	30
2484537	2090	4	29
2484566	2090	5	30
2484596	2090	6	29
2484625	2090	7	29
2484654	2090	8	30
2484684	2090	-8	29
2484713	2090	9	29
2484742	2090	10	30
2484772	2090	11	30
2484802	2090	12	29
2484831	2091	1	30
2484861	2091	2	30
2484891	2091	3	29
2484920	2091	4	30
2484950	2091	5	29
2484979	2091	6	30
2485009	2091	7	29
2485038	2091	8	30
2485068	2091	9	29
2485097	2091	10	29
2485126	2091	11	30
2485156	2091	12	29
2485185	2092	1	30
2485215	2092	2	30
2485245	2092	3	29
2485274	2092	4	30
2485304	2092	5	30
2485334	2092	6	29
2485363	2092	7	30
2485393	2092	8	29
2485422	2092	9	30
2485452	2092	10	29
2485481	2092	11	30
2485511	2092	12	29
2485540	2093	1	29
2485569	2093	2	30
2485599	2093	3	30
2485629	2093	4	29
2485658	2093	5	30
2485688	2093	6	29
2485717	2093	-6	30
2485747	2093	7	30
2485777	2093	8	29
2485806	2093	9	30
2485836	2093	10	29
2485865	2093	11	30
2485895	2093	12	29
2485924	2094	1	29
2485953	2094	2	30
2485983	2094	3	29
2486012	2094	4	30
2486042	2094	5	29
2486071	2094	6	30
2486101	2094	7	30
2486131	2094	8	29
2486160	2094	9	30
2486190	2094	10	30
2486220	2094	11	29
2486249	2094	12	30
2486279	2095	1	29
2486308	2095	2	30
2486338	2095	3	29
2486367	2095	4	29
2486396	2095	5	30
2486426	2095	6	29
2486455	2095	7	30
2486485	2095	8	29
2486514	2095	9	30
2486544	2095	10	30
2486574	2095	11	30
2486604	2095	12	29
2486633	2096	1	30
2486663	2096	2	29
2486692	2096	3	30
2486722	2096	4	29
2486751	2096	-4	29
2486780	2096	5	30
2486810	2096	6	29
2486839	2096	7	29
2486868	2096	8	30
2486898	2096	9	30
2486928	2096	10	30
2486958	2096	11	29
2486987	2096	12	30
2487017	2097	1	30
2487047	2097	2	29
2487076	2097	3	30
2487106	2097	4	29
2487135	2097	5	29
2487164	2097	6	30
2487194	2097	7	29
2487223	2097	8	29
2487252	2097	9	30
2487282	2097	10	30
2487312	2097	11	29
2487341	2097	12	30
2487371	2098	1	30
2487401	2098	2	30
2487431	2098	3	29
2487460	2098	4	30
2487490	2098	5	29
2487519	2098	6	29
2487548	2098	7	29
2487577	2098	8	30
2487607	2098	9	29
2487636	2098	10	30
2487666	2098	11	29
2487695	2098	12	30
2487725	2099	1	30
2487755	2099	2	30
2487785	2099	-2	29
2487814	2099	3	30
2487844	2099	4	30
2487874	2099	5	29
2487903	2099	6	29
2487932	2099	7	30
2487962	2099	8	29
2487991	2099	9	29
2488020	2099	10	30
2488050	2099	11	29
2488079	2099	12	30
2488109	2100	1	30
2488139	2100	2	30
2488169	2100	3	29
2488198	2100	4	30
2488228	2100	5	29
2488257	2100	6	30
2488287	2100	7	29
2488316	2100	8	30
2488346	2100	9	29
2488375	2100	10	29
2488404	2100	11	30
2488434	2100	12	29
